Processing xiao_mobile (platform: nordicnrf52 @ 10.11.0; board: seeed-xiao-afruitnrf52-nrf52840; framework: arduino)
--------------------------------------------------------------------------------
Verbose mode can be enabled via `-v, --verbose` option
git_rev.py: GIT_REV = e3a5fa0-dirty (source=git)
CONFIGURATION: https://docs.platformio.org/page/boards/nordicnrf52/seeed-xiao-afruitnrf52-nrf52840.html
PLATFORM: Nordic nRF52 (10.11.0) > Seeed Studio XIAO nRF52840
HARDWARE: NRF52840 64MHz, 230KB RAM, 792KB Flash
DEBUG: Current (cmsis-dap) External (blackmagic, cmsis-dap, jlink)
PACKAGES: 
 - framework-arduinoadafruitnrf52 @ 1.10700.0 (1.7.0) 
 - framework-cmsis @ 2.50700.210515 (5.7.0) 
 - tool-adafruit-nrfutil @ 1.503.0 (5.3) 
 - tool-sreccat @ 1.164.0 (1.64) 
 - toolchain-gccarmnoneeabi @ 1.120301.0 (12.3.1)
LDF: Library Dependency Finder -> https://bit.ly/configure-pio-ldf
LDF Modes: Finder ~ deep+, Compatibility ~ soft
Found 20 compatible libraries
Scanning dependencies...
Dependency Graph
|-- RadioLib @ 7.7.1
|-- CustomLFS @ 0.2.1+sha.b3928ea
|-- MeshRouteCore @ 0.1.0
|-- Adafruit Little File System Libraries @ 0.11.0
|-- Adafruit Internal File System on Bluefruit nRF52 @ 0.11.0
|-- console
|-- hal
|-- Monocypher @ 4.0.2
|-- SPI @ 1.0
|-- meshcore @ 0.0.0+51dfbb2f
|-- Adafruit Bluefruit nRF52 Libraries
Building in release mode
Compiling .pio/build/xiao_mobile/src/firmware_commands.cpp.o
In file included from src/fw_context.h:19,
                 from src/firmware_commands.cpp:15:
.pio/libdeps/xiao_mobile/RadioLib/src/RadioLib.h:58:4: warning: #warning "God mode active, I hope it was intentional. Buckle up, lads." [-Wcpp]
   58 |   #warning "God mode active, I hope it was intentional. Buckle up, lads."
      |    ^~~~~~~
In file included from /home/staszek/.platformio/packages/framework-arduinoadafruitnrf52/cores/nRF5/nordic/softdevice/s140_nrf52_7.3.0_API/include/nrf_soc.h:52,
                 from /home/staszek/.platformio/packages/framework-arduinoadafruitnrf52/cores/nRF5/WVariant.h:24,
                 from /home/staszek/.platformio/packages/framework-arduinoadafruitnrf52/cores/nRF5/Arduino.h:41,
                 from src/firmware_commands.h:16,
                 from src/firmware_commands.cpp:8:
/home/staszek/.platformio/packages/framework-arduinoadafruitnrf52/cores/nRF5/nordic/softdevice/s140_nrf52_7.3.0_API/include/nrf_soc.h: In function 'uint32_t sd_mutex_new(nrf_mutex_t*)':
/home/staszek/.platformio/packages/framework-arduinoadafruitnrf52/cores/nRF5/nordic/softdevice/s140_nrf52_7.3.0_API/include/nrf_soc.h:452:59: warning: unused parameter 'p_mutex' [-Wunused-parameter]
  452 | SVCALL(SD_MUTEX_NEW, uint32_t, sd_mutex_new(nrf_mutex_t * p_mutex));
      |                                             ~~~~~~~~~~~~~~^~~~~~~
/home/staszek/.platformio/packages/framework-arduinoadafruitnrf52/cores/nRF5/nordic/softdevice/s140_nrf52_7.3.0_API/include/nrf_svc.h:76:22: note: in definition of macro 'SVCALL'
   76 |   static return_type signature                          \
      |                      ^~~~~~~~~
/home/staszek/.platformio/packages/framework-arduinoadafruitnrf52/cores/nRF5/nordic/softdevice/s140_nrf52_7.3.0_API/include/nrf_soc.h: In function 'uint32_t sd_mutex_acquire(nrf_mutex_t*)':
/home/staszek/.platformio/packages/framework-arduinoadafruitnrf52/cores/nRF5/nordic/softdevice/s140_nrf52_7.3.0_API/include/nrf_soc.h:461:67: warning: unused parameter 'p_mutex' [-Wunused-parameter]
  461 | SVCALL(SD_MUTEX_ACQUIRE, uint32_t, sd_mutex_acquire(nrf_mutex_t * p_mutex));
      |                                                     ~~~~~~~~~~~~~~^~~~~~~
/home/staszek/.platformio/packages/framework-arduinoadafruitnrf52/cores/nRF5/nordic/softdevice/s140_nrf52_7.3.0_API/include/nrf_svc.h:76:22: note: in definition of macro 'SVCALL'
   76 |   static return_type signature                          \
      |                      ^~~~~~~~~
/home/staszek/.platformio/packages/framework-arduinoadafruitnrf52/cores/nRF5/nordic/softdevice/s140_nrf52_7.3.0_API/include/nrf_soc.h: In function 'uint32_t sd_mutex_release(nrf_mutex_t*)':
/home/staszek/.platformio/packages/framework-arduinoadafruitnrf52/cores/nRF5/nordic/softdevice/s140_nrf52_7.3.0_API/include/nrf_soc.h:469:67: warning: unused parameter 'p_mutex' [-Wunused-parameter]
  469 | SVCALL(SD_MUTEX_RELEASE, uint32_t, sd_mutex_release(nrf_mutex_t * p_mutex));
      |                                                     ~~~~~~~~~~~~~~^~~~~~~
/home/staszek/.platformio/packages/framework-arduinoadafruitnrf52/cores/nRF5/nordic/softdevice/s140_nrf52_7.3.0_API/include/nrf_svc.h:76:22: note: in definition of macro 'SVCALL'
   76 |   static return_type signature                          \
      |                      ^~~~~~~~~
/home/staszek/.platformio/packages/framework-arduinoadafruitnrf52/cores/nRF5/nordic/softdevice/s140_nrf52_7.3.0_API/include/nrf_soc.h: In function 'uint32_t sd_rand_application_pool_capacity_get(uint8_t*)':
/home/staszek/.platformio/packages/framework-arduinoadafruitnrf52/cores/nRF5/nordic/softdevice/s140_nrf52_7.3.0_API/include/nrf_soc.h:477:105: warning: unused parameter 'p_pool_capacity' [-Wunused-parameter]
  477 | SVCALL(SD_RAND_APPLICATION_POOL_CAPACITY_GET, uint32_t, sd_rand_application_pool_capacity_get(uint8_t * p_pool_capacity));
      |                                                                                               ~~~~~~~~~~^~~~~~~~~~~~~~~
/home/staszek/.platformio/packages/framework-arduinoadafruitnrf52/cores/nRF5/nordic/softdevice/s140_nrf52_7.3.0_API/include/nrf_svc.h:76:22: note: in definition of macro 'SVCALL'
   76 |   static return_type signature                          \
      |                      ^~~~~~~~~
/home/staszek/.platformio/packages/framework-arduinoadafruitnrf52/cores/nRF5/nordic/softdevice/s140_nrf52_7.3.0_API/include/nrf_soc.h: In function 'uint32_t sd_rand_application_bytes_available_get(uint8_t*)':
/home/staszek/.platformio/packages/framework-arduinoadafruitnrf52/cores/nRF5/nordic/softdevice/s140_nrf52_7.3.0_API/include/nrf_soc.h:485:109: warning: unused parameter 'p_bytes_available' [-Wunused-parameter]
  485 | SVCALL(SD_RAND_APPLICATION_BYTES_AVAILABLE_GET, uint32_t, sd_rand_application_bytes_available_get(uint8_t * p_bytes_available));
      |                                                                                                   ~~~~~~~~~~^~~~~~~~~~~~~~~~~
/home/staszek/.platformio/packages/framework-arduinoadafruitnrf52/cores/nRF5/nordic/softdevice/s140_nrf52_7.3.0_API/include/nrf_svc.h:76:22: note: in definition of macro 'SVCALL'
   76 |   static return_type signature                          \
      |                      ^~~~~~~~~
/home/staszek/.platformio/packages/framework-arduinoadafruitnrf52/cores/nRF5/nordic/softdevice/s140_nrf52_7.3.0_API/include/nrf_soc.h: In function 'uint32_t sd_rand_application_vector_get(uint8_t*, uint8_t)':
/home/staszek/.platformio/packages/framework-arduinoadafruitnrf52/cores/nRF5/nordic/softdevice/s140_nrf52_7.3.0_API/include/nrf_soc.h:495:91: warning: unused parameter 'p_buff' [-Wunused-parameter]
  495 | SVCALL(SD_RAND_APPLICATION_VECTOR_GET, uint32_t, sd_rand_application_vector_get(uint8_t * p_buff, uint8_t length));
      |                                                                                 ~~~~~~~~~~^~~~~~
/home/staszek/.platformio/packages/framework-arduinoadafruitnrf52/cores/nRF5/nordic/softdevice/s140_nrf52_7.3.0_API/include/nrf_svc.h:76:22: note: in definition of macro 'SVCALL'
   76 |   static return_type signature                          \
      |                      ^~~~~~~~~
/home/staszek/.platformio/packages/framework-arduinoadafruitnrf52/cores/nRF5/nordic/softdevice/s140_nrf52_7.3.0_API/include/nrf_soc.h:495:107: warning: unused parameter 'length' [-Wunused-parameter]
  495 | SVCALL(SD_RAND_APPLICATION_VECTOR_GET, uint32_t, sd_rand_application_vector_get(uint8_t * p_buff, uint8_t length));
      |                                                                                                   ~~~~~~~~^~~~~~
/home/staszek/.platformio/packages/framework-arduinoadafruitnrf52/cores/nRF5/nordic/softdevice/s140_nrf52_7.3.0_API/include/nrf_svc.h:76:22: note: in definition of macro 'SVCALL'
   76 |   static return_type signature                          \
      |                      ^~~~~~~~~
/home/staszek/.platformio/packages/framework-arduinoadafruitnrf52/cores/nRF5/nordic/softdevice/s140_nrf52_7.3.0_API/include/nrf_soc.h: In function 'uint32_t sd_power_reset_reason_get(uint32_t*)':
/home/staszek/.platformio/packages/framework-arduinoadafruitnrf52/cores/nRF5/nordic/softdevice/s140_nrf52_7.3.0_API/include/nrf_soc.h:503:82: warning: unused parameter 'p_reset_reason' [-Wunused-parameter]
  503 | SVCALL(SD_POWER_RESET_REASON_GET, uint32_t, sd_power_reset_reason_get(uint32_t * p_reset_reason));
      |                                                                       ~~~~~~~~~~~^~~~~~~~~~~~~~
/home/staszek/.platformio/packages/framework-arduinoadafruitnrf52/cores/nRF5/nordic/softdevice/s140_nrf52_7.3.0_API/include/nrf_svc.h:76:22: note: in definition of macro 'SVCALL'
   76 |   static return_type signature                          \
      |                      ^~~~~~~~~
/home/staszek/.platformio/packages/framework-arduinoadafruitnrf52/cores/nRF5/nordic/softdevice/s140_nrf52_7.3.0_API/include/nrf_soc.h: In function 'uint32_t sd_power_reset_reason_clr(uint32_t)':
/home/staszek/.platformio/packages/framework-arduinoadafruitnrf52/cores/nRF5/nordic/softdevice/s140_nrf52_7.3.0_API/include/nrf_soc.h:511:80: warning: unused parameter 'reset_reason_clr_msk' [-Wunused-parameter]
  511 | SVCALL(SD_POWER_RESET_REASON_CLR, uint32_t, sd_power_reset_reason_clr(uint32_t reset_reason_clr_msk));
      |                                                                       ~~~~~~~~~^~~~~~~~~~~~~~~~~~~~
/home/staszek/.platformio/packages/framework-arduinoadafruitnrf52/cores/nRF5/nordic/softdevice/s140_nrf52_7.3.0_API/include/nrf_svc.h:76:22: note: in definition of macro 'SVCALL'
   76 |   static return_type signature                          \
      |                      ^~~~~~~~~
/home/staszek/.platformio/packages/framework-arduinoadafruitnrf52/cores/nRF5/nordic/softdevice/s140_nrf52_7.3.0_API/include/nrf_soc.h: In function 'uint32_t sd_power_mode_set(uint8_t)':
/home/staszek/.platformio/packages/framework-arduinoadafruitnrf52/cores/nRF5/nordic/softdevice/s140_nrf52_7.3.0_API/include/nrf_soc.h:520:63: warning: unused parameter 'power_mode' [-Wunused-parameter]
  520 | SVCALL(SD_POWER_MODE_SET, uint32_t, sd_power_mode_set(uint8_t power_mode));
      |                                                       ~~~~~~~~^~~~~~~~~~
/home/staszek/.platformio/packages/framework-arduinoadafruitnrf52/cores/nRF5/nordic/softdevice/s140_nrf52_7.3.0_API/include/nrf_svc.h:76:22: note: in definition of macro 'SVCALL'
   76 |   static return_type signature                          \
      |                      ^~~~~~~~~
/home/staszek/.platformio/packages/framework-arduinoadafruitnrf52/cores/nRF5/nordic/softdevice/s140_nrf52_7.3.0_API/include/nrf_soc.h: In function 'uint32_t sd_power_pof_enable(uint8_t)':
/home/staszek/.platformio/packages/framework-arduinoadafruitnrf52/cores/nRF5/nordic/softdevice/s140_nrf52_7.3.0_API/include/nrf_soc.h:537:67: warning: unused parameter 'pof_enable' [-Wunused-parameter]
  537 | SVCALL(SD_POWER_POF_ENABLE, uint32_t, sd_power_pof_enable(uint8_t pof_enable));
      |                                                           ~~~~~~~~^~~~~~~~~~
/home/staszek/.platformio/packages/framework-arduinoadafruitnrf52/cores/nRF5/nordic/softdevice/s140_nrf52_7.3.0_API/include/nrf_svc.h:76:22: note: in definition of macro 'SVCALL'
   76 |   static return_type signature                          \
      |                      ^~~~~~~~~
/home/staszek/.platformio/packages/framework-arduinoadafruitnrf52/cores/nRF5/nordic/softdevice/s140_nrf52_7.3.0_API/include/nrf_soc.h: In function 'uint32_t sd_power_usbpwrrdy_enable(uint8_t)':
/home/staszek/.platformio/packages/framework-arduinoadafruitnrf52/cores/nRF5/nordic/softdevice/s140_nrf52_7.3.0_API/include/nrf_soc.h:550:79: warning: unused parameter 'usbpwrrdy_enable' [-Wunused-parameter]
  550 | SVCALL(SD_POWER_USBPWRRDY_ENABLE, uint32_t, sd_power_usbpwrrdy_enable(uint8_t usbpwrrdy_enable));
      |                                                                       ~~~~~~~~^~~~~~~~~~~~~~~~
/home/staszek/.platformio/packages/framework-arduinoadafruitnrf52/cores/nRF5/nordic/softdevice/s140_nrf52_7.3.0_API/include/nrf_svc.h:76:22: note: in definition of macro 'SVCALL'
   76 |   static return_type signature                          \
      |                      ^~~~~~~~~
/home/staszek/.platformio/packages/framework-arduinoadafruitnrf52/cores/nRF5/nordic/softdevice/s140_nrf52_7.3.0_API/include/nrf_soc.h: In function 'uint32_t sd_power_usbdetected_enable(uint8_t)':
/home/staszek/.platformio/packages/framework-arduinoadafruitnrf52/cores/nRF5/nordic/softdevice/s140_nrf52_7.3.0_API/include/nrf_soc.h:563:83: warning: unused parameter 'usbdetected_enable' [-Wunused-parameter]
  563 | SVCALL(SD_POWER_USBDETECTED_ENABLE, uint32_t, sd_power_usbdetected_enable(uint8_t usbdetected_enable));
      |                                                                           ~~~~~~~~^~~~~~~~~~~~~~~~~~
/home/staszek/.platformio/packages/framework-arduinoadafruitnrf52/cores/nRF5/nordic/softdevice/s140_nrf52_7.3.0_API/include/nrf_svc.h:76:22: note: in definition of macro 'SVCALL'
   76 |   static return_type signature                          \
      |                      ^~~~~~~~~
/home/staszek/.platformio/packages/framework-arduinoadafruitnrf52/cores/nRF5/nordic/softdevice/s140_nrf52_7.3.0_API/include/nrf_soc.h: In function 'uint32_t sd_power_usbremoved_enable(uint8_t)':
/home/staszek/.platformio/packages/framework-arduinoadafruitnrf52/cores/nRF5/nordic/softdevice/s140_nrf52_7.3.0_API/include/nrf_soc.h:576:81: warning: unused parameter 'usbremoved_enable' [-Wunused-parameter]
  576 | SVCALL(SD_POWER_USBREMOVED_ENABLE, uint32_t, sd_power_usbremoved_enable(uint8_t usbremoved_enable));
      |                                                                         ~~~~~~~~^~~~~~~~~~~~~~~~~
/home/staszek/.platformio/packages/framework-arduinoadafruitnrf52/cores/nRF5/nordic/softdevice/s140_nrf52_7.3.0_API/include/nrf_svc.h:76:22: note: in definition of macro 'SVCALL'
   76 |   static return_type signature                          \
      |                      ^~~~~~~~~
/home/staszek/.platformio/packages/framework-arduinoadafruitnrf52/cores/nRF5/nordic/softdevice/s140_nrf52_7.3.0_API/include/nrf_soc.h: In function 'uint32_t sd_power_usbregstatus_get(uint32_t*)':
/home/staszek/.platformio/packages/framework-arduinoadafruitnrf52/cores/nRF5/nordic/softdevice/s140_nrf52_7.3.0_API/include/nrf_soc.h:586:82: warning: unused parameter 'usbregstatus' [-Wunused-parameter]
  586 | SVCALL(SD_POWER_USBREGSTATUS_GET, uint32_t, sd_power_usbregstatus_get(uint32_t * usbregstatus));
      |                                                                       ~~~~~~~~~~~^~~~~~~~~~~~
/home/staszek/.platformio/packages/framework-arduinoadafruitnrf52/cores/nRF5/nordic/softdevice/s140_nrf52_7.3.0_API/include/nrf_svc.h:76:22: note: in definition of macro 'SVCALL'
   76 |   static return_type signature                          \
      |                      ^~~~~~~~~
/home/staszek/.platformio/packages/framework-arduinoadafruitnrf52/cores/nRF5/nordic/softdevice/s140_nrf52_7.3.0_API/include/nrf_soc.h: In function 'uint32_t sd_power_pof_threshold_set(uint8_t)':
/home/staszek/.platformio/packages/framework-arduinoadafruitnrf52/cores/nRF5/nordic/softdevice/s140_nrf52_7.3.0_API/include/nrf_soc.h:599:81: warning: unused parameter 'threshold' [-Wunused-parameter]
  599 | SVCALL(SD_POWER_POF_THRESHOLD_SET, uint32_t, sd_power_pof_threshold_set(uint8_t threshold));
      |                                                                         ~~~~~~~~^~~~~~~~~
/home/staszek/.platformio/packages/framework-arduinoadafruitnrf52/cores/nRF5/nordic/softdevice/s140_nrf52_7.3.0_API/include/nrf_svc.h:76:22: note: in definition of macro 'SVCALL'
   76 |   static return_type signature                          \
      |                      ^~~~~~~~~
/home/staszek/.platformio/packages/framework-arduinoadafruitnrf52/cores/nRF5/nordic/softdevice/s140_nrf52_7.3.0_API/include/nrf_soc.h: In function 'uint32_t sd_power_pof_thresholdvddh_set(uint8_t)':
/home/staszek/.platformio/packages/framework-arduinoadafruitnrf52/cores/nRF5/nordic/softdevice/s140_nrf52_7.3.0_API/include/nrf_soc.h:612:89: warning: unused parameter 'threshold' [-Wunused-parameter]
  612 | SVCALL(SD_POWER_POF_THRESHOLDVDDH_SET, uint32_t, sd_power_pof_thresholdvddh_set(uint8_t threshold));
      |                                                                                 ~~~~~~~~^~~~~~~~~
/home/staszek/.platformio/packages/framework-arduinoadafruitnrf52/cores/nRF5/nordic/softdevice/s140_nrf52_7.3.0_API/include/nrf_svc.h:76:22: note: in definition of macro 'SVCALL'
   76 |   static return_type signature                          \
      |                      ^~~~~~~~~
/home/staszek/.platformio/packages/framework-arduinoadafruitnrf52/cores/nRF5/nordic/softdevice/s140_nrf52_7.3.0_API/include/nrf_soc.h: In function 'uint32_t sd_power_ram_power_set(uint8_t, uint32_t)':
/home/staszek/.platformio/packages/framework-arduinoadafruitnrf52/cores/nRF5/nordic/softdevice/s140_nrf52_7.3.0_API/include/nrf_soc.h:621:73: warning: unused parameter 'index' [-Wunused-parameter]
  621 | SVCALL(SD_POWER_RAM_POWER_SET, uint32_t, sd_power_ram_power_set(uint8_t index, uint32_t ram_powerset));
      |                                                                 ~~~~~~~~^~~~~
/home/staszek/.platformio/packages/framework-arduinoadafruitnrf52/cores/nRF5/nordic/softdevice/s140_nrf52_7.3.0_API/include/nrf_svc.h:76:22: note: in definition of macro 'SVCALL'
   76 |   static return_type signature                          \
      |                      ^~~~~~~~~
/home/staszek/.platformio/packages/framework-arduinoadafruitnrf52/cores/nRF5/nordic/softdevice/s140_nrf52_7.3.0_API/include/nrf_soc.h:621:89: warning: unused parameter 'ram_powerset' [-Wunused-parameter]
  621 | SVCALL(SD_POWER_RAM_POWER_SET, uint32_t, sd_power_ram_power_set(uint8_t index, uint32_t ram_powerset));
      |                                                                                ~~~~~~~~~^~~~~~~~~~~~
/home/staszek/.platformio/packages/framework-arduinoadafruitnrf52/cores/nRF5/nordic/softdevice/s140_nrf52_7.3.0_API/include/nrf_svc.h:76:22: note: in definition of macro 'SVCALL'
   76 |   static return_type signature                          \
      |                      ^~~~~~~~~
/home/staszek/.platformio/packages/framework-arduinoadafruitnrf52/cores/nRF5/nordic/softdevice/s140_nrf52_7.3.0_API/include/nrf_soc.h: In function 'uint32_t sd_power_ram_power_clr(uint8_t, uint32_t)':
/home/staszek/.platformio/packages/framework-arduinoadafruitnrf52/cores/nRF5/nordic/softdevice/s140_nrf52_7.3.0_API/include/nrf_soc.h:630:73: warning: unused parameter 'index' [-Wunused-parameter]
  630 | SVCALL(SD_POWER_RAM_POWER_CLR, uint32_t, sd_power_ram_power_clr(uint8_t index, uint32_t ram_powerclr));
      |                                                                 ~~~~~~~~^~~~~
/home/staszek/.platformio/packages/framework-arduinoadafruitnrf52/cores/nRF5/nordic/softdevice/s140_nrf52_7.3.0_API/include/nrf_svc.h:76:22: note: in definition of macro 'SVCALL'
   76 |   static return_type signature                          \
      |                      ^~~~~~~~~
/home/staszek/.platformio/packages/framework-arduinoadafruitnrf52/cores/nRF5/nordic/softdevice/s140_nrf52_7.3.0_API/include/nrf_soc.h:630:89: warning: unused parameter 'ram_powerclr' [-Wunused-parameter]
  630 | SVCALL(SD_POWER_RAM_POWER_CLR, uint32_t, sd_power_ram_power_clr(uint8_t index, uint32_t ram_powerclr));
      |                                                                                ~~~~~~~~~^~~~~~~~~~~~
/home/staszek/.platformio/packages/framework-arduinoadafruitnrf52/cores/nRF5/nordic/softdevice/s140_nrf52_7.3.0_API/include/nrf_svc.h:76:22: note: in definition of macro 'SVCALL'
   76 |   static return_type signature                          \
      |                      ^~~~~~~~~
/home/staszek/.platformio/packages/framework-arduinoadafruitnrf52/cores/nRF5/nordic/softdevice/s140_nrf52_7.3.0_API/include/nrf_soc.h: In function 'uint32_t sd_power_ram_power_get(uint8_t, uint32_t*)':
/home/staszek/.platformio/packages/framework-arduinoadafruitnrf52/cores/nRF5/nordic/softdevice/s140_nrf52_7.3.0_API/include/nrf_soc.h:639:73: warning: unused parameter 'index' [-Wunused-parameter]
  639 | SVCALL(SD_POWER_RAM_POWER_GET, uint32_t, sd_power_ram_power_get(uint8_t index, uint32_t * p_ram_power));
      |                                                                 ~~~~~~~~^~~~~
/home/staszek/.platformio/packages/framework-arduinoadafruitnrf52/cores/nRF5/nordic/softdevice/s140_nrf52_7.3.0_API/include/nrf_svc.h:76:22: note: in definition of macro 'SVCALL'
   76 |   static return_type signature                          \
      |                      ^~~~~~~~~
/home/staszek/.platformio/packages/framework-arduinoadafruitnrf52/cores/nRF5/nordic/softdevice/s140_nrf52_7.3.0_API/include/nrf_soc.h:639:91: warning: unused parameter 'p_ram_power' [-Wunused-parameter]
  639 | SVCALL(SD_POWER_RAM_POWER_GET, uint32_t, sd_power_ram_power_get(uint8_t index, uint32_t * p_ram_power));
      |                                                                                ~~~~~~~~~~~^~~~~~~~~~~
/home/staszek/.platformio/packages/framework-arduinoadafruitnrf52/cores/nRF5/nordic/softdevice/s140_nrf52_7.3.0_API/include/nrf_svc.h:76:22: note: in definition of macro 'SVCALL'
   76 |   static return_type signature                          \
      |                      ^~~~~~~~~
/home/staszek/.platformio/packages/framework-arduinoadafruitnrf52/cores/nRF5/nordic/softdevice/s140_nrf52_7.3.0_API/include/nrf_soc.h: In function 'uint32_t sd_power_gpregret_set(uint32_t, uint32_t)':
/home/staszek/.platformio/packages/framework-arduinoadafruitnrf52/cores/nRF5/nordic/softdevice/s140_nrf52_7.3.0_API/include/nrf_soc.h:648:72: warning: unused parameter 'gpregret_id' [-Wunused-parameter]
  648 | SVCALL(SD_POWER_GPREGRET_SET, uint32_t, sd_power_gpregret_set(uint32_t gpregret_id, uint32_t gpregret_msk));
      |                                                               ~~~~~~~~~^~~~~~~~~~~
/home/staszek/.platformio/packages/framework-arduinoadafruitnrf52/cores/nRF5/nordic/softdevice/s140_nrf52_7.3.0_API/include/nrf_svc.h:76:22: note: in definition of macro 'SVCALL'
   76 |   static return_type signature                          \
      |                      ^~~~~~~~~
/home/staszek/.platformio/packages/framework-arduinoadafruitnrf52/cores/nRF5/nordic/softdevice/s140_nrf52_7.3.0_API/include/nrf_soc.h:648:94: warning: unused parameter 'gpregret_msk' [-Wunused-parameter]
  648 | SVCALL(SD_POWER_GPREGRET_SET, uint32_t, sd_power_gpregret_set(uint32_t gpregret_id, uint32_t gpregret_msk));
      |                                                                                     ~~~~~~~~~^~~~~~~~~~~~
/home/staszek/.platformio/packages/framework-arduinoadafruitnrf52/cores/nRF5/nordic/softdevice/s140_nrf52_7.3.0_API/include/nrf_svc.h:76:22: note: in definition of macro 'SVCALL'
   76 |   static return_type signature                          \
      |                      ^~~~~~~~~
/home/staszek/.platformio/packages/framework-arduinoadafruitnrf52/cores/nRF5/nordic/softdevice/s140_nrf52_7.3.0_API/include/nrf_soc.h: In function 'uint32_t sd_power_gpregret_clr(uint32_t, uint32_t)':
/home/staszek/.platformio/packages/framework-arduinoadafruitnrf52/cores/nRF5/nordic/softdevice/s140_nrf52_7.3.0_API/include/nrf_soc.h:657:72: warning: unused parameter 'gpregret_id' [-Wunused-parameter]
  657 | SVCALL(SD_POWER_GPREGRET_CLR, uint32_t, sd_power_gpregret_clr(uint32_t gpregret_id, uint32_t gpregret_msk));
      |                                                               ~~~~~~~~~^~~~~~~~~~~
/home/staszek/.platformio/packages/framework-arduinoadafruitnrf52/cores/nRF5/nordic/softdevice/s140_nrf52_7.3.0_API/include/nrf_svc.h:76:22: note: in definition of macro 'SVCALL'
   76 |   static return_type signature                          \
      |                      ^~~~~~~~~
/home/staszek/.platformio/packages/framework-arduinoadafruitnrf52/cores/nRF5/nordic/softdevice/s140_nrf52_7.3.0_API/include/nrf_soc.h:657:94: warning: unused parameter 'gpregret_msk' [-Wunused-parameter]
  657 | SVCALL(SD_POWER_GPREGRET_CLR, uint32_t, sd_power_gpregret_clr(uint32_t gpregret_id, uint32_t gpregret_msk));
      |                                                                                     ~~~~~~~~~^~~~~~~~~~~~
/home/staszek/.platformio/packages/framework-arduinoadafruitnrf52/cores/nRF5/nordic/softdevice/s140_nrf52_7.3.0_API/include/nrf_svc.h:76:22: note: in definition of macro 'SVCALL'
   76 |   static return_type signature                          \
      |                      ^~~~~~~~~
/home/staszek/.platformio/packages/framework-arduinoadafruitnrf52/cores/nRF5/nordic/softdevice/s140_nrf52_7.3.0_API/include/nrf_soc.h: In function 'uint32_t sd_power_gpregret_get(uint32_t, uint32_t*)':
/home/staszek/.platformio/packages/framework-arduinoadafruitnrf52/cores/nRF5/nordic/softdevice/s140_nrf52_7.3.0_API/include/nrf_soc.h:666:72: warning: unused parameter 'gpregret_id' [-Wunused-parameter]
  666 | SVCALL(SD_POWER_GPREGRET_GET, uint32_t, sd_power_gpregret_get(uint32_t gpregret_id, uint32_t *p_gpregret));
      |                                                               ~~~~~~~~~^~~~~~~~~~~
/home/staszek/.platformio/packages/framework-arduinoadafruitnrf52/cores/nRF5/nordic/softdevice/s140_nrf52_7.3.0_API/include/nrf_svc.h:76:22: note: in definition of macro 'SVCALL'
   76 |   static return_type signature                          \
      |                      ^~~~~~~~~
/home/staszek/.platformio/packages/framework-arduinoadafruitnrf52/cores/nRF5/nordic/softdevice/s140_nrf52_7.3.0_API/include/nrf_soc.h:666:95: warning: unused parameter 'p_gpregret' [-Wunused-parameter]
  666 | SVCALL(SD_POWER_GPREGRET_GET, uint32_t, sd_power_gpregret_get(uint32_t gpregret_id, uint32_t *p_gpregret));
      |                                                                                     ~~~~~~~~~~^~~~~~~~~~
/home/staszek/.platformio/packages/framework-arduinoadafruitnrf52/cores/nRF5/nordic/softdevice/s140_nrf52_7.3.0_API/include/nrf_svc.h:76:22: note: in definition of macro 'SVCALL'
   76 |   static return_type signature                          \
      |                      ^~~~~~~~~
/home/staszek/.platformio/packages/framework-arduinoadafruitnrf52/cores/nRF5/nordic/softdevice/s140_nrf52_7.3.0_API/include/nrf_soc.h: In function 'uint32_t sd_power_dcdc_mode_set(uint8_t)':
/home/staszek/.platformio/packages/framework-arduinoadafruitnrf52/cores/nRF5/nordic/softdevice/s140_nrf52_7.3.0_API/include/nrf_soc.h:675:73: warning: unused parameter 'dcdc_mode' [-Wunused-parameter]
  675 | SVCALL(SD_POWER_DCDC_MODE_SET, uint32_t, sd_power_dcdc_mode_set(uint8_t dcdc_mode));
      |                                                                 ~~~~~~~~^~~~~~~~~
/home/staszek/.platformio/packages/framework-arduinoadafruitnrf52/cores/nRF5/nordic/softdevice/s140_nrf52_7.3.0_API/include/nrf_svc.h:76:22: note: in definition of macro 'SVCALL'
   76 |   static return_type signature                          \
      |                      ^~~~~~~~~
/home/staszek/.platformio/packages/framework-arduinoadafruitnrf52/cores/nRF5/nordic/softdevice/s140_nrf52_7.3.0_API/include/nrf_soc.h: In function 'uint32_t sd_power_dcdc0_mode_set(uint8_t)':
/home/staszek/.platformio/packages/framework-arduinoadafruitnrf52/cores/nRF5/nordic/softdevice/s140_nrf52_7.3.0_API/include/nrf_soc.h:686:75: warning: unused parameter 'dcdc_mode' [-Wunused-parameter]
  686 | SVCALL(SD_POWER_DCDC0_MODE_SET, uint32_t, sd_power_dcdc0_mode_set(uint8_t dcdc_mode));
      |                                                                   ~~~~~~~~^~~~~~~~~
/home/staszek/.platformio/packages/framework-arduinoadafruitnrf52/cores/nRF5/nordic/softdevice/s140_nrf52_7.3.0_API/include/nrf_svc.h:76:22: note: in definition of macro 'SVCALL'
   76 |   static return_type signature                          \
      |                      ^~~~~~~~~
/home/staszek/.platformio/packages/framework-arduinoadafruitnrf52/cores/nRF5/nordic/softdevice/s140_nrf52_7.3.0_API/include/nrf_soc.h: In function 'uint32_t sd_clock_hfclk_is_running(uint32_t*)':
/home/staszek/.platformio/packages/framework-arduinoadafruitnrf52/cores/nRF5/nordic/softdevice/s140_nrf52_7.3.0_API/include/nrf_soc.h:720:82: warning: unused parameter 'p_is_running' [-Wunused-parameter]
  720 | SVCALL(SD_CLOCK_HFCLK_IS_RUNNING, uint32_t, sd_clock_hfclk_is_running(uint32_t * p_is_running));
      |                                                                       ~~~~~~~~~~~^~~~~~~~~~~~
/home/staszek/.platformio/packages/framework-arduinoadafruitnrf52/cores/nRF5/nordic/softdevice/s140_nrf52_7.3.0_API/include/nrf_svc.h:76:22: note: in definition of macro 'SVCALL'
   76 |   static return_type signature                          \
      |                      ^~~~~~~~~
/home/staszek/.platformio/packages/framework-arduinoadafruitnrf52/cores/nRF5/nordic/softdevice/s140_nrf52_7.3.0_API/include/nrf_soc.h: In function 'uint32_t sd_ppi_channel_enable_get(uint32_t*)':
/home/staszek/.platformio/packages/framework-arduinoadafruitnrf52/cores/nRF5/nordic/softdevice/s140_nrf52_7.3.0_API/include/nrf_soc.h:756:82: warning: unused parameter 'p_channel_enable' [-Wunused-parameter]
  756 | SVCALL(SD_PPI_CHANNEL_ENABLE_GET, uint32_t, sd_ppi_channel_enable_get(uint32_t * p_channel_enable));
      |                                                                       ~~~~~~~~~~~^~~~~~~~~~~~~~~~
/home/staszek/.platformio/packages/framework-arduinoadafruitnrf52/cores/nRF5/nordic/softdevice/s140_nrf52_7.3.0_API/include/nrf_svc.h:76:22: note: in definition of macro 'SVCALL'
   76 |   static return_type signature                          \
      |                      ^~~~~~~~~
/home/staszek/.platformio/packages/framework-arduinoadafruitnrf52/cores/nRF5/nordic/softdevice/s140_nrf52_7.3.0_API/include/nrf_soc.h: In function 'uint32_t sd_ppi_channel_enable_set(uint32_t)':
/home/staszek/.platformio/packages/framework-arduinoadafruitnrf52/cores/nRF5/nordic/softdevice/s140_nrf52_7.3.0_API/include/nrf_soc.h:764:80: warning: unused parameter 'channel_enable_set_msk' [-Wunused-parameter]
  764 | SVCALL(SD_PPI_CHANNEL_ENABLE_SET, uint32_t, sd_ppi_channel_enable_set(uint32_t channel_enable_set_msk));
      |                                                                       ~~~~~~~~~^~~~~~~~~~~~~~~~~~~~~~
/home/staszek/.platformio/packages/framework-arduinoadafruitnrf52/cores/nRF5/nordic/softdevice/s140_nrf52_7.3.0_API/include/nrf_svc.h:76:22: note: in definition of macro 'SVCALL'
   76 |   static return_type signature                          \
      |                      ^~~~~~~~~
/home/staszek/.platformio/packages/framework-arduinoadafruitnrf52/cores/nRF5/nordic/softdevice/s140_nrf52_7.3.0_API/include/nrf_soc.h: In function 'uint32_t sd_ppi_channel_enable_clr(uint32_t)':
/home/staszek/.platformio/packages/framework-arduinoadafruitnrf52/cores/nRF5/nordic/softdevice/s140_nrf52_7.3.0_API/include/nrf_soc.h:772:80: warning: unused parameter 'channel_enable_clr_msk' [-Wunused-parameter]
  772 | SVCALL(SD_PPI_CHANNEL_ENABLE_CLR, uint32_t, sd_ppi_channel_enable_clr(uint32_t channel_enable_clr_msk));
      |                                                                       ~~~~~~~~~^~~~~~~~~~~~~~~~~~~~~~
/home/staszek/.platformio/packages/framework-arduinoadafruitnrf52/cores/nRF5/nordic/softdevice/s140_nrf52_7.3.0_API/include/nrf_svc.h:76:22: note: in definition of macro 'SVCALL'
   76 |   static return_type signature                          \
      |                      ^~~~~~~~~
/home/staszek/.platformio/packages/framework-arduinoadafruitnrf52/cores/nRF5/nordic/softdevice/s140_nrf52_7.3.0_API/include/nrf_soc.h: In function 'uint32_t sd_ppi_channel_assign(uint8_t, const volatile void*, const volatile void*)':
/home/staszek/.platformio/packages/framework-arduinoadafruitnrf52/cores/nRF5/nordic/softdevice/s140_nrf52_7.3.0_API/include/nrf_soc.h:783:71: warning: unused parameter 'channel_num' [-Wunused-parameter]
  783 | SVCALL(SD_PPI_CHANNEL_ASSIGN, uint32_t, sd_ppi_channel_assign(uint8_t channel_num, const volatile void * evt_endpoint, const volatile void * task_endpoint));
      |                                                               ~~~~~~~~^~~~~~~~~~~
/home/staszek/.platformio/packages/framework-arduinoadafruitnrf52/cores/nRF5/nordic/softdevice/s140_nrf52_7.3.0_API/include/nrf_svc.h:76:22: note: in definition of macro 'SVCALL'
   76 |   static return_type signature                          \
      |                      ^~~~~~~~~
/home/staszek/.platformio/packages/framework-arduinoadafruitnrf52/cores/nRF5/nordic/softdevice/s140_nrf52_7.3.0_API/include/nrf_soc.h:783:106: warning: unused parameter 'evt_endpoint' [-Wunused-parameter]
  783 | SVCALL(SD_PPI_CHANNEL_ASSIGN, uint32_t, sd_ppi_channel_assign(uint8_t channel_num, const volatile void * evt_endpoint, const volatile void * task_endpoint));
      |                                                                                    ~~~~~~~~~~~~~~~~~~~~~~^~~~~~~~~~~~
/home/staszek/.platformio/packages/framework-arduinoadafruitnrf52/cores/nRF5/nordic/softdevice/s140_nrf52_7.3.0_API/include/nrf_svc.h:76:22: note: in definition of macro 'SVCALL'
   76 |   static return_type signature                          \
      |                      ^~~~~~~~~
/home/staszek/.platformio/packages/framework-arduinoadafruitnrf52/cores/nRF5/nordic/softdevice/s140_nrf52_7.3.0_API/include/nrf_soc.h:783:142: warning: unused parameter 'task_endpoint' [-Wunused-parameter]
  783 | SVCALL(SD_PPI_CHANNEL_ASSIGN, uint32_t, sd_ppi_channel_assign(uint8_t channel_num, const volatile void * evt_endpoint, const volatile void * task_endpoint));
      |                                                                                                                        ~~~~~~~~~~~~~~~~~~~~~~^~~~~~~~~~~~~
/home/staszek/.platformio/packages/framework-arduinoadafruitnrf52/cores/nRF5/nordic/softdevice/s140_nrf52_7.3.0_API/include/nrf_svc.h:76:22: note: in definition of macro 'SVCALL'
   76 |   static return_type signature                          \
      |                      ^~~~~~~~~
/home/staszek/.platformio/packages/framework-arduinoadafruitnrf52/cores/nRF5/nordic/softdevice/s140_nrf52_7.3.0_API/include/nrf_soc.h: In function 'uint32_t sd_ppi_group_task_enable(uint8_t)':
/home/staszek/.platformio/packages/framework-arduinoadafruitnrf52/cores/nRF5/nordic/softdevice/s140_nrf52_7.3.0_API/include/nrf_soc.h:792:77: warning: unused parameter 'group_num' [-Wunused-parameter]
  792 | SVCALL(SD_PPI_GROUP_TASK_ENABLE, uint32_t, sd_ppi_group_task_enable(uint8_t group_num));
      |                                                                     ~~~~~~~~^~~~~~~~~
/home/staszek/.platformio/packages/framework-arduinoadafruitnrf52/cores/nRF5/nordic/softdevice/s140_nrf52_7.3.0_API/include/nrf_svc.h:76:22: note: in definition of macro 'SVCALL'
   76 |   static return_type signature                          \
      |                      ^~~~~~~~~
/home/staszek/.platformio/packages/framework-arduinoadafruitnrf52/cores/nRF5/nordic/softdevice/s140_nrf52_7.3.0_API/include/nrf_soc.h: In function 'uint32_t sd_ppi_group_task_disable(uint8_t)':
/home/staszek/.platformio/packages/framework-arduinoadafruitnrf52/cores/nRF5/nordic/softdevice/s140_nrf52_7.3.0_API/include/nrf_soc.h:801:79: warning: unused parameter 'group_num' [-Wunused-parameter]
  801 | SVCALL(SD_PPI_GROUP_TASK_DISABLE, uint32_t, sd_ppi_group_task_disable(uint8_t group_num));
      |                                                                       ~~~~~~~~^~~~~~~~~
/home/staszek/.platformio/packages/framework-arduinoadafruitnrf52/cores/nRF5/nordic/softdevice/s140_nrf52_7.3.0_API/include/nrf_svc.h:76:22: note: in definition of macro 'SVCALL'
   76 |   static return_type signature                          \
      |                      ^~~~~~~~~
/home/staszek/.platformio/packages/framework-arduinoadafruitnrf52/cores/nRF5/nordic/softdevice/s140_nrf52_7.3.0_API/include/nrf_soc.h: In function 'uint32_t sd_ppi_group_assign(uint8_t, uint32_t)':
/home/staszek/.platformio/packages/framework-arduinoadafruitnrf52/cores/nRF5/nordic/softdevice/s140_nrf52_7.3.0_API/include/nrf_soc.h:811:67: warning: unused parameter 'group_num' [-Wunused-parameter]
  811 | SVCALL(SD_PPI_GROUP_ASSIGN, uint32_t, sd_ppi_group_assign(uint8_t group_num, uint32_t channel_msk));
      |                                                           ~~~~~~~~^~~~~~~~~
/home/staszek/.platformio/packages/framework-arduinoadafruitnrf52/cores/nRF5/nordic/softdevice/s140_nrf52_7.3.0_API/include/nrf_svc.h:76:22: note: in definition of macro 'SVCALL'
   76 |   static return_type signature                          \
      |                      ^~~~~~~~~
/home/staszek/.platformio/packages/framework-arduinoadafruitnrf52/cores/nRF5/nordic/softdevice/s140_nrf52_7.3.0_API/include/nrf_soc.h:811:87: warning: unused parameter 'channel_msk' [-Wunused-parameter]
  811 | SVCALL(SD_PPI_GROUP_ASSIGN, uint32_t, sd_ppi_group_assign(uint8_t group_num, uint32_t channel_msk));
      |                                                                              ~~~~~~~~~^~~~~~~~~~~
/home/staszek/.platformio/packages/framework-arduinoadafruitnrf52/cores/nRF5/nordic/softdevice/s140_nrf52_7.3.0_API/include/nrf_svc.h:76:22: note: in definition of macro 'SVCALL'
   76 |   static return_type signature                          \
      |                      ^~~~~~~~~
/home/staszek/.platformio/packages/framework-arduinoadafruitnrf52/cores/nRF5/nordic/softdevice/s140_nrf52_7.3.0_API/include/nrf_soc.h: In function 'uint32_t sd_ppi_group_get(uint8_t, uint32_t*)':
/home/staszek/.platformio/packages/framework-arduinoadafruitnrf52/cores/nRF5/nordic/softdevice/s140_nrf52_7.3.0_API/include/nrf_soc.h:821:61: warning: unused parameter 'group_num' [-Wunused-parameter]
  821 | SVCALL(SD_PPI_GROUP_GET, uint32_t, sd_ppi_group_get(uint8_t group_num, uint32_t * p_channel_msk));
      |                                                     ~~~~~~~~^~~~~~~~~
/home/staszek/.platformio/packages/framework-arduinoadafruitnrf52/cores/nRF5/nordic/softdevice/s140_nrf52_7.3.0_API/include/nrf_svc.h:76:22: note: in definition of macro 'SVCALL'
   76 |   static return_type signature                          \
      |                      ^~~~~~~~~
/home/staszek/.platformio/packages/framework-arduinoadafruitnrf52/cores/nRF5/nordic/softdevice/s140_nrf52_7.3.0_API/include/nrf_soc.h:821:83: warning: unused parameter 'p_channel_msk' [-Wunused-parameter]
  821 | SVCALL(SD_PPI_GROUP_GET, uint32_t, sd_ppi_group_get(uint8_t group_num, uint32_t * p_channel_msk));
      |                                                                        ~~~~~~~~~~~^~~~~~~~~~~~~
/home/staszek/.platformio/packages/framework-arduinoadafruitnrf52/cores/nRF5/nordic/softdevice/s140_nrf52_7.3.0_API/include/nrf_svc.h:76:22: note: in definition of macro 'SVCALL'
   76 |   static return_type signature                          \
      |                      ^~~~~~~~~
/home/staszek/.platformio/packages/framework-arduinoadafruitnrf52/cores/nRF5/nordic/softdevice/s140_nrf52_7.3.0_API/include/nrf_soc.h: In function 'uint32_t sd_radio_notification_cfg_set(uint8_t, uint8_t)':
/home/staszek/.platformio/packages/framework-arduinoadafruitnrf52/cores/nRF5/nordic/softdevice/s140_nrf52_7.3.0_API/include/nrf_soc.h:852:87: warning: unused parameter 'type' [-Wunused-parameter]
  852 | SVCALL(SD_RADIO_NOTIFICATION_CFG_SET, uint32_t, sd_radio_notification_cfg_set(uint8_t type, uint8_t distance));
      |                                                                               ~~~~~~~~^~~~
/home/staszek/.platformio/packages/framework-arduinoadafruitnrf52/cores/nRF5/nordic/softdevice/s140_nrf52_7.3.0_API/include/nrf_svc.h:76:22: note: in definition of macro 'SVCALL'
   76 |   static return_type signature                          \
      |                      ^~~~~~~~~
/home/staszek/.platformio/packages/framework-arduinoadafruitnrf52/cores/nRF5/nordic/softdevice/s140_nrf52_7.3.0_API/include/nrf_soc.h:852:101: warning: unused parameter 'distance' [-Wunused-parameter]
  852 | SVCALL(SD_RADIO_NOTIFICATION_CFG_SET, uint32_t, sd_radio_notification_cfg_set(uint8_t type, uint8_t distance));
      |                                                                                             ~~~~~~~~^~~~~~~~
/home/staszek/.platformio/packages/framework-arduinoadafruitnrf52/cores/nRF5/nordic/softdevice/s140_nrf52_7.3.0_API/include/nrf_svc.h:76:22: note: in definition of macro 'SVCALL'
   76 |   static return_type signature                          \
      |                      ^~~~~~~~~
/home/staszek/.platformio/packages/framework-arduinoadafruitnrf52/cores/nRF5/nordic/softdevice/s140_nrf52_7.3.0_API/include/nrf_soc.h: In function 'uint32_t sd_ecb_block_encrypt(nrf_ecb_hal_data_t*)':
/home/staszek/.platformio/packages/framework-arduinoadafruitnrf52/cores/nRF5/nordic/softdevice/s140_nrf52_7.3.0_API/include/nrf_soc.h:868:82: warning: unused parameter 'p_ecb_data' [-Wunused-parameter]
  868 | SVCALL(SD_ECB_BLOCK_ENCRYPT, uint32_t, sd_ecb_block_encrypt(nrf_ecb_hal_data_t * p_ecb_data));
      |                                                             ~~~~~~~~~~~~~~~~~~~~~^~~~~~~~~~
/home/staszek/.platformio/packages/framework-arduinoadafruitnrf52/cores/nRF5/nordic/softdevice/s140_nrf52_7.3.0_API/include/nrf_svc.h:76:22: note: in definition of macro 'SVCALL'
   76 |   static return_type signature                          \
      |                      ^~~~~~~~~
/home/staszek/.platformio/packages/framework-arduinoadafruitnrf52/cores/nRF5/nordic/softdevice/s140_nrf52_7.3.0_API/include/nrf_soc.h: In function 'uint32_t sd_ecb_blocks_encrypt(uint8_t, nrf_ecb_hal_data_block_t*)':
/home/staszek/.platformio/packages/framework-arduinoadafruitnrf52/cores/nRF5/nordic/softdevice/s140_nrf52_7.3.0_API/include/nrf_soc.h:885:71: warning: unused parameter 'block_count' [-Wunused-parameter]
  885 | SVCALL(SD_ECB_BLOCKS_ENCRYPT, uint32_t, sd_ecb_blocks_encrypt(uint8_t block_count, nrf_ecb_hal_data_block_t * p_data_blocks));
      |                                                               ~~~~~~~~^~~~~~~~~~~
/home/staszek/.platformio/packages/framework-arduinoadafruitnrf52/cores/nRF5/nordic/softdevice/s140_nrf52_7.3.0_API/include/nrf_svc.h:76:22: note: in definition of macro 'SVCALL'
   76 |   static return_type signature                          \
      |                      ^~~~~~~~~
/home/staszek/.platformio/packages/framework-arduinoadafruitnrf52/cores/nRF5/nordic/softdevice/s140_nrf52_7.3.0_API/include/nrf_soc.h:885:111: warning: unused parameter 'p_data_blocks' [-Wunused-parameter]
  885 | SVCALL(SD_ECB_BLOCKS_ENCRYPT, uint32_t, sd_ecb_blocks_encrypt(uint8_t block_count, nrf_ecb_hal_data_block_t * p_data_blocks));
      |                                                                                    ~~~~~~~~~~~~~~~~~~~~~~~~~~~^~~~~~~~~~~~~
/home/staszek/.platformio/packages/framework-arduinoadafruitnrf52/cores/nRF5/nordic/softdevice/s140_nrf52_7.3.0_API/include/nrf_svc.h:76:22: note: in definition of macro 'SVCALL'
   76 |   static return_type signature                          \
      |                      ^~~~~~~~~
/home/staszek/.platformio/packages/framework-arduinoadafruitnrf52/cores/nRF5/nordic/softdevice/s140_nrf52_7.3.0_API/include/nrf_soc.h: In function 'uint32_t sd_evt_get(uint32_t*)':
/home/staszek/.platformio/packages/framework-arduinoadafruitnrf52/cores/nRF5/nordic/softdevice/s140_nrf52_7.3.0_API/include/nrf_soc.h:896:52: warning: unused parameter 'p_evt_id' [-Wunused-parameter]
  896 | SVCALL(SD_EVT_GET, uint32_t, sd_evt_get(uint32_t * p_evt_id));
      |                                         ~~~~~~~~~~~^~~~~~~~
/home/staszek/.platformio/packages/framework-arduinoadafruitnrf52/cores/nRF5/nordic/softdevice/s140_nrf52_7.3.0_API/include/nrf_svc.h:76:22: note: in definition of macro 'SVCALL'
   76 |   static return_type signature                          \
      |                      ^~~~~~~~~
/home/staszek/.platformio/packages/framework-arduinoadafruitnrf52/cores/nRF5/nordic/softdevice/s140_nrf52_7.3.0_API/include/nrf_soc.h: In function 'uint32_t sd_temp_get(int32_t*)':
/home/staszek/.platformio/packages/framework-arduinoadafruitnrf52/cores/nRF5/nordic/softdevice/s140_nrf52_7.3.0_API/include/nrf_soc.h:907:53: warning: unused parameter 'p_temp' [-Wunused-parameter]
  907 | SVCALL(SD_TEMP_GET, uint32_t, sd_temp_get(int32_t * p_temp));
      |                                           ~~~~~~~~~~^~~~~~
/home/staszek/.platformio/packages/framework-arduinoadafruitnrf52/cores/nRF5/nordic/softdevice/s140_nrf52_7.3.0_API/include/nrf_svc.h:76:22: note: in definition of macro 'SVCALL'
   76 |   static return_type signature                          \
      |                      ^~~~~~~~~
/home/staszek/.platformio/packages/framework-arduinoadafruitnrf52/cores/nRF5/nordic/softdevice/s140_nrf52_7.3.0_API/include/nrf_soc.h: In function 'uint32_t sd_flash_write(uint32_t*, const uint32_t*, uint32_t)':
/home/staszek/.platformio/packages/framework-arduinoadafruitnrf52/cores/nRF5/nordic/softdevice/s140_nrf52_7.3.0_API/include/nrf_soc.h:944:60: warning: unused parameter 'p_dst' [-Wunused-parameter]
  944 | SVCALL(SD_FLASH_WRITE, uint32_t, sd_flash_write(uint32_t * p_dst, uint32_t const * p_src, uint32_t size));
      |                                                 ~~~~~~~~~~~^~~~~
/home/staszek/.platformio/packages/framework-arduinoadafruitnrf52/cores/nRF5/nordic/softdevice/s140_nrf52_7.3.0_API/include/nrf_svc.h:76:22: note: in definition of macro 'SVCALL'
   76 |   static return_type signature                          \
      |                      ^~~~~~~~~
/home/staszek/.platformio/packages/framework-arduinoadafruitnrf52/cores/nRF5/nordic/softdevice/s140_nrf52_7.3.0_API/include/nrf_soc.h:944:84: warning: unused parameter 'p_src' [-Wunused-parameter]
  944 | SVCALL(SD_FLASH_WRITE, uint32_t, sd_flash_write(uint32_t * p_dst, uint32_t const * p_src, uint32_t size));
      |                                                                   ~~~~~~~~~~~~~~~~~^~~~~
/home/staszek/.platformio/packages/framework-arduinoadafruitnrf52/cores/nRF5/nordic/softdevice/s140_nrf52_7.3.0_API/include/nrf_svc.h:76:22: note: in definition of macro 'SVCALL'
   76 |   static return_type signature                          \
      |                      ^~~~~~~~~
/home/staszek/.platformio/packages/framework-arduinoadafruitnrf52/cores/nRF5/nordic/softdevice/s140_nrf52_7.3.0_API/include/nrf_soc.h:944:100: warning: unused parameter 'size' [-Wunused-parameter]
  944 | SVCALL(SD_FLASH_WRITE, uint32_t, sd_flash_write(uint32_t * p_dst, uint32_t const * p_src, uint32_t size));
      |                                                                                           ~~~~~~~~~^~~~
/home/staszek/.platformio/packages/framework-arduinoadafruitnrf52/cores/nRF5/nordic/softdevice/s140_nrf52_7.3.0_API/include/nrf_svc.h:76:22: note: in definition of macro 'SVCALL'
   76 |   static return_type signature                          \
      |                      ^~~~~~~~~
/home/staszek/.platformio/packages/framework-arduinoadafruitnrf52/cores/nRF5/nordic/softdevice/s140_nrf52_7.3.0_API/include/nrf_soc.h: In function 'uint32_t sd_flash_page_erase(uint32_t)':
/home/staszek/.platformio/packages/framework-arduinoadafruitnrf52/cores/nRF5/nordic/softdevice/s140_nrf52_7.3.0_API/include/nrf_soc.h:976:68: warning: unused parameter 'page_number' [-Wunused-parameter]
  976 | SVCALL(SD_FLASH_PAGE_ERASE, uint32_t, sd_flash_page_erase(uint32_t page_number));
      |                                                           ~~~~~~~~~^~~~~~~~~~~
/home/staszek/.platformio/packages/framework-arduinoadafruitnrf52/cores/nRF5/nordic/softdevice/s140_nrf52_7.3.0_API/include/nrf_svc.h:76:22: note: in definition of macro 'SVCALL'
   76 |   static return_type signature                          \
      |                      ^~~~~~~~~
/home/staszek/.platformio/packages/framework-arduinoadafruitnrf52/cores/nRF5/nordic/softdevice/s140_nrf52_7.3.0_API/include/nrf_soc.h: In function 'uint32_t sd_radio_session_open(nrf_radio_signal_callback_t)':
/home/staszek/.platformio/packages/framework-arduinoadafruitnrf52/cores/nRF5/nordic/softdevice/s140_nrf52_7.3.0_API/include/nrf_soc.h:1000:92: warning: unused parameter 'p_radio_signal_callback' [-Wunused-parameter]
 1000 |  SVCALL(SD_RADIO_SESSION_OPEN, uint32_t, sd_radio_session_open(nrf_radio_signal_callback_t p_radio_signal_callback));
      |                                                                ~~~~~~~~~~~~~~~~~~~~~~~~~~~~^~~~~~~~~~~~~~~~~~~~~~~
/home/staszek/.platformio/packages/framework-arduinoadafruitnrf52/cores/nRF5/nordic/softdevice/s140_nrf52_7.3.0_API/include/nrf_svc.h:76:22: note: in definition of macro 'SVCALL'
   76 |   static return_type signature                          \
      |                      ^~~~~~~~~
/home/staszek/.platformio/packages/framework-arduinoadafruitnrf52/cores/nRF5/nordic/softdevice/s140_nrf52_7.3.0_API/include/nrf_soc.h: In function 'uint32_t sd_radio_request(const nrf_radio_request_t*)':
/home/staszek/.platformio/packages/framework-arduinoadafruitnrf52/cores/nRF5/nordic/softdevice/s140_nrf52_7.3.0_API/include/nrf_soc.h:1050:82: warning: unused parameter 'p_request' [-Wunused-parameter]
 1050 |  SVCALL(SD_RADIO_REQUEST, uint32_t, sd_radio_request(nrf_radio_request_t const * p_request));
      |                                                      ~~~~~~~~~~~~~~~~~~~~~~~~~~~~^~~~~~~~~
/home/staszek/.platformio/packages/framework-arduinoadafruitnrf52/cores/nRF5/nordic/softdevice/s140_nrf52_7.3.0_API/include/nrf_svc.h:76:22: note: in definition of macro 'SVCALL'
   76 |   static return_type signature                          \
      |                      ^~~~~~~~~
/home/staszek/.platformio/packages/framework-arduinoadafruitnrf52/cores/nRF5/nordic/softdevice/s140_nrf52_7.3.0_API/include/nrf_soc.h: In function 'uint32_t sd_protected_register_write(volatile uint32_t*, uint32_t)':
/home/staszek/.platformio/packages/framework-arduinoadafruitnrf52/cores/nRF5/nordic/softdevice/s140_nrf52_7.3.0_API/include/nrf_soc.h:1071:95: warning: unused parameter 'p_register' [-Wunused-parameter]
 1071 | SVCALL(SD_PROTECTED_REGISTER_WRITE, uint32_t, sd_protected_register_write(volatile uint32_t * p_register, uint32_t value));
      |                                                                           ~~~~~~~~~~~~~~~~~~~~^~~~~~~~~~
/home/staszek/.platformio/packages/framework-arduinoadafruitnrf52/cores/nRF5/nordic/softdevice/s140_nrf52_7.3.0_API/include/nrf_svc.h:76:22: note: in definition of macro 'SVCALL'
   76 |   static return_type signature                          \
      |                      ^~~~~~~~~
/home/staszek/.platformio/packages/framework-arduinoadafruitnrf52/cores/nRF5/nordic/softdevice/s140_nrf52_7.3.0_API/include/nrf_soc.h:1071:116: warning: unused parameter 'value' [-Wunused-parameter]
 1071 | SVCALL(SD_PROTECTED_REGISTER_WRITE, uint32_t, sd_protected_register_write(volatile uint32_t * p_register, uint32_t value));
      |                                                                                                           ~~~~~~~~~^~~~~
/home/staszek/.platformio/packages/framework-arduinoadafruitnrf52/cores/nRF5/nordic/softdevice/s140_nrf52_7.3.0_API/include/nrf_svc.h:76:22: note: in definition of macro 'SVCALL'
   76 |   static return_type signature                          \
      |                      ^~~~~~~~~
/home/staszek/.platformio/packages/framework-arduinoadafruitnrf52/cores/nRF5/nordic/softdevice/s140_nrf52_7.3.0_API/include/nrf_sdm.h: In function 'uint32_t sd_softdevice_enable(const nrf_clock_lf_cfg_t*, nrf_fault_handler_t)':
/home/staszek/.platformio/packages/framework-arduinoadafruitnrf52/cores/nRF5/nordic/softdevice/s140_nrf52_7.3.0_API/include/nrf_sdm.h:326:88: warning: unused parameter 'p_clock_lf_cfg' [-Wunused-parameter]
  326 | SVCALL(SD_SOFTDEVICE_ENABLE, uint32_t, sd_softdevice_enable(nrf_clock_lf_cfg_t const * p_clock_lf_cfg, nrf_fault_handler_t fault_handler));
      |                                                             ~~~~~~~~~~~~~~~~~~~~~~~~~~~^~~~~~~~~~~~~~
/home/staszek/.platformio/packages/framework-arduinoadafruitnrf52/cores/nRF5/nordic/softdevice/s140_nrf52_7.3.0_API/include/nrf_svc.h:76:22: note: in definition of macro 'SVCALL'
   76 |   static return_type signature                          \
      |                      ^~~~~~~~~
/home/staszek/.platformio/packages/framework-arduinoadafruitnrf52/cores/nRF5/nordic/softdevice/s140_nrf52_7.3.0_API/include/nrf_sdm.h:326:124: warning: unused parameter 'fault_handler' [-Wunused-parameter]
  326 | SVCALL(SD_SOFTDEVICE_ENABLE, uint32_t, sd_softdevice_enable(nrf_clock_lf_cfg_t const * p_clock_lf_cfg, nrf_fault_handler_t fault_handler));
      |                                                                                                        ~~~~~~~~~~~~~~~~~~~~^~~~~~~~~~~~~
/home/staszek/.platformio/packages/framework-arduinoadafruitnrf52/cores/nRF5/nordic/softdevice/s140_nrf52_7.3.0_API/include/nrf_svc.h:76:22: note: in definition of macro 'SVCALL'
   76 |   static return_type signature                          \
      |                      ^~~~~~~~~
/home/staszek/.platformio/packages/framework-arduinoadafruitnrf52/cores/nRF5/nordic/softdevice/s140_nrf52_7.3.0_API/include/nrf_sdm.h: In function 'uint32_t sd_softdevice_is_enabled(uint8_t*)':
/home/staszek/.platformio/packages/framework-arduinoadafruitnrf52/cores/nRF5/nordic/softdevice/s140_nrf52_7.3.0_API/include/nrf_sdm.h:350:79: warning: unused parameter 'p_softdevice_enabled' [-Wunused-parameter]
  350 | SVCALL(SD_SOFTDEVICE_IS_ENABLED, uint32_t, sd_softdevice_is_enabled(uint8_t * p_softdevice_enabled));
      |                                                                     ~~~~~~~~~~^~~~~~~~~~~~~~~~~~~~
/home/staszek/.platformio/packages/framework-arduinoadafruitnrf52/cores/nRF5/nordic/softdevice/s140_nrf52_7.3.0_API/include/nrf_svc.h:76:22: note: in definition of macro 'SVCALL'
   76 |   static return_type signature                          \
      |                      ^~~~~~~~~
/home/staszek/.platformio/packages/framework-arduinoadafruitnrf52/cores/nRF5/nordic/softdevice/s140_nrf52_7.3.0_API/include/nrf_sdm.h: In function 'uint32_t sd_softdevice_vector_table_base_set(uint32_t)':
/home/staszek/.platformio/packages/framework-arduinoadafruitnrf52/cores/nRF5/nordic/softdevice/s140_nrf52_7.3.0_API/include/nrf_sdm.h:360:100: warning: unused parameter 'address' [-Wunused-parameter]
  360 | SVCALL(SD_SOFTDEVICE_VECTOR_TABLE_BASE_SET, uint32_t, sd_softdevice_vector_table_base_set(uint32_t address));
      |                                                                                           ~~~~~~~~~^~~~~~~
/home/staszek/.platformio/packages/framework-arduinoadafruitnrf52/cores/nRF5/nordic/softdevice/s140_nrf52_7.3.0_API/include/nrf_svc.h:76:22: note: in definition of macro 'SVCALL'
   76 |   static return_type signature                          \
      |                      ^~~~~~~~~
In file included from src/fw_context.h:24:
lib/hal/device_radio.h: In member function 'virtual bool meshroute::Sx1262Radio::poll_rx(uint8_t*, size_t, size_t&, float&, float&)':
lib/hal/device_radio.h:342:42: warning: '++' expression of 'volatile'-qualified type is deprecated [-Wvolatile]
  342 |         if (st != RADIOLIB_ERR_NONE) { ++g_rxbad_count; if (g_mr_trace_on) { Serial.print(F("[rxbad st=")); Serial.print(st); Serial.print(F(" t=")); Serial.print(millis()); Serial.println(F("]")); } return false; }   // count the CRC-storm event ALWAYS; the per-event print is GATED behind `debug on` (don't flood Serial when the radio is busiest)
      |                                          ^~~~~~~~~~~~~
Compiling .pio/build/xiao_mobile/src/firmware_config.cpp.o
In file included from src/fw_context.h:19,
                 from src/firmware_config.cpp:8:
.pio/libdeps/xiao_mobile/RadioLib/src/RadioLib.h:58:4: warning: #warning "God mode active, I hope it was intentional. Buckle up, lads." [-Wcpp]
   58 |   #warning "God mode active, I hope it was intentional. Buckle up, lads."
      |    ^~~~~~~
In file included from /home/staszek/.platformio/packages/framework-arduinoadafruitnrf52/cores/nRF5/nordic/softdevice/s140_nrf52_7.3.0_API/include/nrf_soc.h:52,
                 from /home/staszek/.platformio/packages/framework-arduinoadafruitnrf52/cores/nRF5/WVariant.h:24,
                 from /home/staszek/.platformio/packages/framework-arduinoadafruitnrf52/cores/nRF5/Arduino.h:41,
                 from src/firmware_config.h:15,
                 from src/firmware_config.cpp:7:
/home/staszek/.platformio/packages/framework-arduinoadafruitnrf52/cores/nRF5/nordic/softdevice/s140_nrf52_7.3.0_API/include/nrf_soc.h: In function 'uint32_t sd_mutex_new(nrf_mutex_t*)':
/home/staszek/.platformio/packages/framework-arduinoadafruitnrf52/cores/nRF5/nordic/softdevice/s140_nrf52_7.3.0_API/include/nrf_soc.h:452:59: warning: unused parameter 'p_mutex' [-Wunused-parameter]
  452 | SVCALL(SD_MUTEX_NEW, uint32_t, sd_mutex_new(nrf_mutex_t * p_mutex));
      |                                             ~~~~~~~~~~~~~~^~~~~~~
/home/staszek/.platformio/packages/framework-arduinoadafruitnrf52/cores/nRF5/nordic/softdevice/s140_nrf52_7.3.0_API/include/nrf_svc.h:76:22: note: in definition of macro 'SVCALL'
   76 |   static return_type signature                          \
      |                      ^~~~~~~~~
/home/staszek/.platformio/packages/framework-arduinoadafruitnrf52/cores/nRF5/nordic/softdevice/s140_nrf52_7.3.0_API/include/nrf_soc.h: In function 'uint32_t sd_mutex_acquire(nrf_mutex_t*)':
/home/staszek/.platformio/packages/framework-arduinoadafruitnrf52/cores/nRF5/nordic/softdevice/s140_nrf52_7.3.0_API/include/nrf_soc.h:461:67: warning: unused parameter 'p_mutex' [-Wunused-parameter]
  461 | SVCALL(SD_MUTEX_ACQUIRE, uint32_t, sd_mutex_acquire(nrf_mutex_t * p_mutex));
      |                                                     ~~~~~~~~~~~~~~^~~~~~~
/home/staszek/.platformio/packages/framework-arduinoadafruitnrf52/cores/nRF5/nordic/softdevice/s140_nrf52_7.3.0_API/include/nrf_svc.h:76:22: note: in definition of macro 'SVCALL'
   76 |   static return_type signature                          \
      |                      ^~~~~~~~~
/home/staszek/.platformio/packages/framework-arduinoadafruitnrf52/cores/nRF5/nordic/softdevice/s140_nrf52_7.3.0_API/include/nrf_soc.h: In function 'uint32_t sd_mutex_release(nrf_mutex_t*)':
/home/staszek/.platformio/packages/framework-arduinoadafruitnrf52/cores/nRF5/nordic/softdevice/s140_nrf52_7.3.0_API/include/nrf_soc.h:469:67: warning: unused parameter 'p_mutex' [-Wunused-parameter]
  469 | SVCALL(SD_MUTEX_RELEASE, uint32_t, sd_mutex_release(nrf_mutex_t * p_mutex));
      |                                                     ~~~~~~~~~~~~~~^~~~~~~
/home/staszek/.platformio/packages/framework-arduinoadafruitnrf52/cores/nRF5/nordic/softdevice/s140_nrf52_7.3.0_API/include/nrf_svc.h:76:22: note: in definition of macro 'SVCALL'
   76 |   static return_type signature                          \
      |                      ^~~~~~~~~
/home/staszek/.platformio/packages/framework-arduinoadafruitnrf52/cores/nRF5/nordic/softdevice/s140_nrf52_7.3.0_API/include/nrf_soc.h: In function 'uint32_t sd_rand_application_pool_capacity_get(uint8_t*)':
/home/staszek/.platformio/packages/framework-arduinoadafruitnrf52/cores/nRF5/nordic/softdevice/s140_nrf52_7.3.0_API/include/nrf_soc.h:477:105: warning: unused parameter 'p_pool_capacity' [-Wunused-parameter]
  477 | SVCALL(SD_RAND_APPLICATION_POOL_CAPACITY_GET, uint32_t, sd_rand_application_pool_capacity_get(uint8_t * p_pool_capacity));
      |                                                                                               ~~~~~~~~~~^~~~~~~~~~~~~~~
/home/staszek/.platformio/packages/framework-arduinoadafruitnrf52/cores/nRF5/nordic/softdevice/s140_nrf52_7.3.0_API/include/nrf_svc.h:76:22: note: in definition of macro 'SVCALL'
   76 |   static return_type signature                          \
      |                      ^~~~~~~~~
/home/staszek/.platformio/packages/framework-arduinoadafruitnrf52/cores/nRF5/nordic/softdevice/s140_nrf52_7.3.0_API/include/nrf_soc.h: In function 'uint32_t sd_rand_application_bytes_available_get(uint8_t*)':
/home/staszek/.platformio/packages/framework-arduinoadafruitnrf52/cores/nRF5/nordic/softdevice/s140_nrf52_7.3.0_API/include/nrf_soc.h:485:109: warning: unused parameter 'p_bytes_available' [-Wunused-parameter]
  485 | SVCALL(SD_RAND_APPLICATION_BYTES_AVAILABLE_GET, uint32_t, sd_rand_application_bytes_available_get(uint8_t * p_bytes_available));
      |                                                                                                   ~~~~~~~~~~^~~~~~~~~~~~~~~~~
/home/staszek/.platformio/packages/framework-arduinoadafruitnrf52/cores/nRF5/nordic/softdevice/s140_nrf52_7.3.0_API/include/nrf_svc.h:76:22: note: in definition of macro 'SVCALL'
   76 |   static return_type signature                          \
      |                      ^~~~~~~~~
/home/staszek/.platformio/packages/framework-arduinoadafruitnrf52/cores/nRF5/nordic/softdevice/s140_nrf52_7.3.0_API/include/nrf_soc.h: In function 'uint32_t sd_rand_application_vector_get(uint8_t*, uint8_t)':
/home/staszek/.platformio/packages/framework-arduinoadafruitnrf52/cores/nRF5/nordic/softdevice/s140_nrf52_7.3.0_API/include/nrf_soc.h:495:91: warning: unused parameter 'p_buff' [-Wunused-parameter]
  495 | SVCALL(SD_RAND_APPLICATION_VECTOR_GET, uint32_t, sd_rand_application_vector_get(uint8_t * p_buff, uint8_t length));
      |                                                                                 ~~~~~~~~~~^~~~~~
/home/staszek/.platformio/packages/framework-arduinoadafruitnrf52/cores/nRF5/nordic/softdevice/s140_nrf52_7.3.0_API/include/nrf_svc.h:76:22: note: in definition of macro 'SVCALL'
   76 |   static return_type signature                          \
      |                      ^~~~~~~~~
/home/staszek/.platformio/packages/framework-arduinoadafruitnrf52/cores/nRF5/nordic/softdevice/s140_nrf52_7.3.0_API/include/nrf_soc.h:495:107: warning: unused parameter 'length' [-Wunused-parameter]
  495 | SVCALL(SD_RAND_APPLICATION_VECTOR_GET, uint32_t, sd_rand_application_vector_get(uint8_t * p_buff, uint8_t length));
      |                                                                                                   ~~~~~~~~^~~~~~
/home/staszek/.platformio/packages/framework-arduinoadafruitnrf52/cores/nRF5/nordic/softdevice/s140_nrf52_7.3.0_API/include/nrf_svc.h:76:22: note: in definition of macro 'SVCALL'
   76 |   static return_type signature                          \
      |                      ^~~~~~~~~
/home/staszek/.platformio/packages/framework-arduinoadafruitnrf52/cores/nRF5/nordic/softdevice/s140_nrf52_7.3.0_API/include/nrf_soc.h: In function 'uint32_t sd_power_reset_reason_get(uint32_t*)':
/home/staszek/.platformio/packages/framework-arduinoadafruitnrf52/cores/nRF5/nordic/softdevice/s140_nrf52_7.3.0_API/include/nrf_soc.h:503:82: warning: unused parameter 'p_reset_reason' [-Wunused-parameter]
  503 | SVCALL(SD_POWER_RESET_REASON_GET, uint32_t, sd_power_reset_reason_get(uint32_t * p_reset_reason));
      |                                                                       ~~~~~~~~~~~^~~~~~~~~~~~~~
/home/staszek/.platformio/packages/framework-arduinoadafruitnrf52/cores/nRF5/nordic/softdevice/s140_nrf52_7.3.0_API/include/nrf_svc.h:76:22: note: in definition of macro 'SVCALL'
   76 |   static return_type signature                          \
      |                      ^~~~~~~~~
/home/staszek/.platformio/packages/framework-arduinoadafruitnrf52/cores/nRF5/nordic/softdevice/s140_nrf52_7.3.0_API/include/nrf_soc.h: In function 'uint32_t sd_power_reset_reason_clr(uint32_t)':
/home/staszek/.platformio/packages/framework-arduinoadafruitnrf52/cores/nRF5/nordic/softdevice/s140_nrf52_7.3.0_API/include/nrf_soc.h:511:80: warning: unused parameter 'reset_reason_clr_msk' [-Wunused-parameter]
  511 | SVCALL(SD_POWER_RESET_REASON_CLR, uint32_t, sd_power_reset_reason_clr(uint32_t reset_reason_clr_msk));
      |                                                                       ~~~~~~~~~^~~~~~~~~~~~~~~~~~~~
/home/staszek/.platformio/packages/framework-arduinoadafruitnrf52/cores/nRF5/nordic/softdevice/s140_nrf52_7.3.0_API/include/nrf_svc.h:76:22: note: in definition of macro 'SVCALL'
   76 |   static return_type signature                          \
      |                      ^~~~~~~~~
/home/staszek/.platformio/packages/framework-arduinoadafruitnrf52/cores/nRF5/nordic/softdevice/s140_nrf52_7.3.0_API/include/nrf_soc.h: In function 'uint32_t sd_power_mode_set(uint8_t)':
/home/staszek/.platformio/packages/framework-arduinoadafruitnrf52/cores/nRF5/nordic/softdevice/s140_nrf52_7.3.0_API/include/nrf_soc.h:520:63: warning: unused parameter 'power_mode' [-Wunused-parameter]
  520 | SVCALL(SD_POWER_MODE_SET, uint32_t, sd_power_mode_set(uint8_t power_mode));
      |                                                       ~~~~~~~~^~~~~~~~~~
/home/staszek/.platformio/packages/framework-arduinoadafruitnrf52/cores/nRF5/nordic/softdevice/s140_nrf52_7.3.0_API/include/nrf_svc.h:76:22: note: in definition of macro 'SVCALL'
   76 |   static return_type signature                          \
      |                      ^~~~~~~~~
/home/staszek/.platformio/packages/framework-arduinoadafruitnrf52/cores/nRF5/nordic/softdevice/s140_nrf52_7.3.0_API/include/nrf_soc.h: In function 'uint32_t sd_power_pof_enable(uint8_t)':
/home/staszek/.platformio/packages/framework-arduinoadafruitnrf52/cores/nRF5/nordic/softdevice/s140_nrf52_7.3.0_API/include/nrf_soc.h:537:67: warning: unused parameter 'pof_enable' [-Wunused-parameter]
  537 | SVCALL(SD_POWER_POF_ENABLE, uint32_t, sd_power_pof_enable(uint8_t pof_enable));
      |                                                           ~~~~~~~~^~~~~~~~~~
/home/staszek/.platformio/packages/framework-arduinoadafruitnrf52/cores/nRF5/nordic/softdevice/s140_nrf52_7.3.0_API/include/nrf_svc.h:76:22: note: in definition of macro 'SVCALL'
   76 |   static return_type signature                          \
      |                      ^~~~~~~~~
/home/staszek/.platformio/packages/framework-arduinoadafruitnrf52/cores/nRF5/nordic/softdevice/s140_nrf52_7.3.0_API/include/nrf_soc.h: In function 'uint32_t sd_power_usbpwrrdy_enable(uint8_t)':
/home/staszek/.platformio/packages/framework-arduinoadafruitnrf52/cores/nRF5/nordic/softdevice/s140_nrf52_7.3.0_API/include/nrf_soc.h:550:79: warning: unused parameter 'usbpwrrdy_enable' [-Wunused-parameter]
  550 | SVCALL(SD_POWER_USBPWRRDY_ENABLE, uint32_t, sd_power_usbpwrrdy_enable(uint8_t usbpwrrdy_enable));
      |                                                                       ~~~~~~~~^~~~~~~~~~~~~~~~
/home/staszek/.platformio/packages/framework-arduinoadafruitnrf52/cores/nRF5/nordic/softdevice/s140_nrf52_7.3.0_API/include/nrf_svc.h:76:22: note: in definition of macro 'SVCALL'
   76 |   static return_type signature                          \
      |                      ^~~~~~~~~
/home/staszek/.platformio/packages/framework-arduinoadafruitnrf52/cores/nRF5/nordic/softdevice/s140_nrf52_7.3.0_API/include/nrf_soc.h: In function 'uint32_t sd_power_usbdetected_enable(uint8_t)':
/home/staszek/.platformio/packages/framework-arduinoadafruitnrf52/cores/nRF5/nordic/softdevice/s140_nrf52_7.3.0_API/include/nrf_soc.h:563:83: warning: unused parameter 'usbdetected_enable' [-Wunused-parameter]
  563 | SVCALL(SD_POWER_USBDETECTED_ENABLE, uint32_t, sd_power_usbdetected_enable(uint8_t usbdetected_enable));
      |                                                                           ~~~~~~~~^~~~~~~~~~~~~~~~~~
/home/staszek/.platformio/packages/framework-arduinoadafruitnrf52/cores/nRF5/nordic/softdevice/s140_nrf52_7.3.0_API/include/nrf_svc.h:76:22: note: in definition of macro 'SVCALL'
   76 |   static return_type signature                          \
      |                      ^~~~~~~~~
/home/staszek/.platformio/packages/framework-arduinoadafruitnrf52/cores/nRF5/nordic/softdevice/s140_nrf52_7.3.0_API/include/nrf_soc.h: In function 'uint32_t sd_power_usbremoved_enable(uint8_t)':
/home/staszek/.platformio/packages/framework-arduinoadafruitnrf52/cores/nRF5/nordic/softdevice/s140_nrf52_7.3.0_API/include/nrf_soc.h:576:81: warning: unused parameter 'usbremoved_enable' [-Wunused-parameter]
  576 | SVCALL(SD_POWER_USBREMOVED_ENABLE, uint32_t, sd_power_usbremoved_enable(uint8_t usbremoved_enable));
      |                                                                         ~~~~~~~~^~~~~~~~~~~~~~~~~
/home/staszek/.platformio/packages/framework-arduinoadafruitnrf52/cores/nRF5/nordic/softdevice/s140_nrf52_7.3.0_API/include/nrf_svc.h:76:22: note: in definition of macro 'SVCALL'
   76 |   static return_type signature                          \
      |                      ^~~~~~~~~
/home/staszek/.platformio/packages/framework-arduinoadafruitnrf52/cores/nRF5/nordic/softdevice/s140_nrf52_7.3.0_API/include/nrf_soc.h: In function 'uint32_t sd_power_usbregstatus_get(uint32_t*)':
/home/staszek/.platformio/packages/framework-arduinoadafruitnrf52/cores/nRF5/nordic/softdevice/s140_nrf52_7.3.0_API/include/nrf_soc.h:586:82: warning: unused parameter 'usbregstatus' [-Wunused-parameter]
  586 | SVCALL(SD_POWER_USBREGSTATUS_GET, uint32_t, sd_power_usbregstatus_get(uint32_t * usbregstatus));
      |                                                                       ~~~~~~~~~~~^~~~~~~~~~~~
/home/staszek/.platformio/packages/framework-arduinoadafruitnrf52/cores/nRF5/nordic/softdevice/s140_nrf52_7.3.0_API/include/nrf_svc.h:76:22: note: in definition of macro 'SVCALL'
   76 |   static return_type signature                          \
      |                      ^~~~~~~~~
/home/staszek/.platformio/packages/framework-arduinoadafruitnrf52/cores/nRF5/nordic/softdevice/s140_nrf52_7.3.0_API/include/nrf_soc.h: In function 'uint32_t sd_power_pof_threshold_set(uint8_t)':
/home/staszek/.platformio/packages/framework-arduinoadafruitnrf52/cores/nRF5/nordic/softdevice/s140_nrf52_7.3.0_API/include/nrf_soc.h:599:81: warning: unused parameter 'threshold' [-Wunused-parameter]
  599 | SVCALL(SD_POWER_POF_THRESHOLD_SET, uint32_t, sd_power_pof_threshold_set(uint8_t threshold));
      |                                                                         ~~~~~~~~^~~~~~~~~
/home/staszek/.platformio/packages/framework-arduinoadafruitnrf52/cores/nRF5/nordic/softdevice/s140_nrf52_7.3.0_API/include/nrf_svc.h:76:22: note: in definition of macro 'SVCALL'
   76 |   static return_type signature                          \
      |                      ^~~~~~~~~
/home/staszek/.platformio/packages/framework-arduinoadafruitnrf52/cores/nRF5/nordic/softdevice/s140_nrf52_7.3.0_API/include/nrf_soc.h: In function 'uint32_t sd_power_pof_thresholdvddh_set(uint8_t)':
/home/staszek/.platformio/packages/framework-arduinoadafruitnrf52/cores/nRF5/nordic/softdevice/s140_nrf52_7.3.0_API/include/nrf_soc.h:612:89: warning: unused parameter 'threshold' [-Wunused-parameter]
  612 | SVCALL(SD_POWER_POF_THRESHOLDVDDH_SET, uint32_t, sd_power_pof_thresholdvddh_set(uint8_t threshold));
      |                                                                                 ~~~~~~~~^~~~~~~~~
/home/staszek/.platformio/packages/framework-arduinoadafruitnrf52/cores/nRF5/nordic/softdevice/s140_nrf52_7.3.0_API/include/nrf_svc.h:76:22: note: in definition of macro 'SVCALL'
   76 |   static return_type signature                          \
      |                      ^~~~~~~~~
/home/staszek/.platformio/packages/framework-arduinoadafruitnrf52/cores/nRF5/nordic/softdevice/s140_nrf52_7.3.0_API/include/nrf_soc.h: In function 'uint32_t sd_power_ram_power_set(uint8_t, uint32_t)':
/home/staszek/.platformio/packages/framework-arduinoadafruitnrf52/cores/nRF5/nordic/softdevice/s140_nrf52_7.3.0_API/include/nrf_soc.h:621:73: warning: unused parameter 'index' [-Wunused-parameter]
  621 | SVCALL(SD_POWER_RAM_POWER_SET, uint32_t, sd_power_ram_power_set(uint8_t index, uint32_t ram_powerset));
      |                                                                 ~~~~~~~~^~~~~
/home/staszek/.platformio/packages/framework-arduinoadafruitnrf52/cores/nRF5/nordic/softdevice/s140_nrf52_7.3.0_API/include/nrf_svc.h:76:22: note: in definition of macro 'SVCALL'
   76 |   static return_type signature                          \
      |                      ^~~~~~~~~
/home/staszek/.platformio/packages/framework-arduinoadafruitnrf52/cores/nRF5/nordic/softdevice/s140_nrf52_7.3.0_API/include/nrf_soc.h:621:89: warning: unused parameter 'ram_powerset' [-Wunused-parameter]
  621 | SVCALL(SD_POWER_RAM_POWER_SET, uint32_t, sd_power_ram_power_set(uint8_t index, uint32_t ram_powerset));
      |                                                                                ~~~~~~~~~^~~~~~~~~~~~
/home/staszek/.platformio/packages/framework-arduinoadafruitnrf52/cores/nRF5/nordic/softdevice/s140_nrf52_7.3.0_API/include/nrf_svc.h:76:22: note: in definition of macro 'SVCALL'
   76 |   static return_type signature                          \
      |                      ^~~~~~~~~
/home/staszek/.platformio/packages/framework-arduinoadafruitnrf52/cores/nRF5/nordic/softdevice/s140_nrf52_7.3.0_API/include/nrf_soc.h: In function 'uint32_t sd_power_ram_power_clr(uint8_t, uint32_t)':
/home/staszek/.platformio/packages/framework-arduinoadafruitnrf52/cores/nRF5/nordic/softdevice/s140_nrf52_7.3.0_API/include/nrf_soc.h:630:73: warning: unused parameter 'index' [-Wunused-parameter]
  630 | SVCALL(SD_POWER_RAM_POWER_CLR, uint32_t, sd_power_ram_power_clr(uint8_t index, uint32_t ram_powerclr));
      |                                                                 ~~~~~~~~^~~~~
/home/staszek/.platformio/packages/framework-arduinoadafruitnrf52/cores/nRF5/nordic/softdevice/s140_nrf52_7.3.0_API/include/nrf_svc.h:76:22: note: in definition of macro 'SVCALL'
   76 |   static return_type signature                          \
      |                      ^~~~~~~~~
/home/staszek/.platformio/packages/framework-arduinoadafruitnrf52/cores/nRF5/nordic/softdevice/s140_nrf52_7.3.0_API/include/nrf_soc.h:630:89: warning: unused parameter 'ram_powerclr' [-Wunused-parameter]
  630 | SVCALL(SD_POWER_RAM_POWER_CLR, uint32_t, sd_power_ram_power_clr(uint8_t index, uint32_t ram_powerclr));
      |                                                                                ~~~~~~~~~^~~~~~~~~~~~
/home/staszek/.platformio/packages/framework-arduinoadafruitnrf52/cores/nRF5/nordic/softdevice/s140_nrf52_7.3.0_API/include/nrf_svc.h:76:22: note: in definition of macro 'SVCALL'
   76 |   static return_type signature                          \
      |                      ^~~~~~~~~
/home/staszek/.platformio/packages/framework-arduinoadafruitnrf52/cores/nRF5/nordic/softdevice/s140_nrf52_7.3.0_API/include/nrf_soc.h: In function 'uint32_t sd_power_ram_power_get(uint8_t, uint32_t*)':
/home/staszek/.platformio/packages/framework-arduinoadafruitnrf52/cores/nRF5/nordic/softdevice/s140_nrf52_7.3.0_API/include/nrf_soc.h:639:73: warning: unused parameter 'index' [-Wunused-parameter]
  639 | SVCALL(SD_POWER_RAM_POWER_GET, uint32_t, sd_power_ram_power_get(uint8_t index, uint32_t * p_ram_power));
      |                                                                 ~~~~~~~~^~~~~
/home/staszek/.platformio/packages/framework-arduinoadafruitnrf52/cores/nRF5/nordic/softdevice/s140_nrf52_7.3.0_API/include/nrf_svc.h:76:22: note: in definition of macro 'SVCALL'
   76 |   static return_type signature                          \
      |                      ^~~~~~~~~
/home/staszek/.platformio/packages/framework-arduinoadafruitnrf52/cores/nRF5/nordic/softdevice/s140_nrf52_7.3.0_API/include/nrf_soc.h:639:91: warning: unused parameter 'p_ram_power' [-Wunused-parameter]
  639 | SVCALL(SD_POWER_RAM_POWER_GET, uint32_t, sd_power_ram_power_get(uint8_t index, uint32_t * p_ram_power));
      |                                                                                ~~~~~~~~~~~^~~~~~~~~~~
/home/staszek/.platformio/packages/framework-arduinoadafruitnrf52/cores/nRF5/nordic/softdevice/s140_nrf52_7.3.0_API/include/nrf_svc.h:76:22: note: in definition of macro 'SVCALL'
   76 |   static return_type signature                          \
      |                      ^~~~~~~~~
/home/staszek/.platformio/packages/framework-arduinoadafruitnrf52/cores/nRF5/nordic/softdevice/s140_nrf52_7.3.0_API/include/nrf_soc.h: In function 'uint32_t sd_power_gpregret_set(uint32_t, uint32_t)':
/home/staszek/.platformio/packages/framework-arduinoadafruitnrf52/cores/nRF5/nordic/softdevice/s140_nrf52_7.3.0_API/include/nrf_soc.h:648:72: warning: unused parameter 'gpregret_id' [-Wunused-parameter]
  648 | SVCALL(SD_POWER_GPREGRET_SET, uint32_t, sd_power_gpregret_set(uint32_t gpregret_id, uint32_t gpregret_msk));
      |                                                               ~~~~~~~~~^~~~~~~~~~~
/home/staszek/.platformio/packages/framework-arduinoadafruitnrf52/cores/nRF5/nordic/softdevice/s140_nrf52_7.3.0_API/include/nrf_svc.h:76:22: note: in definition of macro 'SVCALL'
   76 |   static return_type signature                          \
      |                      ^~~~~~~~~
/home/staszek/.platformio/packages/framework-arduinoadafruitnrf52/cores/nRF5/nordic/softdevice/s140_nrf52_7.3.0_API/include/nrf_soc.h:648:94: warning: unused parameter 'gpregret_msk' [-Wunused-parameter]
  648 | SVCALL(SD_POWER_GPREGRET_SET, uint32_t, sd_power_gpregret_set(uint32_t gpregret_id, uint32_t gpregret_msk));
      |                                                                                     ~~~~~~~~~^~~~~~~~~~~~
/home/staszek/.platformio/packages/framework-arduinoadafruitnrf52/cores/nRF5/nordic/softdevice/s140_nrf52_7.3.0_API/include/nrf_svc.h:76:22: note: in definition of macro 'SVCALL'
   76 |   static return_type signature                          \
      |                      ^~~~~~~~~
/home/staszek/.platformio/packages/framework-arduinoadafruitnrf52/cores/nRF5/nordic/softdevice/s140_nrf52_7.3.0_API/include/nrf_soc.h: In function 'uint32_t sd_power_gpregret_clr(uint32_t, uint32_t)':
/home/staszek/.platformio/packages/framework-arduinoadafruitnrf52/cores/nRF5/nordic/softdevice/s140_nrf52_7.3.0_API/include/nrf_soc.h:657:72: warning: unused parameter 'gpregret_id' [-Wunused-parameter]
  657 | SVCALL(SD_POWER_GPREGRET_CLR, uint32_t, sd_power_gpregret_clr(uint32_t gpregret_id, uint32_t gpregret_msk));
      |                                                               ~~~~~~~~~^~~~~~~~~~~
/home/staszek/.platformio/packages/framework-arduinoadafruitnrf52/cores/nRF5/nordic/softdevice/s140_nrf52_7.3.0_API/include/nrf_svc.h:76:22: note: in definition of macro 'SVCALL'
   76 |   static return_type signature                          \
      |                      ^~~~~~~~~
/home/staszek/.platformio/packages/framework-arduinoadafruitnrf52/cores/nRF5/nordic/softdevice/s140_nrf52_7.3.0_API/include/nrf_soc.h:657:94: warning: unused parameter 'gpregret_msk' [-Wunused-parameter]
  657 | SVCALL(SD_POWER_GPREGRET_CLR, uint32_t, sd_power_gpregret_clr(uint32_t gpregret_id, uint32_t gpregret_msk));
      |                                                                                     ~~~~~~~~~^~~~~~~~~~~~
/home/staszek/.platformio/packages/framework-arduinoadafruitnrf52/cores/nRF5/nordic/softdevice/s140_nrf52_7.3.0_API/include/nrf_svc.h:76:22: note: in definition of macro 'SVCALL'
   76 |   static return_type signature                          \
      |                      ^~~~~~~~~
/home/staszek/.platformio/packages/framework-arduinoadafruitnrf52/cores/nRF5/nordic/softdevice/s140_nrf52_7.3.0_API/include/nrf_soc.h: In function 'uint32_t sd_power_gpregret_get(uint32_t, uint32_t*)':
/home/staszek/.platformio/packages/framework-arduinoadafruitnrf52/cores/nRF5/nordic/softdevice/s140_nrf52_7.3.0_API/include/nrf_soc.h:666:72: warning: unused parameter 'gpregret_id' [-Wunused-parameter]
  666 | SVCALL(SD_POWER_GPREGRET_GET, uint32_t, sd_power_gpregret_get(uint32_t gpregret_id, uint32_t *p_gpregret));
      |                                                               ~~~~~~~~~^~~~~~~~~~~
/home/staszek/.platformio/packages/framework-arduinoadafruitnrf52/cores/nRF5/nordic/softdevice/s140_nrf52_7.3.0_API/include/nrf_svc.h:76:22: note: in definition of macro 'SVCALL'
   76 |   static return_type signature                          \
      |                      ^~~~~~~~~
/home/staszek/.platformio/packages/framework-arduinoadafruitnrf52/cores/nRF5/nordic/softdevice/s140_nrf52_7.3.0_API/include/nrf_soc.h:666:95: warning: unused parameter 'p_gpregret' [-Wunused-parameter]
  666 | SVCALL(SD_POWER_GPREGRET_GET, uint32_t, sd_power_gpregret_get(uint32_t gpregret_id, uint32_t *p_gpregret));
      |                                                                                     ~~~~~~~~~~^~~~~~~~~~
/home/staszek/.platformio/packages/framework-arduinoadafruitnrf52/cores/nRF5/nordic/softdevice/s140_nrf52_7.3.0_API/include/nrf_svc.h:76:22: note: in definition of macro 'SVCALL'
   76 |   static return_type signature                          \
      |                      ^~~~~~~~~
/home/staszek/.platformio/packages/framework-arduinoadafruitnrf52/cores/nRF5/nordic/softdevice/s140_nrf52_7.3.0_API/include/nrf_soc.h: In function 'uint32_t sd_power_dcdc_mode_set(uint8_t)':
/home/staszek/.platformio/packages/framework-arduinoadafruitnrf52/cores/nRF5/nordic/softdevice/s140_nrf52_7.3.0_API/include/nrf_soc.h:675:73: warning: unused parameter 'dcdc_mode' [-Wunused-parameter]
  675 | SVCALL(SD_POWER_DCDC_MODE_SET, uint32_t, sd_power_dcdc_mode_set(uint8_t dcdc_mode));
      |                                                                 ~~~~~~~~^~~~~~~~~
/home/staszek/.platformio/packages/framework-arduinoadafruitnrf52/cores/nRF5/nordic/softdevice/s140_nrf52_7.3.0_API/include/nrf_svc.h:76:22: note: in definition of macro 'SVCALL'
   76 |   static return_type signature                          \
      |                      ^~~~~~~~~
/home/staszek/.platformio/packages/framework-arduinoadafruitnrf52/cores/nRF5/nordic/softdevice/s140_nrf52_7.3.0_API/include/nrf_soc.h: In function 'uint32_t sd_power_dcdc0_mode_set(uint8_t)':
/home/staszek/.platformio/packages/framework-arduinoadafruitnrf52/cores/nRF5/nordic/softdevice/s140_nrf52_7.3.0_API/include/nrf_soc.h:686:75: warning: unused parameter 'dcdc_mode' [-Wunused-parameter]
  686 | SVCALL(SD_POWER_DCDC0_MODE_SET, uint32_t, sd_power_dcdc0_mode_set(uint8_t dcdc_mode));
      |                                                                   ~~~~~~~~^~~~~~~~~
/home/staszek/.platformio/packages/framework-arduinoadafruitnrf52/cores/nRF5/nordic/softdevice/s140_nrf52_7.3.0_API/include/nrf_svc.h:76:22: note: in definition of macro 'SVCALL'
   76 |   static return_type signature                          \
      |                      ^~~~~~~~~
/home/staszek/.platformio/packages/framework-arduinoadafruitnrf52/cores/nRF5/nordic/softdevice/s140_nrf52_7.3.0_API/include/nrf_soc.h: In function 'uint32_t sd_clock_hfclk_is_running(uint32_t*)':
/home/staszek/.platformio/packages/framework-arduinoadafruitnrf52/cores/nRF5/nordic/softdevice/s140_nrf52_7.3.0_API/include/nrf_soc.h:720:82: warning: unused parameter 'p_is_running' [-Wunused-parameter]
  720 | SVCALL(SD_CLOCK_HFCLK_IS_RUNNING, uint32_t, sd_clock_hfclk_is_running(uint32_t * p_is_running));
      |                                                                       ~~~~~~~~~~~^~~~~~~~~~~~
/home/staszek/.platformio/packages/framework-arduinoadafruitnrf52/cores/nRF5/nordic/softdevice/s140_nrf52_7.3.0_API/include/nrf_svc.h:76:22: note: in definition of macro 'SVCALL'
   76 |   static return_type signature                          \
      |                      ^~~~~~~~~
/home/staszek/.platformio/packages/framework-arduinoadafruitnrf52/cores/nRF5/nordic/softdevice/s140_nrf52_7.3.0_API/include/nrf_soc.h: In function 'uint32_t sd_ppi_channel_enable_get(uint32_t*)':
/home/staszek/.platformio/packages/framework-arduinoadafruitnrf52/cores/nRF5/nordic/softdevice/s140_nrf52_7.3.0_API/include/nrf_soc.h:756:82: warning: unused parameter 'p_channel_enable' [-Wunused-parameter]
  756 | SVCALL(SD_PPI_CHANNEL_ENABLE_GET, uint32_t, sd_ppi_channel_enable_get(uint32_t * p_channel_enable));
      |                                                                       ~~~~~~~~~~~^~~~~~~~~~~~~~~~
/home/staszek/.platformio/packages/framework-arduinoadafruitnrf52/cores/nRF5/nordic/softdevice/s140_nrf52_7.3.0_API/include/nrf_svc.h:76:22: note: in definition of macro 'SVCALL'
   76 |   static return_type signature                          \
      |                      ^~~~~~~~~
/home/staszek/.platformio/packages/framework-arduinoadafruitnrf52/cores/nRF5/nordic/softdevice/s140_nrf52_7.3.0_API/include/nrf_soc.h: In function 'uint32_t sd_ppi_channel_enable_set(uint32_t)':
/home/staszek/.platformio/packages/framework-arduinoadafruitnrf52/cores/nRF5/nordic/softdevice/s140_nrf52_7.3.0_API/include/nrf_soc.h:764:80: warning: unused parameter 'channel_enable_set_msk' [-Wunused-parameter]
  764 | SVCALL(SD_PPI_CHANNEL_ENABLE_SET, uint32_t, sd_ppi_channel_enable_set(uint32_t channel_enable_set_msk));
      |                                                                       ~~~~~~~~~^~~~~~~~~~~~~~~~~~~~~~
/home/staszek/.platformio/packages/framework-arduinoadafruitnrf52/cores/nRF5/nordic/softdevice/s140_nrf52_7.3.0_API/include/nrf_svc.h:76:22: note: in definition of macro 'SVCALL'
   76 |   static return_type signature                          \
      |                      ^~~~~~~~~
/home/staszek/.platformio/packages/framework-arduinoadafruitnrf52/cores/nRF5/nordic/softdevice/s140_nrf52_7.3.0_API/include/nrf_soc.h: In function 'uint32_t sd_ppi_channel_enable_clr(uint32_t)':
/home/staszek/.platformio/packages/framework-arduinoadafruitnrf52/cores/nRF5/nordic/softdevice/s140_nrf52_7.3.0_API/include/nrf_soc.h:772:80: warning: unused parameter 'channel_enable_clr_msk' [-Wunused-parameter]
  772 | SVCALL(SD_PPI_CHANNEL_ENABLE_CLR, uint32_t, sd_ppi_channel_enable_clr(uint32_t channel_enable_clr_msk));
      |                                                                       ~~~~~~~~~^~~~~~~~~~~~~~~~~~~~~~
/home/staszek/.platformio/packages/framework-arduinoadafruitnrf52/cores/nRF5/nordic/softdevice/s140_nrf52_7.3.0_API/include/nrf_svc.h:76:22: note: in definition of macro 'SVCALL'
   76 |   static return_type signature                          \
      |                      ^~~~~~~~~
/home/staszek/.platformio/packages/framework-arduinoadafruitnrf52/cores/nRF5/nordic/softdevice/s140_nrf52_7.3.0_API/include/nrf_soc.h: In function 'uint32_t sd_ppi_channel_assign(uint8_t, const volatile void*, const volatile void*)':
/home/staszek/.platformio/packages/framework-arduinoadafruitnrf52/cores/nRF5/nordic/softdevice/s140_nrf52_7.3.0_API/include/nrf_soc.h:783:71: warning: unused parameter 'channel_num' [-Wunused-parameter]
  783 | SVCALL(SD_PPI_CHANNEL_ASSIGN, uint32_t, sd_ppi_channel_assign(uint8_t channel_num, const volatile void * evt_endpoint, const volatile void * task_endpoint));
      |                                                               ~~~~~~~~^~~~~~~~~~~
/home/staszek/.platformio/packages/framework-arduinoadafruitnrf52/cores/nRF5/nordic/softdevice/s140_nrf52_7.3.0_API/include/nrf_svc.h:76:22: note: in definition of macro 'SVCALL'
   76 |   static return_type signature                          \
      |                      ^~~~~~~~~
/home/staszek/.platformio/packages/framework-arduinoadafruitnrf52/cores/nRF5/nordic/softdevice/s140_nrf52_7.3.0_API/include/nrf_soc.h:783:106: warning: unused parameter 'evt_endpoint' [-Wunused-parameter]
  783 | SVCALL(SD_PPI_CHANNEL_ASSIGN, uint32_t, sd_ppi_channel_assign(uint8_t channel_num, const volatile void * evt_endpoint, const volatile void * task_endpoint));
      |                                                                                    ~~~~~~~~~~~~~~~~~~~~~~^~~~~~~~~~~~
/home/staszek/.platformio/packages/framework-arduinoadafruitnrf52/cores/nRF5/nordic/softdevice/s140_nrf52_7.3.0_API/include/nrf_svc.h:76:22: note: in definition of macro 'SVCALL'
   76 |   static return_type signature                          \
      |                      ^~~~~~~~~
/home/staszek/.platformio/packages/framework-arduinoadafruitnrf52/cores/nRF5/nordic/softdevice/s140_nrf52_7.3.0_API/include/nrf_soc.h:783:142: warning: unused parameter 'task_endpoint' [-Wunused-parameter]
  783 | SVCALL(SD_PPI_CHANNEL_ASSIGN, uint32_t, sd_ppi_channel_assign(uint8_t channel_num, const volatile void * evt_endpoint, const volatile void * task_endpoint));
      |                                                                                                                        ~~~~~~~~~~~~~~~~~~~~~~^~~~~~~~~~~~~
/home/staszek/.platformio/packages/framework-arduinoadafruitnrf52/cores/nRF5/nordic/softdevice/s140_nrf52_7.3.0_API/include/nrf_svc.h:76:22: note: in definition of macro 'SVCALL'
   76 |   static return_type signature                          \
      |                      ^~~~~~~~~
/home/staszek/.platformio/packages/framework-arduinoadafruitnrf52/cores/nRF5/nordic/softdevice/s140_nrf52_7.3.0_API/include/nrf_soc.h: In function 'uint32_t sd_ppi_group_task_enable(uint8_t)':
/home/staszek/.platformio/packages/framework-arduinoadafruitnrf52/cores/nRF5/nordic/softdevice/s140_nrf52_7.3.0_API/include/nrf_soc.h:792:77: warning: unused parameter 'group_num' [-Wunused-parameter]
  792 | SVCALL(SD_PPI_GROUP_TASK_ENABLE, uint32_t, sd_ppi_group_task_enable(uint8_t group_num));
      |                                                                     ~~~~~~~~^~~~~~~~~
/home/staszek/.platformio/packages/framework-arduinoadafruitnrf52/cores/nRF5/nordic/softdevice/s140_nrf52_7.3.0_API/include/nrf_svc.h:76:22: note: in definition of macro 'SVCALL'
   76 |   static return_type signature                          \
      |                      ^~~~~~~~~
/home/staszek/.platformio/packages/framework-arduinoadafruitnrf52/cores/nRF5/nordic/softdevice/s140_nrf52_7.3.0_API/include/nrf_soc.h: In function 'uint32_t sd_ppi_group_task_disable(uint8_t)':
/home/staszek/.platformio/packages/framework-arduinoadafruitnrf52/cores/nRF5/nordic/softdevice/s140_nrf52_7.3.0_API/include/nrf_soc.h:801:79: warning: unused parameter 'group_num' [-Wunused-parameter]
  801 | SVCALL(SD_PPI_GROUP_TASK_DISABLE, uint32_t, sd_ppi_group_task_disable(uint8_t group_num));
      |                                                                       ~~~~~~~~^~~~~~~~~
/home/staszek/.platformio/packages/framework-arduinoadafruitnrf52/cores/nRF5/nordic/softdevice/s140_nrf52_7.3.0_API/include/nrf_svc.h:76:22: note: in definition of macro 'SVCALL'
   76 |   static return_type signature                          \
      |                      ^~~~~~~~~
/home/staszek/.platformio/packages/framework-arduinoadafruitnrf52/cores/nRF5/nordic/softdevice/s140_nrf52_7.3.0_API/include/nrf_soc.h: In function 'uint32_t sd_ppi_group_assign(uint8_t, uint32_t)':
/home/staszek/.platformio/packages/framework-arduinoadafruitnrf52/cores/nRF5/nordic/softdevice/s140_nrf52_7.3.0_API/include/nrf_soc.h:811:67: warning: unused parameter 'group_num' [-Wunused-parameter]
  811 | SVCALL(SD_PPI_GROUP_ASSIGN, uint32_t, sd_ppi_group_assign(uint8_t group_num, uint32_t channel_msk));
      |                                                           ~~~~~~~~^~~~~~~~~
/home/staszek/.platformio/packages/framework-arduinoadafruitnrf52/cores/nRF5/nordic/softdevice/s140_nrf52_7.3.0_API/include/nrf_svc.h:76:22: note: in definition of macro 'SVCALL'
   76 |   static return_type signature                          \
      |                      ^~~~~~~~~
/home/staszek/.platformio/packages/framework-arduinoadafruitnrf52/cores/nRF5/nordic/softdevice/s140_nrf52_7.3.0_API/include/nrf_soc.h:811:87: warning: unused parameter 'channel_msk' [-Wunused-parameter]
  811 | SVCALL(SD_PPI_GROUP_ASSIGN, uint32_t, sd_ppi_group_assign(uint8_t group_num, uint32_t channel_msk));
      |                                                                              ~~~~~~~~~^~~~~~~~~~~
/home/staszek/.platformio/packages/framework-arduinoadafruitnrf52/cores/nRF5/nordic/softdevice/s140_nrf52_7.3.0_API/include/nrf_svc.h:76:22: note: in definition of macro 'SVCALL'
   76 |   static return_type signature                          \
      |                      ^~~~~~~~~
/home/staszek/.platformio/packages/framework-arduinoadafruitnrf52/cores/nRF5/nordic/softdevice/s140_nrf52_7.3.0_API/include/nrf_soc.h: In function 'uint32_t sd_ppi_group_get(uint8_t, uint32_t*)':
/home/staszek/.platformio/packages/framework-arduinoadafruitnrf52/cores/nRF5/nordic/softdevice/s140_nrf52_7.3.0_API/include/nrf_soc.h:821:61: warning: unused parameter 'group_num' [-Wunused-parameter]
  821 | SVCALL(SD_PPI_GROUP_GET, uint32_t, sd_ppi_group_get(uint8_t group_num, uint32_t * p_channel_msk));
      |                                                     ~~~~~~~~^~~~~~~~~
/home/staszek/.platformio/packages/framework-arduinoadafruitnrf52/cores/nRF5/nordic/softdevice/s140_nrf52_7.3.0_API/include/nrf_svc.h:76:22: note: in definition of macro 'SVCALL'
   76 |   static return_type signature                          \
      |                      ^~~~~~~~~
/home/staszek/.platformio/packages/framework-arduinoadafruitnrf52/cores/nRF5/nordic/softdevice/s140_nrf52_7.3.0_API/include/nrf_soc.h:821:83: warning: unused parameter 'p_channel_msk' [-Wunused-parameter]
  821 | SVCALL(SD_PPI_GROUP_GET, uint32_t, sd_ppi_group_get(uint8_t group_num, uint32_t * p_channel_msk));
      |                                                                        ~~~~~~~~~~~^~~~~~~~~~~~~
/home/staszek/.platformio/packages/framework-arduinoadafruitnrf52/cores/nRF5/nordic/softdevice/s140_nrf52_7.3.0_API/include/nrf_svc.h:76:22: note: in definition of macro 'SVCALL'
   76 |   static return_type signature                          \
      |                      ^~~~~~~~~
/home/staszek/.platformio/packages/framework-arduinoadafruitnrf52/cores/nRF5/nordic/softdevice/s140_nrf52_7.3.0_API/include/nrf_soc.h: In function 'uint32_t sd_radio_notification_cfg_set(uint8_t, uint8_t)':
/home/staszek/.platformio/packages/framework-arduinoadafruitnrf52/cores/nRF5/nordic/softdevice/s140_nrf52_7.3.0_API/include/nrf_soc.h:852:87: warning: unused parameter 'type' [-Wunused-parameter]
  852 | SVCALL(SD_RADIO_NOTIFICATION_CFG_SET, uint32_t, sd_radio_notification_cfg_set(uint8_t type, uint8_t distance));
      |                                                                               ~~~~~~~~^~~~
/home/staszek/.platformio/packages/framework-arduinoadafruitnrf52/cores/nRF5/nordic/softdevice/s140_nrf52_7.3.0_API/include/nrf_svc.h:76:22: note: in definition of macro 'SVCALL'
   76 |   static return_type signature                          \
      |                      ^~~~~~~~~
/home/staszek/.platformio/packages/framework-arduinoadafruitnrf52/cores/nRF5/nordic/softdevice/s140_nrf52_7.3.0_API/include/nrf_soc.h:852:101: warning: unused parameter 'distance' [-Wunused-parameter]
  852 | SVCALL(SD_RADIO_NOTIFICATION_CFG_SET, uint32_t, sd_radio_notification_cfg_set(uint8_t type, uint8_t distance));
      |                                                                                             ~~~~~~~~^~~~~~~~
/home/staszek/.platformio/packages/framework-arduinoadafruitnrf52/cores/nRF5/nordic/softdevice/s140_nrf52_7.3.0_API/include/nrf_svc.h:76:22: note: in definition of macro 'SVCALL'
   76 |   static return_type signature                          \
      |                      ^~~~~~~~~
/home/staszek/.platformio/packages/framework-arduinoadafruitnrf52/cores/nRF5/nordic/softdevice/s140_nrf52_7.3.0_API/include/nrf_soc.h: In function 'uint32_t sd_ecb_block_encrypt(nrf_ecb_hal_data_t*)':
/home/staszek/.platformio/packages/framework-arduinoadafruitnrf52/cores/nRF5/nordic/softdevice/s140_nrf52_7.3.0_API/include/nrf_soc.h:868:82: warning: unused parameter 'p_ecb_data' [-Wunused-parameter]
  868 | SVCALL(SD_ECB_BLOCK_ENCRYPT, uint32_t, sd_ecb_block_encrypt(nrf_ecb_hal_data_t * p_ecb_data));
      |                                                             ~~~~~~~~~~~~~~~~~~~~~^~~~~~~~~~
/home/staszek/.platformio/packages/framework-arduinoadafruitnrf52/cores/nRF5/nordic/softdevice/s140_nrf52_7.3.0_API/include/nrf_svc.h:76:22: note: in definition of macro 'SVCALL'
   76 |   static return_type signature                          \
      |                      ^~~~~~~~~
/home/staszek/.platformio/packages/framework-arduinoadafruitnrf52/cores/nRF5/nordic/softdevice/s140_nrf52_7.3.0_API/include/nrf_soc.h: In function 'uint32_t sd_ecb_blocks_encrypt(uint8_t, nrf_ecb_hal_data_block_t*)':
/home/staszek/.platformio/packages/framework-arduinoadafruitnrf52/cores/nRF5/nordic/softdevice/s140_nrf52_7.3.0_API/include/nrf_soc.h:885:71: warning: unused parameter 'block_count' [-Wunused-parameter]
  885 | SVCALL(SD_ECB_BLOCKS_ENCRYPT, uint32_t, sd_ecb_blocks_encrypt(uint8_t block_count, nrf_ecb_hal_data_block_t * p_data_blocks));
      |                                                               ~~~~~~~~^~~~~~~~~~~
/home/staszek/.platformio/packages/framework-arduinoadafruitnrf52/cores/nRF5/nordic/softdevice/s140_nrf52_7.3.0_API/include/nrf_svc.h:76:22: note: in definition of macro 'SVCALL'
   76 |   static return_type signature                          \
      |                      ^~~~~~~~~
/home/staszek/.platformio/packages/framework-arduinoadafruitnrf52/cores/nRF5/nordic/softdevice/s140_nrf52_7.3.0_API/include/nrf_soc.h:885:111: warning: unused parameter 'p_data_blocks' [-Wunused-parameter]
  885 | SVCALL(SD_ECB_BLOCKS_ENCRYPT, uint32_t, sd_ecb_blocks_encrypt(uint8_t block_count, nrf_ecb_hal_data_block_t * p_data_blocks));
      |                                                                                    ~~~~~~~~~~~~~~~~~~~~~~~~~~~^~~~~~~~~~~~~
/home/staszek/.platformio/packages/framework-arduinoadafruitnrf52/cores/nRF5/nordic/softdevice/s140_nrf52_7.3.0_API/include/nrf_svc.h:76:22: note: in definition of macro 'SVCALL'
   76 |   static return_type signature                          \
      |                      ^~~~~~~~~
/home/staszek/.platformio/packages/framework-arduinoadafruitnrf52/cores/nRF5/nordic/softdevice/s140_nrf52_7.3.0_API/include/nrf_soc.h: In function 'uint32_t sd_evt_get(uint32_t*)':
/home/staszek/.platformio/packages/framework-arduinoadafruitnrf52/cores/nRF5/nordic/softdevice/s140_nrf52_7.3.0_API/include/nrf_soc.h:896:52: warning: unused parameter 'p_evt_id' [-Wunused-parameter]
  896 | SVCALL(SD_EVT_GET, uint32_t, sd_evt_get(uint32_t * p_evt_id));
      |                                         ~~~~~~~~~~~^~~~~~~~
/home/staszek/.platformio/packages/framework-arduinoadafruitnrf52/cores/nRF5/nordic/softdevice/s140_nrf52_7.3.0_API/include/nrf_svc.h:76:22: note: in definition of macro 'SVCALL'
   76 |   static return_type signature                          \
      |                      ^~~~~~~~~
/home/staszek/.platformio/packages/framework-arduinoadafruitnrf52/cores/nRF5/nordic/softdevice/s140_nrf52_7.3.0_API/include/nrf_soc.h: In function 'uint32_t sd_temp_get(int32_t*)':
/home/staszek/.platformio/packages/framework-arduinoadafruitnrf52/cores/nRF5/nordic/softdevice/s140_nrf52_7.3.0_API/include/nrf_soc.h:907:53: warning: unused parameter 'p_temp' [-Wunused-parameter]
  907 | SVCALL(SD_TEMP_GET, uint32_t, sd_temp_get(int32_t * p_temp));
      |                                           ~~~~~~~~~~^~~~~~
/home/staszek/.platformio/packages/framework-arduinoadafruitnrf52/cores/nRF5/nordic/softdevice/s140_nrf52_7.3.0_API/include/nrf_svc.h:76:22: note: in definition of macro 'SVCALL'
   76 |   static return_type signature                          \
      |                      ^~~~~~~~~
/home/staszek/.platformio/packages/framework-arduinoadafruitnrf52/cores/nRF5/nordic/softdevice/s140_nrf52_7.3.0_API/include/nrf_soc.h: In function 'uint32_t sd_flash_write(uint32_t*, const uint32_t*, uint32_t)':
/home/staszek/.platformio/packages/framework-arduinoadafruitnrf52/cores/nRF5/nordic/softdevice/s140_nrf52_7.3.0_API/include/nrf_soc.h:944:60: warning: unused parameter 'p_dst' [-Wunused-parameter]
  944 | SVCALL(SD_FLASH_WRITE, uint32_t, sd_flash_write(uint32_t * p_dst, uint32_t const * p_src, uint32_t size));
      |                                                 ~~~~~~~~~~~^~~~~
/home/staszek/.platformio/packages/framework-arduinoadafruitnrf52/cores/nRF5/nordic/softdevice/s140_nrf52_7.3.0_API/include/nrf_svc.h:76:22: note: in definition of macro 'SVCALL'
   76 |   static return_type signature                          \
      |                      ^~~~~~~~~
/home/staszek/.platformio/packages/framework-arduinoadafruitnrf52/cores/nRF5/nordic/softdevice/s140_nrf52_7.3.0_API/include/nrf_soc.h:944:84: warning: unused parameter 'p_src' [-Wunused-parameter]
  944 | SVCALL(SD_FLASH_WRITE, uint32_t, sd_flash_write(uint32_t * p_dst, uint32_t const * p_src, uint32_t size));
      |                                                                   ~~~~~~~~~~~~~~~~~^~~~~
/home/staszek/.platformio/packages/framework-arduinoadafruitnrf52/cores/nRF5/nordic/softdevice/s140_nrf52_7.3.0_API/include/nrf_svc.h:76:22: note: in definition of macro 'SVCALL'
   76 |   static return_type signature                          \
      |                      ^~~~~~~~~
/home/staszek/.platformio/packages/framework-arduinoadafruitnrf52/cores/nRF5/nordic/softdevice/s140_nrf52_7.3.0_API/include/nrf_soc.h:944:100: warning: unused parameter 'size' [-Wunused-parameter]
  944 | SVCALL(SD_FLASH_WRITE, uint32_t, sd_flash_write(uint32_t * p_dst, uint32_t const * p_src, uint32_t size));
      |                                                                                           ~~~~~~~~~^~~~
/home/staszek/.platformio/packages/framework-arduinoadafruitnrf52/cores/nRF5/nordic/softdevice/s140_nrf52_7.3.0_API/include/nrf_svc.h:76:22: note: in definition of macro 'SVCALL'
   76 |   static return_type signature                          \
      |                      ^~~~~~~~~
/home/staszek/.platformio/packages/framework-arduinoadafruitnrf52/cores/nRF5/nordic/softdevice/s140_nrf52_7.3.0_API/include/nrf_soc.h: In function 'uint32_t sd_flash_page_erase(uint32_t)':
/home/staszek/.platformio/packages/framework-arduinoadafruitnrf52/cores/nRF5/nordic/softdevice/s140_nrf52_7.3.0_API/include/nrf_soc.h:976:68: warning: unused parameter 'page_number' [-Wunused-parameter]
  976 | SVCALL(SD_FLASH_PAGE_ERASE, uint32_t, sd_flash_page_erase(uint32_t page_number));
      |                                                           ~~~~~~~~~^~~~~~~~~~~
/home/staszek/.platformio/packages/framework-arduinoadafruitnrf52/cores/nRF5/nordic/softdevice/s140_nrf52_7.3.0_API/include/nrf_svc.h:76:22: note: in definition of macro 'SVCALL'
   76 |   static return_type signature                          \
      |                      ^~~~~~~~~
/home/staszek/.platformio/packages/framework-arduinoadafruitnrf52/cores/nRF5/nordic/softdevice/s140_nrf52_7.3.0_API/include/nrf_soc.h: In function 'uint32_t sd_radio_session_open(nrf_radio_signal_callback_t)':
/home/staszek/.platformio/packages/framework-arduinoadafruitnrf52/cores/nRF5/nordic/softdevice/s140_nrf52_7.3.0_API/include/nrf_soc.h:1000:92: warning: unused parameter 'p_radio_signal_callback' [-Wunused-parameter]
 1000 |  SVCALL(SD_RADIO_SESSION_OPEN, uint32_t, sd_radio_session_open(nrf_radio_signal_callback_t p_radio_signal_callback));
      |                                                                ~~~~~~~~~~~~~~~~~~~~~~~~~~~~^~~~~~~~~~~~~~~~~~~~~~~
/home/staszek/.platformio/packages/framework-arduinoadafruitnrf52/cores/nRF5/nordic/softdevice/s140_nrf52_7.3.0_API/include/nrf_svc.h:76:22: note: in definition of macro 'SVCALL'
   76 |   static return_type signature                          \
      |                      ^~~~~~~~~
/home/staszek/.platformio/packages/framework-arduinoadafruitnrf52/cores/nRF5/nordic/softdevice/s140_nrf52_7.3.0_API/include/nrf_soc.h: In function 'uint32_t sd_radio_request(const nrf_radio_request_t*)':
/home/staszek/.platformio/packages/framework-arduinoadafruitnrf52/cores/nRF5/nordic/softdevice/s140_nrf52_7.3.0_API/include/nrf_soc.h:1050:82: warning: unused parameter 'p_request' [-Wunused-parameter]
 1050 |  SVCALL(SD_RADIO_REQUEST, uint32_t, sd_radio_request(nrf_radio_request_t const * p_request));
      |                                                      ~~~~~~~~~~~~~~~~~~~~~~~~~~~~^~~~~~~~~
/home/staszek/.platformio/packages/framework-arduinoadafruitnrf52/cores/nRF5/nordic/softdevice/s140_nrf52_7.3.0_API/include/nrf_svc.h:76:22: note: in definition of macro 'SVCALL'
   76 |   static return_type signature                          \
      |                      ^~~~~~~~~
/home/staszek/.platformio/packages/framework-arduinoadafruitnrf52/cores/nRF5/nordic/softdevice/s140_nrf52_7.3.0_API/include/nrf_soc.h: In function 'uint32_t sd_protected_register_write(volatile uint32_t*, uint32_t)':
/home/staszek/.platformio/packages/framework-arduinoadafruitnrf52/cores/nRF5/nordic/softdevice/s140_nrf52_7.3.0_API/include/nrf_soc.h:1071:95: warning: unused parameter 'p_register' [-Wunused-parameter]
 1071 | SVCALL(SD_PROTECTED_REGISTER_WRITE, uint32_t, sd_protected_register_write(volatile uint32_t * p_register, uint32_t value));
      |                                                                           ~~~~~~~~~~~~~~~~~~~~^~~~~~~~~~
/home/staszek/.platformio/packages/framework-arduinoadafruitnrf52/cores/nRF5/nordic/softdevice/s140_nrf52_7.3.0_API/include/nrf_svc.h:76:22: note: in definition of macro 'SVCALL'
   76 |   static return_type signature                          \
      |                      ^~~~~~~~~
/home/staszek/.platformio/packages/framework-arduinoadafruitnrf52/cores/nRF5/nordic/softdevice/s140_nrf52_7.3.0_API/include/nrf_soc.h:1071:116: warning: unused parameter 'value' [-Wunused-parameter]
 1071 | SVCALL(SD_PROTECTED_REGISTER_WRITE, uint32_t, sd_protected_register_write(volatile uint32_t * p_register, uint32_t value));
      |                                                                                                           ~~~~~~~~~^~~~~
/home/staszek/.platformio/packages/framework-arduinoadafruitnrf52/cores/nRF5/nordic/softdevice/s140_nrf52_7.3.0_API/include/nrf_svc.h:76:22: note: in definition of macro 'SVCALL'
   76 |   static return_type signature                          \
      |                      ^~~~~~~~~
/home/staszek/.platformio/packages/framework-arduinoadafruitnrf52/cores/nRF5/nordic/softdevice/s140_nrf52_7.3.0_API/include/nrf_sdm.h: In function 'uint32_t sd_softdevice_enable(const nrf_clock_lf_cfg_t*, nrf_fault_handler_t)':
/home/staszek/.platformio/packages/framework-arduinoadafruitnrf52/cores/nRF5/nordic/softdevice/s140_nrf52_7.3.0_API/include/nrf_sdm.h:326:88: warning: unused parameter 'p_clock_lf_cfg' [-Wunused-parameter]
  326 | SVCALL(SD_SOFTDEVICE_ENABLE, uint32_t, sd_softdevice_enable(nrf_clock_lf_cfg_t const * p_clock_lf_cfg, nrf_fault_handler_t fault_handler));
      |                                                             ~~~~~~~~~~~~~~~~~~~~~~~~~~~^~~~~~~~~~~~~~
/home/staszek/.platformio/packages/framework-arduinoadafruitnrf52/cores/nRF5/nordic/softdevice/s140_nrf52_7.3.0_API/include/nrf_svc.h:76:22: note: in definition of macro 'SVCALL'
   76 |   static return_type signature                          \
      |                      ^~~~~~~~~
/home/staszek/.platformio/packages/framework-arduinoadafruitnrf52/cores/nRF5/nordic/softdevice/s140_nrf52_7.3.0_API/include/nrf_sdm.h:326:124: warning: unused parameter 'fault_handler' [-Wunused-parameter]
  326 | SVCALL(SD_SOFTDEVICE_ENABLE, uint32_t, sd_softdevice_enable(nrf_clock_lf_cfg_t const * p_clock_lf_cfg, nrf_fault_handler_t fault_handler));
      |                                                                                                        ~~~~~~~~~~~~~~~~~~~~^~~~~~~~~~~~~
/home/staszek/.platformio/packages/framework-arduinoadafruitnrf52/cores/nRF5/nordic/softdevice/s140_nrf52_7.3.0_API/include/nrf_svc.h:76:22: note: in definition of macro 'SVCALL'
   76 |   static return_type signature                          \
      |                      ^~~~~~~~~
/home/staszek/.platformio/packages/framework-arduinoadafruitnrf52/cores/nRF5/nordic/softdevice/s140_nrf52_7.3.0_API/include/nrf_sdm.h: In function 'uint32_t sd_softdevice_is_enabled(uint8_t*)':
/home/staszek/.platformio/packages/framework-arduinoadafruitnrf52/cores/nRF5/nordic/softdevice/s140_nrf52_7.3.0_API/include/nrf_sdm.h:350:79: warning: unused parameter 'p_softdevice_enabled' [-Wunused-parameter]
  350 | SVCALL(SD_SOFTDEVICE_IS_ENABLED, uint32_t, sd_softdevice_is_enabled(uint8_t * p_softdevice_enabled));
      |                                                                     ~~~~~~~~~~^~~~~~~~~~~~~~~~~~~~
/home/staszek/.platformio/packages/framework-arduinoadafruitnrf52/cores/nRF5/nordic/softdevice/s140_nrf52_7.3.0_API/include/nrf_svc.h:76:22: note: in definition of macro 'SVCALL'
   76 |   static return_type signature                          \
      |                      ^~~~~~~~~
/home/staszek/.platformio/packages/framework-arduinoadafruitnrf52/cores/nRF5/nordic/softdevice/s140_nrf52_7.3.0_API/include/nrf_sdm.h: In function 'uint32_t sd_softdevice_vector_table_base_set(uint32_t)':
/home/staszek/.platformio/packages/framework-arduinoadafruitnrf52/cores/nRF5/nordic/softdevice/s140_nrf52_7.3.0_API/include/nrf_sdm.h:360:100: warning: unused parameter 'address' [-Wunused-parameter]
  360 | SVCALL(SD_SOFTDEVICE_VECTOR_TABLE_BASE_SET, uint32_t, sd_softdevice_vector_table_base_set(uint32_t address));
      |                                                                                           ~~~~~~~~~^~~~~~~
/home/staszek/.platformio/packages/framework-arduinoadafruitnrf52/cores/nRF5/nordic/softdevice/s140_nrf52_7.3.0_API/include/nrf_svc.h:76:22: note: in definition of macro 'SVCALL'
   76 |   static return_type signature                          \
      |                      ^~~~~~~~~
In file included from src/fw_context.h:24:
lib/hal/device_radio.h: In member function 'virtual bool meshroute::Sx1262Radio::poll_rx(uint8_t*, size_t, size_t&, float&, float&)':
lib/hal/device_radio.h:342:42: warning: '++' expression of 'volatile'-qualified type is deprecated [-Wvolatile]
  342 |         if (st != RADIOLIB_ERR_NONE) { ++g_rxbad_count; if (g_mr_trace_on) { Serial.print(F("[rxbad st=")); Serial.print(st); Serial.print(F(" t=")); Serial.print(millis()); Serial.println(F("]")); } return false; }   // count the CRC-storm event ALWAYS; the per-event print is GATED behind `debug on` (don't flood Serial when the radio is busiest)
      |                                          ^~~~~~~~~~~~~
src/firmware_config.cpp: In function 'void mrfw::handle_create(const char*, Print&)':
src/firmware_config.cpp:1199:5: warning: this 'if' clause does not guard... [-Wmisleading-indentation]
 1199 |     if (af <= 0.0f) af = 0.125f; if (af > 1.0f) af = 1.0f;                    // clamp; 0/absent -> the default
      |     ^~
src/firmware_config.cpp:1199:34: note: ...this statement, but the latter is misleadingly indented as if it were guarded by the 'if'
 1199 |     if (af <= 0.0f) af = 0.125f; if (af > 1.0f) af = 1.0f;                    // clamp; 0/absent -> the default
      |                                  ^~
src/firmware_config.cpp:1200:5: warning: this 'if' clause does not guard... [-Wmisleading-indentation]
 1200 |     if (chi < 1) chi = meshroute::protocol::channel_min_interval_ms; if (dmi < 1) dmi = meshroute::protocol::dm_min_interval_ms;
      |     ^~
src/firmware_config.cpp:1200:70: note: ...this statement, but the latter is misleadingly indented as if it were guarded by the 'if'
 1200 |     if (chi < 1) chi = meshroute::protocol::channel_min_interval_ms; if (dmi < 1) dmi = meshroute::protocol::dm_min_interval_ms;
      |                                                                      ^~
src/firmware_config.cpp:1207:9: warning: this 'for' clause does not guard... [-Wmisleading-indentation]
 1207 |         for (uint8_t i = 0; i < nlen; ++i) b.leaf_name[i] = (uint8_t)nm[i]; b.leaf_name_len = nlen;
      |         ^~~
src/firmware_config.cpp:1207:77: note: ...this statement, but the latter is misleadingly indented as if it were guarded by the 'for'
 1207 |         for (uint8_t i = 0; i < nlen; ++i) b.leaf_name[i] = (uint8_t)nm[i]; b.leaf_name_len = nlen;
      |                                                                             ^
src/firmware_config.cpp: In function 'void mrfw::handle_mobile(const char*, Print&)':
src/firmware_config.cpp:2352:13: warning: this 'if' clause does not guard... [-Wmisleading-indentation]
 2352 |             if (m) out.write(s_inbox_jb, m); ++gws;
      |             ^~
src/firmware_config.cpp:2352:46: note: ...this statement, but the latter is misleadingly indented as if it were guarded by the 'if'
 2352 |             if (m) out.write(s_inbox_jb, m); ++gws;
      |                                              ^~
Compiling .pio/build/xiao_mobile/src/firmware_inbox.cpp.o
In file included from src/fw_context.h:19,
                 from src/firmware_inbox.cpp:9:
.pio/libdeps/xiao_mobile/RadioLib/src/RadioLib.h:58:4: warning: #warning "God mode active, I hope it was intentional. Buckle up, lads." [-Wcpp]
   58 |   #warning "God mode active, I hope it was intentional. Buckle up, lads."
      |    ^~~~~~~
In file included from /home/staszek/.platformio/packages/framework-arduinoadafruitnrf52/cores/nRF5/nordic/softdevice/s140_nrf52_7.3.0_API/include/nrf_soc.h:52,
                 from /home/staszek/.platformio/packages/framework-arduinoadafruitnrf52/cores/nRF5/WVariant.h:24,
                 from /home/staszek/.platformio/packages/framework-arduinoadafruitnrf52/cores/nRF5/Arduino.h:41,
                 from src/firmware_inbox.h:15,
                 from src/firmware_inbox.cpp:7:
/home/staszek/.platformio/packages/framework-arduinoadafruitnrf52/cores/nRF5/nordic/softdevice/s140_nrf52_7.3.0_API/include/nrf_soc.h: In function 'uint32_t sd_mutex_new(nrf_mutex_t*)':
/home/staszek/.platformio/packages/framework-arduinoadafruitnrf52/cores/nRF5/nordic/softdevice/s140_nrf52_7.3.0_API/include/nrf_soc.h:452:59: warning: unused parameter 'p_mutex' [-Wunused-parameter]
  452 | SVCALL(SD_MUTEX_NEW, uint32_t, sd_mutex_new(nrf_mutex_t * p_mutex));
      |                                             ~~~~~~~~~~~~~~^~~~~~~
/home/staszek/.platformio/packages/framework-arduinoadafruitnrf52/cores/nRF5/nordic/softdevice/s140_nrf52_7.3.0_API/include/nrf_svc.h:76:22: note: in definition of macro 'SVCALL'
   76 |   static return_type signature                          \
      |                      ^~~~~~~~~
/home/staszek/.platformio/packages/framework-arduinoadafruitnrf52/cores/nRF5/nordic/softdevice/s140_nrf52_7.3.0_API/include/nrf_soc.h: In function 'uint32_t sd_mutex_acquire(nrf_mutex_t*)':
/home/staszek/.platformio/packages/framework-arduinoadafruitnrf52/cores/nRF5/nordic/softdevice/s140_nrf52_7.3.0_API/include/nrf_soc.h:461:67: warning: unused parameter 'p_mutex' [-Wunused-parameter]
  461 | SVCALL(SD_MUTEX_ACQUIRE, uint32_t, sd_mutex_acquire(nrf_mutex_t * p_mutex));
      |                                                     ~~~~~~~~~~~~~~^~~~~~~
/home/staszek/.platformio/packages/framework-arduinoadafruitnrf52/cores/nRF5/nordic/softdevice/s140_nrf52_7.3.0_API/include/nrf_svc.h:76:22: note: in definition of macro 'SVCALL'
   76 |   static return_type signature                          \
      |                      ^~~~~~~~~
/home/staszek/.platformio/packages/framework-arduinoadafruitnrf52/cores/nRF5/nordic/softdevice/s140_nrf52_7.3.0_API/include/nrf_soc.h: In function 'uint32_t sd_mutex_release(nrf_mutex_t*)':
/home/staszek/.platformio/packages/framework-arduinoadafruitnrf52/cores/nRF5/nordic/softdevice/s140_nrf52_7.3.0_API/include/nrf_soc.h:469:67: warning: unused parameter 'p_mutex' [-Wunused-parameter]
  469 | SVCALL(SD_MUTEX_RELEASE, uint32_t, sd_mutex_release(nrf_mutex_t * p_mutex));
      |                                                     ~~~~~~~~~~~~~~^~~~~~~
/home/staszek/.platformio/packages/framework-arduinoadafruitnrf52/cores/nRF5/nordic/softdevice/s140_nrf52_7.3.0_API/include/nrf_svc.h:76:22: note: in definition of macro 'SVCALL'
   76 |   static return_type signature                          \
      |                      ^~~~~~~~~
/home/staszek/.platformio/packages/framework-arduinoadafruitnrf52/cores/nRF5/nordic/softdevice/s140_nrf52_7.3.0_API/include/nrf_soc.h: In function 'uint32_t sd_rand_application_pool_capacity_get(uint8_t*)':
/home/staszek/.platformio/packages/framework-arduinoadafruitnrf52/cores/nRF5/nordic/softdevice/s140_nrf52_7.3.0_API/include/nrf_soc.h:477:105: warning: unused parameter 'p_pool_capacity' [-Wunused-parameter]
  477 | SVCALL(SD_RAND_APPLICATION_POOL_CAPACITY_GET, uint32_t, sd_rand_application_pool_capacity_get(uint8_t * p_pool_capacity));
      |                                                                                               ~~~~~~~~~~^~~~~~~~~~~~~~~
/home/staszek/.platformio/packages/framework-arduinoadafruitnrf52/cores/nRF5/nordic/softdevice/s140_nrf52_7.3.0_API/include/nrf_svc.h:76:22: note: in definition of macro 'SVCALL'
   76 |   static return_type signature                          \
      |                      ^~~~~~~~~
/home/staszek/.platformio/packages/framework-arduinoadafruitnrf52/cores/nRF5/nordic/softdevice/s140_nrf52_7.3.0_API/include/nrf_soc.h: In function 'uint32_t sd_rand_application_bytes_available_get(uint8_t*)':
/home/staszek/.platformio/packages/framework-arduinoadafruitnrf52/cores/nRF5/nordic/softdevice/s140_nrf52_7.3.0_API/include/nrf_soc.h:485:109: warning: unused parameter 'p_bytes_available' [-Wunused-parameter]
  485 | SVCALL(SD_RAND_APPLICATION_BYTES_AVAILABLE_GET, uint32_t, sd_rand_application_bytes_available_get(uint8_t * p_bytes_available));
      |                                                                                                   ~~~~~~~~~~^~~~~~~~~~~~~~~~~
/home/staszek/.platformio/packages/framework-arduinoadafruitnrf52/cores/nRF5/nordic/softdevice/s140_nrf52_7.3.0_API/include/nrf_svc.h:76:22: note: in definition of macro 'SVCALL'
   76 |   static return_type signature                          \
      |                      ^~~~~~~~~
/home/staszek/.platformio/packages/framework-arduinoadafruitnrf52/cores/nRF5/nordic/softdevice/s140_nrf52_7.3.0_API/include/nrf_soc.h: In function 'uint32_t sd_rand_application_vector_get(uint8_t*, uint8_t)':
/home/staszek/.platformio/packages/framework-arduinoadafruitnrf52/cores/nRF5/nordic/softdevice/s140_nrf52_7.3.0_API/include/nrf_soc.h:495:91: warning: unused parameter 'p_buff' [-Wunused-parameter]
  495 | SVCALL(SD_RAND_APPLICATION_VECTOR_GET, uint32_t, sd_rand_application_vector_get(uint8_t * p_buff, uint8_t length));
      |                                                                                 ~~~~~~~~~~^~~~~~
/home/staszek/.platformio/packages/framework-arduinoadafruitnrf52/cores/nRF5/nordic/softdevice/s140_nrf52_7.3.0_API/include/nrf_svc.h:76:22: note: in definition of macro 'SVCALL'
   76 |   static return_type signature                          \
      |                      ^~~~~~~~~
/home/staszek/.platformio/packages/framework-arduinoadafruitnrf52/cores/nRF5/nordic/softdevice/s140_nrf52_7.3.0_API/include/nrf_soc.h:495:107: warning: unused parameter 'length' [-Wunused-parameter]
  495 | SVCALL(SD_RAND_APPLICATION_VECTOR_GET, uint32_t, sd_rand_application_vector_get(uint8_t * p_buff, uint8_t length));
      |                                                                                                   ~~~~~~~~^~~~~~
/home/staszek/.platformio/packages/framework-arduinoadafruitnrf52/cores/nRF5/nordic/softdevice/s140_nrf52_7.3.0_API/include/nrf_svc.h:76:22: note: in definition of macro 'SVCALL'
   76 |   static return_type signature                          \
      |                      ^~~~~~~~~
/home/staszek/.platformio/packages/framework-arduinoadafruitnrf52/cores/nRF5/nordic/softdevice/s140_nrf52_7.3.0_API/include/nrf_soc.h: In function 'uint32_t sd_power_reset_reason_get(uint32_t*)':
/home/staszek/.platformio/packages/framework-arduinoadafruitnrf52/cores/nRF5/nordic/softdevice/s140_nrf52_7.3.0_API/include/nrf_soc.h:503:82: warning: unused parameter 'p_reset_reason' [-Wunused-parameter]
  503 | SVCALL(SD_POWER_RESET_REASON_GET, uint32_t, sd_power_reset_reason_get(uint32_t * p_reset_reason));
      |                                                                       ~~~~~~~~~~~^~~~~~~~~~~~~~
/home/staszek/.platformio/packages/framework-arduinoadafruitnrf52/cores/nRF5/nordic/softdevice/s140_nrf52_7.3.0_API/include/nrf_svc.h:76:22: note: in definition of macro 'SVCALL'
   76 |   static return_type signature                          \
      |                      ^~~~~~~~~
/home/staszek/.platformio/packages/framework-arduinoadafruitnrf52/cores/nRF5/nordic/softdevice/s140_nrf52_7.3.0_API/include/nrf_soc.h: In function 'uint32_t sd_power_reset_reason_clr(uint32_t)':
/home/staszek/.platformio/packages/framework-arduinoadafruitnrf52/cores/nRF5/nordic/softdevice/s140_nrf52_7.3.0_API/include/nrf_soc.h:511:80: warning: unused parameter 'reset_reason_clr_msk' [-Wunused-parameter]
  511 | SVCALL(SD_POWER_RESET_REASON_CLR, uint32_t, sd_power_reset_reason_clr(uint32_t reset_reason_clr_msk));
      |                                                                       ~~~~~~~~~^~~~~~~~~~~~~~~~~~~~
/home/staszek/.platformio/packages/framework-arduinoadafruitnrf52/cores/nRF5/nordic/softdevice/s140_nrf52_7.3.0_API/include/nrf_svc.h:76:22: note: in definition of macro 'SVCALL'
   76 |   static return_type signature                          \
      |                      ^~~~~~~~~
/home/staszek/.platformio/packages/framework-arduinoadafruitnrf52/cores/nRF5/nordic/softdevice/s140_nrf52_7.3.0_API/include/nrf_soc.h: In function 'uint32_t sd_power_mode_set(uint8_t)':
/home/staszek/.platformio/packages/framework-arduinoadafruitnrf52/cores/nRF5/nordic/softdevice/s140_nrf52_7.3.0_API/include/nrf_soc.h:520:63: warning: unused parameter 'power_mode' [-Wunused-parameter]
  520 | SVCALL(SD_POWER_MODE_SET, uint32_t, sd_power_mode_set(uint8_t power_mode));
      |                                                       ~~~~~~~~^~~~~~~~~~
/home/staszek/.platformio/packages/framework-arduinoadafruitnrf52/cores/nRF5/nordic/softdevice/s140_nrf52_7.3.0_API/include/nrf_svc.h:76:22: note: in definition of macro 'SVCALL'
   76 |   static return_type signature                          \
      |                      ^~~~~~~~~
/home/staszek/.platformio/packages/framework-arduinoadafruitnrf52/cores/nRF5/nordic/softdevice/s140_nrf52_7.3.0_API/include/nrf_soc.h: In function 'uint32_t sd_power_pof_enable(uint8_t)':
/home/staszek/.platformio/packages/framework-arduinoadafruitnrf52/cores/nRF5/nordic/softdevice/s140_nrf52_7.3.0_API/include/nrf_soc.h:537:67: warning: unused parameter 'pof_enable' [-Wunused-parameter]
  537 | SVCALL(SD_POWER_POF_ENABLE, uint32_t, sd_power_pof_enable(uint8_t pof_enable));
      |                                                           ~~~~~~~~^~~~~~~~~~
/home/staszek/.platformio/packages/framework-arduinoadafruitnrf52/cores/nRF5/nordic/softdevice/s140_nrf52_7.3.0_API/include/nrf_svc.h:76:22: note: in definition of macro 'SVCALL'
   76 |   static return_type signature                          \
      |                      ^~~~~~~~~
/home/staszek/.platformio/packages/framework-arduinoadafruitnrf52/cores/nRF5/nordic/softdevice/s140_nrf52_7.3.0_API/include/nrf_soc.h: In function 'uint32_t sd_power_usbpwrrdy_enable(uint8_t)':
/home/staszek/.platformio/packages/framework-arduinoadafruitnrf52/cores/nRF5/nordic/softdevice/s140_nrf52_7.3.0_API/include/nrf_soc.h:550:79: warning: unused parameter 'usbpwrrdy_enable' [-Wunused-parameter]
  550 | SVCALL(SD_POWER_USBPWRRDY_ENABLE, uint32_t, sd_power_usbpwrrdy_enable(uint8_t usbpwrrdy_enable));
      |                                                                       ~~~~~~~~^~~~~~~~~~~~~~~~
/home/staszek/.platformio/packages/framework-arduinoadafruitnrf52/cores/nRF5/nordic/softdevice/s140_nrf52_7.3.0_API/include/nrf_svc.h:76:22: note: in definition of macro 'SVCALL'
   76 |   static return_type signature                          \
      |                      ^~~~~~~~~
/home/staszek/.platformio/packages/framework-arduinoadafruitnrf52/cores/nRF5/nordic/softdevice/s140_nrf52_7.3.0_API/include/nrf_soc.h: In function 'uint32_t sd_power_usbdetected_enable(uint8_t)':
/home/staszek/.platformio/packages/framework-arduinoadafruitnrf52/cores/nRF5/nordic/softdevice/s140_nrf52_7.3.0_API/include/nrf_soc.h:563:83: warning: unused parameter 'usbdetected_enable' [-Wunused-parameter]
  563 | SVCALL(SD_POWER_USBDETECTED_ENABLE, uint32_t, sd_power_usbdetected_enable(uint8_t usbdetected_enable));
      |                                                                           ~~~~~~~~^~~~~~~~~~~~~~~~~~
/home/staszek/.platformio/packages/framework-arduinoadafruitnrf52/cores/nRF5/nordic/softdevice/s140_nrf52_7.3.0_API/include/nrf_svc.h:76:22: note: in definition of macro 'SVCALL'
   76 |   static return_type signature                          \
      |                      ^~~~~~~~~
/home/staszek/.platformio/packages/framework-arduinoadafruitnrf52/cores/nRF5/nordic/softdevice/s140_nrf52_7.3.0_API/include/nrf_soc.h: In function 'uint32_t sd_power_usbremoved_enable(uint8_t)':
/home/staszek/.platformio/packages/framework-arduinoadafruitnrf52/cores/nRF5/nordic/softdevice/s140_nrf52_7.3.0_API/include/nrf_soc.h:576:81: warning: unused parameter 'usbremoved_enable' [-Wunused-parameter]
  576 | SVCALL(SD_POWER_USBREMOVED_ENABLE, uint32_t, sd_power_usbremoved_enable(uint8_t usbremoved_enable));
      |                                                                         ~~~~~~~~^~~~~~~~~~~~~~~~~
/home/staszek/.platformio/packages/framework-arduinoadafruitnrf52/cores/nRF5/nordic/softdevice/s140_nrf52_7.3.0_API/include/nrf_svc.h:76:22: note: in definition of macro 'SVCALL'
   76 |   static return_type signature                          \
      |                      ^~~~~~~~~
/home/staszek/.platformio/packages/framework-arduinoadafruitnrf52/cores/nRF5/nordic/softdevice/s140_nrf52_7.3.0_API/include/nrf_soc.h: In function 'uint32_t sd_power_usbregstatus_get(uint32_t*)':
/home/staszek/.platformio/packages/framework-arduinoadafruitnrf52/cores/nRF5/nordic/softdevice/s140_nrf52_7.3.0_API/include/nrf_soc.h:586:82: warning: unused parameter 'usbregstatus' [-Wunused-parameter]
  586 | SVCALL(SD_POWER_USBREGSTATUS_GET, uint32_t, sd_power_usbregstatus_get(uint32_t * usbregstatus));
      |                                                                       ~~~~~~~~~~~^~~~~~~~~~~~
/home/staszek/.platformio/packages/framework-arduinoadafruitnrf52/cores/nRF5/nordic/softdevice/s140_nrf52_7.3.0_API/include/nrf_svc.h:76:22: note: in definition of macro 'SVCALL'
   76 |   static return_type signature                          \
      |                      ^~~~~~~~~
/home/staszek/.platformio/packages/framework-arduinoadafruitnrf52/cores/nRF5/nordic/softdevice/s140_nrf52_7.3.0_API/include/nrf_soc.h: In function 'uint32_t sd_power_pof_threshold_set(uint8_t)':
/home/staszek/.platformio/packages/framework-arduinoadafruitnrf52/cores/nRF5/nordic/softdevice/s140_nrf52_7.3.0_API/include/nrf_soc.h:599:81: warning: unused parameter 'threshold' [-Wunused-parameter]
  599 | SVCALL(SD_POWER_POF_THRESHOLD_SET, uint32_t, sd_power_pof_threshold_set(uint8_t threshold));
      |                                                                         ~~~~~~~~^~~~~~~~~
/home/staszek/.platformio/packages/framework-arduinoadafruitnrf52/cores/nRF5/nordic/softdevice/s140_nrf52_7.3.0_API/include/nrf_svc.h:76:22: note: in definition of macro 'SVCALL'
   76 |   static return_type signature                          \
      |                      ^~~~~~~~~
/home/staszek/.platformio/packages/framework-arduinoadafruitnrf52/cores/nRF5/nordic/softdevice/s140_nrf52_7.3.0_API/include/nrf_soc.h: In function 'uint32_t sd_power_pof_thresholdvddh_set(uint8_t)':
/home/staszek/.platformio/packages/framework-arduinoadafruitnrf52/cores/nRF5/nordic/softdevice/s140_nrf52_7.3.0_API/include/nrf_soc.h:612:89: warning: unused parameter 'threshold' [-Wunused-parameter]
  612 | SVCALL(SD_POWER_POF_THRESHOLDVDDH_SET, uint32_t, sd_power_pof_thresholdvddh_set(uint8_t threshold));
      |                                                                                 ~~~~~~~~^~~~~~~~~
/home/staszek/.platformio/packages/framework-arduinoadafruitnrf52/cores/nRF5/nordic/softdevice/s140_nrf52_7.3.0_API/include/nrf_svc.h:76:22: note: in definition of macro 'SVCALL'
   76 |   static return_type signature                          \
      |                      ^~~~~~~~~
/home/staszek/.platformio/packages/framework-arduinoadafruitnrf52/cores/nRF5/nordic/softdevice/s140_nrf52_7.3.0_API/include/nrf_soc.h: In function 'uint32_t sd_power_ram_power_set(uint8_t, uint32_t)':
/home/staszek/.platformio/packages/framework-arduinoadafruitnrf52/cores/nRF5/nordic/softdevice/s140_nrf52_7.3.0_API/include/nrf_soc.h:621:73: warning: unused parameter 'index' [-Wunused-parameter]
  621 | SVCALL(SD_POWER_RAM_POWER_SET, uint32_t, sd_power_ram_power_set(uint8_t index, uint32_t ram_powerset));
      |                                                                 ~~~~~~~~^~~~~
/home/staszek/.platformio/packages/framework-arduinoadafruitnrf52/cores/nRF5/nordic/softdevice/s140_nrf52_7.3.0_API/include/nrf_svc.h:76:22: note: in definition of macro 'SVCALL'
   76 |   static return_type signature                          \
      |                      ^~~~~~~~~
/home/staszek/.platformio/packages/framework-arduinoadafruitnrf52/cores/nRF5/nordic/softdevice/s140_nrf52_7.3.0_API/include/nrf_soc.h:621:89: warning: unused parameter 'ram_powerset' [-Wunused-parameter]
  621 | SVCALL(SD_POWER_RAM_POWER_SET, uint32_t, sd_power_ram_power_set(uint8_t index, uint32_t ram_powerset));
      |                                                                                ~~~~~~~~~^~~~~~~~~~~~
/home/staszek/.platformio/packages/framework-arduinoadafruitnrf52/cores/nRF5/nordic/softdevice/s140_nrf52_7.3.0_API/include/nrf_svc.h:76:22: note: in definition of macro 'SVCALL'
   76 |   static return_type signature                          \
      |                      ^~~~~~~~~
/home/staszek/.platformio/packages/framework-arduinoadafruitnrf52/cores/nRF5/nordic/softdevice/s140_nrf52_7.3.0_API/include/nrf_soc.h: In function 'uint32_t sd_power_ram_power_clr(uint8_t, uint32_t)':
/home/staszek/.platformio/packages/framework-arduinoadafruitnrf52/cores/nRF5/nordic/softdevice/s140_nrf52_7.3.0_API/include/nrf_soc.h:630:73: warning: unused parameter 'index' [-Wunused-parameter]
  630 | SVCALL(SD_POWER_RAM_POWER_CLR, uint32_t, sd_power_ram_power_clr(uint8_t index, uint32_t ram_powerclr));
      |                                                                 ~~~~~~~~^~~~~
/home/staszek/.platformio/packages/framework-arduinoadafruitnrf52/cores/nRF5/nordic/softdevice/s140_nrf52_7.3.0_API/include/nrf_svc.h:76:22: note: in definition of macro 'SVCALL'
   76 |   static return_type signature                          \
      |                      ^~~~~~~~~
/home/staszek/.platformio/packages/framework-arduinoadafruitnrf52/cores/nRF5/nordic/softdevice/s140_nrf52_7.3.0_API/include/nrf_soc.h:630:89: warning: unused parameter 'ram_powerclr' [-Wunused-parameter]
  630 | SVCALL(SD_POWER_RAM_POWER_CLR, uint32_t, sd_power_ram_power_clr(uint8_t index, uint32_t ram_powerclr));
      |                                                                                ~~~~~~~~~^~~~~~~~~~~~
/home/staszek/.platformio/packages/framework-arduinoadafruitnrf52/cores/nRF5/nordic/softdevice/s140_nrf52_7.3.0_API/include/nrf_svc.h:76:22: note: in definition of macro 'SVCALL'
   76 |   static return_type signature                          \
      |                      ^~~~~~~~~
/home/staszek/.platformio/packages/framework-arduinoadafruitnrf52/cores/nRF5/nordic/softdevice/s140_nrf52_7.3.0_API/include/nrf_soc.h: In function 'uint32_t sd_power_ram_power_get(uint8_t, uint32_t*)':
/home/staszek/.platformio/packages/framework-arduinoadafruitnrf52/cores/nRF5/nordic/softdevice/s140_nrf52_7.3.0_API/include/nrf_soc.h:639:73: warning: unused parameter 'index' [-Wunused-parameter]
  639 | SVCALL(SD_POWER_RAM_POWER_GET, uint32_t, sd_power_ram_power_get(uint8_t index, uint32_t * p_ram_power));
      |                                                                 ~~~~~~~~^~~~~
/home/staszek/.platformio/packages/framework-arduinoadafruitnrf52/cores/nRF5/nordic/softdevice/s140_nrf52_7.3.0_API/include/nrf_svc.h:76:22: note: in definition of macro 'SVCALL'
   76 |   static return_type signature                          \
      |                      ^~~~~~~~~
/home/staszek/.platformio/packages/framework-arduinoadafruitnrf52/cores/nRF5/nordic/softdevice/s140_nrf52_7.3.0_API/include/nrf_soc.h:639:91: warning: unused parameter 'p_ram_power' [-Wunused-parameter]
  639 | SVCALL(SD_POWER_RAM_POWER_GET, uint32_t, sd_power_ram_power_get(uint8_t index, uint32_t * p_ram_power));
      |                                                                                ~~~~~~~~~~~^~~~~~~~~~~
/home/staszek/.platformio/packages/framework-arduinoadafruitnrf52/cores/nRF5/nordic/softdevice/s140_nrf52_7.3.0_API/include/nrf_svc.h:76:22: note: in definition of macro 'SVCALL'
   76 |   static return_type signature                          \
      |                      ^~~~~~~~~
/home/staszek/.platformio/packages/framework-arduinoadafruitnrf52/cores/nRF5/nordic/softdevice/s140_nrf52_7.3.0_API/include/nrf_soc.h: In function 'uint32_t sd_power_gpregret_set(uint32_t, uint32_t)':
/home/staszek/.platformio/packages/framework-arduinoadafruitnrf52/cores/nRF5/nordic/softdevice/s140_nrf52_7.3.0_API/include/nrf_soc.h:648:72: warning: unused parameter 'gpregret_id' [-Wunused-parameter]
  648 | SVCALL(SD_POWER_GPREGRET_SET, uint32_t, sd_power_gpregret_set(uint32_t gpregret_id, uint32_t gpregret_msk));
      |                                                               ~~~~~~~~~^~~~~~~~~~~
/home/staszek/.platformio/packages/framework-arduinoadafruitnrf52/cores/nRF5/nordic/softdevice/s140_nrf52_7.3.0_API/include/nrf_svc.h:76:22: note: in definition of macro 'SVCALL'
   76 |   static return_type signature                          \
      |                      ^~~~~~~~~
/home/staszek/.platformio/packages/framework-arduinoadafruitnrf52/cores/nRF5/nordic/softdevice/s140_nrf52_7.3.0_API/include/nrf_soc.h:648:94: warning: unused parameter 'gpregret_msk' [-Wunused-parameter]
  648 | SVCALL(SD_POWER_GPREGRET_SET, uint32_t, sd_power_gpregret_set(uint32_t gpregret_id, uint32_t gpregret_msk));
      |                                                                                     ~~~~~~~~~^~~~~~~~~~~~
/home/staszek/.platformio/packages/framework-arduinoadafruitnrf52/cores/nRF5/nordic/softdevice/s140_nrf52_7.3.0_API/include/nrf_svc.h:76:22: note: in definition of macro 'SVCALL'
   76 |   static return_type signature                          \
      |                      ^~~~~~~~~
/home/staszek/.platformio/packages/framework-arduinoadafruitnrf52/cores/nRF5/nordic/softdevice/s140_nrf52_7.3.0_API/include/nrf_soc.h: In function 'uint32_t sd_power_gpregret_clr(uint32_t, uint32_t)':
/home/staszek/.platformio/packages/framework-arduinoadafruitnrf52/cores/nRF5/nordic/softdevice/s140_nrf52_7.3.0_API/include/nrf_soc.h:657:72: warning: unused parameter 'gpregret_id' [-Wunused-parameter]
  657 | SVCALL(SD_POWER_GPREGRET_CLR, uint32_t, sd_power_gpregret_clr(uint32_t gpregret_id, uint32_t gpregret_msk));
      |                                                               ~~~~~~~~~^~~~~~~~~~~
/home/staszek/.platformio/packages/framework-arduinoadafruitnrf52/cores/nRF5/nordic/softdevice/s140_nrf52_7.3.0_API/include/nrf_svc.h:76:22: note: in definition of macro 'SVCALL'
   76 |   static return_type signature                          \
      |                      ^~~~~~~~~
/home/staszek/.platformio/packages/framework-arduinoadafruitnrf52/cores/nRF5/nordic/softdevice/s140_nrf52_7.3.0_API/include/nrf_soc.h:657:94: warning: unused parameter 'gpregret_msk' [-Wunused-parameter]
  657 | SVCALL(SD_POWER_GPREGRET_CLR, uint32_t, sd_power_gpregret_clr(uint32_t gpregret_id, uint32_t gpregret_msk));
      |                                                                                     ~~~~~~~~~^~~~~~~~~~~~
/home/staszek/.platformio/packages/framework-arduinoadafruitnrf52/cores/nRF5/nordic/softdevice/s140_nrf52_7.3.0_API/include/nrf_svc.h:76:22: note: in definition of macro 'SVCALL'
   76 |   static return_type signature                          \
      |                      ^~~~~~~~~
/home/staszek/.platformio/packages/framework-arduinoadafruitnrf52/cores/nRF5/nordic/softdevice/s140_nrf52_7.3.0_API/include/nrf_soc.h: In function 'uint32_t sd_power_gpregret_get(uint32_t, uint32_t*)':
/home/staszek/.platformio/packages/framework-arduinoadafruitnrf52/cores/nRF5/nordic/softdevice/s140_nrf52_7.3.0_API/include/nrf_soc.h:666:72: warning: unused parameter 'gpregret_id' [-Wunused-parameter]
  666 | SVCALL(SD_POWER_GPREGRET_GET, uint32_t, sd_power_gpregret_get(uint32_t gpregret_id, uint32_t *p_gpregret));
      |                                                               ~~~~~~~~~^~~~~~~~~~~
/home/staszek/.platformio/packages/framework-arduinoadafruitnrf52/cores/nRF5/nordic/softdevice/s140_nrf52_7.3.0_API/include/nrf_svc.h:76:22: note: in definition of macro 'SVCALL'
   76 |   static return_type signature                          \
      |                      ^~~~~~~~~
/home/staszek/.platformio/packages/framework-arduinoadafruitnrf52/cores/nRF5/nordic/softdevice/s140_nrf52_7.3.0_API/include/nrf_soc.h:666:95: warning: unused parameter 'p_gpregret' [-Wunused-parameter]
  666 | SVCALL(SD_POWER_GPREGRET_GET, uint32_t, sd_power_gpregret_get(uint32_t gpregret_id, uint32_t *p_gpregret));
      |                                                                                     ~~~~~~~~~~^~~~~~~~~~
/home/staszek/.platformio/packages/framework-arduinoadafruitnrf52/cores/nRF5/nordic/softdevice/s140_nrf52_7.3.0_API/include/nrf_svc.h:76:22: note: in definition of macro 'SVCALL'
   76 |   static return_type signature                          \
      |                      ^~~~~~~~~
/home/staszek/.platformio/packages/framework-arduinoadafruitnrf52/cores/nRF5/nordic/softdevice/s140_nrf52_7.3.0_API/include/nrf_soc.h: In function 'uint32_t sd_power_dcdc_mode_set(uint8_t)':
/home/staszek/.platformio/packages/framework-arduinoadafruitnrf52/cores/nRF5/nordic/softdevice/s140_nrf52_7.3.0_API/include/nrf_soc.h:675:73: warning: unused parameter 'dcdc_mode' [-Wunused-parameter]
  675 | SVCALL(SD_POWER_DCDC_MODE_SET, uint32_t, sd_power_dcdc_mode_set(uint8_t dcdc_mode));
      |                                                                 ~~~~~~~~^~~~~~~~~
/home/staszek/.platformio/packages/framework-arduinoadafruitnrf52/cores/nRF5/nordic/softdevice/s140_nrf52_7.3.0_API/include/nrf_svc.h:76:22: note: in definition of macro 'SVCALL'
   76 |   static return_type signature                          \
      |                      ^~~~~~~~~
/home/staszek/.platformio/packages/framework-arduinoadafruitnrf52/cores/nRF5/nordic/softdevice/s140_nrf52_7.3.0_API/include/nrf_soc.h: In function 'uint32_t sd_power_dcdc0_mode_set(uint8_t)':
/home/staszek/.platformio/packages/framework-arduinoadafruitnrf52/cores/nRF5/nordic/softdevice/s140_nrf52_7.3.0_API/include/nrf_soc.h:686:75: warning: unused parameter 'dcdc_mode' [-Wunused-parameter]
  686 | SVCALL(SD_POWER_DCDC0_MODE_SET, uint32_t, sd_power_dcdc0_mode_set(uint8_t dcdc_mode));
      |                                                                   ~~~~~~~~^~~~~~~~~
/home/staszek/.platformio/packages/framework-arduinoadafruitnrf52/cores/nRF5/nordic/softdevice/s140_nrf52_7.3.0_API/include/nrf_svc.h:76:22: note: in definition of macro 'SVCALL'
   76 |   static return_type signature                          \
      |                      ^~~~~~~~~
/home/staszek/.platformio/packages/framework-arduinoadafruitnrf52/cores/nRF5/nordic/softdevice/s140_nrf52_7.3.0_API/include/nrf_soc.h: In function 'uint32_t sd_clock_hfclk_is_running(uint32_t*)':
/home/staszek/.platformio/packages/framework-arduinoadafruitnrf52/cores/nRF5/nordic/softdevice/s140_nrf52_7.3.0_API/include/nrf_soc.h:720:82: warning: unused parameter 'p_is_running' [-Wunused-parameter]
  720 | SVCALL(SD_CLOCK_HFCLK_IS_RUNNING, uint32_t, sd_clock_hfclk_is_running(uint32_t * p_is_running));
      |                                                                       ~~~~~~~~~~~^~~~~~~~~~~~
/home/staszek/.platformio/packages/framework-arduinoadafruitnrf52/cores/nRF5/nordic/softdevice/s140_nrf52_7.3.0_API/include/nrf_svc.h:76:22: note: in definition of macro 'SVCALL'
   76 |   static return_type signature                          \
      |                      ^~~~~~~~~
/home/staszek/.platformio/packages/framework-arduinoadafruitnrf52/cores/nRF5/nordic/softdevice/s140_nrf52_7.3.0_API/include/nrf_soc.h: In function 'uint32_t sd_ppi_channel_enable_get(uint32_t*)':
/home/staszek/.platformio/packages/framework-arduinoadafruitnrf52/cores/nRF5/nordic/softdevice/s140_nrf52_7.3.0_API/include/nrf_soc.h:756:82: warning: unused parameter 'p_channel_enable' [-Wunused-parameter]
  756 | SVCALL(SD_PPI_CHANNEL_ENABLE_GET, uint32_t, sd_ppi_channel_enable_get(uint32_t * p_channel_enable));
      |                                                                       ~~~~~~~~~~~^~~~~~~~~~~~~~~~
/home/staszek/.platformio/packages/framework-arduinoadafruitnrf52/cores/nRF5/nordic/softdevice/s140_nrf52_7.3.0_API/include/nrf_svc.h:76:22: note: in definition of macro 'SVCALL'
   76 |   static return_type signature                          \
      |                      ^~~~~~~~~
/home/staszek/.platformio/packages/framework-arduinoadafruitnrf52/cores/nRF5/nordic/softdevice/s140_nrf52_7.3.0_API/include/nrf_soc.h: In function 'uint32_t sd_ppi_channel_enable_set(uint32_t)':
/home/staszek/.platformio/packages/framework-arduinoadafruitnrf52/cores/nRF5/nordic/softdevice/s140_nrf52_7.3.0_API/include/nrf_soc.h:764:80: warning: unused parameter 'channel_enable_set_msk' [-Wunused-parameter]
  764 | SVCALL(SD_PPI_CHANNEL_ENABLE_SET, uint32_t, sd_ppi_channel_enable_set(uint32_t channel_enable_set_msk));
      |                                                                       ~~~~~~~~~^~~~~~~~~~~~~~~~~~~~~~
/home/staszek/.platformio/packages/framework-arduinoadafruitnrf52/cores/nRF5/nordic/softdevice/s140_nrf52_7.3.0_API/include/nrf_svc.h:76:22: note: in definition of macro 'SVCALL'
   76 |   static return_type signature                          \
      |                      ^~~~~~~~~
/home/staszek/.platformio/packages/framework-arduinoadafruitnrf52/cores/nRF5/nordic/softdevice/s140_nrf52_7.3.0_API/include/nrf_soc.h: In function 'uint32_t sd_ppi_channel_enable_clr(uint32_t)':
/home/staszek/.platformio/packages/framework-arduinoadafruitnrf52/cores/nRF5/nordic/softdevice/s140_nrf52_7.3.0_API/include/nrf_soc.h:772:80: warning: unused parameter 'channel_enable_clr_msk' [-Wunused-parameter]
  772 | SVCALL(SD_PPI_CHANNEL_ENABLE_CLR, uint32_t, sd_ppi_channel_enable_clr(uint32_t channel_enable_clr_msk));
      |                                                                       ~~~~~~~~~^~~~~~~~~~~~~~~~~~~~~~
/home/staszek/.platformio/packages/framework-arduinoadafruitnrf52/cores/nRF5/nordic/softdevice/s140_nrf52_7.3.0_API/include/nrf_svc.h:76:22: note: in definition of macro 'SVCALL'
   76 |   static return_type signature                          \
      |                      ^~~~~~~~~
/home/staszek/.platformio/packages/framework-arduinoadafruitnrf52/cores/nRF5/nordic/softdevice/s140_nrf52_7.3.0_API/include/nrf_soc.h: In function 'uint32_t sd_ppi_channel_assign(uint8_t, const volatile void*, const volatile void*)':
/home/staszek/.platformio/packages/framework-arduinoadafruitnrf52/cores/nRF5/nordic/softdevice/s140_nrf52_7.3.0_API/include/nrf_soc.h:783:71: warning: unused parameter 'channel_num' [-Wunused-parameter]
  783 | SVCALL(SD_PPI_CHANNEL_ASSIGN, uint32_t, sd_ppi_channel_assign(uint8_t channel_num, const volatile void * evt_endpoint, const volatile void * task_endpoint));
      |                                                               ~~~~~~~~^~~~~~~~~~~
/home/staszek/.platformio/packages/framework-arduinoadafruitnrf52/cores/nRF5/nordic/softdevice/s140_nrf52_7.3.0_API/include/nrf_svc.h:76:22: note: in definition of macro 'SVCALL'
   76 |   static return_type signature                          \
      |                      ^~~~~~~~~
/home/staszek/.platformio/packages/framework-arduinoadafruitnrf52/cores/nRF5/nordic/softdevice/s140_nrf52_7.3.0_API/include/nrf_soc.h:783:106: warning: unused parameter 'evt_endpoint' [-Wunused-parameter]
  783 | SVCALL(SD_PPI_CHANNEL_ASSIGN, uint32_t, sd_ppi_channel_assign(uint8_t channel_num, const volatile void * evt_endpoint, const volatile void * task_endpoint));
      |                                                                                    ~~~~~~~~~~~~~~~~~~~~~~^~~~~~~~~~~~
/home/staszek/.platformio/packages/framework-arduinoadafruitnrf52/cores/nRF5/nordic/softdevice/s140_nrf52_7.3.0_API/include/nrf_svc.h:76:22: note: in definition of macro 'SVCALL'
   76 |   static return_type signature                          \
      |                      ^~~~~~~~~
/home/staszek/.platformio/packages/framework-arduinoadafruitnrf52/cores/nRF5/nordic/softdevice/s140_nrf52_7.3.0_API/include/nrf_soc.h:783:142: warning: unused parameter 'task_endpoint' [-Wunused-parameter]
  783 | SVCALL(SD_PPI_CHANNEL_ASSIGN, uint32_t, sd_ppi_channel_assign(uint8_t channel_num, const volatile void * evt_endpoint, const volatile void * task_endpoint));
      |                                                                                                                        ~~~~~~~~~~~~~~~~~~~~~~^~~~~~~~~~~~~
/home/staszek/.platformio/packages/framework-arduinoadafruitnrf52/cores/nRF5/nordic/softdevice/s140_nrf52_7.3.0_API/include/nrf_svc.h:76:22: note: in definition of macro 'SVCALL'
   76 |   static return_type signature                          \
      |                      ^~~~~~~~~
/home/staszek/.platformio/packages/framework-arduinoadafruitnrf52/cores/nRF5/nordic/softdevice/s140_nrf52_7.3.0_API/include/nrf_soc.h: In function 'uint32_t sd_ppi_group_task_enable(uint8_t)':
/home/staszek/.platformio/packages/framework-arduinoadafruitnrf52/cores/nRF5/nordic/softdevice/s140_nrf52_7.3.0_API/include/nrf_soc.h:792:77: warning: unused parameter 'group_num' [-Wunused-parameter]
  792 | SVCALL(SD_PPI_GROUP_TASK_ENABLE, uint32_t, sd_ppi_group_task_enable(uint8_t group_num));
      |                                                                     ~~~~~~~~^~~~~~~~~
/home/staszek/.platformio/packages/framework-arduinoadafruitnrf52/cores/nRF5/nordic/softdevice/s140_nrf52_7.3.0_API/include/nrf_svc.h:76:22: note: in definition of macro 'SVCALL'
   76 |   static return_type signature                          \
      |                      ^~~~~~~~~
/home/staszek/.platformio/packages/framework-arduinoadafruitnrf52/cores/nRF5/nordic/softdevice/s140_nrf52_7.3.0_API/include/nrf_soc.h: In function 'uint32_t sd_ppi_group_task_disable(uint8_t)':
/home/staszek/.platformio/packages/framework-arduinoadafruitnrf52/cores/nRF5/nordic/softdevice/s140_nrf52_7.3.0_API/include/nrf_soc.h:801:79: warning: unused parameter 'group_num' [-Wunused-parameter]
  801 | SVCALL(SD_PPI_GROUP_TASK_DISABLE, uint32_t, sd_ppi_group_task_disable(uint8_t group_num));
      |                                                                       ~~~~~~~~^~~~~~~~~
/home/staszek/.platformio/packages/framework-arduinoadafruitnrf52/cores/nRF5/nordic/softdevice/s140_nrf52_7.3.0_API/include/nrf_svc.h:76:22: note: in definition of macro 'SVCALL'
   76 |   static return_type signature                          \
      |                      ^~~~~~~~~
/home/staszek/.platformio/packages/framework-arduinoadafruitnrf52/cores/nRF5/nordic/softdevice/s140_nrf52_7.3.0_API/include/nrf_soc.h: In function 'uint32_t sd_ppi_group_assign(uint8_t, uint32_t)':
/home/staszek/.platformio/packages/framework-arduinoadafruitnrf52/cores/nRF5/nordic/softdevice/s140_nrf52_7.3.0_API/include/nrf_soc.h:811:67: warning: unused parameter 'group_num' [-Wunused-parameter]
  811 | SVCALL(SD_PPI_GROUP_ASSIGN, uint32_t, sd_ppi_group_assign(uint8_t group_num, uint32_t channel_msk));
      |                                                           ~~~~~~~~^~~~~~~~~
/home/staszek/.platformio/packages/framework-arduinoadafruitnrf52/cores/nRF5/nordic/softdevice/s140_nrf52_7.3.0_API/include/nrf_svc.h:76:22: note: in definition of macro 'SVCALL'
   76 |   static return_type signature                          \
      |                      ^~~~~~~~~
/home/staszek/.platformio/packages/framework-arduinoadafruitnrf52/cores/nRF5/nordic/softdevice/s140_nrf52_7.3.0_API/include/nrf_soc.h:811:87: warning: unused parameter 'channel_msk' [-Wunused-parameter]
  811 | SVCALL(SD_PPI_GROUP_ASSIGN, uint32_t, sd_ppi_group_assign(uint8_t group_num, uint32_t channel_msk));
      |                                                                              ~~~~~~~~~^~~~~~~~~~~
/home/staszek/.platformio/packages/framework-arduinoadafruitnrf52/cores/nRF5/nordic/softdevice/s140_nrf52_7.3.0_API/include/nrf_svc.h:76:22: note: in definition of macro 'SVCALL'
   76 |   static return_type signature                          \
      |                      ^~~~~~~~~
/home/staszek/.platformio/packages/framework-arduinoadafruitnrf52/cores/nRF5/nordic/softdevice/s140_nrf52_7.3.0_API/include/nrf_soc.h: In function 'uint32_t sd_ppi_group_get(uint8_t, uint32_t*)':
/home/staszek/.platformio/packages/framework-arduinoadafruitnrf52/cores/nRF5/nordic/softdevice/s140_nrf52_7.3.0_API/include/nrf_soc.h:821:61: warning: unused parameter 'group_num' [-Wunused-parameter]
  821 | SVCALL(SD_PPI_GROUP_GET, uint32_t, sd_ppi_group_get(uint8_t group_num, uint32_t * p_channel_msk));
      |                                                     ~~~~~~~~^~~~~~~~~
/home/staszek/.platformio/packages/framework-arduinoadafruitnrf52/cores/nRF5/nordic/softdevice/s140_nrf52_7.3.0_API/include/nrf_svc.h:76:22: note: in definition of macro 'SVCALL'
   76 |   static return_type signature                          \
      |                      ^~~~~~~~~
/home/staszek/.platformio/packages/framework-arduinoadafruitnrf52/cores/nRF5/nordic/softdevice/s140_nrf52_7.3.0_API/include/nrf_soc.h:821:83: warning: unused parameter 'p_channel_msk' [-Wunused-parameter]
  821 | SVCALL(SD_PPI_GROUP_GET, uint32_t, sd_ppi_group_get(uint8_t group_num, uint32_t * p_channel_msk));
      |                                                                        ~~~~~~~~~~~^~~~~~~~~~~~~
/home/staszek/.platformio/packages/framework-arduinoadafruitnrf52/cores/nRF5/nordic/softdevice/s140_nrf52_7.3.0_API/include/nrf_svc.h:76:22: note: in definition of macro 'SVCALL'
   76 |   static return_type signature                          \
      |                      ^~~~~~~~~
/home/staszek/.platformio/packages/framework-arduinoadafruitnrf52/cores/nRF5/nordic/softdevice/s140_nrf52_7.3.0_API/include/nrf_soc.h: In function 'uint32_t sd_radio_notification_cfg_set(uint8_t, uint8_t)':
/home/staszek/.platformio/packages/framework-arduinoadafruitnrf52/cores/nRF5/nordic/softdevice/s140_nrf52_7.3.0_API/include/nrf_soc.h:852:87: warning: unused parameter 'type' [-Wunused-parameter]
  852 | SVCALL(SD_RADIO_NOTIFICATION_CFG_SET, uint32_t, sd_radio_notification_cfg_set(uint8_t type, uint8_t distance));
      |                                                                               ~~~~~~~~^~~~
/home/staszek/.platformio/packages/framework-arduinoadafruitnrf52/cores/nRF5/nordic/softdevice/s140_nrf52_7.3.0_API/include/nrf_svc.h:76:22: note: in definition of macro 'SVCALL'
   76 |   static return_type signature                          \
      |                      ^~~~~~~~~
/home/staszek/.platformio/packages/framework-arduinoadafruitnrf52/cores/nRF5/nordic/softdevice/s140_nrf52_7.3.0_API/include/nrf_soc.h:852:101: warning: unused parameter 'distance' [-Wunused-parameter]
  852 | SVCALL(SD_RADIO_NOTIFICATION_CFG_SET, uint32_t, sd_radio_notification_cfg_set(uint8_t type, uint8_t distance));
      |                                                                                             ~~~~~~~~^~~~~~~~
/home/staszek/.platformio/packages/framework-arduinoadafruitnrf52/cores/nRF5/nordic/softdevice/s140_nrf52_7.3.0_API/include/nrf_svc.h:76:22: note: in definition of macro 'SVCALL'
   76 |   static return_type signature                          \
      |                      ^~~~~~~~~
/home/staszek/.platformio/packages/framework-arduinoadafruitnrf52/cores/nRF5/nordic/softdevice/s140_nrf52_7.3.0_API/include/nrf_soc.h: In function 'uint32_t sd_ecb_block_encrypt(nrf_ecb_hal_data_t*)':
/home/staszek/.platformio/packages/framework-arduinoadafruitnrf52/cores/nRF5/nordic/softdevice/s140_nrf52_7.3.0_API/include/nrf_soc.h:868:82: warning: unused parameter 'p_ecb_data' [-Wunused-parameter]
  868 | SVCALL(SD_ECB_BLOCK_ENCRYPT, uint32_t, sd_ecb_block_encrypt(nrf_ecb_hal_data_t * p_ecb_data));
      |                                                             ~~~~~~~~~~~~~~~~~~~~~^~~~~~~~~~
/home/staszek/.platformio/packages/framework-arduinoadafruitnrf52/cores/nRF5/nordic/softdevice/s140_nrf52_7.3.0_API/include/nrf_svc.h:76:22: note: in definition of macro 'SVCALL'
   76 |   static return_type signature                          \
      |                      ^~~~~~~~~
/home/staszek/.platformio/packages/framework-arduinoadafruitnrf52/cores/nRF5/nordic/softdevice/s140_nrf52_7.3.0_API/include/nrf_soc.h: In function 'uint32_t sd_ecb_blocks_encrypt(uint8_t, nrf_ecb_hal_data_block_t*)':
/home/staszek/.platformio/packages/framework-arduinoadafruitnrf52/cores/nRF5/nordic/softdevice/s140_nrf52_7.3.0_API/include/nrf_soc.h:885:71: warning: unused parameter 'block_count' [-Wunused-parameter]
  885 | SVCALL(SD_ECB_BLOCKS_ENCRYPT, uint32_t, sd_ecb_blocks_encrypt(uint8_t block_count, nrf_ecb_hal_data_block_t * p_data_blocks));
      |                                                               ~~~~~~~~^~~~~~~~~~~
/home/staszek/.platformio/packages/framework-arduinoadafruitnrf52/cores/nRF5/nordic/softdevice/s140_nrf52_7.3.0_API/include/nrf_svc.h:76:22: note: in definition of macro 'SVCALL'
   76 |   static return_type signature                          \
      |                      ^~~~~~~~~
/home/staszek/.platformio/packages/framework-arduinoadafruitnrf52/cores/nRF5/nordic/softdevice/s140_nrf52_7.3.0_API/include/nrf_soc.h:885:111: warning: unused parameter 'p_data_blocks' [-Wunused-parameter]
  885 | SVCALL(SD_ECB_BLOCKS_ENCRYPT, uint32_t, sd_ecb_blocks_encrypt(uint8_t block_count, nrf_ecb_hal_data_block_t * p_data_blocks));
      |                                                                                    ~~~~~~~~~~~~~~~~~~~~~~~~~~~^~~~~~~~~~~~~
/home/staszek/.platformio/packages/framework-arduinoadafruitnrf52/cores/nRF5/nordic/softdevice/s140_nrf52_7.3.0_API/include/nrf_svc.h:76:22: note: in definition of macro 'SVCALL'
   76 |   static return_type signature                          \
      |                      ^~~~~~~~~
/home/staszek/.platformio/packages/framework-arduinoadafruitnrf52/cores/nRF5/nordic/softdevice/s140_nrf52_7.3.0_API/include/nrf_soc.h: In function 'uint32_t sd_evt_get(uint32_t*)':
/home/staszek/.platformio/packages/framework-arduinoadafruitnrf52/cores/nRF5/nordic/softdevice/s140_nrf52_7.3.0_API/include/nrf_soc.h:896:52: warning: unused parameter 'p_evt_id' [-Wunused-parameter]
  896 | SVCALL(SD_EVT_GET, uint32_t, sd_evt_get(uint32_t * p_evt_id));
      |                                         ~~~~~~~~~~~^~~~~~~~
/home/staszek/.platformio/packages/framework-arduinoadafruitnrf52/cores/nRF5/nordic/softdevice/s140_nrf52_7.3.0_API/include/nrf_svc.h:76:22: note: in definition of macro 'SVCALL'
   76 |   static return_type signature                          \
      |                      ^~~~~~~~~
/home/staszek/.platformio/packages/framework-arduinoadafruitnrf52/cores/nRF5/nordic/softdevice/s140_nrf52_7.3.0_API/include/nrf_soc.h: In function 'uint32_t sd_temp_get(int32_t*)':
/home/staszek/.platformio/packages/framework-arduinoadafruitnrf52/cores/nRF5/nordic/softdevice/s140_nrf52_7.3.0_API/include/nrf_soc.h:907:53: warning: unused parameter 'p_temp' [-Wunused-parameter]
  907 | SVCALL(SD_TEMP_GET, uint32_t, sd_temp_get(int32_t * p_temp));
      |                                           ~~~~~~~~~~^~~~~~
/home/staszek/.platformio/packages/framework-arduinoadafruitnrf52/cores/nRF5/nordic/softdevice/s140_nrf52_7.3.0_API/include/nrf_svc.h:76:22: note: in definition of macro 'SVCALL'
   76 |   static return_type signature                          \
      |                      ^~~~~~~~~
/home/staszek/.platformio/packages/framework-arduinoadafruitnrf52/cores/nRF5/nordic/softdevice/s140_nrf52_7.3.0_API/include/nrf_soc.h: In function 'uint32_t sd_flash_write(uint32_t*, const uint32_t*, uint32_t)':
/home/staszek/.platformio/packages/framework-arduinoadafruitnrf52/cores/nRF5/nordic/softdevice/s140_nrf52_7.3.0_API/include/nrf_soc.h:944:60: warning: unused parameter 'p_dst' [-Wunused-parameter]
  944 | SVCALL(SD_FLASH_WRITE, uint32_t, sd_flash_write(uint32_t * p_dst, uint32_t const * p_src, uint32_t size));
      |                                                 ~~~~~~~~~~~^~~~~
/home/staszek/.platformio/packages/framework-arduinoadafruitnrf52/cores/nRF5/nordic/softdevice/s140_nrf52_7.3.0_API/include/nrf_svc.h:76:22: note: in definition of macro 'SVCALL'
   76 |   static return_type signature                          \
      |                      ^~~~~~~~~
/home/staszek/.platformio/packages/framework-arduinoadafruitnrf52/cores/nRF5/nordic/softdevice/s140_nrf52_7.3.0_API/include/nrf_soc.h:944:84: warning: unused parameter 'p_src' [-Wunused-parameter]
  944 | SVCALL(SD_FLASH_WRITE, uint32_t, sd_flash_write(uint32_t * p_dst, uint32_t const * p_src, uint32_t size));
      |                                                                   ~~~~~~~~~~~~~~~~~^~~~~
/home/staszek/.platformio/packages/framework-arduinoadafruitnrf52/cores/nRF5/nordic/softdevice/s140_nrf52_7.3.0_API/include/nrf_svc.h:76:22: note: in definition of macro 'SVCALL'
   76 |   static return_type signature                          \
      |                      ^~~~~~~~~
/home/staszek/.platformio/packages/framework-arduinoadafruitnrf52/cores/nRF5/nordic/softdevice/s140_nrf52_7.3.0_API/include/nrf_soc.h:944:100: warning: unused parameter 'size' [-Wunused-parameter]
  944 | SVCALL(SD_FLASH_WRITE, uint32_t, sd_flash_write(uint32_t * p_dst, uint32_t const * p_src, uint32_t size));
      |                                                                                           ~~~~~~~~~^~~~
/home/staszek/.platformio/packages/framework-arduinoadafruitnrf52/cores/nRF5/nordic/softdevice/s140_nrf52_7.3.0_API/include/nrf_svc.h:76:22: note: in definition of macro 'SVCALL'
   76 |   static return_type signature                          \
      |                      ^~~~~~~~~
/home/staszek/.platformio/packages/framework-arduinoadafruitnrf52/cores/nRF5/nordic/softdevice/s140_nrf52_7.3.0_API/include/nrf_soc.h: In function 'uint32_t sd_flash_page_erase(uint32_t)':
/home/staszek/.platformio/packages/framework-arduinoadafruitnrf52/cores/nRF5/nordic/softdevice/s140_nrf52_7.3.0_API/include/nrf_soc.h:976:68: warning: unused parameter 'page_number' [-Wunused-parameter]
  976 | SVCALL(SD_FLASH_PAGE_ERASE, uint32_t, sd_flash_page_erase(uint32_t page_number));
      |                                                           ~~~~~~~~~^~~~~~~~~~~
/home/staszek/.platformio/packages/framework-arduinoadafruitnrf52/cores/nRF5/nordic/softdevice/s140_nrf52_7.3.0_API/include/nrf_svc.h:76:22: note: in definition of macro 'SVCALL'
   76 |   static return_type signature                          \
      |                      ^~~~~~~~~
/home/staszek/.platformio/packages/framework-arduinoadafruitnrf52/cores/nRF5/nordic/softdevice/s140_nrf52_7.3.0_API/include/nrf_soc.h: In function 'uint32_t sd_radio_session_open(nrf_radio_signal_callback_t)':
/home/staszek/.platformio/packages/framework-arduinoadafruitnrf52/cores/nRF5/nordic/softdevice/s140_nrf52_7.3.0_API/include/nrf_soc.h:1000:92: warning: unused parameter 'p_radio_signal_callback' [-Wunused-parameter]
 1000 |  SVCALL(SD_RADIO_SESSION_OPEN, uint32_t, sd_radio_session_open(nrf_radio_signal_callback_t p_radio_signal_callback));
      |                                                                ~~~~~~~~~~~~~~~~~~~~~~~~~~~~^~~~~~~~~~~~~~~~~~~~~~~
/home/staszek/.platformio/packages/framework-arduinoadafruitnrf52/cores/nRF5/nordic/softdevice/s140_nrf52_7.3.0_API/include/nrf_svc.h:76:22: note: in definition of macro 'SVCALL'
   76 |   static return_type signature                          \
      |                      ^~~~~~~~~
/home/staszek/.platformio/packages/framework-arduinoadafruitnrf52/cores/nRF5/nordic/softdevice/s140_nrf52_7.3.0_API/include/nrf_soc.h: In function 'uint32_t sd_radio_request(const nrf_radio_request_t*)':
/home/staszek/.platformio/packages/framework-arduinoadafruitnrf52/cores/nRF5/nordic/softdevice/s140_nrf52_7.3.0_API/include/nrf_soc.h:1050:82: warning: unused parameter 'p_request' [-Wunused-parameter]
 1050 |  SVCALL(SD_RADIO_REQUEST, uint32_t, sd_radio_request(nrf_radio_request_t const * p_request));
      |                                                      ~~~~~~~~~~~~~~~~~~~~~~~~~~~~^~~~~~~~~
/home/staszek/.platformio/packages/framework-arduinoadafruitnrf52/cores/nRF5/nordic/softdevice/s140_nrf52_7.3.0_API/include/nrf_svc.h:76:22: note: in definition of macro 'SVCALL'
   76 |   static return_type signature                          \
      |                      ^~~~~~~~~
/home/staszek/.platformio/packages/framework-arduinoadafruitnrf52/cores/nRF5/nordic/softdevice/s140_nrf52_7.3.0_API/include/nrf_soc.h: In function 'uint32_t sd_protected_register_write(volatile uint32_t*, uint32_t)':
/home/staszek/.platformio/packages/framework-arduinoadafruitnrf52/cores/nRF5/nordic/softdevice/s140_nrf52_7.3.0_API/include/nrf_soc.h:1071:95: warning: unused parameter 'p_register' [-Wunused-parameter]
 1071 | SVCALL(SD_PROTECTED_REGISTER_WRITE, uint32_t, sd_protected_register_write(volatile uint32_t * p_register, uint32_t value));
      |                                                                           ~~~~~~~~~~~~~~~~~~~~^~~~~~~~~~
/home/staszek/.platformio/packages/framework-arduinoadafruitnrf52/cores/nRF5/nordic/softdevice/s140_nrf52_7.3.0_API/include/nrf_svc.h:76:22: note: in definition of macro 'SVCALL'
   76 |   static return_type signature                          \
      |                      ^~~~~~~~~
/home/staszek/.platformio/packages/framework-arduinoadafruitnrf52/cores/nRF5/nordic/softdevice/s140_nrf52_7.3.0_API/include/nrf_soc.h:1071:116: warning: unused parameter 'value' [-Wunused-parameter]
 1071 | SVCALL(SD_PROTECTED_REGISTER_WRITE, uint32_t, sd_protected_register_write(volatile uint32_t * p_register, uint32_t value));
      |                                                                                                           ~~~~~~~~~^~~~~
/home/staszek/.platformio/packages/framework-arduinoadafruitnrf52/cores/nRF5/nordic/softdevice/s140_nrf52_7.3.0_API/include/nrf_svc.h:76:22: note: in definition of macro 'SVCALL'
   76 |   static return_type signature                          \
      |                      ^~~~~~~~~
/home/staszek/.platformio/packages/framework-arduinoadafruitnrf52/cores/nRF5/nordic/softdevice/s140_nrf52_7.3.0_API/include/nrf_sdm.h: In function 'uint32_t sd_softdevice_enable(const nrf_clock_lf_cfg_t*, nrf_fault_handler_t)':
/home/staszek/.platformio/packages/framework-arduinoadafruitnrf52/cores/nRF5/nordic/softdevice/s140_nrf52_7.3.0_API/include/nrf_sdm.h:326:88: warning: unused parameter 'p_clock_lf_cfg' [-Wunused-parameter]
  326 | SVCALL(SD_SOFTDEVICE_ENABLE, uint32_t, sd_softdevice_enable(nrf_clock_lf_cfg_t const * p_clock_lf_cfg, nrf_fault_handler_t fault_handler));
      |                                                             ~~~~~~~~~~~~~~~~~~~~~~~~~~~^~~~~~~~~~~~~~
/home/staszek/.platformio/packages/framework-arduinoadafruitnrf52/cores/nRF5/nordic/softdevice/s140_nrf52_7.3.0_API/include/nrf_svc.h:76:22: note: in definition of macro 'SVCALL'
   76 |   static return_type signature                          \
      |                      ^~~~~~~~~
/home/staszek/.platformio/packages/framework-arduinoadafruitnrf52/cores/nRF5/nordic/softdevice/s140_nrf52_7.3.0_API/include/nrf_sdm.h:326:124: warning: unused parameter 'fault_handler' [-Wunused-parameter]
  326 | SVCALL(SD_SOFTDEVICE_ENABLE, uint32_t, sd_softdevice_enable(nrf_clock_lf_cfg_t const * p_clock_lf_cfg, nrf_fault_handler_t fault_handler));
      |                                                                                                        ~~~~~~~~~~~~~~~~~~~~^~~~~~~~~~~~~
/home/staszek/.platformio/packages/framework-arduinoadafruitnrf52/cores/nRF5/nordic/softdevice/s140_nrf52_7.3.0_API/include/nrf_svc.h:76:22: note: in definition of macro 'SVCALL'
   76 |   static return_type signature                          \
      |                      ^~~~~~~~~
/home/staszek/.platformio/packages/framework-arduinoadafruitnrf52/cores/nRF5/nordic/softdevice/s140_nrf52_7.3.0_API/include/nrf_sdm.h: In function 'uint32_t sd_softdevice_is_enabled(uint8_t*)':
/home/staszek/.platformio/packages/framework-arduinoadafruitnrf52/cores/nRF5/nordic/softdevice/s140_nrf52_7.3.0_API/include/nrf_sdm.h:350:79: warning: unused parameter 'p_softdevice_enabled' [-Wunused-parameter]
  350 | SVCALL(SD_SOFTDEVICE_IS_ENABLED, uint32_t, sd_softdevice_is_enabled(uint8_t * p_softdevice_enabled));
      |                                                                     ~~~~~~~~~~^~~~~~~~~~~~~~~~~~~~
/home/staszek/.platformio/packages/framework-arduinoadafruitnrf52/cores/nRF5/nordic/softdevice/s140_nrf52_7.3.0_API/include/nrf_svc.h:76:22: note: in definition of macro 'SVCALL'
   76 |   static return_type signature                          \
      |                      ^~~~~~~~~
/home/staszek/.platformio/packages/framework-arduinoadafruitnrf52/cores/nRF5/nordic/softdevice/s140_nrf52_7.3.0_API/include/nrf_sdm.h: In function 'uint32_t sd_softdevice_vector_table_base_set(uint32_t)':
/home/staszek/.platformio/packages/framework-arduinoadafruitnrf52/cores/nRF5/nordic/softdevice/s140_nrf52_7.3.0_API/include/nrf_sdm.h:360:100: warning: unused parameter 'address' [-Wunused-parameter]
  360 | SVCALL(SD_SOFTDEVICE_VECTOR_TABLE_BASE_SET, uint32_t, sd_softdevice_vector_table_base_set(uint32_t address));
      |                                                                                           ~~~~~~~~~^~~~~~~
/home/staszek/.platformio/packages/framework-arduinoadafruitnrf52/cores/nRF5/nordic/softdevice/s140_nrf52_7.3.0_API/include/nrf_svc.h:76:22: note: in definition of macro 'SVCALL'
   76 |   static return_type signature                          \
      |                      ^~~~~~~~~
In file included from src/fw_context.h:24:
lib/hal/device_radio.h: In member function 'virtual bool meshroute::Sx1262Radio::poll_rx(uint8_t*, size_t, size_t&, float&, float&)':
lib/hal/device_radio.h:342:42: warning: '++' expression of 'volatile'-qualified type is deprecated [-Wvolatile]
  342 |         if (st != RADIOLIB_ERR_NONE) { ++g_rxbad_count; if (g_mr_trace_on) { Serial.print(F("[rxbad st=")); Serial.print(st); Serial.print(F(" t=")); Serial.print(millis()); Serial.println(F("]")); } return false; }   // count the CRC-storm event ALWAYS; the per-event print is GATED behind `debug on` (don't flood Serial when the radio is busiest)
      |                                          ^~~~~~~~~~~~~
src/firmware_inbox.cpp: In function 'void mrfw::handle_mark_read(const char*, Print&)':
src/firmware_inbox.cpp:77:9: warning: this 'if' clause does not guard... [-Wmisleading-indentation]
   77 |         if (n) out.write(eb, n); return;                  // fail loud on a bad kind
      |         ^~
src/firmware_inbox.cpp:77:34: note: ...this statement, but the latter is misleadingly indented as if it were guarded by the 'if'
   77 |         if (n) out.write(eb, n); return;                  // fail loud on a bad kind
      |                                  ^~~~~~
Compiling .pio/build/xiao_mobile/src/firmware_remote.cpp.o
In file included from src/fw_context.h:19,
                 from src/firmware_remote.cpp:9:
.pio/libdeps/xiao_mobile/RadioLib/src/RadioLib.h:58:4: warning: #warning "God mode active, I hope it was intentional. Buckle up, lads." [-Wcpp]
   58 |   #warning "God mode active, I hope it was intentional. Buckle up, lads."
      |    ^~~~~~~
In file included from /home/staszek/.platformio/packages/framework-arduinoadafruitnrf52/cores/nRF5/nordic/softdevice/s140_nrf52_7.3.0_API/include/nrf_soc.h:52,
                 from /home/staszek/.platformio/packages/framework-arduinoadafruitnrf52/cores/nRF5/WVariant.h:24,
                 from /home/staszek/.platformio/packages/framework-arduinoadafruitnrf52/cores/nRF5/Arduino.h:41,
                 from src/firmware_remote.h:17,
                 from src/firmware_remote.cpp:8:
/home/staszek/.platformio/packages/framework-arduinoadafruitnrf52/cores/nRF5/nordic/softdevice/s140_nrf52_7.3.0_API/include/nrf_soc.h: In function 'uint32_t sd_mutex_new(nrf_mutex_t*)':
/home/staszek/.platformio/packages/framework-arduinoadafruitnrf52/cores/nRF5/nordic/softdevice/s140_nrf52_7.3.0_API/include/nrf_soc.h:452:59: warning: unused parameter 'p_mutex' [-Wunused-parameter]
  452 | SVCALL(SD_MUTEX_NEW, uint32_t, sd_mutex_new(nrf_mutex_t * p_mutex));
      |                                             ~~~~~~~~~~~~~~^~~~~~~
/home/staszek/.platformio/packages/framework-arduinoadafruitnrf52/cores/nRF5/nordic/softdevice/s140_nrf52_7.3.0_API/include/nrf_svc.h:76:22: note: in definition of macro 'SVCALL'
   76 |   static return_type signature                          \
      |                      ^~~~~~~~~
/home/staszek/.platformio/packages/framework-arduinoadafruitnrf52/cores/nRF5/nordic/softdevice/s140_nrf52_7.3.0_API/include/nrf_soc.h: In function 'uint32_t sd_mutex_acquire(nrf_mutex_t*)':
/home/staszek/.platformio/packages/framework-arduinoadafruitnrf52/cores/nRF5/nordic/softdevice/s140_nrf52_7.3.0_API/include/nrf_soc.h:461:67: warning: unused parameter 'p_mutex' [-Wunused-parameter]
  461 | SVCALL(SD_MUTEX_ACQUIRE, uint32_t, sd_mutex_acquire(nrf_mutex_t * p_mutex));
      |                                                     ~~~~~~~~~~~~~~^~~~~~~
/home/staszek/.platformio/packages/framework-arduinoadafruitnrf52/cores/nRF5/nordic/softdevice/s140_nrf52_7.3.0_API/include/nrf_svc.h:76:22: note: in definition of macro 'SVCALL'
   76 |   static return_type signature                          \
      |                      ^~~~~~~~~
/home/staszek/.platformio/packages/framework-arduinoadafruitnrf52/cores/nRF5/nordic/softdevice/s140_nrf52_7.3.0_API/include/nrf_soc.h: In function 'uint32_t sd_mutex_release(nrf_mutex_t*)':
/home/staszek/.platformio/packages/framework-arduinoadafruitnrf52/cores/nRF5/nordic/softdevice/s140_nrf52_7.3.0_API/include/nrf_soc.h:469:67: warning: unused parameter 'p_mutex' [-Wunused-parameter]
  469 | SVCALL(SD_MUTEX_RELEASE, uint32_t, sd_mutex_release(nrf_mutex_t * p_mutex));
      |                                                     ~~~~~~~~~~~~~~^~~~~~~
/home/staszek/.platformio/packages/framework-arduinoadafruitnrf52/cores/nRF5/nordic/softdevice/s140_nrf52_7.3.0_API/include/nrf_svc.h:76:22: note: in definition of macro 'SVCALL'
   76 |   static return_type signature                          \
      |                      ^~~~~~~~~
/home/staszek/.platformio/packages/framework-arduinoadafruitnrf52/cores/nRF5/nordic/softdevice/s140_nrf52_7.3.0_API/include/nrf_soc.h: In function 'uint32_t sd_rand_application_pool_capacity_get(uint8_t*)':
/home/staszek/.platformio/packages/framework-arduinoadafruitnrf52/cores/nRF5/nordic/softdevice/s140_nrf52_7.3.0_API/include/nrf_soc.h:477:105: warning: unused parameter 'p_pool_capacity' [-Wunused-parameter]
  477 | SVCALL(SD_RAND_APPLICATION_POOL_CAPACITY_GET, uint32_t, sd_rand_application_pool_capacity_get(uint8_t * p_pool_capacity));
      |                                                                                               ~~~~~~~~~~^~~~~~~~~~~~~~~
/home/staszek/.platformio/packages/framework-arduinoadafruitnrf52/cores/nRF5/nordic/softdevice/s140_nrf52_7.3.0_API/include/nrf_svc.h:76:22: note: in definition of macro 'SVCALL'
   76 |   static return_type signature                          \
      |                      ^~~~~~~~~
/home/staszek/.platformio/packages/framework-arduinoadafruitnrf52/cores/nRF5/nordic/softdevice/s140_nrf52_7.3.0_API/include/nrf_soc.h: In function 'uint32_t sd_rand_application_bytes_available_get(uint8_t*)':
/home/staszek/.platformio/packages/framework-arduinoadafruitnrf52/cores/nRF5/nordic/softdevice/s140_nrf52_7.3.0_API/include/nrf_soc.h:485:109: warning: unused parameter 'p_bytes_available' [-Wunused-parameter]
  485 | SVCALL(SD_RAND_APPLICATION_BYTES_AVAILABLE_GET, uint32_t, sd_rand_application_bytes_available_get(uint8_t * p_bytes_available));
      |                                                                                                   ~~~~~~~~~~^~~~~~~~~~~~~~~~~
/home/staszek/.platformio/packages/framework-arduinoadafruitnrf52/cores/nRF5/nordic/softdevice/s140_nrf52_7.3.0_API/include/nrf_svc.h:76:22: note: in definition of macro 'SVCALL'
   76 |   static return_type signature                          \
      |                      ^~~~~~~~~
/home/staszek/.platformio/packages/framework-arduinoadafruitnrf52/cores/nRF5/nordic/softdevice/s140_nrf52_7.3.0_API/include/nrf_soc.h: In function 'uint32_t sd_rand_application_vector_get(uint8_t*, uint8_t)':
/home/staszek/.platformio/packages/framework-arduinoadafruitnrf52/cores/nRF5/nordic/softdevice/s140_nrf52_7.3.0_API/include/nrf_soc.h:495:91: warning: unused parameter 'p_buff' [-Wunused-parameter]
  495 | SVCALL(SD_RAND_APPLICATION_VECTOR_GET, uint32_t, sd_rand_application_vector_get(uint8_t * p_buff, uint8_t length));
      |                                                                                 ~~~~~~~~~~^~~~~~
/home/staszek/.platformio/packages/framework-arduinoadafruitnrf52/cores/nRF5/nordic/softdevice/s140_nrf52_7.3.0_API/include/nrf_svc.h:76:22: note: in definition of macro 'SVCALL'
   76 |   static return_type signature                          \
      |                      ^~~~~~~~~
/home/staszek/.platformio/packages/framework-arduinoadafruitnrf52/cores/nRF5/nordic/softdevice/s140_nrf52_7.3.0_API/include/nrf_soc.h:495:107: warning: unused parameter 'length' [-Wunused-parameter]
  495 | SVCALL(SD_RAND_APPLICATION_VECTOR_GET, uint32_t, sd_rand_application_vector_get(uint8_t * p_buff, uint8_t length));
      |                                                                                                   ~~~~~~~~^~~~~~
/home/staszek/.platformio/packages/framework-arduinoadafruitnrf52/cores/nRF5/nordic/softdevice/s140_nrf52_7.3.0_API/include/nrf_svc.h:76:22: note: in definition of macro 'SVCALL'
   76 |   static return_type signature                          \
      |                      ^~~~~~~~~
/home/staszek/.platformio/packages/framework-arduinoadafruitnrf52/cores/nRF5/nordic/softdevice/s140_nrf52_7.3.0_API/include/nrf_soc.h: In function 'uint32_t sd_power_reset_reason_get(uint32_t*)':
/home/staszek/.platformio/packages/framework-arduinoadafruitnrf52/cores/nRF5/nordic/softdevice/s140_nrf52_7.3.0_API/include/nrf_soc.h:503:82: warning: unused parameter 'p_reset_reason' [-Wunused-parameter]
  503 | SVCALL(SD_POWER_RESET_REASON_GET, uint32_t, sd_power_reset_reason_get(uint32_t * p_reset_reason));
      |                                                                       ~~~~~~~~~~~^~~~~~~~~~~~~~
/home/staszek/.platformio/packages/framework-arduinoadafruitnrf52/cores/nRF5/nordic/softdevice/s140_nrf52_7.3.0_API/include/nrf_svc.h:76:22: note: in definition of macro 'SVCALL'
   76 |   static return_type signature                          \
      |                      ^~~~~~~~~
/home/staszek/.platformio/packages/framework-arduinoadafruitnrf52/cores/nRF5/nordic/softdevice/s140_nrf52_7.3.0_API/include/nrf_soc.h: In function 'uint32_t sd_power_reset_reason_clr(uint32_t)':
/home/staszek/.platformio/packages/framework-arduinoadafruitnrf52/cores/nRF5/nordic/softdevice/s140_nrf52_7.3.0_API/include/nrf_soc.h:511:80: warning: unused parameter 'reset_reason_clr_msk' [-Wunused-parameter]
  511 | SVCALL(SD_POWER_RESET_REASON_CLR, uint32_t, sd_power_reset_reason_clr(uint32_t reset_reason_clr_msk));
      |                                                                       ~~~~~~~~~^~~~~~~~~~~~~~~~~~~~
/home/staszek/.platformio/packages/framework-arduinoadafruitnrf52/cores/nRF5/nordic/softdevice/s140_nrf52_7.3.0_API/include/nrf_svc.h:76:22: note: in definition of macro 'SVCALL'
   76 |   static return_type signature                          \
      |                      ^~~~~~~~~
/home/staszek/.platformio/packages/framework-arduinoadafruitnrf52/cores/nRF5/nordic/softdevice/s140_nrf52_7.3.0_API/include/nrf_soc.h: In function 'uint32_t sd_power_mode_set(uint8_t)':
/home/staszek/.platformio/packages/framework-arduinoadafruitnrf52/cores/nRF5/nordic/softdevice/s140_nrf52_7.3.0_API/include/nrf_soc.h:520:63: warning: unused parameter 'power_mode' [-Wunused-parameter]
  520 | SVCALL(SD_POWER_MODE_SET, uint32_t, sd_power_mode_set(uint8_t power_mode));
      |                                                       ~~~~~~~~^~~~~~~~~~
/home/staszek/.platformio/packages/framework-arduinoadafruitnrf52/cores/nRF5/nordic/softdevice/s140_nrf52_7.3.0_API/include/nrf_svc.h:76:22: note: in definition of macro 'SVCALL'
   76 |   static return_type signature                          \
      |                      ^~~~~~~~~
/home/staszek/.platformio/packages/framework-arduinoadafruitnrf52/cores/nRF5/nordic/softdevice/s140_nrf52_7.3.0_API/include/nrf_soc.h: In function 'uint32_t sd_power_pof_enable(uint8_t)':
/home/staszek/.platformio/packages/framework-arduinoadafruitnrf52/cores/nRF5/nordic/softdevice/s140_nrf52_7.3.0_API/include/nrf_soc.h:537:67: warning: unused parameter 'pof_enable' [-Wunused-parameter]
  537 | SVCALL(SD_POWER_POF_ENABLE, uint32_t, sd_power_pof_enable(uint8_t pof_enable));
      |                                                           ~~~~~~~~^~~~~~~~~~
/home/staszek/.platformio/packages/framework-arduinoadafruitnrf52/cores/nRF5/nordic/softdevice/s140_nrf52_7.3.0_API/include/nrf_svc.h:76:22: note: in definition of macro 'SVCALL'
   76 |   static return_type signature                          \
      |                      ^~~~~~~~~
/home/staszek/.platformio/packages/framework-arduinoadafruitnrf52/cores/nRF5/nordic/softdevice/s140_nrf52_7.3.0_API/include/nrf_soc.h: In function 'uint32_t sd_power_usbpwrrdy_enable(uint8_t)':
/home/staszek/.platformio/packages/framework-arduinoadafruitnrf52/cores/nRF5/nordic/softdevice/s140_nrf52_7.3.0_API/include/nrf_soc.h:550:79: warning: unused parameter 'usbpwrrdy_enable' [-Wunused-parameter]
  550 | SVCALL(SD_POWER_USBPWRRDY_ENABLE, uint32_t, sd_power_usbpwrrdy_enable(uint8_t usbpwrrdy_enable));
      |                                                                       ~~~~~~~~^~~~~~~~~~~~~~~~
/home/staszek/.platformio/packages/framework-arduinoadafruitnrf52/cores/nRF5/nordic/softdevice/s140_nrf52_7.3.0_API/include/nrf_svc.h:76:22: note: in definition of macro 'SVCALL'
   76 |   static return_type signature                          \
      |                      ^~~~~~~~~
/home/staszek/.platformio/packages/framework-arduinoadafruitnrf52/cores/nRF5/nordic/softdevice/s140_nrf52_7.3.0_API/include/nrf_soc.h: In function 'uint32_t sd_power_usbdetected_enable(uint8_t)':
/home/staszek/.platformio/packages/framework-arduinoadafruitnrf52/cores/nRF5/nordic/softdevice/s140_nrf52_7.3.0_API/include/nrf_soc.h:563:83: warning: unused parameter 'usbdetected_enable' [-Wunused-parameter]
  563 | SVCALL(SD_POWER_USBDETECTED_ENABLE, uint32_t, sd_power_usbdetected_enable(uint8_t usbdetected_enable));
      |                                                                           ~~~~~~~~^~~~~~~~~~~~~~~~~~
/home/staszek/.platformio/packages/framework-arduinoadafruitnrf52/cores/nRF5/nordic/softdevice/s140_nrf52_7.3.0_API/include/nrf_svc.h:76:22: note: in definition of macro 'SVCALL'
   76 |   static return_type signature                          \
      |                      ^~~~~~~~~
/home/staszek/.platformio/packages/framework-arduinoadafruitnrf52/cores/nRF5/nordic/softdevice/s140_nrf52_7.3.0_API/include/nrf_soc.h: In function 'uint32_t sd_power_usbremoved_enable(uint8_t)':
/home/staszek/.platformio/packages/framework-arduinoadafruitnrf52/cores/nRF5/nordic/softdevice/s140_nrf52_7.3.0_API/include/nrf_soc.h:576:81: warning: unused parameter 'usbremoved_enable' [-Wunused-parameter]
  576 | SVCALL(SD_POWER_USBREMOVED_ENABLE, uint32_t, sd_power_usbremoved_enable(uint8_t usbremoved_enable));
      |                                                                         ~~~~~~~~^~~~~~~~~~~~~~~~~
/home/staszek/.platformio/packages/framework-arduinoadafruitnrf52/cores/nRF5/nordic/softdevice/s140_nrf52_7.3.0_API/include/nrf_svc.h:76:22: note: in definition of macro 'SVCALL'
   76 |   static return_type signature                          \
      |                      ^~~~~~~~~
/home/staszek/.platformio/packages/framework-arduinoadafruitnrf52/cores/nRF5/nordic/softdevice/s140_nrf52_7.3.0_API/include/nrf_soc.h: In function 'uint32_t sd_power_usbregstatus_get(uint32_t*)':
/home/staszek/.platformio/packages/framework-arduinoadafruitnrf52/cores/nRF5/nordic/softdevice/s140_nrf52_7.3.0_API/include/nrf_soc.h:586:82: warning: unused parameter 'usbregstatus' [-Wunused-parameter]
  586 | SVCALL(SD_POWER_USBREGSTATUS_GET, uint32_t, sd_power_usbregstatus_get(uint32_t * usbregstatus));
      |                                                                       ~~~~~~~~~~~^~~~~~~~~~~~
/home/staszek/.platformio/packages/framework-arduinoadafruitnrf52/cores/nRF5/nordic/softdevice/s140_nrf52_7.3.0_API/include/nrf_svc.h:76:22: note: in definition of macro 'SVCALL'
   76 |   static return_type signature                          \
      |                      ^~~~~~~~~
/home/staszek/.platformio/packages/framework-arduinoadafruitnrf52/cores/nRF5/nordic/softdevice/s140_nrf52_7.3.0_API/include/nrf_soc.h: In function 'uint32_t sd_power_pof_threshold_set(uint8_t)':
/home/staszek/.platformio/packages/framework-arduinoadafruitnrf52/cores/nRF5/nordic/softdevice/s140_nrf52_7.3.0_API/include/nrf_soc.h:599:81: warning: unused parameter 'threshold' [-Wunused-parameter]
  599 | SVCALL(SD_POWER_POF_THRESHOLD_SET, uint32_t, sd_power_pof_threshold_set(uint8_t threshold));
      |                                                                         ~~~~~~~~^~~~~~~~~
/home/staszek/.platformio/packages/framework-arduinoadafruitnrf52/cores/nRF5/nordic/softdevice/s140_nrf52_7.3.0_API/include/nrf_svc.h:76:22: note: in definition of macro 'SVCALL'
   76 |   static return_type signature                          \
      |                      ^~~~~~~~~
/home/staszek/.platformio/packages/framework-arduinoadafruitnrf52/cores/nRF5/nordic/softdevice/s140_nrf52_7.3.0_API/include/nrf_soc.h: In function 'uint32_t sd_power_pof_thresholdvddh_set(uint8_t)':
/home/staszek/.platformio/packages/framework-arduinoadafruitnrf52/cores/nRF5/nordic/softdevice/s140_nrf52_7.3.0_API/include/nrf_soc.h:612:89: warning: unused parameter 'threshold' [-Wunused-parameter]
  612 | SVCALL(SD_POWER_POF_THRESHOLDVDDH_SET, uint32_t, sd_power_pof_thresholdvddh_set(uint8_t threshold));
      |                                                                                 ~~~~~~~~^~~~~~~~~
/home/staszek/.platformio/packages/framework-arduinoadafruitnrf52/cores/nRF5/nordic/softdevice/s140_nrf52_7.3.0_API/include/nrf_svc.h:76:22: note: in definition of macro 'SVCALL'
   76 |   static return_type signature                          \
      |                      ^~~~~~~~~
/home/staszek/.platformio/packages/framework-arduinoadafruitnrf52/cores/nRF5/nordic/softdevice/s140_nrf52_7.3.0_API/include/nrf_soc.h: In function 'uint32_t sd_power_ram_power_set(uint8_t, uint32_t)':
/home/staszek/.platformio/packages/framework-arduinoadafruitnrf52/cores/nRF5/nordic/softdevice/s140_nrf52_7.3.0_API/include/nrf_soc.h:621:73: warning: unused parameter 'index' [-Wunused-parameter]
  621 | SVCALL(SD_POWER_RAM_POWER_SET, uint32_t, sd_power_ram_power_set(uint8_t index, uint32_t ram_powerset));
      |                                                                 ~~~~~~~~^~~~~
/home/staszek/.platformio/packages/framework-arduinoadafruitnrf52/cores/nRF5/nordic/softdevice/s140_nrf52_7.3.0_API/include/nrf_svc.h:76:22: note: in definition of macro 'SVCALL'
   76 |   static return_type signature                          \
      |                      ^~~~~~~~~
/home/staszek/.platformio/packages/framework-arduinoadafruitnrf52/cores/nRF5/nordic/softdevice/s140_nrf52_7.3.0_API/include/nrf_soc.h:621:89: warning: unused parameter 'ram_powerset' [-Wunused-parameter]
  621 | SVCALL(SD_POWER_RAM_POWER_SET, uint32_t, sd_power_ram_power_set(uint8_t index, uint32_t ram_powerset));
      |                                                                                ~~~~~~~~~^~~~~~~~~~~~
/home/staszek/.platformio/packages/framework-arduinoadafruitnrf52/cores/nRF5/nordic/softdevice/s140_nrf52_7.3.0_API/include/nrf_svc.h:76:22: note: in definition of macro 'SVCALL'
   76 |   static return_type signature                          \
      |                      ^~~~~~~~~
/home/staszek/.platformio/packages/framework-arduinoadafruitnrf52/cores/nRF5/nordic/softdevice/s140_nrf52_7.3.0_API/include/nrf_soc.h: In function 'uint32_t sd_power_ram_power_clr(uint8_t, uint32_t)':
/home/staszek/.platformio/packages/framework-arduinoadafruitnrf52/cores/nRF5/nordic/softdevice/s140_nrf52_7.3.0_API/include/nrf_soc.h:630:73: warning: unused parameter 'index' [-Wunused-parameter]
  630 | SVCALL(SD_POWER_RAM_POWER_CLR, uint32_t, sd_power_ram_power_clr(uint8_t index, uint32_t ram_powerclr));
      |                                                                 ~~~~~~~~^~~~~
/home/staszek/.platformio/packages/framework-arduinoadafruitnrf52/cores/nRF5/nordic/softdevice/s140_nrf52_7.3.0_API/include/nrf_svc.h:76:22: note: in definition of macro 'SVCALL'
   76 |   static return_type signature                          \
      |                      ^~~~~~~~~
/home/staszek/.platformio/packages/framework-arduinoadafruitnrf52/cores/nRF5/nordic/softdevice/s140_nrf52_7.3.0_API/include/nrf_soc.h:630:89: warning: unused parameter 'ram_powerclr' [-Wunused-parameter]
  630 | SVCALL(SD_POWER_RAM_POWER_CLR, uint32_t, sd_power_ram_power_clr(uint8_t index, uint32_t ram_powerclr));
      |                                                                                ~~~~~~~~~^~~~~~~~~~~~
/home/staszek/.platformio/packages/framework-arduinoadafruitnrf52/cores/nRF5/nordic/softdevice/s140_nrf52_7.3.0_API/include/nrf_svc.h:76:22: note: in definition of macro 'SVCALL'
   76 |   static return_type signature                          \
      |                      ^~~~~~~~~
/home/staszek/.platformio/packages/framework-arduinoadafruitnrf52/cores/nRF5/nordic/softdevice/s140_nrf52_7.3.0_API/include/nrf_soc.h: In function 'uint32_t sd_power_ram_power_get(uint8_t, uint32_t*)':
/home/staszek/.platformio/packages/framework-arduinoadafruitnrf52/cores/nRF5/nordic/softdevice/s140_nrf52_7.3.0_API/include/nrf_soc.h:639:73: warning: unused parameter 'index' [-Wunused-parameter]
  639 | SVCALL(SD_POWER_RAM_POWER_GET, uint32_t, sd_power_ram_power_get(uint8_t index, uint32_t * p_ram_power));
      |                                                                 ~~~~~~~~^~~~~
/home/staszek/.platformio/packages/framework-arduinoadafruitnrf52/cores/nRF5/nordic/softdevice/s140_nrf52_7.3.0_API/include/nrf_svc.h:76:22: note: in definition of macro 'SVCALL'
   76 |   static return_type signature                          \
      |                      ^~~~~~~~~
/home/staszek/.platformio/packages/framework-arduinoadafruitnrf52/cores/nRF5/nordic/softdevice/s140_nrf52_7.3.0_API/include/nrf_soc.h:639:91: warning: unused parameter 'p_ram_power' [-Wunused-parameter]
  639 | SVCALL(SD_POWER_RAM_POWER_GET, uint32_t, sd_power_ram_power_get(uint8_t index, uint32_t * p_ram_power));
      |                                                                                ~~~~~~~~~~~^~~~~~~~~~~
/home/staszek/.platformio/packages/framework-arduinoadafruitnrf52/cores/nRF5/nordic/softdevice/s140_nrf52_7.3.0_API/include/nrf_svc.h:76:22: note: in definition of macro 'SVCALL'
   76 |   static return_type signature                          \
      |                      ^~~~~~~~~
/home/staszek/.platformio/packages/framework-arduinoadafruitnrf52/cores/nRF5/nordic/softdevice/s140_nrf52_7.3.0_API/include/nrf_soc.h: In function 'uint32_t sd_power_gpregret_set(uint32_t, uint32_t)':
/home/staszek/.platformio/packages/framework-arduinoadafruitnrf52/cores/nRF5/nordic/softdevice/s140_nrf52_7.3.0_API/include/nrf_soc.h:648:72: warning: unused parameter 'gpregret_id' [-Wunused-parameter]
  648 | SVCALL(SD_POWER_GPREGRET_SET, uint32_t, sd_power_gpregret_set(uint32_t gpregret_id, uint32_t gpregret_msk));
      |                                                               ~~~~~~~~~^~~~~~~~~~~
/home/staszek/.platformio/packages/framework-arduinoadafruitnrf52/cores/nRF5/nordic/softdevice/s140_nrf52_7.3.0_API/include/nrf_svc.h:76:22: note: in definition of macro 'SVCALL'
   76 |   static return_type signature                          \
      |                      ^~~~~~~~~
/home/staszek/.platformio/packages/framework-arduinoadafruitnrf52/cores/nRF5/nordic/softdevice/s140_nrf52_7.3.0_API/include/nrf_soc.h:648:94: warning: unused parameter 'gpregret_msk' [-Wunused-parameter]
  648 | SVCALL(SD_POWER_GPREGRET_SET, uint32_t, sd_power_gpregret_set(uint32_t gpregret_id, uint32_t gpregret_msk));
      |                                                                                     ~~~~~~~~~^~~~~~~~~~~~
/home/staszek/.platformio/packages/framework-arduinoadafruitnrf52/cores/nRF5/nordic/softdevice/s140_nrf52_7.3.0_API/include/nrf_svc.h:76:22: note: in definition of macro 'SVCALL'
   76 |   static return_type signature                          \
      |                      ^~~~~~~~~
/home/staszek/.platformio/packages/framework-arduinoadafruitnrf52/cores/nRF5/nordic/softdevice/s140_nrf52_7.3.0_API/include/nrf_soc.h: In function 'uint32_t sd_power_gpregret_clr(uint32_t, uint32_t)':
/home/staszek/.platformio/packages/framework-arduinoadafruitnrf52/cores/nRF5/nordic/softdevice/s140_nrf52_7.3.0_API/include/nrf_soc.h:657:72: warning: unused parameter 'gpregret_id' [-Wunused-parameter]
  657 | SVCALL(SD_POWER_GPREGRET_CLR, uint32_t, sd_power_gpregret_clr(uint32_t gpregret_id, uint32_t gpregret_msk));
      |                                                               ~~~~~~~~~^~~~~~~~~~~
/home/staszek/.platformio/packages/framework-arduinoadafruitnrf52/cores/nRF5/nordic/softdevice/s140_nrf52_7.3.0_API/include/nrf_svc.h:76:22: note: in definition of macro 'SVCALL'
   76 |   static return_type signature                          \
      |                      ^~~~~~~~~
/home/staszek/.platformio/packages/framework-arduinoadafruitnrf52/cores/nRF5/nordic/softdevice/s140_nrf52_7.3.0_API/include/nrf_soc.h:657:94: warning: unused parameter 'gpregret_msk' [-Wunused-parameter]
  657 | SVCALL(SD_POWER_GPREGRET_CLR, uint32_t, sd_power_gpregret_clr(uint32_t gpregret_id, uint32_t gpregret_msk));
      |                                                                                     ~~~~~~~~~^~~~~~~~~~~~
/home/staszek/.platformio/packages/framework-arduinoadafruitnrf52/cores/nRF5/nordic/softdevice/s140_nrf52_7.3.0_API/include/nrf_svc.h:76:22: note: in definition of macro 'SVCALL'
   76 |   static return_type signature                          \
      |                      ^~~~~~~~~
/home/staszek/.platformio/packages/framework-arduinoadafruitnrf52/cores/nRF5/nordic/softdevice/s140_nrf52_7.3.0_API/include/nrf_soc.h: In function 'uint32_t sd_power_gpregret_get(uint32_t, uint32_t*)':
/home/staszek/.platformio/packages/framework-arduinoadafruitnrf52/cores/nRF5/nordic/softdevice/s140_nrf52_7.3.0_API/include/nrf_soc.h:666:72: warning: unused parameter 'gpregret_id' [-Wunused-parameter]
  666 | SVCALL(SD_POWER_GPREGRET_GET, uint32_t, sd_power_gpregret_get(uint32_t gpregret_id, uint32_t *p_gpregret));
      |                                                               ~~~~~~~~~^~~~~~~~~~~
/home/staszek/.platformio/packages/framework-arduinoadafruitnrf52/cores/nRF5/nordic/softdevice/s140_nrf52_7.3.0_API/include/nrf_svc.h:76:22: note: in definition of macro 'SVCALL'
   76 |   static return_type signature                          \
      |                      ^~~~~~~~~
/home/staszek/.platformio/packages/framework-arduinoadafruitnrf52/cores/nRF5/nordic/softdevice/s140_nrf52_7.3.0_API/include/nrf_soc.h:666:95: warning: unused parameter 'p_gpregret' [-Wunused-parameter]
  666 | SVCALL(SD_POWER_GPREGRET_GET, uint32_t, sd_power_gpregret_get(uint32_t gpregret_id, uint32_t *p_gpregret));
      |                                                                                     ~~~~~~~~~~^~~~~~~~~~
/home/staszek/.platformio/packages/framework-arduinoadafruitnrf52/cores/nRF5/nordic/softdevice/s140_nrf52_7.3.0_API/include/nrf_svc.h:76:22: note: in definition of macro 'SVCALL'
   76 |   static return_type signature                          \
      |                      ^~~~~~~~~
/home/staszek/.platformio/packages/framework-arduinoadafruitnrf52/cores/nRF5/nordic/softdevice/s140_nrf52_7.3.0_API/include/nrf_soc.h: In function 'uint32_t sd_power_dcdc_mode_set(uint8_t)':
/home/staszek/.platformio/packages/framework-arduinoadafruitnrf52/cores/nRF5/nordic/softdevice/s140_nrf52_7.3.0_API/include/nrf_soc.h:675:73: warning: unused parameter 'dcdc_mode' [-Wunused-parameter]
  675 | SVCALL(SD_POWER_DCDC_MODE_SET, uint32_t, sd_power_dcdc_mode_set(uint8_t dcdc_mode));
      |                                                                 ~~~~~~~~^~~~~~~~~
/home/staszek/.platformio/packages/framework-arduinoadafruitnrf52/cores/nRF5/nordic/softdevice/s140_nrf52_7.3.0_API/include/nrf_svc.h:76:22: note: in definition of macro 'SVCALL'
   76 |   static return_type signature                          \
      |                      ^~~~~~~~~
/home/staszek/.platformio/packages/framework-arduinoadafruitnrf52/cores/nRF5/nordic/softdevice/s140_nrf52_7.3.0_API/include/nrf_soc.h: In function 'uint32_t sd_power_dcdc0_mode_set(uint8_t)':
/home/staszek/.platformio/packages/framework-arduinoadafruitnrf52/cores/nRF5/nordic/softdevice/s140_nrf52_7.3.0_API/include/nrf_soc.h:686:75: warning: unused parameter 'dcdc_mode' [-Wunused-parameter]
  686 | SVCALL(SD_POWER_DCDC0_MODE_SET, uint32_t, sd_power_dcdc0_mode_set(uint8_t dcdc_mode));
      |                                                                   ~~~~~~~~^~~~~~~~~
/home/staszek/.platformio/packages/framework-arduinoadafruitnrf52/cores/nRF5/nordic/softdevice/s140_nrf52_7.3.0_API/include/nrf_svc.h:76:22: note: in definition of macro 'SVCALL'
   76 |   static return_type signature                          \
      |                      ^~~~~~~~~
/home/staszek/.platformio/packages/framework-arduinoadafruitnrf52/cores/nRF5/nordic/softdevice/s140_nrf52_7.3.0_API/include/nrf_soc.h: In function 'uint32_t sd_clock_hfclk_is_running(uint32_t*)':
/home/staszek/.platformio/packages/framework-arduinoadafruitnrf52/cores/nRF5/nordic/softdevice/s140_nrf52_7.3.0_API/include/nrf_soc.h:720:82: warning: unused parameter 'p_is_running' [-Wunused-parameter]
  720 | SVCALL(SD_CLOCK_HFCLK_IS_RUNNING, uint32_t, sd_clock_hfclk_is_running(uint32_t * p_is_running));
      |                                                                       ~~~~~~~~~~~^~~~~~~~~~~~
/home/staszek/.platformio/packages/framework-arduinoadafruitnrf52/cores/nRF5/nordic/softdevice/s140_nrf52_7.3.0_API/include/nrf_svc.h:76:22: note: in definition of macro 'SVCALL'
   76 |   static return_type signature                          \
      |                      ^~~~~~~~~
/home/staszek/.platformio/packages/framework-arduinoadafruitnrf52/cores/nRF5/nordic/softdevice/s140_nrf52_7.3.0_API/include/nrf_soc.h: In function 'uint32_t sd_ppi_channel_enable_get(uint32_t*)':
/home/staszek/.platformio/packages/framework-arduinoadafruitnrf52/cores/nRF5/nordic/softdevice/s140_nrf52_7.3.0_API/include/nrf_soc.h:756:82: warning: unused parameter 'p_channel_enable' [-Wunused-parameter]
  756 | SVCALL(SD_PPI_CHANNEL_ENABLE_GET, uint32_t, sd_ppi_channel_enable_get(uint32_t * p_channel_enable));
      |                                                                       ~~~~~~~~~~~^~~~~~~~~~~~~~~~
/home/staszek/.platformio/packages/framework-arduinoadafruitnrf52/cores/nRF5/nordic/softdevice/s140_nrf52_7.3.0_API/include/nrf_svc.h:76:22: note: in definition of macro 'SVCALL'
   76 |   static return_type signature                          \
      |                      ^~~~~~~~~
/home/staszek/.platformio/packages/framework-arduinoadafruitnrf52/cores/nRF5/nordic/softdevice/s140_nrf52_7.3.0_API/include/nrf_soc.h: In function 'uint32_t sd_ppi_channel_enable_set(uint32_t)':
/home/staszek/.platformio/packages/framework-arduinoadafruitnrf52/cores/nRF5/nordic/softdevice/s140_nrf52_7.3.0_API/include/nrf_soc.h:764:80: warning: unused parameter 'channel_enable_set_msk' [-Wunused-parameter]
  764 | SVCALL(SD_PPI_CHANNEL_ENABLE_SET, uint32_t, sd_ppi_channel_enable_set(uint32_t channel_enable_set_msk));
      |                                                                       ~~~~~~~~~^~~~~~~~~~~~~~~~~~~~~~
/home/staszek/.platformio/packages/framework-arduinoadafruitnrf52/cores/nRF5/nordic/softdevice/s140_nrf52_7.3.0_API/include/nrf_svc.h:76:22: note: in definition of macro 'SVCALL'
   76 |   static return_type signature                          \
      |                      ^~~~~~~~~
/home/staszek/.platformio/packages/framework-arduinoadafruitnrf52/cores/nRF5/nordic/softdevice/s140_nrf52_7.3.0_API/include/nrf_soc.h: In function 'uint32_t sd_ppi_channel_enable_clr(uint32_t)':
/home/staszek/.platformio/packages/framework-arduinoadafruitnrf52/cores/nRF5/nordic/softdevice/s140_nrf52_7.3.0_API/include/nrf_soc.h:772:80: warning: unused parameter 'channel_enable_clr_msk' [-Wunused-parameter]
  772 | SVCALL(SD_PPI_CHANNEL_ENABLE_CLR, uint32_t, sd_ppi_channel_enable_clr(uint32_t channel_enable_clr_msk));
      |                                                                       ~~~~~~~~~^~~~~~~~~~~~~~~~~~~~~~
/home/staszek/.platformio/packages/framework-arduinoadafruitnrf52/cores/nRF5/nordic/softdevice/s140_nrf52_7.3.0_API/include/nrf_svc.h:76:22: note: in definition of macro 'SVCALL'
   76 |   static return_type signature                          \
      |                      ^~~~~~~~~
/home/staszek/.platformio/packages/framework-arduinoadafruitnrf52/cores/nRF5/nordic/softdevice/s140_nrf52_7.3.0_API/include/nrf_soc.h: In function 'uint32_t sd_ppi_channel_assign(uint8_t, const volatile void*, const volatile void*)':
/home/staszek/.platformio/packages/framework-arduinoadafruitnrf52/cores/nRF5/nordic/softdevice/s140_nrf52_7.3.0_API/include/nrf_soc.h:783:71: warning: unused parameter 'channel_num' [-Wunused-parameter]
  783 | SVCALL(SD_PPI_CHANNEL_ASSIGN, uint32_t, sd_ppi_channel_assign(uint8_t channel_num, const volatile void * evt_endpoint, const volatile void * task_endpoint));
      |                                                               ~~~~~~~~^~~~~~~~~~~
/home/staszek/.platformio/packages/framework-arduinoadafruitnrf52/cores/nRF5/nordic/softdevice/s140_nrf52_7.3.0_API/include/nrf_svc.h:76:22: note: in definition of macro 'SVCALL'
   76 |   static return_type signature                          \
      |                      ^~~~~~~~~
/home/staszek/.platformio/packages/framework-arduinoadafruitnrf52/cores/nRF5/nordic/softdevice/s140_nrf52_7.3.0_API/include/nrf_soc.h:783:106: warning: unused parameter 'evt_endpoint' [-Wunused-parameter]
  783 | SVCALL(SD_PPI_CHANNEL_ASSIGN, uint32_t, sd_ppi_channel_assign(uint8_t channel_num, const volatile void * evt_endpoint, const volatile void * task_endpoint));
      |                                                                                    ~~~~~~~~~~~~~~~~~~~~~~^~~~~~~~~~~~
/home/staszek/.platformio/packages/framework-arduinoadafruitnrf52/cores/nRF5/nordic/softdevice/s140_nrf52_7.3.0_API/include/nrf_svc.h:76:22: note: in definition of macro 'SVCALL'
   76 |   static return_type signature                          \
      |                      ^~~~~~~~~
/home/staszek/.platformio/packages/framework-arduinoadafruitnrf52/cores/nRF5/nordic/softdevice/s140_nrf52_7.3.0_API/include/nrf_soc.h:783:142: warning: unused parameter 'task_endpoint' [-Wunused-parameter]
  783 | SVCALL(SD_PPI_CHANNEL_ASSIGN, uint32_t, sd_ppi_channel_assign(uint8_t channel_num, const volatile void * evt_endpoint, const volatile void * task_endpoint));
      |                                                                                                                        ~~~~~~~~~~~~~~~~~~~~~~^~~~~~~~~~~~~
/home/staszek/.platformio/packages/framework-arduinoadafruitnrf52/cores/nRF5/nordic/softdevice/s140_nrf52_7.3.0_API/include/nrf_svc.h:76:22: note: in definition of macro 'SVCALL'
   76 |   static return_type signature                          \
      |                      ^~~~~~~~~
/home/staszek/.platformio/packages/framework-arduinoadafruitnrf52/cores/nRF5/nordic/softdevice/s140_nrf52_7.3.0_API/include/nrf_soc.h: In function 'uint32_t sd_ppi_group_task_enable(uint8_t)':
/home/staszek/.platformio/packages/framework-arduinoadafruitnrf52/cores/nRF5/nordic/softdevice/s140_nrf52_7.3.0_API/include/nrf_soc.h:792:77: warning: unused parameter 'group_num' [-Wunused-parameter]
  792 | SVCALL(SD_PPI_GROUP_TASK_ENABLE, uint32_t, sd_ppi_group_task_enable(uint8_t group_num));
      |                                                                     ~~~~~~~~^~~~~~~~~
/home/staszek/.platformio/packages/framework-arduinoadafruitnrf52/cores/nRF5/nordic/softdevice/s140_nrf52_7.3.0_API/include/nrf_svc.h:76:22: note: in definition of macro 'SVCALL'
   76 |   static return_type signature                          \
      |                      ^~~~~~~~~
/home/staszek/.platformio/packages/framework-arduinoadafruitnrf52/cores/nRF5/nordic/softdevice/s140_nrf52_7.3.0_API/include/nrf_soc.h: In function 'uint32_t sd_ppi_group_task_disable(uint8_t)':
/home/staszek/.platformio/packages/framework-arduinoadafruitnrf52/cores/nRF5/nordic/softdevice/s140_nrf52_7.3.0_API/include/nrf_soc.h:801:79: warning: unused parameter 'group_num' [-Wunused-parameter]
  801 | SVCALL(SD_PPI_GROUP_TASK_DISABLE, uint32_t, sd_ppi_group_task_disable(uint8_t group_num));
      |                                                                       ~~~~~~~~^~~~~~~~~
/home/staszek/.platformio/packages/framework-arduinoadafruitnrf52/cores/nRF5/nordic/softdevice/s140_nrf52_7.3.0_API/include/nrf_svc.h:76:22: note: in definition of macro 'SVCALL'
   76 |   static return_type signature                          \
      |                      ^~~~~~~~~
/home/staszek/.platformio/packages/framework-arduinoadafruitnrf52/cores/nRF5/nordic/softdevice/s140_nrf52_7.3.0_API/include/nrf_soc.h: In function 'uint32_t sd_ppi_group_assign(uint8_t, uint32_t)':
/home/staszek/.platformio/packages/framework-arduinoadafruitnrf52/cores/nRF5/nordic/softdevice/s140_nrf52_7.3.0_API/include/nrf_soc.h:811:67: warning: unused parameter 'group_num' [-Wunused-parameter]
  811 | SVCALL(SD_PPI_GROUP_ASSIGN, uint32_t, sd_ppi_group_assign(uint8_t group_num, uint32_t channel_msk));
      |                                                           ~~~~~~~~^~~~~~~~~
/home/staszek/.platformio/packages/framework-arduinoadafruitnrf52/cores/nRF5/nordic/softdevice/s140_nrf52_7.3.0_API/include/nrf_svc.h:76:22: note: in definition of macro 'SVCALL'
   76 |   static return_type signature                          \
      |                      ^~~~~~~~~
/home/staszek/.platformio/packages/framework-arduinoadafruitnrf52/cores/nRF5/nordic/softdevice/s140_nrf52_7.3.0_API/include/nrf_soc.h:811:87: warning: unused parameter 'channel_msk' [-Wunused-parameter]
  811 | SVCALL(SD_PPI_GROUP_ASSIGN, uint32_t, sd_ppi_group_assign(uint8_t group_num, uint32_t channel_msk));
      |                                                                              ~~~~~~~~~^~~~~~~~~~~
/home/staszek/.platformio/packages/framework-arduinoadafruitnrf52/cores/nRF5/nordic/softdevice/s140_nrf52_7.3.0_API/include/nrf_svc.h:76:22: note: in definition of macro 'SVCALL'
   76 |   static return_type signature                          \
      |                      ^~~~~~~~~
/home/staszek/.platformio/packages/framework-arduinoadafruitnrf52/cores/nRF5/nordic/softdevice/s140_nrf52_7.3.0_API/include/nrf_soc.h: In function 'uint32_t sd_ppi_group_get(uint8_t, uint32_t*)':
/home/staszek/.platformio/packages/framework-arduinoadafruitnrf52/cores/nRF5/nordic/softdevice/s140_nrf52_7.3.0_API/include/nrf_soc.h:821:61: warning: unused parameter 'group_num' [-Wunused-parameter]
  821 | SVCALL(SD_PPI_GROUP_GET, uint32_t, sd_ppi_group_get(uint8_t group_num, uint32_t * p_channel_msk));
      |                                                     ~~~~~~~~^~~~~~~~~
/home/staszek/.platformio/packages/framework-arduinoadafruitnrf52/cores/nRF5/nordic/softdevice/s140_nrf52_7.3.0_API/include/nrf_svc.h:76:22: note: in definition of macro 'SVCALL'
   76 |   static return_type signature                          \
      |                      ^~~~~~~~~
/home/staszek/.platformio/packages/framework-arduinoadafruitnrf52/cores/nRF5/nordic/softdevice/s140_nrf52_7.3.0_API/include/nrf_soc.h:821:83: warning: unused parameter 'p_channel_msk' [-Wunused-parameter]
  821 | SVCALL(SD_PPI_GROUP_GET, uint32_t, sd_ppi_group_get(uint8_t group_num, uint32_t * p_channel_msk));
      |                                                                        ~~~~~~~~~~~^~~~~~~~~~~~~
/home/staszek/.platformio/packages/framework-arduinoadafruitnrf52/cores/nRF5/nordic/softdevice/s140_nrf52_7.3.0_API/include/nrf_svc.h:76:22: note: in definition of macro 'SVCALL'
   76 |   static return_type signature                          \
      |                      ^~~~~~~~~
/home/staszek/.platformio/packages/framework-arduinoadafruitnrf52/cores/nRF5/nordic/softdevice/s140_nrf52_7.3.0_API/include/nrf_soc.h: In function 'uint32_t sd_radio_notification_cfg_set(uint8_t, uint8_t)':
/home/staszek/.platformio/packages/framework-arduinoadafruitnrf52/cores/nRF5/nordic/softdevice/s140_nrf52_7.3.0_API/include/nrf_soc.h:852:87: warning: unused parameter 'type' [-Wunused-parameter]
  852 | SVCALL(SD_RADIO_NOTIFICATION_CFG_SET, uint32_t, sd_radio_notification_cfg_set(uint8_t type, uint8_t distance));
      |                                                                               ~~~~~~~~^~~~
/home/staszek/.platformio/packages/framework-arduinoadafruitnrf52/cores/nRF5/nordic/softdevice/s140_nrf52_7.3.0_API/include/nrf_svc.h:76:22: note: in definition of macro 'SVCALL'
   76 |   static return_type signature                          \
      |                      ^~~~~~~~~
/home/staszek/.platformio/packages/framework-arduinoadafruitnrf52/cores/nRF5/nordic/softdevice/s140_nrf52_7.3.0_API/include/nrf_soc.h:852:101: warning: unused parameter 'distance' [-Wunused-parameter]
  852 | SVCALL(SD_RADIO_NOTIFICATION_CFG_SET, uint32_t, sd_radio_notification_cfg_set(uint8_t type, uint8_t distance));
      |                                                                                             ~~~~~~~~^~~~~~~~
/home/staszek/.platformio/packages/framework-arduinoadafruitnrf52/cores/nRF5/nordic/softdevice/s140_nrf52_7.3.0_API/include/nrf_svc.h:76:22: note: in definition of macro 'SVCALL'
   76 |   static return_type signature                          \
      |                      ^~~~~~~~~
/home/staszek/.platformio/packages/framework-arduinoadafruitnrf52/cores/nRF5/nordic/softdevice/s140_nrf52_7.3.0_API/include/nrf_soc.h: In function 'uint32_t sd_ecb_block_encrypt(nrf_ecb_hal_data_t*)':
/home/staszek/.platformio/packages/framework-arduinoadafruitnrf52/cores/nRF5/nordic/softdevice/s140_nrf52_7.3.0_API/include/nrf_soc.h:868:82: warning: unused parameter 'p_ecb_data' [-Wunused-parameter]
  868 | SVCALL(SD_ECB_BLOCK_ENCRYPT, uint32_t, sd_ecb_block_encrypt(nrf_ecb_hal_data_t * p_ecb_data));
      |                                                             ~~~~~~~~~~~~~~~~~~~~~^~~~~~~~~~
/home/staszek/.platformio/packages/framework-arduinoadafruitnrf52/cores/nRF5/nordic/softdevice/s140_nrf52_7.3.0_API/include/nrf_svc.h:76:22: note: in definition of macro 'SVCALL'
   76 |   static return_type signature                          \
      |                      ^~~~~~~~~
/home/staszek/.platformio/packages/framework-arduinoadafruitnrf52/cores/nRF5/nordic/softdevice/s140_nrf52_7.3.0_API/include/nrf_soc.h: In function 'uint32_t sd_ecb_blocks_encrypt(uint8_t, nrf_ecb_hal_data_block_t*)':
/home/staszek/.platformio/packages/framework-arduinoadafruitnrf52/cores/nRF5/nordic/softdevice/s140_nrf52_7.3.0_API/include/nrf_soc.h:885:71: warning: unused parameter 'block_count' [-Wunused-parameter]
  885 | SVCALL(SD_ECB_BLOCKS_ENCRYPT, uint32_t, sd_ecb_blocks_encrypt(uint8_t block_count, nrf_ecb_hal_data_block_t * p_data_blocks));
      |                                                               ~~~~~~~~^~~~~~~~~~~
/home/staszek/.platformio/packages/framework-arduinoadafruitnrf52/cores/nRF5/nordic/softdevice/s140_nrf52_7.3.0_API/include/nrf_svc.h:76:22: note: in definition of macro 'SVCALL'
   76 |   static return_type signature                          \
      |                      ^~~~~~~~~
/home/staszek/.platformio/packages/framework-arduinoadafruitnrf52/cores/nRF5/nordic/softdevice/s140_nrf52_7.3.0_API/include/nrf_soc.h:885:111: warning: unused parameter 'p_data_blocks' [-Wunused-parameter]
  885 | SVCALL(SD_ECB_BLOCKS_ENCRYPT, uint32_t, sd_ecb_blocks_encrypt(uint8_t block_count, nrf_ecb_hal_data_block_t * p_data_blocks));
      |                                                                                    ~~~~~~~~~~~~~~~~~~~~~~~~~~~^~~~~~~~~~~~~
/home/staszek/.platformio/packages/framework-arduinoadafruitnrf52/cores/nRF5/nordic/softdevice/s140_nrf52_7.3.0_API/include/nrf_svc.h:76:22: note: in definition of macro 'SVCALL'
   76 |   static return_type signature                          \
      |                      ^~~~~~~~~
/home/staszek/.platformio/packages/framework-arduinoadafruitnrf52/cores/nRF5/nordic/softdevice/s140_nrf52_7.3.0_API/include/nrf_soc.h: In function 'uint32_t sd_evt_get(uint32_t*)':
/home/staszek/.platformio/packages/framework-arduinoadafruitnrf52/cores/nRF5/nordic/softdevice/s140_nrf52_7.3.0_API/include/nrf_soc.h:896:52: warning: unused parameter 'p_evt_id' [-Wunused-parameter]
  896 | SVCALL(SD_EVT_GET, uint32_t, sd_evt_get(uint32_t * p_evt_id));
      |                                         ~~~~~~~~~~~^~~~~~~~
/home/staszek/.platformio/packages/framework-arduinoadafruitnrf52/cores/nRF5/nordic/softdevice/s140_nrf52_7.3.0_API/include/nrf_svc.h:76:22: note: in definition of macro 'SVCALL'
   76 |   static return_type signature                          \
      |                      ^~~~~~~~~
/home/staszek/.platformio/packages/framework-arduinoadafruitnrf52/cores/nRF5/nordic/softdevice/s140_nrf52_7.3.0_API/include/nrf_soc.h: In function 'uint32_t sd_temp_get(int32_t*)':
/home/staszek/.platformio/packages/framework-arduinoadafruitnrf52/cores/nRF5/nordic/softdevice/s140_nrf52_7.3.0_API/include/nrf_soc.h:907:53: warning: unused parameter 'p_temp' [-Wunused-parameter]
  907 | SVCALL(SD_TEMP_GET, uint32_t, sd_temp_get(int32_t * p_temp));
      |                                           ~~~~~~~~~~^~~~~~
/home/staszek/.platformio/packages/framework-arduinoadafruitnrf52/cores/nRF5/nordic/softdevice/s140_nrf52_7.3.0_API/include/nrf_svc.h:76:22: note: in definition of macro 'SVCALL'
   76 |   static return_type signature                          \
      |                      ^~~~~~~~~
/home/staszek/.platformio/packages/framework-arduinoadafruitnrf52/cores/nRF5/nordic/softdevice/s140_nrf52_7.3.0_API/include/nrf_soc.h: In function 'uint32_t sd_flash_write(uint32_t*, const uint32_t*, uint32_t)':
/home/staszek/.platformio/packages/framework-arduinoadafruitnrf52/cores/nRF5/nordic/softdevice/s140_nrf52_7.3.0_API/include/nrf_soc.h:944:60: warning: unused parameter 'p_dst' [-Wunused-parameter]
  944 | SVCALL(SD_FLASH_WRITE, uint32_t, sd_flash_write(uint32_t * p_dst, uint32_t const * p_src, uint32_t size));
      |                                                 ~~~~~~~~~~~^~~~~
/home/staszek/.platformio/packages/framework-arduinoadafruitnrf52/cores/nRF5/nordic/softdevice/s140_nrf52_7.3.0_API/include/nrf_svc.h:76:22: note: in definition of macro 'SVCALL'
   76 |   static return_type signature                          \
      |                      ^~~~~~~~~
/home/staszek/.platformio/packages/framework-arduinoadafruitnrf52/cores/nRF5/nordic/softdevice/s140_nrf52_7.3.0_API/include/nrf_soc.h:944:84: warning: unused parameter 'p_src' [-Wunused-parameter]
  944 | SVCALL(SD_FLASH_WRITE, uint32_t, sd_flash_write(uint32_t * p_dst, uint32_t const * p_src, uint32_t size));
      |                                                                   ~~~~~~~~~~~~~~~~~^~~~~
/home/staszek/.platformio/packages/framework-arduinoadafruitnrf52/cores/nRF5/nordic/softdevice/s140_nrf52_7.3.0_API/include/nrf_svc.h:76:22: note: in definition of macro 'SVCALL'
   76 |   static return_type signature                          \
      |                      ^~~~~~~~~
/home/staszek/.platformio/packages/framework-arduinoadafruitnrf52/cores/nRF5/nordic/softdevice/s140_nrf52_7.3.0_API/include/nrf_soc.h:944:100: warning: unused parameter 'size' [-Wunused-parameter]
  944 | SVCALL(SD_FLASH_WRITE, uint32_t, sd_flash_write(uint32_t * p_dst, uint32_t const * p_src, uint32_t size));
      |                                                                                           ~~~~~~~~~^~~~
/home/staszek/.platformio/packages/framework-arduinoadafruitnrf52/cores/nRF5/nordic/softdevice/s140_nrf52_7.3.0_API/include/nrf_svc.h:76:22: note: in definition of macro 'SVCALL'
   76 |   static return_type signature                          \
      |                      ^~~~~~~~~
/home/staszek/.platformio/packages/framework-arduinoadafruitnrf52/cores/nRF5/nordic/softdevice/s140_nrf52_7.3.0_API/include/nrf_soc.h: In function 'uint32_t sd_flash_page_erase(uint32_t)':
/home/staszek/.platformio/packages/framework-arduinoadafruitnrf52/cores/nRF5/nordic/softdevice/s140_nrf52_7.3.0_API/include/nrf_soc.h:976:68: warning: unused parameter 'page_number' [-Wunused-parameter]
  976 | SVCALL(SD_FLASH_PAGE_ERASE, uint32_t, sd_flash_page_erase(uint32_t page_number));
      |                                                           ~~~~~~~~~^~~~~~~~~~~
/home/staszek/.platformio/packages/framework-arduinoadafruitnrf52/cores/nRF5/nordic/softdevice/s140_nrf52_7.3.0_API/include/nrf_svc.h:76:22: note: in definition of macro 'SVCALL'
   76 |   static return_type signature                          \
      |                      ^~~~~~~~~
/home/staszek/.platformio/packages/framework-arduinoadafruitnrf52/cores/nRF5/nordic/softdevice/s140_nrf52_7.3.0_API/include/nrf_soc.h: In function 'uint32_t sd_radio_session_open(nrf_radio_signal_callback_t)':
/home/staszek/.platformio/packages/framework-arduinoadafruitnrf52/cores/nRF5/nordic/softdevice/s140_nrf52_7.3.0_API/include/nrf_soc.h:1000:92: warning: unused parameter 'p_radio_signal_callback' [-Wunused-parameter]
 1000 |  SVCALL(SD_RADIO_SESSION_OPEN, uint32_t, sd_radio_session_open(nrf_radio_signal_callback_t p_radio_signal_callback));
      |                                                                ~~~~~~~~~~~~~~~~~~~~~~~~~~~~^~~~~~~~~~~~~~~~~~~~~~~
/home/staszek/.platformio/packages/framework-arduinoadafruitnrf52/cores/nRF5/nordic/softdevice/s140_nrf52_7.3.0_API/include/nrf_svc.h:76:22: note: in definition of macro 'SVCALL'
   76 |   static return_type signature                          \
      |                      ^~~~~~~~~
/home/staszek/.platformio/packages/framework-arduinoadafruitnrf52/cores/nRF5/nordic/softdevice/s140_nrf52_7.3.0_API/include/nrf_soc.h: In function 'uint32_t sd_radio_request(const nrf_radio_request_t*)':
/home/staszek/.platformio/packages/framework-arduinoadafruitnrf52/cores/nRF5/nordic/softdevice/s140_nrf52_7.3.0_API/include/nrf_soc.h:1050:82: warning: unused parameter 'p_request' [-Wunused-parameter]
 1050 |  SVCALL(SD_RADIO_REQUEST, uint32_t, sd_radio_request(nrf_radio_request_t const * p_request));
      |                                                      ~~~~~~~~~~~~~~~~~~~~~~~~~~~~^~~~~~~~~
/home/staszek/.platformio/packages/framework-arduinoadafruitnrf52/cores/nRF5/nordic/softdevice/s140_nrf52_7.3.0_API/include/nrf_svc.h:76:22: note: in definition of macro 'SVCALL'
   76 |   static return_type signature                          \
      |                      ^~~~~~~~~
/home/staszek/.platformio/packages/framework-arduinoadafruitnrf52/cores/nRF5/nordic/softdevice/s140_nrf52_7.3.0_API/include/nrf_soc.h: In function 'uint32_t sd_protected_register_write(volatile uint32_t*, uint32_t)':
/home/staszek/.platformio/packages/framework-arduinoadafruitnrf52/cores/nRF5/nordic/softdevice/s140_nrf52_7.3.0_API/include/nrf_soc.h:1071:95: warning: unused parameter 'p_register' [-Wunused-parameter]
 1071 | SVCALL(SD_PROTECTED_REGISTER_WRITE, uint32_t, sd_protected_register_write(volatile uint32_t * p_register, uint32_t value));
      |                                                                           ~~~~~~~~~~~~~~~~~~~~^~~~~~~~~~
/home/staszek/.platformio/packages/framework-arduinoadafruitnrf52/cores/nRF5/nordic/softdevice/s140_nrf52_7.3.0_API/include/nrf_svc.h:76:22: note: in definition of macro 'SVCALL'
   76 |   static return_type signature                          \
      |                      ^~~~~~~~~
/home/staszek/.platformio/packages/framework-arduinoadafruitnrf52/cores/nRF5/nordic/softdevice/s140_nrf52_7.3.0_API/include/nrf_soc.h:1071:116: warning: unused parameter 'value' [-Wunused-parameter]
 1071 | SVCALL(SD_PROTECTED_REGISTER_WRITE, uint32_t, sd_protected_register_write(volatile uint32_t * p_register, uint32_t value));
      |                                                                                                           ~~~~~~~~~^~~~~
/home/staszek/.platformio/packages/framework-arduinoadafruitnrf52/cores/nRF5/nordic/softdevice/s140_nrf52_7.3.0_API/include/nrf_svc.h:76:22: note: in definition of macro 'SVCALL'
   76 |   static return_type signature                          \
      |                      ^~~~~~~~~
/home/staszek/.platformio/packages/framework-arduinoadafruitnrf52/cores/nRF5/nordic/softdevice/s140_nrf52_7.3.0_API/include/nrf_sdm.h: In function 'uint32_t sd_softdevice_enable(const nrf_clock_lf_cfg_t*, nrf_fault_handler_t)':
/home/staszek/.platformio/packages/framework-arduinoadafruitnrf52/cores/nRF5/nordic/softdevice/s140_nrf52_7.3.0_API/include/nrf_sdm.h:326:88: warning: unused parameter 'p_clock_lf_cfg' [-Wunused-parameter]
  326 | SVCALL(SD_SOFTDEVICE_ENABLE, uint32_t, sd_softdevice_enable(nrf_clock_lf_cfg_t const * p_clock_lf_cfg, nrf_fault_handler_t fault_handler));
      |                                                             ~~~~~~~~~~~~~~~~~~~~~~~~~~~^~~~~~~~~~~~~~
/home/staszek/.platformio/packages/framework-arduinoadafruitnrf52/cores/nRF5/nordic/softdevice/s140_nrf52_7.3.0_API/include/nrf_svc.h:76:22: note: in definition of macro 'SVCALL'
   76 |   static return_type signature                          \
      |                      ^~~~~~~~~
/home/staszek/.platformio/packages/framework-arduinoadafruitnrf52/cores/nRF5/nordic/softdevice/s140_nrf52_7.3.0_API/include/nrf_sdm.h:326:124: warning: unused parameter 'fault_handler' [-Wunused-parameter]
  326 | SVCALL(SD_SOFTDEVICE_ENABLE, uint32_t, sd_softdevice_enable(nrf_clock_lf_cfg_t const * p_clock_lf_cfg, nrf_fault_handler_t fault_handler));
      |                                                                                                        ~~~~~~~~~~~~~~~~~~~~^~~~~~~~~~~~~
/home/staszek/.platformio/packages/framework-arduinoadafruitnrf52/cores/nRF5/nordic/softdevice/s140_nrf52_7.3.0_API/include/nrf_svc.h:76:22: note: in definition of macro 'SVCALL'
   76 |   static return_type signature                          \
      |                      ^~~~~~~~~
/home/staszek/.platformio/packages/framework-arduinoadafruitnrf52/cores/nRF5/nordic/softdevice/s140_nrf52_7.3.0_API/include/nrf_sdm.h: In function 'uint32_t sd_softdevice_is_enabled(uint8_t*)':
/home/staszek/.platformio/packages/framework-arduinoadafruitnrf52/cores/nRF5/nordic/softdevice/s140_nrf52_7.3.0_API/include/nrf_sdm.h:350:79: warning: unused parameter 'p_softdevice_enabled' [-Wunused-parameter]
  350 | SVCALL(SD_SOFTDEVICE_IS_ENABLED, uint32_t, sd_softdevice_is_enabled(uint8_t * p_softdevice_enabled));
      |                                                                     ~~~~~~~~~~^~~~~~~~~~~~~~~~~~~~
/home/staszek/.platformio/packages/framework-arduinoadafruitnrf52/cores/nRF5/nordic/softdevice/s140_nrf52_7.3.0_API/include/nrf_svc.h:76:22: note: in definition of macro 'SVCALL'
   76 |   static return_type signature                          \
      |                      ^~~~~~~~~
/home/staszek/.platformio/packages/framework-arduinoadafruitnrf52/cores/nRF5/nordic/softdevice/s140_nrf52_7.3.0_API/include/nrf_sdm.h: In function 'uint32_t sd_softdevice_vector_table_base_set(uint32_t)':
/home/staszek/.platformio/packages/framework-arduinoadafruitnrf52/cores/nRF5/nordic/softdevice/s140_nrf52_7.3.0_API/include/nrf_sdm.h:360:100: warning: unused parameter 'address' [-Wunused-parameter]
  360 | SVCALL(SD_SOFTDEVICE_VECTOR_TABLE_BASE_SET, uint32_t, sd_softdevice_vector_table_base_set(uint32_t address));
      |                                                                                           ~~~~~~~~~^~~~~~~
/home/staszek/.platformio/packages/framework-arduinoadafruitnrf52/cores/nRF5/nordic/softdevice/s140_nrf52_7.3.0_API/include/nrf_svc.h:76:22: note: in definition of macro 'SVCALL'
   76 |   static return_type signature                          \
      |                      ^~~~~~~~~
In file included from src/fw_context.h:24:
lib/hal/device_radio.h: In member function 'virtual bool meshroute::Sx1262Radio::poll_rx(uint8_t*, size_t, size_t&, float&, float&)':
lib/hal/device_radio.h:342:42: warning: '++' expression of 'volatile'-qualified type is deprecated [-Wvolatile]
  342 |         if (st != RADIOLIB_ERR_NONE) { ++g_rxbad_count; if (g_mr_trace_on) { Serial.print(F("[rxbad st=")); Serial.print(st); Serial.print(F(" t=")); Serial.print(millis()); Serial.println(F("]")); } return false; }   // count the CRC-storm event ALWAYS; the per-event print is GATED behind `debug on` (don't flood Serial when the radio is busiest)
      |                                          ^~~~~~~~~~~~~
Compiling .pio/build/xiao_mobile/src/firmware_remote_actions.cpp.o
Compiling .pio/build/xiao_mobile/src/firmware_remote_client.cpp.o
In file included from /home/staszek/.platformio/packages/framework-arduinoadafruitnrf52/cores/nRF5/nordic/softdevice/s140_nrf52_7.3.0_API/include/nrf_soc.h:52,
                 from /home/staszek/.platformio/packages/framework-arduinoadafruitnrf52/cores/nRF5/freertos/config/FreeRTOSConfig.h:34,
                 from /home/staszek/.platformio/packages/framework-arduinoadafruitnrf52/cores/nRF5/freertos/Source/include/FreeRTOS.h:56,
                 from /home/staszek/.platformio/packages/framework-arduinoadafruitnrf52/cores/nRF5/rtos.h:47,
                 from /home/staszek/.platformio/packages/framework-arduinoadafruitnrf52/libraries/Adafruit_LittleFS/src/Adafruit_LittleFS.h:34,
                 from src/device_nv.h:1230,
                 from src/firmware_admin_keyring.h:57,
                 from src/firmware_admin_client_verbs.h:46,
                 from src/firmware_remote_client.h:4,
                 from src/firmware_remote_client.cpp:1:
/home/staszek/.platformio/packages/framework-arduinoadafruitnrf52/cores/nRF5/nordic/softdevice/s140_nrf52_7.3.0_API/include/nrf_soc.h: In function 'uint32_t sd_mutex_new(nrf_mutex_t*)':
/home/staszek/.platformio/packages/framework-arduinoadafruitnrf52/cores/nRF5/nordic/softdevice/s140_nrf52_7.3.0_API/include/nrf_soc.h:452:59: warning: unused parameter 'p_mutex' [-Wunused-parameter]
  452 | SVCALL(SD_MUTEX_NEW, uint32_t, sd_mutex_new(nrf_mutex_t * p_mutex));
      |                                             ~~~~~~~~~~~~~~^~~~~~~
/home/staszek/.platformio/packages/framework-arduinoadafruitnrf52/cores/nRF5/nordic/softdevice/s140_nrf52_7.3.0_API/include/nrf_svc.h:76:22: note: in definition of macro 'SVCALL'
   76 |   static return_type signature                          \
      |                      ^~~~~~~~~
/home/staszek/.platformio/packages/framework-arduinoadafruitnrf52/cores/nRF5/nordic/softdevice/s140_nrf52_7.3.0_API/include/nrf_soc.h: In function 'uint32_t sd_mutex_acquire(nrf_mutex_t*)':
/home/staszek/.platformio/packages/framework-arduinoadafruitnrf52/cores/nRF5/nordic/softdevice/s140_nrf52_7.3.0_API/include/nrf_soc.h:461:67: warning: unused parameter 'p_mutex' [-Wunused-parameter]
  461 | SVCALL(SD_MUTEX_ACQUIRE, uint32_t, sd_mutex_acquire(nrf_mutex_t * p_mutex));
      |                                                     ~~~~~~~~~~~~~~^~~~~~~
/home/staszek/.platformio/packages/framework-arduinoadafruitnrf52/cores/nRF5/nordic/softdevice/s140_nrf52_7.3.0_API/include/nrf_svc.h:76:22: note: in definition of macro 'SVCALL'
   76 |   static return_type signature                          \
      |                      ^~~~~~~~~
/home/staszek/.platformio/packages/framework-arduinoadafruitnrf52/cores/nRF5/nordic/softdevice/s140_nrf52_7.3.0_API/include/nrf_soc.h: In function 'uint32_t sd_mutex_release(nrf_mutex_t*)':
/home/staszek/.platformio/packages/framework-arduinoadafruitnrf52/cores/nRF5/nordic/softdevice/s140_nrf52_7.3.0_API/include/nrf_soc.h:469:67: warning: unused parameter 'p_mutex' [-Wunused-parameter]
  469 | SVCALL(SD_MUTEX_RELEASE, uint32_t, sd_mutex_release(nrf_mutex_t * p_mutex));
      |                                                     ~~~~~~~~~~~~~~^~~~~~~
/home/staszek/.platformio/packages/framework-arduinoadafruitnrf52/cores/nRF5/nordic/softdevice/s140_nrf52_7.3.0_API/include/nrf_svc.h:76:22: note: in definition of macro 'SVCALL'
   76 |   static return_type signature                          \
      |                      ^~~~~~~~~
/home/staszek/.platformio/packages/framework-arduinoadafruitnrf52/cores/nRF5/nordic/softdevice/s140_nrf52_7.3.0_API/include/nrf_soc.h: In function 'uint32_t sd_rand_application_pool_capacity_get(uint8_t*)':
/home/staszek/.platformio/packages/framework-arduinoadafruitnrf52/cores/nRF5/nordic/softdevice/s140_nrf52_7.3.0_API/include/nrf_soc.h:477:105: warning: unused parameter 'p_pool_capacity' [-Wunused-parameter]
  477 | SVCALL(SD_RAND_APPLICATION_POOL_CAPACITY_GET, uint32_t, sd_rand_application_pool_capacity_get(uint8_t * p_pool_capacity));
      |                                                                                               ~~~~~~~~~~^~~~~~~~~~~~~~~
/home/staszek/.platformio/packages/framework-arduinoadafruitnrf52/cores/nRF5/nordic/softdevice/s140_nrf52_7.3.0_API/include/nrf_svc.h:76:22: note: in definition of macro 'SVCALL'
   76 |   static return_type signature                          \
      |                      ^~~~~~~~~
/home/staszek/.platformio/packages/framework-arduinoadafruitnrf52/cores/nRF5/nordic/softdevice/s140_nrf52_7.3.0_API/include/nrf_soc.h: In function 'uint32_t sd_rand_application_bytes_available_get(uint8_t*)':
/home/staszek/.platformio/packages/framework-arduinoadafruitnrf52/cores/nRF5/nordic/softdevice/s140_nrf52_7.3.0_API/include/nrf_soc.h:485:109: warning: unused parameter 'p_bytes_available' [-Wunused-parameter]
  485 | SVCALL(SD_RAND_APPLICATION_BYTES_AVAILABLE_GET, uint32_t, sd_rand_application_bytes_available_get(uint8_t * p_bytes_available));
      |                                                                                                   ~~~~~~~~~~^~~~~~~~~~~~~~~~~
/home/staszek/.platformio/packages/framework-arduinoadafruitnrf52/cores/nRF5/nordic/softdevice/s140_nrf52_7.3.0_API/include/nrf_svc.h:76:22: note: in definition of macro 'SVCALL'
   76 |   static return_type signature                          \
      |                      ^~~~~~~~~
/home/staszek/.platformio/packages/framework-arduinoadafruitnrf52/cores/nRF5/nordic/softdevice/s140_nrf52_7.3.0_API/include/nrf_soc.h: In function 'uint32_t sd_rand_application_vector_get(uint8_t*, uint8_t)':
/home/staszek/.platformio/packages/framework-arduinoadafruitnrf52/cores/nRF5/nordic/softdevice/s140_nrf52_7.3.0_API/include/nrf_soc.h:495:91: warning: unused parameter 'p_buff' [-Wunused-parameter]
  495 | SVCALL(SD_RAND_APPLICATION_VECTOR_GET, uint32_t, sd_rand_application_vector_get(uint8_t * p_buff, uint8_t length));
      |                                                                                 ~~~~~~~~~~^~~~~~
/home/staszek/.platformio/packages/framework-arduinoadafruitnrf52/cores/nRF5/nordic/softdevice/s140_nrf52_7.3.0_API/include/nrf_svc.h:76:22: note: in definition of macro 'SVCALL'
   76 |   static return_type signature                          \
      |                      ^~~~~~~~~
/home/staszek/.platformio/packages/framework-arduinoadafruitnrf52/cores/nRF5/nordic/softdevice/s140_nrf52_7.3.0_API/include/nrf_soc.h:495:107: warning: unused parameter 'length' [-Wunused-parameter]
  495 | SVCALL(SD_RAND_APPLICATION_VECTOR_GET, uint32_t, sd_rand_application_vector_get(uint8_t * p_buff, uint8_t length));
      |                                                                                                   ~~~~~~~~^~~~~~
/home/staszek/.platformio/packages/framework-arduinoadafruitnrf52/cores/nRF5/nordic/softdevice/s140_nrf52_7.3.0_API/include/nrf_svc.h:76:22: note: in definition of macro 'SVCALL'
   76 |   static return_type signature                          \
      |                      ^~~~~~~~~
/home/staszek/.platformio/packages/framework-arduinoadafruitnrf52/cores/nRF5/nordic/softdevice/s140_nrf52_7.3.0_API/include/nrf_soc.h: In function 'uint32_t sd_power_reset_reason_get(uint32_t*)':
/home/staszek/.platformio/packages/framework-arduinoadafruitnrf52/cores/nRF5/nordic/softdevice/s140_nrf52_7.3.0_API/include/nrf_soc.h:503:82: warning: unused parameter 'p_reset_reason' [-Wunused-parameter]
  503 | SVCALL(SD_POWER_RESET_REASON_GET, uint32_t, sd_power_reset_reason_get(uint32_t * p_reset_reason));
      |                                                                       ~~~~~~~~~~~^~~~~~~~~~~~~~
/home/staszek/.platformio/packages/framework-arduinoadafruitnrf52/cores/nRF5/nordic/softdevice/s140_nrf52_7.3.0_API/include/nrf_svc.h:76:22: note: in definition of macro 'SVCALL'
   76 |   static return_type signature                          \
      |                      ^~~~~~~~~
/home/staszek/.platformio/packages/framework-arduinoadafruitnrf52/cores/nRF5/nordic/softdevice/s140_nrf52_7.3.0_API/include/nrf_soc.h: In function 'uint32_t sd_power_reset_reason_clr(uint32_t)':
/home/staszek/.platformio/packages/framework-arduinoadafruitnrf52/cores/nRF5/nordic/softdevice/s140_nrf52_7.3.0_API/include/nrf_soc.h:511:80: warning: unused parameter 'reset_reason_clr_msk' [-Wunused-parameter]
  511 | SVCALL(SD_POWER_RESET_REASON_CLR, uint32_t, sd_power_reset_reason_clr(uint32_t reset_reason_clr_msk));
      |                                                                       ~~~~~~~~~^~~~~~~~~~~~~~~~~~~~
/home/staszek/.platformio/packages/framework-arduinoadafruitnrf52/cores/nRF5/nordic/softdevice/s140_nrf52_7.3.0_API/include/nrf_svc.h:76:22: note: in definition of macro 'SVCALL'
   76 |   static return_type signature                          \
      |                      ^~~~~~~~~
/home/staszek/.platformio/packages/framework-arduinoadafruitnrf52/cores/nRF5/nordic/softdevice/s140_nrf52_7.3.0_API/include/nrf_soc.h: In function 'uint32_t sd_power_mode_set(uint8_t)':
/home/staszek/.platformio/packages/framework-arduinoadafruitnrf52/cores/nRF5/nordic/softdevice/s140_nrf52_7.3.0_API/include/nrf_soc.h:520:63: warning: unused parameter 'power_mode' [-Wunused-parameter]
  520 | SVCALL(SD_POWER_MODE_SET, uint32_t, sd_power_mode_set(uint8_t power_mode));
      |                                                       ~~~~~~~~^~~~~~~~~~
/home/staszek/.platformio/packages/framework-arduinoadafruitnrf52/cores/nRF5/nordic/softdevice/s140_nrf52_7.3.0_API/include/nrf_svc.h:76:22: note: in definition of macro 'SVCALL'
   76 |   static return_type signature                          \
      |                      ^~~~~~~~~
/home/staszek/.platformio/packages/framework-arduinoadafruitnrf52/cores/nRF5/nordic/softdevice/s140_nrf52_7.3.0_API/include/nrf_soc.h: In function 'uint32_t sd_power_pof_enable(uint8_t)':
/home/staszek/.platformio/packages/framework-arduinoadafruitnrf52/cores/nRF5/nordic/softdevice/s140_nrf52_7.3.0_API/include/nrf_soc.h:537:67: warning: unused parameter 'pof_enable' [-Wunused-parameter]
  537 | SVCALL(SD_POWER_POF_ENABLE, uint32_t, sd_power_pof_enable(uint8_t pof_enable));
      |                                                           ~~~~~~~~^~~~~~~~~~
/home/staszek/.platformio/packages/framework-arduinoadafruitnrf52/cores/nRF5/nordic/softdevice/s140_nrf52_7.3.0_API/include/nrf_svc.h:76:22: note: in definition of macro 'SVCALL'
   76 |   static return_type signature                          \
      |                      ^~~~~~~~~
/home/staszek/.platformio/packages/framework-arduinoadafruitnrf52/cores/nRF5/nordic/softdevice/s140_nrf52_7.3.0_API/include/nrf_soc.h: In function 'uint32_t sd_power_usbpwrrdy_enable(uint8_t)':
/home/staszek/.platformio/packages/framework-arduinoadafruitnrf52/cores/nRF5/nordic/softdevice/s140_nrf52_7.3.0_API/include/nrf_soc.h:550:79: warning: unused parameter 'usbpwrrdy_enable' [-Wunused-parameter]
  550 | SVCALL(SD_POWER_USBPWRRDY_ENABLE, uint32_t, sd_power_usbpwrrdy_enable(uint8_t usbpwrrdy_enable));
      |                                                                       ~~~~~~~~^~~~~~~~~~~~~~~~
/home/staszek/.platformio/packages/framework-arduinoadafruitnrf52/cores/nRF5/nordic/softdevice/s140_nrf52_7.3.0_API/include/nrf_svc.h:76:22: note: in definition of macro 'SVCALL'
   76 |   static return_type signature                          \
      |                      ^~~~~~~~~
/home/staszek/.platformio/packages/framework-arduinoadafruitnrf52/cores/nRF5/nordic/softdevice/s140_nrf52_7.3.0_API/include/nrf_soc.h: In function 'uint32_t sd_power_usbdetected_enable(uint8_t)':
/home/staszek/.platformio/packages/framework-arduinoadafruitnrf52/cores/nRF5/nordic/softdevice/s140_nrf52_7.3.0_API/include/nrf_soc.h:563:83: warning: unused parameter 'usbdetected_enable' [-Wunused-parameter]
  563 | SVCALL(SD_POWER_USBDETECTED_ENABLE, uint32_t, sd_power_usbdetected_enable(uint8_t usbdetected_enable));
      |                                                                           ~~~~~~~~^~~~~~~~~~~~~~~~~~
/home/staszek/.platformio/packages/framework-arduinoadafruitnrf52/cores/nRF5/nordic/softdevice/s140_nrf52_7.3.0_API/include/nrf_svc.h:76:22: note: in definition of macro 'SVCALL'
   76 |   static return_type signature                          \
      |                      ^~~~~~~~~
/home/staszek/.platformio/packages/framework-arduinoadafruitnrf52/cores/nRF5/nordic/softdevice/s140_nrf52_7.3.0_API/include/nrf_soc.h: In function 'uint32_t sd_power_usbremoved_enable(uint8_t)':
/home/staszek/.platformio/packages/framework-arduinoadafruitnrf52/cores/nRF5/nordic/softdevice/s140_nrf52_7.3.0_API/include/nrf_soc.h:576:81: warning: unused parameter 'usbremoved_enable' [-Wunused-parameter]
  576 | SVCALL(SD_POWER_USBREMOVED_ENABLE, uint32_t, sd_power_usbremoved_enable(uint8_t usbremoved_enable));
      |                                                                         ~~~~~~~~^~~~~~~~~~~~~~~~~
/home/staszek/.platformio/packages/framework-arduinoadafruitnrf52/cores/nRF5/nordic/softdevice/s140_nrf52_7.3.0_API/include/nrf_svc.h:76:22: note: in definition of macro 'SVCALL'
   76 |   static return_type signature                          \
      |                      ^~~~~~~~~
/home/staszek/.platformio/packages/framework-arduinoadafruitnrf52/cores/nRF5/nordic/softdevice/s140_nrf52_7.3.0_API/include/nrf_soc.h: In function 'uint32_t sd_power_usbregstatus_get(uint32_t*)':
/home/staszek/.platformio/packages/framework-arduinoadafruitnrf52/cores/nRF5/nordic/softdevice/s140_nrf52_7.3.0_API/include/nrf_soc.h:586:82: warning: unused parameter 'usbregstatus' [-Wunused-parameter]
  586 | SVCALL(SD_POWER_USBREGSTATUS_GET, uint32_t, sd_power_usbregstatus_get(uint32_t * usbregstatus));
      |                                                                       ~~~~~~~~~~~^~~~~~~~~~~~
/home/staszek/.platformio/packages/framework-arduinoadafruitnrf52/cores/nRF5/nordic/softdevice/s140_nrf52_7.3.0_API/include/nrf_svc.h:76:22: note: in definition of macro 'SVCALL'
   76 |   static return_type signature                          \
      |                      ^~~~~~~~~
/home/staszek/.platformio/packages/framework-arduinoadafruitnrf52/cores/nRF5/nordic/softdevice/s140_nrf52_7.3.0_API/include/nrf_soc.h: In function 'uint32_t sd_power_pof_threshold_set(uint8_t)':
/home/staszek/.platformio/packages/framework-arduinoadafruitnrf52/cores/nRF5/nordic/softdevice/s140_nrf52_7.3.0_API/include/nrf_soc.h:599:81: warning: unused parameter 'threshold' [-Wunused-parameter]
  599 | SVCALL(SD_POWER_POF_THRESHOLD_SET, uint32_t, sd_power_pof_threshold_set(uint8_t threshold));
      |                                                                         ~~~~~~~~^~~~~~~~~
/home/staszek/.platformio/packages/framework-arduinoadafruitnrf52/cores/nRF5/nordic/softdevice/s140_nrf52_7.3.0_API/include/nrf_svc.h:76:22: note: in definition of macro 'SVCALL'
   76 |   static return_type signature                          \
      |                      ^~~~~~~~~
/home/staszek/.platformio/packages/framework-arduinoadafruitnrf52/cores/nRF5/nordic/softdevice/s140_nrf52_7.3.0_API/include/nrf_soc.h: In function 'uint32_t sd_power_pof_thresholdvddh_set(uint8_t)':
/home/staszek/.platformio/packages/framework-arduinoadafruitnrf52/cores/nRF5/nordic/softdevice/s140_nrf52_7.3.0_API/include/nrf_soc.h:612:89: warning: unused parameter 'threshold' [-Wunused-parameter]
  612 | SVCALL(SD_POWER_POF_THRESHOLDVDDH_SET, uint32_t, sd_power_pof_thresholdvddh_set(uint8_t threshold));
      |                                                                                 ~~~~~~~~^~~~~~~~~
/home/staszek/.platformio/packages/framework-arduinoadafruitnrf52/cores/nRF5/nordic/softdevice/s140_nrf52_7.3.0_API/include/nrf_svc.h:76:22: note: in definition of macro 'SVCALL'
   76 |   static return_type signature                          \
      |                      ^~~~~~~~~
/home/staszek/.platformio/packages/framework-arduinoadafruitnrf52/cores/nRF5/nordic/softdevice/s140_nrf52_7.3.0_API/include/nrf_soc.h: In function 'uint32_t sd_power_ram_power_set(uint8_t, uint32_t)':
/home/staszek/.platformio/packages/framework-arduinoadafruitnrf52/cores/nRF5/nordic/softdevice/s140_nrf52_7.3.0_API/include/nrf_soc.h:621:73: warning: unused parameter 'index' [-Wunused-parameter]
  621 | SVCALL(SD_POWER_RAM_POWER_SET, uint32_t, sd_power_ram_power_set(uint8_t index, uint32_t ram_powerset));
      |                                                                 ~~~~~~~~^~~~~
/home/staszek/.platformio/packages/framework-arduinoadafruitnrf52/cores/nRF5/nordic/softdevice/s140_nrf52_7.3.0_API/include/nrf_svc.h:76:22: note: in definition of macro 'SVCALL'
   76 |   static return_type signature                          \
      |                      ^~~~~~~~~
/home/staszek/.platformio/packages/framework-arduinoadafruitnrf52/cores/nRF5/nordic/softdevice/s140_nrf52_7.3.0_API/include/nrf_soc.h:621:89: warning: unused parameter 'ram_powerset' [-Wunused-parameter]
  621 | SVCALL(SD_POWER_RAM_POWER_SET, uint32_t, sd_power_ram_power_set(uint8_t index, uint32_t ram_powerset));
      |                                                                                ~~~~~~~~~^~~~~~~~~~~~
/home/staszek/.platformio/packages/framework-arduinoadafruitnrf52/cores/nRF5/nordic/softdevice/s140_nrf52_7.3.0_API/include/nrf_svc.h:76:22: note: in definition of macro 'SVCALL'
   76 |   static return_type signature                          \
      |                      ^~~~~~~~~
/home/staszek/.platformio/packages/framework-arduinoadafruitnrf52/cores/nRF5/nordic/softdevice/s140_nrf52_7.3.0_API/include/nrf_soc.h: In function 'uint32_t sd_power_ram_power_clr(uint8_t, uint32_t)':
/home/staszek/.platformio/packages/framework-arduinoadafruitnrf52/cores/nRF5/nordic/softdevice/s140_nrf52_7.3.0_API/include/nrf_soc.h:630:73: warning: unused parameter 'index' [-Wunused-parameter]
  630 | SVCALL(SD_POWER_RAM_POWER_CLR, uint32_t, sd_power_ram_power_clr(uint8_t index, uint32_t ram_powerclr));
      |                                                                 ~~~~~~~~^~~~~
/home/staszek/.platformio/packages/framework-arduinoadafruitnrf52/cores/nRF5/nordic/softdevice/s140_nrf52_7.3.0_API/include/nrf_svc.h:76:22: note: in definition of macro 'SVCALL'
   76 |   static return_type signature                          \
      |                      ^~~~~~~~~
/home/staszek/.platformio/packages/framework-arduinoadafruitnrf52/cores/nRF5/nordic/softdevice/s140_nrf52_7.3.0_API/include/nrf_soc.h:630:89: warning: unused parameter 'ram_powerclr' [-Wunused-parameter]
  630 | SVCALL(SD_POWER_RAM_POWER_CLR, uint32_t, sd_power_ram_power_clr(uint8_t index, uint32_t ram_powerclr));
      |                                                                                ~~~~~~~~~^~~~~~~~~~~~
/home/staszek/.platformio/packages/framework-arduinoadafruitnrf52/cores/nRF5/nordic/softdevice/s140_nrf52_7.3.0_API/include/nrf_svc.h:76:22: note: in definition of macro 'SVCALL'
   76 |   static return_type signature                          \
      |                      ^~~~~~~~~
/home/staszek/.platformio/packages/framework-arduinoadafruitnrf52/cores/nRF5/nordic/softdevice/s140_nrf52_7.3.0_API/include/nrf_soc.h: In function 'uint32_t sd_power_ram_power_get(uint8_t, uint32_t*)':
/home/staszek/.platformio/packages/framework-arduinoadafruitnrf52/cores/nRF5/nordic/softdevice/s140_nrf52_7.3.0_API/include/nrf_soc.h:639:73: warning: unused parameter 'index' [-Wunused-parameter]
  639 | SVCALL(SD_POWER_RAM_POWER_GET, uint32_t, sd_power_ram_power_get(uint8_t index, uint32_t * p_ram_power));
      |                                                                 ~~~~~~~~^~~~~
/home/staszek/.platformio/packages/framework-arduinoadafruitnrf52/cores/nRF5/nordic/softdevice/s140_nrf52_7.3.0_API/include/nrf_svc.h:76:22: note: in definition of macro 'SVCALL'
   76 |   static return_type signature                          \
      |                      ^~~~~~~~~
/home/staszek/.platformio/packages/framework-arduinoadafruitnrf52/cores/nRF5/nordic/softdevice/s140_nrf52_7.3.0_API/include/nrf_soc.h:639:91: warning: unused parameter 'p_ram_power' [-Wunused-parameter]
  639 | SVCALL(SD_POWER_RAM_POWER_GET, uint32_t, sd_power_ram_power_get(uint8_t index, uint32_t * p_ram_power));
      |                                                                                ~~~~~~~~~~~^~~~~~~~~~~
/home/staszek/.platformio/packages/framework-arduinoadafruitnrf52/cores/nRF5/nordic/softdevice/s140_nrf52_7.3.0_API/include/nrf_svc.h:76:22: note: in definition of macro 'SVCALL'
   76 |   static return_type signature                          \
      |                      ^~~~~~~~~
/home/staszek/.platformio/packages/framework-arduinoadafruitnrf52/cores/nRF5/nordic/softdevice/s140_nrf52_7.3.0_API/include/nrf_soc.h: In function 'uint32_t sd_power_gpregret_set(uint32_t, uint32_t)':
/home/staszek/.platformio/packages/framework-arduinoadafruitnrf52/cores/nRF5/nordic/softdevice/s140_nrf52_7.3.0_API/include/nrf_soc.h:648:72: warning: unused parameter 'gpregret_id' [-Wunused-parameter]
  648 | SVCALL(SD_POWER_GPREGRET_SET, uint32_t, sd_power_gpregret_set(uint32_t gpregret_id, uint32_t gpregret_msk));
      |                                                               ~~~~~~~~~^~~~~~~~~~~
/home/staszek/.platformio/packages/framework-arduinoadafruitnrf52/cores/nRF5/nordic/softdevice/s140_nrf52_7.3.0_API/include/nrf_svc.h:76:22: note: in definition of macro 'SVCALL'
   76 |   static return_type signature                          \
      |                      ^~~~~~~~~
/home/staszek/.platformio/packages/framework-arduinoadafruitnrf52/cores/nRF5/nordic/softdevice/s140_nrf52_7.3.0_API/include/nrf_soc.h:648:94: warning: unused parameter 'gpregret_msk' [-Wunused-parameter]
  648 | SVCALL(SD_POWER_GPREGRET_SET, uint32_t, sd_power_gpregret_set(uint32_t gpregret_id, uint32_t gpregret_msk));
      |                                                                                     ~~~~~~~~~^~~~~~~~~~~~
/home/staszek/.platformio/packages/framework-arduinoadafruitnrf52/cores/nRF5/nordic/softdevice/s140_nrf52_7.3.0_API/include/nrf_svc.h:76:22: note: in definition of macro 'SVCALL'
   76 |   static return_type signature                          \
      |                      ^~~~~~~~~
/home/staszek/.platformio/packages/framework-arduinoadafruitnrf52/cores/nRF5/nordic/softdevice/s140_nrf52_7.3.0_API/include/nrf_soc.h: In function 'uint32_t sd_power_gpregret_clr(uint32_t, uint32_t)':
/home/staszek/.platformio/packages/framework-arduinoadafruitnrf52/cores/nRF5/nordic/softdevice/s140_nrf52_7.3.0_API/include/nrf_soc.h:657:72: warning: unused parameter 'gpregret_id' [-Wunused-parameter]
  657 | SVCALL(SD_POWER_GPREGRET_CLR, uint32_t, sd_power_gpregret_clr(uint32_t gpregret_id, uint32_t gpregret_msk));
      |                                                               ~~~~~~~~~^~~~~~~~~~~
/home/staszek/.platformio/packages/framework-arduinoadafruitnrf52/cores/nRF5/nordic/softdevice/s140_nrf52_7.3.0_API/include/nrf_svc.h:76:22: note: in definition of macro 'SVCALL'
   76 |   static return_type signature                          \
      |                      ^~~~~~~~~
/home/staszek/.platformio/packages/framework-arduinoadafruitnrf52/cores/nRF5/nordic/softdevice/s140_nrf52_7.3.0_API/include/nrf_soc.h:657:94: warning: unused parameter 'gpregret_msk' [-Wunused-parameter]
  657 | SVCALL(SD_POWER_GPREGRET_CLR, uint32_t, sd_power_gpregret_clr(uint32_t gpregret_id, uint32_t gpregret_msk));
      |                                                                                     ~~~~~~~~~^~~~~~~~~~~~
/home/staszek/.platformio/packages/framework-arduinoadafruitnrf52/cores/nRF5/nordic/softdevice/s140_nrf52_7.3.0_API/include/nrf_svc.h:76:22: note: in definition of macro 'SVCALL'
   76 |   static return_type signature                          \
      |                      ^~~~~~~~~
/home/staszek/.platformio/packages/framework-arduinoadafruitnrf52/cores/nRF5/nordic/softdevice/s140_nrf52_7.3.0_API/include/nrf_soc.h: In function 'uint32_t sd_power_gpregret_get(uint32_t, uint32_t*)':
/home/staszek/.platformio/packages/framework-arduinoadafruitnrf52/cores/nRF5/nordic/softdevice/s140_nrf52_7.3.0_API/include/nrf_soc.h:666:72: warning: unused parameter 'gpregret_id' [-Wunused-parameter]
  666 | SVCALL(SD_POWER_GPREGRET_GET, uint32_t, sd_power_gpregret_get(uint32_t gpregret_id, uint32_t *p_gpregret));
      |                                                               ~~~~~~~~~^~~~~~~~~~~
/home/staszek/.platformio/packages/framework-arduinoadafruitnrf52/cores/nRF5/nordic/softdevice/s140_nrf52_7.3.0_API/include/nrf_svc.h:76:22: note: in definition of macro 'SVCALL'
   76 |   static return_type signature                          \
      |                      ^~~~~~~~~
/home/staszek/.platformio/packages/framework-arduinoadafruitnrf52/cores/nRF5/nordic/softdevice/s140_nrf52_7.3.0_API/include/nrf_soc.h:666:95: warning: unused parameter 'p_gpregret' [-Wunused-parameter]
  666 | SVCALL(SD_POWER_GPREGRET_GET, uint32_t, sd_power_gpregret_get(uint32_t gpregret_id, uint32_t *p_gpregret));
      |                                                                                     ~~~~~~~~~~^~~~~~~~~~
/home/staszek/.platformio/packages/framework-arduinoadafruitnrf52/cores/nRF5/nordic/softdevice/s140_nrf52_7.3.0_API/include/nrf_svc.h:76:22: note: in definition of macro 'SVCALL'
   76 |   static return_type signature                          \
      |                      ^~~~~~~~~
/home/staszek/.platformio/packages/framework-arduinoadafruitnrf52/cores/nRF5/nordic/softdevice/s140_nrf52_7.3.0_API/include/nrf_soc.h: In function 'uint32_t sd_power_dcdc_mode_set(uint8_t)':
/home/staszek/.platformio/packages/framework-arduinoadafruitnrf52/cores/nRF5/nordic/softdevice/s140_nrf52_7.3.0_API/include/nrf_soc.h:675:73: warning: unused parameter 'dcdc_mode' [-Wunused-parameter]
  675 | SVCALL(SD_POWER_DCDC_MODE_SET, uint32_t, sd_power_dcdc_mode_set(uint8_t dcdc_mode));
      |                                                                 ~~~~~~~~^~~~~~~~~
/home/staszek/.platformio/packages/framework-arduinoadafruitnrf52/cores/nRF5/nordic/softdevice/s140_nrf52_7.3.0_API/include/nrf_svc.h:76:22: note: in definition of macro 'SVCALL'
   76 |   static return_type signature                          \
      |                      ^~~~~~~~~
/home/staszek/.platformio/packages/framework-arduinoadafruitnrf52/cores/nRF5/nordic/softdevice/s140_nrf52_7.3.0_API/include/nrf_soc.h: In function 'uint32_t sd_power_dcdc0_mode_set(uint8_t)':
/home/staszek/.platformio/packages/framework-arduinoadafruitnrf52/cores/nRF5/nordic/softdevice/s140_nrf52_7.3.0_API/include/nrf_soc.h:686:75: warning: unused parameter 'dcdc_mode' [-Wunused-parameter]
  686 | SVCALL(SD_POWER_DCDC0_MODE_SET, uint32_t, sd_power_dcdc0_mode_set(uint8_t dcdc_mode));
      |                                                                   ~~~~~~~~^~~~~~~~~
/home/staszek/.platformio/packages/framework-arduinoadafruitnrf52/cores/nRF5/nordic/softdevice/s140_nrf52_7.3.0_API/include/nrf_svc.h:76:22: note: in definition of macro 'SVCALL'
   76 |   static return_type signature                          \
      |                      ^~~~~~~~~
/home/staszek/.platformio/packages/framework-arduinoadafruitnrf52/cores/nRF5/nordic/softdevice/s140_nrf52_7.3.0_API/include/nrf_soc.h: In function 'uint32_t sd_clock_hfclk_is_running(uint32_t*)':
/home/staszek/.platformio/packages/framework-arduinoadafruitnrf52/cores/nRF5/nordic/softdevice/s140_nrf52_7.3.0_API/include/nrf_soc.h:720:82: warning: unused parameter 'p_is_running' [-Wunused-parameter]
  720 | SVCALL(SD_CLOCK_HFCLK_IS_RUNNING, uint32_t, sd_clock_hfclk_is_running(uint32_t * p_is_running));
      |                                                                       ~~~~~~~~~~~^~~~~~~~~~~~
/home/staszek/.platformio/packages/framework-arduinoadafruitnrf52/cores/nRF5/nordic/softdevice/s140_nrf52_7.3.0_API/include/nrf_svc.h:76:22: note: in definition of macro 'SVCALL'
   76 |   static return_type signature                          \
      |                      ^~~~~~~~~
/home/staszek/.platformio/packages/framework-arduinoadafruitnrf52/cores/nRF5/nordic/softdevice/s140_nrf52_7.3.0_API/include/nrf_soc.h: In function 'uint32_t sd_ppi_channel_enable_get(uint32_t*)':
/home/staszek/.platformio/packages/framework-arduinoadafruitnrf52/cores/nRF5/nordic/softdevice/s140_nrf52_7.3.0_API/include/nrf_soc.h:756:82: warning: unused parameter 'p_channel_enable' [-Wunused-parameter]
  756 | SVCALL(SD_PPI_CHANNEL_ENABLE_GET, uint32_t, sd_ppi_channel_enable_get(uint32_t * p_channel_enable));
      |                                                                       ~~~~~~~~~~~^~~~~~~~~~~~~~~~
/home/staszek/.platformio/packages/framework-arduinoadafruitnrf52/cores/nRF5/nordic/softdevice/s140_nrf52_7.3.0_API/include/nrf_svc.h:76:22: note: in definition of macro 'SVCALL'
   76 |   static return_type signature                          \
      |                      ^~~~~~~~~
/home/staszek/.platformio/packages/framework-arduinoadafruitnrf52/cores/nRF5/nordic/softdevice/s140_nrf52_7.3.0_API/include/nrf_soc.h: In function 'uint32_t sd_ppi_channel_enable_set(uint32_t)':
/home/staszek/.platformio/packages/framework-arduinoadafruitnrf52/cores/nRF5/nordic/softdevice/s140_nrf52_7.3.0_API/include/nrf_soc.h:764:80: warning: unused parameter 'channel_enable_set_msk' [-Wunused-parameter]
  764 | SVCALL(SD_PPI_CHANNEL_ENABLE_SET, uint32_t, sd_ppi_channel_enable_set(uint32_t channel_enable_set_msk));
      |                                                                       ~~~~~~~~~^~~~~~~~~~~~~~~~~~~~~~
/home/staszek/.platformio/packages/framework-arduinoadafruitnrf52/cores/nRF5/nordic/softdevice/s140_nrf52_7.3.0_API/include/nrf_svc.h:76:22: note: in definition of macro 'SVCALL'
   76 |   static return_type signature                          \
      |                      ^~~~~~~~~
/home/staszek/.platformio/packages/framework-arduinoadafruitnrf52/cores/nRF5/nordic/softdevice/s140_nrf52_7.3.0_API/include/nrf_soc.h: In function 'uint32_t sd_ppi_channel_enable_clr(uint32_t)':
/home/staszek/.platformio/packages/framework-arduinoadafruitnrf52/cores/nRF5/nordic/softdevice/s140_nrf52_7.3.0_API/include/nrf_soc.h:772:80: warning: unused parameter 'channel_enable_clr_msk' [-Wunused-parameter]
  772 | SVCALL(SD_PPI_CHANNEL_ENABLE_CLR, uint32_t, sd_ppi_channel_enable_clr(uint32_t channel_enable_clr_msk));
      |                                                                       ~~~~~~~~~^~~~~~~~~~~~~~~~~~~~~~
/home/staszek/.platformio/packages/framework-arduinoadafruitnrf52/cores/nRF5/nordic/softdevice/s140_nrf52_7.3.0_API/include/nrf_svc.h:76:22: note: in definition of macro 'SVCALL'
   76 |   static return_type signature                          \
      |                      ^~~~~~~~~
/home/staszek/.platformio/packages/framework-arduinoadafruitnrf52/cores/nRF5/nordic/softdevice/s140_nrf52_7.3.0_API/include/nrf_soc.h: In function 'uint32_t sd_ppi_channel_assign(uint8_t, const volatile void*, const volatile void*)':
/home/staszek/.platformio/packages/framework-arduinoadafruitnrf52/cores/nRF5/nordic/softdevice/s140_nrf52_7.3.0_API/include/nrf_soc.h:783:71: warning: unused parameter 'channel_num' [-Wunused-parameter]
  783 | SVCALL(SD_PPI_CHANNEL_ASSIGN, uint32_t, sd_ppi_channel_assign(uint8_t channel_num, const volatile void * evt_endpoint, const volatile void * task_endpoint));
      |                                                               ~~~~~~~~^~~~~~~~~~~
/home/staszek/.platformio/packages/framework-arduinoadafruitnrf52/cores/nRF5/nordic/softdevice/s140_nrf52_7.3.0_API/include/nrf_svc.h:76:22: note: in definition of macro 'SVCALL'
   76 |   static return_type signature                          \
      |                      ^~~~~~~~~
/home/staszek/.platformio/packages/framework-arduinoadafruitnrf52/cores/nRF5/nordic/softdevice/s140_nrf52_7.3.0_API/include/nrf_soc.h:783:106: warning: unused parameter 'evt_endpoint' [-Wunused-parameter]
  783 | SVCALL(SD_PPI_CHANNEL_ASSIGN, uint32_t, sd_ppi_channel_assign(uint8_t channel_num, const volatile void * evt_endpoint, const volatile void * task_endpoint));
      |                                                                                    ~~~~~~~~~~~~~~~~~~~~~~^~~~~~~~~~~~
/home/staszek/.platformio/packages/framework-arduinoadafruitnrf52/cores/nRF5/nordic/softdevice/s140_nrf52_7.3.0_API/include/nrf_svc.h:76:22: note: in definition of macro 'SVCALL'
   76 |   static return_type signature                          \
      |                      ^~~~~~~~~
/home/staszek/.platformio/packages/framework-arduinoadafruitnrf52/cores/nRF5/nordic/softdevice/s140_nrf52_7.3.0_API/include/nrf_soc.h:783:142: warning: unused parameter 'task_endpoint' [-Wunused-parameter]
  783 | SVCALL(SD_PPI_CHANNEL_ASSIGN, uint32_t, sd_ppi_channel_assign(uint8_t channel_num, const volatile void * evt_endpoint, const volatile void * task_endpoint));
      |                                                                                                                        ~~~~~~~~~~~~~~~~~~~~~~^~~~~~~~~~~~~
/home/staszek/.platformio/packages/framework-arduinoadafruitnrf52/cores/nRF5/nordic/softdevice/s140_nrf52_7.3.0_API/include/nrf_svc.h:76:22: note: in definition of macro 'SVCALL'
   76 |   static return_type signature                          \
      |                      ^~~~~~~~~
/home/staszek/.platformio/packages/framework-arduinoadafruitnrf52/cores/nRF5/nordic/softdevice/s140_nrf52_7.3.0_API/include/nrf_soc.h: In function 'uint32_t sd_ppi_group_task_enable(uint8_t)':
/home/staszek/.platformio/packages/framework-arduinoadafruitnrf52/cores/nRF5/nordic/softdevice/s140_nrf52_7.3.0_API/include/nrf_soc.h:792:77: warning: unused parameter 'group_num' [-Wunused-parameter]
  792 | SVCALL(SD_PPI_GROUP_TASK_ENABLE, uint32_t, sd_ppi_group_task_enable(uint8_t group_num));
      |                                                                     ~~~~~~~~^~~~~~~~~
/home/staszek/.platformio/packages/framework-arduinoadafruitnrf52/cores/nRF5/nordic/softdevice/s140_nrf52_7.3.0_API/include/nrf_svc.h:76:22: note: in definition of macro 'SVCALL'
   76 |   static return_type signature                          \
      |                      ^~~~~~~~~
/home/staszek/.platformio/packages/framework-arduinoadafruitnrf52/cores/nRF5/nordic/softdevice/s140_nrf52_7.3.0_API/include/nrf_soc.h: In function 'uint32_t sd_ppi_group_task_disable(uint8_t)':
/home/staszek/.platformio/packages/framework-arduinoadafruitnrf52/cores/nRF5/nordic/softdevice/s140_nrf52_7.3.0_API/include/nrf_soc.h:801:79: warning: unused parameter 'group_num' [-Wunused-parameter]
  801 | SVCALL(SD_PPI_GROUP_TASK_DISABLE, uint32_t, sd_ppi_group_task_disable(uint8_t group_num));
      |                                                                       ~~~~~~~~^~~~~~~~~
/home/staszek/.platformio/packages/framework-arduinoadafruitnrf52/cores/nRF5/nordic/softdevice/s140_nrf52_7.3.0_API/include/nrf_svc.h:76:22: note: in definition of macro 'SVCALL'
   76 |   static return_type signature                          \
      |                      ^~~~~~~~~
/home/staszek/.platformio/packages/framework-arduinoadafruitnrf52/cores/nRF5/nordic/softdevice/s140_nrf52_7.3.0_API/include/nrf_soc.h: In function 'uint32_t sd_ppi_group_assign(uint8_t, uint32_t)':
/home/staszek/.platformio/packages/framework-arduinoadafruitnrf52/cores/nRF5/nordic/softdevice/s140_nrf52_7.3.0_API/include/nrf_soc.h:811:67: warning: unused parameter 'group_num' [-Wunused-parameter]
  811 | SVCALL(SD_PPI_GROUP_ASSIGN, uint32_t, sd_ppi_group_assign(uint8_t group_num, uint32_t channel_msk));
      |                                                           ~~~~~~~~^~~~~~~~~
/home/staszek/.platformio/packages/framework-arduinoadafruitnrf52/cores/nRF5/nordic/softdevice/s140_nrf52_7.3.0_API/include/nrf_svc.h:76:22: note: in definition of macro 'SVCALL'
   76 |   static return_type signature                          \
      |                      ^~~~~~~~~
/home/staszek/.platformio/packages/framework-arduinoadafruitnrf52/cores/nRF5/nordic/softdevice/s140_nrf52_7.3.0_API/include/nrf_soc.h:811:87: warning: unused parameter 'channel_msk' [-Wunused-parameter]
  811 | SVCALL(SD_PPI_GROUP_ASSIGN, uint32_t, sd_ppi_group_assign(uint8_t group_num, uint32_t channel_msk));
      |                                                                              ~~~~~~~~~^~~~~~~~~~~
/home/staszek/.platformio/packages/framework-arduinoadafruitnrf52/cores/nRF5/nordic/softdevice/s140_nrf52_7.3.0_API/include/nrf_svc.h:76:22: note: in definition of macro 'SVCALL'
   76 |   static return_type signature                          \
      |                      ^~~~~~~~~
/home/staszek/.platformio/packages/framework-arduinoadafruitnrf52/cores/nRF5/nordic/softdevice/s140_nrf52_7.3.0_API/include/nrf_soc.h: In function 'uint32_t sd_ppi_group_get(uint8_t, uint32_t*)':
/home/staszek/.platformio/packages/framework-arduinoadafruitnrf52/cores/nRF5/nordic/softdevice/s140_nrf52_7.3.0_API/include/nrf_soc.h:821:61: warning: unused parameter 'group_num' [-Wunused-parameter]
  821 | SVCALL(SD_PPI_GROUP_GET, uint32_t, sd_ppi_group_get(uint8_t group_num, uint32_t * p_channel_msk));
      |                                                     ~~~~~~~~^~~~~~~~~
/home/staszek/.platformio/packages/framework-arduinoadafruitnrf52/cores/nRF5/nordic/softdevice/s140_nrf52_7.3.0_API/include/nrf_svc.h:76:22: note: in definition of macro 'SVCALL'
   76 |   static return_type signature                          \
      |                      ^~~~~~~~~
/home/staszek/.platformio/packages/framework-arduinoadafruitnrf52/cores/nRF5/nordic/softdevice/s140_nrf52_7.3.0_API/include/nrf_soc.h:821:83: warning: unused parameter 'p_channel_msk' [-Wunused-parameter]
  821 | SVCALL(SD_PPI_GROUP_GET, uint32_t, sd_ppi_group_get(uint8_t group_num, uint32_t * p_channel_msk));
      |                                                                        ~~~~~~~~~~~^~~~~~~~~~~~~
/home/staszek/.platformio/packages/framework-arduinoadafruitnrf52/cores/nRF5/nordic/softdevice/s140_nrf52_7.3.0_API/include/nrf_svc.h:76:22: note: in definition of macro 'SVCALL'
   76 |   static return_type signature                          \
      |                      ^~~~~~~~~
/home/staszek/.platformio/packages/framework-arduinoadafruitnrf52/cores/nRF5/nordic/softdevice/s140_nrf52_7.3.0_API/include/nrf_soc.h: In function 'uint32_t sd_radio_notification_cfg_set(uint8_t, uint8_t)':
/home/staszek/.platformio/packages/framework-arduinoadafruitnrf52/cores/nRF5/nordic/softdevice/s140_nrf52_7.3.0_API/include/nrf_soc.h:852:87: warning: unused parameter 'type' [-Wunused-parameter]
  852 | SVCALL(SD_RADIO_NOTIFICATION_CFG_SET, uint32_t, sd_radio_notification_cfg_set(uint8_t type, uint8_t distance));
      |                                                                               ~~~~~~~~^~~~
/home/staszek/.platformio/packages/framework-arduinoadafruitnrf52/cores/nRF5/nordic/softdevice/s140_nrf52_7.3.0_API/include/nrf_svc.h:76:22: note: in definition of macro 'SVCALL'
   76 |   static return_type signature                          \
      |                      ^~~~~~~~~
/home/staszek/.platformio/packages/framework-arduinoadafruitnrf52/cores/nRF5/nordic/softdevice/s140_nrf52_7.3.0_API/include/nrf_soc.h:852:101: warning: unused parameter 'distance' [-Wunused-parameter]
  852 | SVCALL(SD_RADIO_NOTIFICATION_CFG_SET, uint32_t, sd_radio_notification_cfg_set(uint8_t type, uint8_t distance));
      |                                                                                             ~~~~~~~~^~~~~~~~
/home/staszek/.platformio/packages/framework-arduinoadafruitnrf52/cores/nRF5/nordic/softdevice/s140_nrf52_7.3.0_API/include/nrf_svc.h:76:22: note: in definition of macro 'SVCALL'
   76 |   static return_type signature                          \
      |                      ^~~~~~~~~
/home/staszek/.platformio/packages/framework-arduinoadafruitnrf52/cores/nRF5/nordic/softdevice/s140_nrf52_7.3.0_API/include/nrf_soc.h: In function 'uint32_t sd_ecb_block_encrypt(nrf_ecb_hal_data_t*)':
/home/staszek/.platformio/packages/framework-arduinoadafruitnrf52/cores/nRF5/nordic/softdevice/s140_nrf52_7.3.0_API/include/nrf_soc.h:868:82: warning: unused parameter 'p_ecb_data' [-Wunused-parameter]
  868 | SVCALL(SD_ECB_BLOCK_ENCRYPT, uint32_t, sd_ecb_block_encrypt(nrf_ecb_hal_data_t * p_ecb_data));
      |                                                             ~~~~~~~~~~~~~~~~~~~~~^~~~~~~~~~
/home/staszek/.platformio/packages/framework-arduinoadafruitnrf52/cores/nRF5/nordic/softdevice/s140_nrf52_7.3.0_API/include/nrf_svc.h:76:22: note: in definition of macro 'SVCALL'
   76 |   static return_type signature                          \
      |                      ^~~~~~~~~
/home/staszek/.platformio/packages/framework-arduinoadafruitnrf52/cores/nRF5/nordic/softdevice/s140_nrf52_7.3.0_API/include/nrf_soc.h: In function 'uint32_t sd_ecb_blocks_encrypt(uint8_t, nrf_ecb_hal_data_block_t*)':
/home/staszek/.platformio/packages/framework-arduinoadafruitnrf52/cores/nRF5/nordic/softdevice/s140_nrf52_7.3.0_API/include/nrf_soc.h:885:71: warning: unused parameter 'block_count' [-Wunused-parameter]
  885 | SVCALL(SD_ECB_BLOCKS_ENCRYPT, uint32_t, sd_ecb_blocks_encrypt(uint8_t block_count, nrf_ecb_hal_data_block_t * p_data_blocks));
      |                                                               ~~~~~~~~^~~~~~~~~~~
/home/staszek/.platformio/packages/framework-arduinoadafruitnrf52/cores/nRF5/nordic/softdevice/s140_nrf52_7.3.0_API/include/nrf_svc.h:76:22: note: in definition of macro 'SVCALL'
   76 |   static return_type signature                          \
      |                      ^~~~~~~~~
/home/staszek/.platformio/packages/framework-arduinoadafruitnrf52/cores/nRF5/nordic/softdevice/s140_nrf52_7.3.0_API/include/nrf_soc.h:885:111: warning: unused parameter 'p_data_blocks' [-Wunused-parameter]
  885 | SVCALL(SD_ECB_BLOCKS_ENCRYPT, uint32_t, sd_ecb_blocks_encrypt(uint8_t block_count, nrf_ecb_hal_data_block_t * p_data_blocks));
      |                                                                                    ~~~~~~~~~~~~~~~~~~~~~~~~~~~^~~~~~~~~~~~~
/home/staszek/.platformio/packages/framework-arduinoadafruitnrf52/cores/nRF5/nordic/softdevice/s140_nrf52_7.3.0_API/include/nrf_svc.h:76:22: note: in definition of macro 'SVCALL'
   76 |   static return_type signature                          \
      |                      ^~~~~~~~~
/home/staszek/.platformio/packages/framework-arduinoadafruitnrf52/cores/nRF5/nordic/softdevice/s140_nrf52_7.3.0_API/include/nrf_soc.h: In function 'uint32_t sd_evt_get(uint32_t*)':
/home/staszek/.platformio/packages/framework-arduinoadafruitnrf52/cores/nRF5/nordic/softdevice/s140_nrf52_7.3.0_API/include/nrf_soc.h:896:52: warning: unused parameter 'p_evt_id' [-Wunused-parameter]
  896 | SVCALL(SD_EVT_GET, uint32_t, sd_evt_get(uint32_t * p_evt_id));
      |                                         ~~~~~~~~~~~^~~~~~~~
/home/staszek/.platformio/packages/framework-arduinoadafruitnrf52/cores/nRF5/nordic/softdevice/s140_nrf52_7.3.0_API/include/nrf_svc.h:76:22: note: in definition of macro 'SVCALL'
   76 |   static return_type signature                          \
      |                      ^~~~~~~~~
/home/staszek/.platformio/packages/framework-arduinoadafruitnrf52/cores/nRF5/nordic/softdevice/s140_nrf52_7.3.0_API/include/nrf_soc.h: In function 'uint32_t sd_temp_get(int32_t*)':
/home/staszek/.platformio/packages/framework-arduinoadafruitnrf52/cores/nRF5/nordic/softdevice/s140_nrf52_7.3.0_API/include/nrf_soc.h:907:53: warning: unused parameter 'p_temp' [-Wunused-parameter]
  907 | SVCALL(SD_TEMP_GET, uint32_t, sd_temp_get(int32_t * p_temp));
      |                                           ~~~~~~~~~~^~~~~~
/home/staszek/.platformio/packages/framework-arduinoadafruitnrf52/cores/nRF5/nordic/softdevice/s140_nrf52_7.3.0_API/include/nrf_svc.h:76:22: note: in definition of macro 'SVCALL'
   76 |   static return_type signature                          \
      |                      ^~~~~~~~~
/home/staszek/.platformio/packages/framework-arduinoadafruitnrf52/cores/nRF5/nordic/softdevice/s140_nrf52_7.3.0_API/include/nrf_soc.h: In function 'uint32_t sd_flash_write(uint32_t*, const uint32_t*, uint32_t)':
/home/staszek/.platformio/packages/framework-arduinoadafruitnrf52/cores/nRF5/nordic/softdevice/s140_nrf52_7.3.0_API/include/nrf_soc.h:944:60: warning: unused parameter 'p_dst' [-Wunused-parameter]
  944 | SVCALL(SD_FLASH_WRITE, uint32_t, sd_flash_write(uint32_t * p_dst, uint32_t const * p_src, uint32_t size));
      |                                                 ~~~~~~~~~~~^~~~~
/home/staszek/.platformio/packages/framework-arduinoadafruitnrf52/cores/nRF5/nordic/softdevice/s140_nrf52_7.3.0_API/include/nrf_svc.h:76:22: note: in definition of macro 'SVCALL'
   76 |   static return_type signature                          \
      |                      ^~~~~~~~~
/home/staszek/.platformio/packages/framework-arduinoadafruitnrf52/cores/nRF5/nordic/softdevice/s140_nrf52_7.3.0_API/include/nrf_soc.h:944:84: warning: unused parameter 'p_src' [-Wunused-parameter]
  944 | SVCALL(SD_FLASH_WRITE, uint32_t, sd_flash_write(uint32_t * p_dst, uint32_t const * p_src, uint32_t size));
      |                                                                   ~~~~~~~~~~~~~~~~~^~~~~
/home/staszek/.platformio/packages/framework-arduinoadafruitnrf52/cores/nRF5/nordic/softdevice/s140_nrf52_7.3.0_API/include/nrf_svc.h:76:22: note: in definition of macro 'SVCALL'
   76 |   static return_type signature                          \
      |                      ^~~~~~~~~
/home/staszek/.platformio/packages/framework-arduinoadafruitnrf52/cores/nRF5/nordic/softdevice/s140_nrf52_7.3.0_API/include/nrf_soc.h:944:100: warning: unused parameter 'size' [-Wunused-parameter]
  944 | SVCALL(SD_FLASH_WRITE, uint32_t, sd_flash_write(uint32_t * p_dst, uint32_t const * p_src, uint32_t size));
      |                                                                                           ~~~~~~~~~^~~~
/home/staszek/.platformio/packages/framework-arduinoadafruitnrf52/cores/nRF5/nordic/softdevice/s140_nrf52_7.3.0_API/include/nrf_svc.h:76:22: note: in definition of macro 'SVCALL'
   76 |   static return_type signature                          \
      |                      ^~~~~~~~~
/home/staszek/.platformio/packages/framework-arduinoadafruitnrf52/cores/nRF5/nordic/softdevice/s140_nrf52_7.3.0_API/include/nrf_soc.h: In function 'uint32_t sd_flash_page_erase(uint32_t)':
/home/staszek/.platformio/packages/framework-arduinoadafruitnrf52/cores/nRF5/nordic/softdevice/s140_nrf52_7.3.0_API/include/nrf_soc.h:976:68: warning: unused parameter 'page_number' [-Wunused-parameter]
  976 | SVCALL(SD_FLASH_PAGE_ERASE, uint32_t, sd_flash_page_erase(uint32_t page_number));
      |                                                           ~~~~~~~~~^~~~~~~~~~~
/home/staszek/.platformio/packages/framework-arduinoadafruitnrf52/cores/nRF5/nordic/softdevice/s140_nrf52_7.3.0_API/include/nrf_svc.h:76:22: note: in definition of macro 'SVCALL'
   76 |   static return_type signature                          \
      |                      ^~~~~~~~~
/home/staszek/.platformio/packages/framework-arduinoadafruitnrf52/cores/nRF5/nordic/softdevice/s140_nrf52_7.3.0_API/include/nrf_soc.h: In function 'uint32_t sd_radio_session_open(nrf_radio_signal_callback_t)':
/home/staszek/.platformio/packages/framework-arduinoadafruitnrf52/cores/nRF5/nordic/softdevice/s140_nrf52_7.3.0_API/include/nrf_soc.h:1000:92: warning: unused parameter 'p_radio_signal_callback' [-Wunused-parameter]
 1000 |  SVCALL(SD_RADIO_SESSION_OPEN, uint32_t, sd_radio_session_open(nrf_radio_signal_callback_t p_radio_signal_callback));
      |                                                                ~~~~~~~~~~~~~~~~~~~~~~~~~~~~^~~~~~~~~~~~~~~~~~~~~~~
/home/staszek/.platformio/packages/framework-arduinoadafruitnrf52/cores/nRF5/nordic/softdevice/s140_nrf52_7.3.0_API/include/nrf_svc.h:76:22: note: in definition of macro 'SVCALL'
   76 |   static return_type signature                          \
      |                      ^~~~~~~~~
/home/staszek/.platformio/packages/framework-arduinoadafruitnrf52/cores/nRF5/nordic/softdevice/s140_nrf52_7.3.0_API/include/nrf_soc.h: In function 'uint32_t sd_radio_request(const nrf_radio_request_t*)':
/home/staszek/.platformio/packages/framework-arduinoadafruitnrf52/cores/nRF5/nordic/softdevice/s140_nrf52_7.3.0_API/include/nrf_soc.h:1050:82: warning: unused parameter 'p_request' [-Wunused-parameter]
 1050 |  SVCALL(SD_RADIO_REQUEST, uint32_t, sd_radio_request(nrf_radio_request_t const * p_request));
      |                                                      ~~~~~~~~~~~~~~~~~~~~~~~~~~~~^~~~~~~~~
/home/staszek/.platformio/packages/framework-arduinoadafruitnrf52/cores/nRF5/nordic/softdevice/s140_nrf52_7.3.0_API/include/nrf_svc.h:76:22: note: in definition of macro 'SVCALL'
   76 |   static return_type signature                          \
      |                      ^~~~~~~~~
/home/staszek/.platformio/packages/framework-arduinoadafruitnrf52/cores/nRF5/nordic/softdevice/s140_nrf52_7.3.0_API/include/nrf_soc.h: In function 'uint32_t sd_protected_register_write(volatile uint32_t*, uint32_t)':
/home/staszek/.platformio/packages/framework-arduinoadafruitnrf52/cores/nRF5/nordic/softdevice/s140_nrf52_7.3.0_API/include/nrf_soc.h:1071:95: warning: unused parameter 'p_register' [-Wunused-parameter]
 1071 | SVCALL(SD_PROTECTED_REGISTER_WRITE, uint32_t, sd_protected_register_write(volatile uint32_t * p_register, uint32_t value));
      |                                                                           ~~~~~~~~~~~~~~~~~~~~^~~~~~~~~~
/home/staszek/.platformio/packages/framework-arduinoadafruitnrf52/cores/nRF5/nordic/softdevice/s140_nrf52_7.3.0_API/include/nrf_svc.h:76:22: note: in definition of macro 'SVCALL'
   76 |   static return_type signature                          \
      |                      ^~~~~~~~~
/home/staszek/.platformio/packages/framework-arduinoadafruitnrf52/cores/nRF5/nordic/softdevice/s140_nrf52_7.3.0_API/include/nrf_soc.h:1071:116: warning: unused parameter 'value' [-Wunused-parameter]
 1071 | SVCALL(SD_PROTECTED_REGISTER_WRITE, uint32_t, sd_protected_register_write(volatile uint32_t * p_register, uint32_t value));
      |                                                                                                           ~~~~~~~~~^~~~~
/home/staszek/.platformio/packages/framework-arduinoadafruitnrf52/cores/nRF5/nordic/softdevice/s140_nrf52_7.3.0_API/include/nrf_svc.h:76:22: note: in definition of macro 'SVCALL'
   76 |   static return_type signature                          \
      |                      ^~~~~~~~~
/home/staszek/.platformio/packages/framework-arduinoadafruitnrf52/cores/nRF5/nordic/softdevice/s140_nrf52_7.3.0_API/include/nrf_sdm.h: In function 'uint32_t sd_softdevice_enable(const nrf_clock_lf_cfg_t*, nrf_fault_handler_t)':
/home/staszek/.platformio/packages/framework-arduinoadafruitnrf52/cores/nRF5/nordic/softdevice/s140_nrf52_7.3.0_API/include/nrf_sdm.h:326:88: warning: unused parameter 'p_clock_lf_cfg' [-Wunused-parameter]
  326 | SVCALL(SD_SOFTDEVICE_ENABLE, uint32_t, sd_softdevice_enable(nrf_clock_lf_cfg_t const * p_clock_lf_cfg, nrf_fault_handler_t fault_handler));
      |                                                             ~~~~~~~~~~~~~~~~~~~~~~~~~~~^~~~~~~~~~~~~~
/home/staszek/.platformio/packages/framework-arduinoadafruitnrf52/cores/nRF5/nordic/softdevice/s140_nrf52_7.3.0_API/include/nrf_svc.h:76:22: note: in definition of macro 'SVCALL'
   76 |   static return_type signature                          \
      |                      ^~~~~~~~~
/home/staszek/.platformio/packages/framework-arduinoadafruitnrf52/cores/nRF5/nordic/softdevice/s140_nrf52_7.3.0_API/include/nrf_sdm.h:326:124: warning: unused parameter 'fault_handler' [-Wunused-parameter]
  326 | SVCALL(SD_SOFTDEVICE_ENABLE, uint32_t, sd_softdevice_enable(nrf_clock_lf_cfg_t const * p_clock_lf_cfg, nrf_fault_handler_t fault_handler));
      |                                                                                                        ~~~~~~~~~~~~~~~~~~~~^~~~~~~~~~~~~
/home/staszek/.platformio/packages/framework-arduinoadafruitnrf52/cores/nRF5/nordic/softdevice/s140_nrf52_7.3.0_API/include/nrf_svc.h:76:22: note: in definition of macro 'SVCALL'
   76 |   static return_type signature                          \
      |                      ^~~~~~~~~
/home/staszek/.platformio/packages/framework-arduinoadafruitnrf52/cores/nRF5/nordic/softdevice/s140_nrf52_7.3.0_API/include/nrf_sdm.h: In function 'uint32_t sd_softdevice_is_enabled(uint8_t*)':
/home/staszek/.platformio/packages/framework-arduinoadafruitnrf52/cores/nRF5/nordic/softdevice/s140_nrf52_7.3.0_API/include/nrf_sdm.h:350:79: warning: unused parameter 'p_softdevice_enabled' [-Wunused-parameter]
  350 | SVCALL(SD_SOFTDEVICE_IS_ENABLED, uint32_t, sd_softdevice_is_enabled(uint8_t * p_softdevice_enabled));
      |                                                                     ~~~~~~~~~~^~~~~~~~~~~~~~~~~~~~
/home/staszek/.platformio/packages/framework-arduinoadafruitnrf52/cores/nRF5/nordic/softdevice/s140_nrf52_7.3.0_API/include/nrf_svc.h:76:22: note: in definition of macro 'SVCALL'
   76 |   static return_type signature                          \
      |                      ^~~~~~~~~
/home/staszek/.platformio/packages/framework-arduinoadafruitnrf52/cores/nRF5/nordic/softdevice/s140_nrf52_7.3.0_API/include/nrf_sdm.h: In function 'uint32_t sd_softdevice_vector_table_base_set(uint32_t)':
/home/staszek/.platformio/packages/framework-arduinoadafruitnrf52/cores/nRF5/nordic/softdevice/s140_nrf52_7.3.0_API/include/nrf_sdm.h:360:100: warning: unused parameter 'address' [-Wunused-parameter]
  360 | SVCALL(SD_SOFTDEVICE_VECTOR_TABLE_BASE_SET, uint32_t, sd_softdevice_vector_table_base_set(uint32_t address));
      |                                                                                           ~~~~~~~~~^~~~~~~
/home/staszek/.platformio/packages/framework-arduinoadafruitnrf52/cores/nRF5/nordic/softdevice/s140_nrf52_7.3.0_API/include/nrf_svc.h:76:22: note: in definition of macro 'SVCALL'
   76 |   static return_type signature                          \
      |                      ^~~~~~~~~
Compiling .pio/build/xiao_mobile/src/fw_main.cpp.o
In file included from src/fw_main.cpp:16:
.pio/libdeps/xiao_mobile/RadioLib/src/RadioLib.h:58:4: warning: #warning "God mode active, I hope it was intentional. Buckle up, lads." [-Wcpp]
   58 |   #warning "God mode active, I hope it was intentional. Buckle up, lads."
      |    ^~~~~~~
In file included from /home/staszek/.platformio/packages/framework-arduinoadafruitnrf52/libraries/Adafruit_TinyUSB_Arduino/src/tusb_config.h:36,
                 from /home/staszek/.platformio/packages/framework-arduinoadafruitnrf52/libraries/Adafruit_TinyUSB_Arduino/src/tusb_option.h:247,
                 from /home/staszek/.platformio/packages/framework-arduinoadafruitnrf52/libraries/Adafruit_TinyUSB_Arduino/src/Adafruit_TinyUSB.h:28,
                 from /home/staszek/.platformio/packages/framework-arduinoadafruitnrf52/libraries/Bluefruit52Lib/src/services/BLEHidGeneric.h:45,
                 from /home/staszek/.platformio/packages/framework-arduinoadafruitnrf52/libraries/Bluefruit52Lib/src/bluefruit.h:67,
                 from src/device_ble.h:177,
                 from src/fw_main.cpp:38:
/home/staszek/.platformio/packages/framework-arduinoadafruitnrf52/libraries/Adafruit_TinyUSB_Arduino/src/arduino/ports/nrf/tusb_config_nrf.h:96: warning: "CFG_TUD_CDC_RX_BUFSIZE" redefined
   96 | #define CFG_TUD_CDC_RX_BUFSIZE 256
      | 
<command-line>: note: this is the location of the previous definition
/home/staszek/.platformio/packages/framework-arduinoadafruitnrf52/libraries/Adafruit_TinyUSB_Arduino/src/arduino/ports/nrf/tusb_config_nrf.h:97: warning: "CFG_TUD_CDC_TX_BUFSIZE" redefined
   97 | #define CFG_TUD_CDC_TX_BUFSIZE 256
      | 
<command-line>: note: this is the location of the previous definition
In file included from /home/staszek/.platformio/packages/framework-arduinoadafruitnrf52/cores/nRF5/nordic/softdevice/s140_nrf52_7.3.0_API/include/nrf_soc.h:52,
                 from /home/staszek/.platformio/packages/framework-arduinoadafruitnrf52/cores/nRF5/WVariant.h:24,
                 from /home/staszek/.platformio/packages/framework-arduinoadafruitnrf52/cores/nRF5/Arduino.h:41,
                 from src/fw_main.cpp:15:
/home/staszek/.platformio/packages/framework-arduinoadafruitnrf52/cores/nRF5/nordic/softdevice/s140_nrf52_7.3.0_API/include/nrf_soc.h: In function 'uint32_t sd_mutex_new(nrf_mutex_t*)':
/home/staszek/.platformio/packages/framework-arduinoadafruitnrf52/cores/nRF5/nordic/softdevice/s140_nrf52_7.3.0_API/include/nrf_soc.h:452:59: warning: unused parameter 'p_mutex' [-Wunused-parameter]
  452 | SVCALL(SD_MUTEX_NEW, uint32_t, sd_mutex_new(nrf_mutex_t * p_mutex));
      |                                             ~~~~~~~~~~~~~~^~~~~~~
/home/staszek/.platformio/packages/framework-arduinoadafruitnrf52/cores/nRF5/nordic/softdevice/s140_nrf52_7.3.0_API/include/nrf_svc.h:76:22: note: in definition of macro 'SVCALL'
   76 |   static return_type signature                          \
      |                      ^~~~~~~~~
/home/staszek/.platformio/packages/framework-arduinoadafruitnrf52/cores/nRF5/nordic/softdevice/s140_nrf52_7.3.0_API/include/nrf_soc.h: In function 'uint32_t sd_mutex_acquire(nrf_mutex_t*)':
/home/staszek/.platformio/packages/framework-arduinoadafruitnrf52/cores/nRF5/nordic/softdevice/s140_nrf52_7.3.0_API/include/nrf_soc.h:461:67: warning: unused parameter 'p_mutex' [-Wunused-parameter]
  461 | SVCALL(SD_MUTEX_ACQUIRE, uint32_t, sd_mutex_acquire(nrf_mutex_t * p_mutex));
      |                                                     ~~~~~~~~~~~~~~^~~~~~~
/home/staszek/.platformio/packages/framework-arduinoadafruitnrf52/cores/nRF5/nordic/softdevice/s140_nrf52_7.3.0_API/include/nrf_svc.h:76:22: note: in definition of macro 'SVCALL'
   76 |   static return_type signature                          \
      |                      ^~~~~~~~~
/home/staszek/.platformio/packages/framework-arduinoadafruitnrf52/cores/nRF5/nordic/softdevice/s140_nrf52_7.3.0_API/include/nrf_soc.h: In function 'uint32_t sd_mutex_release(nrf_mutex_t*)':
/home/staszek/.platformio/packages/framework-arduinoadafruitnrf52/cores/nRF5/nordic/softdevice/s140_nrf52_7.3.0_API/include/nrf_soc.h:469:67: warning: unused parameter 'p_mutex' [-Wunused-parameter]
  469 | SVCALL(SD_MUTEX_RELEASE, uint32_t, sd_mutex_release(nrf_mutex_t * p_mutex));
      |                                                     ~~~~~~~~~~~~~~^~~~~~~
/home/staszek/.platformio/packages/framework-arduinoadafruitnrf52/cores/nRF5/nordic/softdevice/s140_nrf52_7.3.0_API/include/nrf_svc.h:76:22: note: in definition of macro 'SVCALL'
   76 |   static return_type signature                          \
      |                      ^~~~~~~~~
/home/staszek/.platformio/packages/framework-arduinoadafruitnrf52/cores/nRF5/nordic/softdevice/s140_nrf52_7.3.0_API/include/nrf_soc.h: In function 'uint32_t sd_rand_application_pool_capacity_get(uint8_t*)':
/home/staszek/.platformio/packages/framework-arduinoadafruitnrf52/cores/nRF5/nordic/softdevice/s140_nrf52_7.3.0_API/include/nrf_soc.h:477:105: warning: unused parameter 'p_pool_capacity' [-Wunused-parameter]
  477 | SVCALL(SD_RAND_APPLICATION_POOL_CAPACITY_GET, uint32_t, sd_rand_application_pool_capacity_get(uint8_t * p_pool_capacity));
      |                                                                                               ~~~~~~~~~~^~~~~~~~~~~~~~~
/home/staszek/.platformio/packages/framework-arduinoadafruitnrf52/cores/nRF5/nordic/softdevice/s140_nrf52_7.3.0_API/include/nrf_svc.h:76:22: note: in definition of macro 'SVCALL'
   76 |   static return_type signature                          \
      |                      ^~~~~~~~~
/home/staszek/.platformio/packages/framework-arduinoadafruitnrf52/cores/nRF5/nordic/softdevice/s140_nrf52_7.3.0_API/include/nrf_soc.h: In function 'uint32_t sd_rand_application_bytes_available_get(uint8_t*)':
/home/staszek/.platformio/packages/framework-arduinoadafruitnrf52/cores/nRF5/nordic/softdevice/s140_nrf52_7.3.0_API/include/nrf_soc.h:485:109: warning: unused parameter 'p_bytes_available' [-Wunused-parameter]
  485 | SVCALL(SD_RAND_APPLICATION_BYTES_AVAILABLE_GET, uint32_t, sd_rand_application_bytes_available_get(uint8_t * p_bytes_available));
      |                                                                                                   ~~~~~~~~~~^~~~~~~~~~~~~~~~~
/home/staszek/.platformio/packages/framework-arduinoadafruitnrf52/cores/nRF5/nordic/softdevice/s140_nrf52_7.3.0_API/include/nrf_svc.h:76:22: note: in definition of macro 'SVCALL'
   76 |   static return_type signature                          \
      |                      ^~~~~~~~~
/home/staszek/.platformio/packages/framework-arduinoadafruitnrf52/cores/nRF5/nordic/softdevice/s140_nrf52_7.3.0_API/include/nrf_soc.h: In function 'uint32_t sd_rand_application_vector_get(uint8_t*, uint8_t)':
/home/staszek/.platformio/packages/framework-arduinoadafruitnrf52/cores/nRF5/nordic/softdevice/s140_nrf52_7.3.0_API/include/nrf_soc.h:495:91: warning: unused parameter 'p_buff' [-Wunused-parameter]
  495 | SVCALL(SD_RAND_APPLICATION_VECTOR_GET, uint32_t, sd_rand_application_vector_get(uint8_t * p_buff, uint8_t length));
      |                                                                                 ~~~~~~~~~~^~~~~~
/home/staszek/.platformio/packages/framework-arduinoadafruitnrf52/cores/nRF5/nordic/softdevice/s140_nrf52_7.3.0_API/include/nrf_svc.h:76:22: note: in definition of macro 'SVCALL'
   76 |   static return_type signature                          \
      |                      ^~~~~~~~~
/home/staszek/.platformio/packages/framework-arduinoadafruitnrf52/cores/nRF5/nordic/softdevice/s140_nrf52_7.3.0_API/include/nrf_soc.h:495:107: warning: unused parameter 'length' [-Wunused-parameter]
  495 | SVCALL(SD_RAND_APPLICATION_VECTOR_GET, uint32_t, sd_rand_application_vector_get(uint8_t * p_buff, uint8_t length));
      |                                                                                                   ~~~~~~~~^~~~~~
/home/staszek/.platformio/packages/framework-arduinoadafruitnrf52/cores/nRF5/nordic/softdevice/s140_nrf52_7.3.0_API/include/nrf_svc.h:76:22: note: in definition of macro 'SVCALL'
   76 |   static return_type signature                          \
      |                      ^~~~~~~~~
/home/staszek/.platformio/packages/framework-arduinoadafruitnrf52/cores/nRF5/nordic/softdevice/s140_nrf52_7.3.0_API/include/nrf_soc.h: In function 'uint32_t sd_power_reset_reason_get(uint32_t*)':
/home/staszek/.platformio/packages/framework-arduinoadafruitnrf52/cores/nRF5/nordic/softdevice/s140_nrf52_7.3.0_API/include/nrf_soc.h:503:82: warning: unused parameter 'p_reset_reason' [-Wunused-parameter]
  503 | SVCALL(SD_POWER_RESET_REASON_GET, uint32_t, sd_power_reset_reason_get(uint32_t * p_reset_reason));
      |                                                                       ~~~~~~~~~~~^~~~~~~~~~~~~~
/home/staszek/.platformio/packages/framework-arduinoadafruitnrf52/cores/nRF5/nordic/softdevice/s140_nrf52_7.3.0_API/include/nrf_svc.h:76:22: note: in definition of macro 'SVCALL'
   76 |   static return_type signature                          \
      |                      ^~~~~~~~~
/home/staszek/.platformio/packages/framework-arduinoadafruitnrf52/cores/nRF5/nordic/softdevice/s140_nrf52_7.3.0_API/include/nrf_soc.h: In function 'uint32_t sd_power_reset_reason_clr(uint32_t)':
/home/staszek/.platformio/packages/framework-arduinoadafruitnrf52/cores/nRF5/nordic/softdevice/s140_nrf52_7.3.0_API/include/nrf_soc.h:511:80: warning: unused parameter 'reset_reason_clr_msk' [-Wunused-parameter]
  511 | SVCALL(SD_POWER_RESET_REASON_CLR, uint32_t, sd_power_reset_reason_clr(uint32_t reset_reason_clr_msk));
      |                                                                       ~~~~~~~~~^~~~~~~~~~~~~~~~~~~~
/home/staszek/.platformio/packages/framework-arduinoadafruitnrf52/cores/nRF5/nordic/softdevice/s140_nrf52_7.3.0_API/include/nrf_svc.h:76:22: note: in definition of macro 'SVCALL'
   76 |   static return_type signature                          \
      |                      ^~~~~~~~~
/home/staszek/.platformio/packages/framework-arduinoadafruitnrf52/cores/nRF5/nordic/softdevice/s140_nrf52_7.3.0_API/include/nrf_soc.h: In function 'uint32_t sd_power_mode_set(uint8_t)':
/home/staszek/.platformio/packages/framework-arduinoadafruitnrf52/cores/nRF5/nordic/softdevice/s140_nrf52_7.3.0_API/include/nrf_soc.h:520:63: warning: unused parameter 'power_mode' [-Wunused-parameter]
  520 | SVCALL(SD_POWER_MODE_SET, uint32_t, sd_power_mode_set(uint8_t power_mode));
      |                                                       ~~~~~~~~^~~~~~~~~~
/home/staszek/.platformio/packages/framework-arduinoadafruitnrf52/cores/nRF5/nordic/softdevice/s140_nrf52_7.3.0_API/include/nrf_svc.h:76:22: note: in definition of macro 'SVCALL'
   76 |   static return_type signature                          \
      |                      ^~~~~~~~~
/home/staszek/.platformio/packages/framework-arduinoadafruitnrf52/cores/nRF5/nordic/softdevice/s140_nrf52_7.3.0_API/include/nrf_soc.h: In function 'uint32_t sd_power_pof_enable(uint8_t)':
/home/staszek/.platformio/packages/framework-arduinoadafruitnrf52/cores/nRF5/nordic/softdevice/s140_nrf52_7.3.0_API/include/nrf_soc.h:537:67: warning: unused parameter 'pof_enable' [-Wunused-parameter]
  537 | SVCALL(SD_POWER_POF_ENABLE, uint32_t, sd_power_pof_enable(uint8_t pof_enable));
      |                                                           ~~~~~~~~^~~~~~~~~~
/home/staszek/.platformio/packages/framework-arduinoadafruitnrf52/cores/nRF5/nordic/softdevice/s140_nrf52_7.3.0_API/include/nrf_svc.h:76:22: note: in definition of macro 'SVCALL'
   76 |   static return_type signature                          \
      |                      ^~~~~~~~~
/home/staszek/.platformio/packages/framework-arduinoadafruitnrf52/cores/nRF5/nordic/softdevice/s140_nrf52_7.3.0_API/include/nrf_soc.h: In function 'uint32_t sd_power_usbpwrrdy_enable(uint8_t)':
/home/staszek/.platformio/packages/framework-arduinoadafruitnrf52/cores/nRF5/nordic/softdevice/s140_nrf52_7.3.0_API/include/nrf_soc.h:550:79: warning: unused parameter 'usbpwrrdy_enable' [-Wunused-parameter]
  550 | SVCALL(SD_POWER_USBPWRRDY_ENABLE, uint32_t, sd_power_usbpwrrdy_enable(uint8_t usbpwrrdy_enable));
      |                                                                       ~~~~~~~~^~~~~~~~~~~~~~~~
/home/staszek/.platformio/packages/framework-arduinoadafruitnrf52/cores/nRF5/nordic/softdevice/s140_nrf52_7.3.0_API/include/nrf_svc.h:76:22: note: in definition of macro 'SVCALL'
   76 |   static return_type signature                          \
      |                      ^~~~~~~~~
/home/staszek/.platformio/packages/framework-arduinoadafruitnrf52/cores/nRF5/nordic/softdevice/s140_nrf52_7.3.0_API/include/nrf_soc.h: In function 'uint32_t sd_power_usbdetected_enable(uint8_t)':
/home/staszek/.platformio/packages/framework-arduinoadafruitnrf52/cores/nRF5/nordic/softdevice/s140_nrf52_7.3.0_API/include/nrf_soc.h:563:83: warning: unused parameter 'usbdetected_enable' [-Wunused-parameter]
  563 | SVCALL(SD_POWER_USBDETECTED_ENABLE, uint32_t, sd_power_usbdetected_enable(uint8_t usbdetected_enable));
      |                                                                           ~~~~~~~~^~~~~~~~~~~~~~~~~~
/home/staszek/.platformio/packages/framework-arduinoadafruitnrf52/cores/nRF5/nordic/softdevice/s140_nrf52_7.3.0_API/include/nrf_svc.h:76:22: note: in definition of macro 'SVCALL'
   76 |   static return_type signature                          \
      |                      ^~~~~~~~~
/home/staszek/.platformio/packages/framework-arduinoadafruitnrf52/cores/nRF5/nordic/softdevice/s140_nrf52_7.3.0_API/include/nrf_soc.h: In function 'uint32_t sd_power_usbremoved_enable(uint8_t)':
/home/staszek/.platformio/packages/framework-arduinoadafruitnrf52/cores/nRF5/nordic/softdevice/s140_nrf52_7.3.0_API/include/nrf_soc.h:576:81: warning: unused parameter 'usbremoved_enable' [-Wunused-parameter]
  576 | SVCALL(SD_POWER_USBREMOVED_ENABLE, uint32_t, sd_power_usbremoved_enable(uint8_t usbremoved_enable));
      |                                                                         ~~~~~~~~^~~~~~~~~~~~~~~~~
/home/staszek/.platformio/packages/framework-arduinoadafruitnrf52/cores/nRF5/nordic/softdevice/s140_nrf52_7.3.0_API/include/nrf_svc.h:76:22: note: in definition of macro 'SVCALL'
   76 |   static return_type signature                          \
      |                      ^~~~~~~~~
/home/staszek/.platformio/packages/framework-arduinoadafruitnrf52/cores/nRF5/nordic/softdevice/s140_nrf52_7.3.0_API/include/nrf_soc.h: In function 'uint32_t sd_power_usbregstatus_get(uint32_t*)':
/home/staszek/.platformio/packages/framework-arduinoadafruitnrf52/cores/nRF5/nordic/softdevice/s140_nrf52_7.3.0_API/include/nrf_soc.h:586:82: warning: unused parameter 'usbregstatus' [-Wunused-parameter]
  586 | SVCALL(SD_POWER_USBREGSTATUS_GET, uint32_t, sd_power_usbregstatus_get(uint32_t * usbregstatus));
      |                                                                       ~~~~~~~~~~~^~~~~~~~~~~~
/home/staszek/.platformio/packages/framework-arduinoadafruitnrf52/cores/nRF5/nordic/softdevice/s140_nrf52_7.3.0_API/include/nrf_svc.h:76:22: note: in definition of macro 'SVCALL'
   76 |   static return_type signature                          \
      |                      ^~~~~~~~~
/home/staszek/.platformio/packages/framework-arduinoadafruitnrf52/cores/nRF5/nordic/softdevice/s140_nrf52_7.3.0_API/include/nrf_soc.h: In function 'uint32_t sd_power_pof_threshold_set(uint8_t)':
/home/staszek/.platformio/packages/framework-arduinoadafruitnrf52/cores/nRF5/nordic/softdevice/s140_nrf52_7.3.0_API/include/nrf_soc.h:599:81: warning: unused parameter 'threshold' [-Wunused-parameter]
  599 | SVCALL(SD_POWER_POF_THRESHOLD_SET, uint32_t, sd_power_pof_threshold_set(uint8_t threshold));
      |                                                                         ~~~~~~~~^~~~~~~~~
/home/staszek/.platformio/packages/framework-arduinoadafruitnrf52/cores/nRF5/nordic/softdevice/s140_nrf52_7.3.0_API/include/nrf_svc.h:76:22: note: in definition of macro 'SVCALL'
   76 |   static return_type signature                          \
      |                      ^~~~~~~~~
/home/staszek/.platformio/packages/framework-arduinoadafruitnrf52/cores/nRF5/nordic/softdevice/s140_nrf52_7.3.0_API/include/nrf_soc.h: In function 'uint32_t sd_power_pof_thresholdvddh_set(uint8_t)':
/home/staszek/.platformio/packages/framework-arduinoadafruitnrf52/cores/nRF5/nordic/softdevice/s140_nrf52_7.3.0_API/include/nrf_soc.h:612:89: warning: unused parameter 'threshold' [-Wunused-parameter]
  612 | SVCALL(SD_POWER_POF_THRESHOLDVDDH_SET, uint32_t, sd_power_pof_thresholdvddh_set(uint8_t threshold));
      |                                                                                 ~~~~~~~~^~~~~~~~~
/home/staszek/.platformio/packages/framework-arduinoadafruitnrf52/cores/nRF5/nordic/softdevice/s140_nrf52_7.3.0_API/include/nrf_svc.h:76:22: note: in definition of macro 'SVCALL'
   76 |   static return_type signature                          \
      |                      ^~~~~~~~~
/home/staszek/.platformio/packages/framework-arduinoadafruitnrf52/cores/nRF5/nordic/softdevice/s140_nrf52_7.3.0_API/include/nrf_soc.h: In function 'uint32_t sd_power_ram_power_set(uint8_t, uint32_t)':
/home/staszek/.platformio/packages/framework-arduinoadafruitnrf52/cores/nRF5/nordic/softdevice/s140_nrf52_7.3.0_API/include/nrf_soc.h:621:73: warning: unused parameter 'index' [-Wunused-parameter]
  621 | SVCALL(SD_POWER_RAM_POWER_SET, uint32_t, sd_power_ram_power_set(uint8_t index, uint32_t ram_powerset));
      |                                                                 ~~~~~~~~^~~~~
/home/staszek/.platformio/packages/framework-arduinoadafruitnrf52/cores/nRF5/nordic/softdevice/s140_nrf52_7.3.0_API/include/nrf_svc.h:76:22: note: in definition of macro 'SVCALL'
   76 |   static return_type signature                          \
      |                      ^~~~~~~~~
/home/staszek/.platformio/packages/framework-arduinoadafruitnrf52/cores/nRF5/nordic/softdevice/s140_nrf52_7.3.0_API/include/nrf_soc.h:621:89: warning: unused parameter 'ram_powerset' [-Wunused-parameter]
  621 | SVCALL(SD_POWER_RAM_POWER_SET, uint32_t, sd_power_ram_power_set(uint8_t index, uint32_t ram_powerset));
      |                                                                                ~~~~~~~~~^~~~~~~~~~~~
/home/staszek/.platformio/packages/framework-arduinoadafruitnrf52/cores/nRF5/nordic/softdevice/s140_nrf52_7.3.0_API/include/nrf_svc.h:76:22: note: in definition of macro 'SVCALL'
   76 |   static return_type signature                          \
      |                      ^~~~~~~~~
/home/staszek/.platformio/packages/framework-arduinoadafruitnrf52/cores/nRF5/nordic/softdevice/s140_nrf52_7.3.0_API/include/nrf_soc.h: In function 'uint32_t sd_power_ram_power_clr(uint8_t, uint32_t)':
/home/staszek/.platformio/packages/framework-arduinoadafruitnrf52/cores/nRF5/nordic/softdevice/s140_nrf52_7.3.0_API/include/nrf_soc.h:630:73: warning: unused parameter 'index' [-Wunused-parameter]
  630 | SVCALL(SD_POWER_RAM_POWER_CLR, uint32_t, sd_power_ram_power_clr(uint8_t index, uint32_t ram_powerclr));
      |                                                                 ~~~~~~~~^~~~~
/home/staszek/.platformio/packages/framework-arduinoadafruitnrf52/cores/nRF5/nordic/softdevice/s140_nrf52_7.3.0_API/include/nrf_svc.h:76:22: note: in definition of macro 'SVCALL'
   76 |   static return_type signature                          \
      |                      ^~~~~~~~~
/home/staszek/.platformio/packages/framework-arduinoadafruitnrf52/cores/nRF5/nordic/softdevice/s140_nrf52_7.3.0_API/include/nrf_soc.h:630:89: warning: unused parameter 'ram_powerclr' [-Wunused-parameter]
  630 | SVCALL(SD_POWER_RAM_POWER_CLR, uint32_t, sd_power_ram_power_clr(uint8_t index, uint32_t ram_powerclr));
      |                                                                                ~~~~~~~~~^~~~~~~~~~~~
/home/staszek/.platformio/packages/framework-arduinoadafruitnrf52/cores/nRF5/nordic/softdevice/s140_nrf52_7.3.0_API/include/nrf_svc.h:76:22: note: in definition of macro 'SVCALL'
   76 |   static return_type signature                          \
      |                      ^~~~~~~~~
/home/staszek/.platformio/packages/framework-arduinoadafruitnrf52/cores/nRF5/nordic/softdevice/s140_nrf52_7.3.0_API/include/nrf_soc.h: In function 'uint32_t sd_power_ram_power_get(uint8_t, uint32_t*)':
/home/staszek/.platformio/packages/framework-arduinoadafruitnrf52/cores/nRF5/nordic/softdevice/s140_nrf52_7.3.0_API/include/nrf_soc.h:639:73: warning: unused parameter 'index' [-Wunused-parameter]
  639 | SVCALL(SD_POWER_RAM_POWER_GET, uint32_t, sd_power_ram_power_get(uint8_t index, uint32_t * p_ram_power));
      |                                                                 ~~~~~~~~^~~~~
/home/staszek/.platformio/packages/framework-arduinoadafruitnrf52/cores/nRF5/nordic/softdevice/s140_nrf52_7.3.0_API/include/nrf_svc.h:76:22: note: in definition of macro 'SVCALL'
   76 |   static return_type signature                          \
      |                      ^~~~~~~~~
/home/staszek/.platformio/packages/framework-arduinoadafruitnrf52/cores/nRF5/nordic/softdevice/s140_nrf52_7.3.0_API/include/nrf_soc.h:639:91: warning: unused parameter 'p_ram_power' [-Wunused-parameter]
  639 | SVCALL(SD_POWER_RAM_POWER_GET, uint32_t, sd_power_ram_power_get(uint8_t index, uint32_t * p_ram_power));
      |                                                                                ~~~~~~~~~~~^~~~~~~~~~~
/home/staszek/.platformio/packages/framework-arduinoadafruitnrf52/cores/nRF5/nordic/softdevice/s140_nrf52_7.3.0_API/include/nrf_svc.h:76:22: note: in definition of macro 'SVCALL'
   76 |   static return_type signature                          \
      |                      ^~~~~~~~~
/home/staszek/.platformio/packages/framework-arduinoadafruitnrf52/cores/nRF5/nordic/softdevice/s140_nrf52_7.3.0_API/include/nrf_soc.h: In function 'uint32_t sd_power_gpregret_set(uint32_t, uint32_t)':
/home/staszek/.platformio/packages/framework-arduinoadafruitnrf52/cores/nRF5/nordic/softdevice/s140_nrf52_7.3.0_API/include/nrf_soc.h:648:72: warning: unused parameter 'gpregret_id' [-Wunused-parameter]
  648 | SVCALL(SD_POWER_GPREGRET_SET, uint32_t, sd_power_gpregret_set(uint32_t gpregret_id, uint32_t gpregret_msk));
      |                                                               ~~~~~~~~~^~~~~~~~~~~
/home/staszek/.platformio/packages/framework-arduinoadafruitnrf52/cores/nRF5/nordic/softdevice/s140_nrf52_7.3.0_API/include/nrf_svc.h:76:22: note: in definition of macro 'SVCALL'
   76 |   static return_type signature                          \
      |                      ^~~~~~~~~
/home/staszek/.platformio/packages/framework-arduinoadafruitnrf52/cores/nRF5/nordic/softdevice/s140_nrf52_7.3.0_API/include/nrf_soc.h:648:94: warning: unused parameter 'gpregret_msk' [-Wunused-parameter]
  648 | SVCALL(SD_POWER_GPREGRET_SET, uint32_t, sd_power_gpregret_set(uint32_t gpregret_id, uint32_t gpregret_msk));
      |                                                                                     ~~~~~~~~~^~~~~~~~~~~~
/home/staszek/.platformio/packages/framework-arduinoadafruitnrf52/cores/nRF5/nordic/softdevice/s140_nrf52_7.3.0_API/include/nrf_svc.h:76:22: note: in definition of macro 'SVCALL'
   76 |   static return_type signature                          \
      |                      ^~~~~~~~~
/home/staszek/.platformio/packages/framework-arduinoadafruitnrf52/cores/nRF5/nordic/softdevice/s140_nrf52_7.3.0_API/include/nrf_soc.h: In function 'uint32_t sd_power_gpregret_clr(uint32_t, uint32_t)':
/home/staszek/.platformio/packages/framework-arduinoadafruitnrf52/cores/nRF5/nordic/softdevice/s140_nrf52_7.3.0_API/include/nrf_soc.h:657:72: warning: unused parameter 'gpregret_id' [-Wunused-parameter]
  657 | SVCALL(SD_POWER_GPREGRET_CLR, uint32_t, sd_power_gpregret_clr(uint32_t gpregret_id, uint32_t gpregret_msk));
      |                                                               ~~~~~~~~~^~~~~~~~~~~
/home/staszek/.platformio/packages/framework-arduinoadafruitnrf52/cores/nRF5/nordic/softdevice/s140_nrf52_7.3.0_API/include/nrf_svc.h:76:22: note: in definition of macro 'SVCALL'
   76 |   static return_type signature                          \
      |                      ^~~~~~~~~
/home/staszek/.platformio/packages/framework-arduinoadafruitnrf52/cores/nRF5/nordic/softdevice/s140_nrf52_7.3.0_API/include/nrf_soc.h:657:94: warning: unused parameter 'gpregret_msk' [-Wunused-parameter]
  657 | SVCALL(SD_POWER_GPREGRET_CLR, uint32_t, sd_power_gpregret_clr(uint32_t gpregret_id, uint32_t gpregret_msk));
      |                                                                                     ~~~~~~~~~^~~~~~~~~~~~
/home/staszek/.platformio/packages/framework-arduinoadafruitnrf52/cores/nRF5/nordic/softdevice/s140_nrf52_7.3.0_API/include/nrf_svc.h:76:22: note: in definition of macro 'SVCALL'
   76 |   static return_type signature                          \
      |                      ^~~~~~~~~
/home/staszek/.platformio/packages/framework-arduinoadafruitnrf52/cores/nRF5/nordic/softdevice/s140_nrf52_7.3.0_API/include/nrf_soc.h: In function 'uint32_t sd_power_gpregret_get(uint32_t, uint32_t*)':
/home/staszek/.platformio/packages/framework-arduinoadafruitnrf52/cores/nRF5/nordic/softdevice/s140_nrf52_7.3.0_API/include/nrf_soc.h:666:72: warning: unused parameter 'gpregret_id' [-Wunused-parameter]
  666 | SVCALL(SD_POWER_GPREGRET_GET, uint32_t, sd_power_gpregret_get(uint32_t gpregret_id, uint32_t *p_gpregret));
      |                                                               ~~~~~~~~~^~~~~~~~~~~
/home/staszek/.platformio/packages/framework-arduinoadafruitnrf52/cores/nRF5/nordic/softdevice/s140_nrf52_7.3.0_API/include/nrf_svc.h:76:22: note: in definition of macro 'SVCALL'
   76 |   static return_type signature                          \
      |                      ^~~~~~~~~
/home/staszek/.platformio/packages/framework-arduinoadafruitnrf52/cores/nRF5/nordic/softdevice/s140_nrf52_7.3.0_API/include/nrf_soc.h:666:95: warning: unused parameter 'p_gpregret' [-Wunused-parameter]
  666 | SVCALL(SD_POWER_GPREGRET_GET, uint32_t, sd_power_gpregret_get(uint32_t gpregret_id, uint32_t *p_gpregret));
      |                                                                                     ~~~~~~~~~~^~~~~~~~~~
/home/staszek/.platformio/packages/framework-arduinoadafruitnrf52/cores/nRF5/nordic/softdevice/s140_nrf52_7.3.0_API/include/nrf_svc.h:76:22: note: in definition of macro 'SVCALL'
   76 |   static return_type signature                          \
      |                      ^~~~~~~~~
/home/staszek/.platformio/packages/framework-arduinoadafruitnrf52/cores/nRF5/nordic/softdevice/s140_nrf52_7.3.0_API/include/nrf_soc.h: In function 'uint32_t sd_power_dcdc_mode_set(uint8_t)':
/home/staszek/.platformio/packages/framework-arduinoadafruitnrf52/cores/nRF5/nordic/softdevice/s140_nrf52_7.3.0_API/include/nrf_soc.h:675:73: warning: unused parameter 'dcdc_mode' [-Wunused-parameter]
  675 | SVCALL(SD_POWER_DCDC_MODE_SET, uint32_t, sd_power_dcdc_mode_set(uint8_t dcdc_mode));
      |                                                                 ~~~~~~~~^~~~~~~~~
/home/staszek/.platformio/packages/framework-arduinoadafruitnrf52/cores/nRF5/nordic/softdevice/s140_nrf52_7.3.0_API/include/nrf_svc.h:76:22: note: in definition of macro 'SVCALL'
   76 |   static return_type signature                          \
      |                      ^~~~~~~~~
/home/staszek/.platformio/packages/framework-arduinoadafruitnrf52/cores/nRF5/nordic/softdevice/s140_nrf52_7.3.0_API/include/nrf_soc.h: In function 'uint32_t sd_power_dcdc0_mode_set(uint8_t)':
/home/staszek/.platformio/packages/framework-arduinoadafruitnrf52/cores/nRF5/nordic/softdevice/s140_nrf52_7.3.0_API/include/nrf_soc.h:686:75: warning: unused parameter 'dcdc_mode' [-Wunused-parameter]
  686 | SVCALL(SD_POWER_DCDC0_MODE_SET, uint32_t, sd_power_dcdc0_mode_set(uint8_t dcdc_mode));
      |                                                                   ~~~~~~~~^~~~~~~~~
/home/staszek/.platformio/packages/framework-arduinoadafruitnrf52/cores/nRF5/nordic/softdevice/s140_nrf52_7.3.0_API/include/nrf_svc.h:76:22: note: in definition of macro 'SVCALL'
   76 |   static return_type signature                          \
      |                      ^~~~~~~~~
/home/staszek/.platformio/packages/framework-arduinoadafruitnrf52/cores/nRF5/nordic/softdevice/s140_nrf52_7.3.0_API/include/nrf_soc.h: In function 'uint32_t sd_clock_hfclk_is_running(uint32_t*)':
/home/staszek/.platformio/packages/framework-arduinoadafruitnrf52/cores/nRF5/nordic/softdevice/s140_nrf52_7.3.0_API/include/nrf_soc.h:720:82: warning: unused parameter 'p_is_running' [-Wunused-parameter]
  720 | SVCALL(SD_CLOCK_HFCLK_IS_RUNNING, uint32_t, sd_clock_hfclk_is_running(uint32_t * p_is_running));
      |                                                                       ~~~~~~~~~~~^~~~~~~~~~~~
/home/staszek/.platformio/packages/framework-arduinoadafruitnrf52/cores/nRF5/nordic/softdevice/s140_nrf52_7.3.0_API/include/nrf_svc.h:76:22: note: in definition of macro 'SVCALL'
   76 |   static return_type signature                          \
      |                      ^~~~~~~~~
/home/staszek/.platformio/packages/framework-arduinoadafruitnrf52/cores/nRF5/nordic/softdevice/s140_nrf52_7.3.0_API/include/nrf_soc.h: In function 'uint32_t sd_ppi_channel_enable_get(uint32_t*)':
/home/staszek/.platformio/packages/framework-arduinoadafruitnrf52/cores/nRF5/nordic/softdevice/s140_nrf52_7.3.0_API/include/nrf_soc.h:756:82: warning: unused parameter 'p_channel_enable' [-Wunused-parameter]
  756 | SVCALL(SD_PPI_CHANNEL_ENABLE_GET, uint32_t, sd_ppi_channel_enable_get(uint32_t * p_channel_enable));
      |                                                                       ~~~~~~~~~~~^~~~~~~~~~~~~~~~
/home/staszek/.platformio/packages/framework-arduinoadafruitnrf52/cores/nRF5/nordic/softdevice/s140_nrf52_7.3.0_API/include/nrf_svc.h:76:22: note: in definition of macro 'SVCALL'
   76 |   static return_type signature                          \
      |                      ^~~~~~~~~
/home/staszek/.platformio/packages/framework-arduinoadafruitnrf52/cores/nRF5/nordic/softdevice/s140_nrf52_7.3.0_API/include/nrf_soc.h: In function 'uint32_t sd_ppi_channel_enable_set(uint32_t)':
/home/staszek/.platformio/packages/framework-arduinoadafruitnrf52/cores/nRF5/nordic/softdevice/s140_nrf52_7.3.0_API/include/nrf_soc.h:764:80: warning: unused parameter 'channel_enable_set_msk' [-Wunused-parameter]
  764 | SVCALL(SD_PPI_CHANNEL_ENABLE_SET, uint32_t, sd_ppi_channel_enable_set(uint32_t channel_enable_set_msk));
      |                                                                       ~~~~~~~~~^~~~~~~~~~~~~~~~~~~~~~
/home/staszek/.platformio/packages/framework-arduinoadafruitnrf52/cores/nRF5/nordic/softdevice/s140_nrf52_7.3.0_API/include/nrf_svc.h:76:22: note: in definition of macro 'SVCALL'
   76 |   static return_type signature                          \
      |                      ^~~~~~~~~
/home/staszek/.platformio/packages/framework-arduinoadafruitnrf52/cores/nRF5/nordic/softdevice/s140_nrf52_7.3.0_API/include/nrf_soc.h: In function 'uint32_t sd_ppi_channel_enable_clr(uint32_t)':
/home/staszek/.platformio/packages/framework-arduinoadafruitnrf52/cores/nRF5/nordic/softdevice/s140_nrf52_7.3.0_API/include/nrf_soc.h:772:80: warning: unused parameter 'channel_enable_clr_msk' [-Wunused-parameter]
  772 | SVCALL(SD_PPI_CHANNEL_ENABLE_CLR, uint32_t, sd_ppi_channel_enable_clr(uint32_t channel_enable_clr_msk));
      |                                                                       ~~~~~~~~~^~~~~~~~~~~~~~~~~~~~~~
/home/staszek/.platformio/packages/framework-arduinoadafruitnrf52/cores/nRF5/nordic/softdevice/s140_nrf52_7.3.0_API/include/nrf_svc.h:76:22: note: in definition of macro 'SVCALL'
   76 |   static return_type signature                          \
      |                      ^~~~~~~~~
/home/staszek/.platformio/packages/framework-arduinoadafruitnrf52/cores/nRF5/nordic/softdevice/s140_nrf52_7.3.0_API/include/nrf_soc.h: In function 'uint32_t sd_ppi_channel_assign(uint8_t, const volatile void*, const volatile void*)':
/home/staszek/.platformio/packages/framework-arduinoadafruitnrf52/cores/nRF5/nordic/softdevice/s140_nrf52_7.3.0_API/include/nrf_soc.h:783:71: warning: unused parameter 'channel_num' [-Wunused-parameter]
  783 | SVCALL(SD_PPI_CHANNEL_ASSIGN, uint32_t, sd_ppi_channel_assign(uint8_t channel_num, const volatile void * evt_endpoint, const volatile void * task_endpoint));
      |                                                               ~~~~~~~~^~~~~~~~~~~
/home/staszek/.platformio/packages/framework-arduinoadafruitnrf52/cores/nRF5/nordic/softdevice/s140_nrf52_7.3.0_API/include/nrf_svc.h:76:22: note: in definition of macro 'SVCALL'
   76 |   static return_type signature                          \
      |                      ^~~~~~~~~
/home/staszek/.platformio/packages/framework-arduinoadafruitnrf52/cores/nRF5/nordic/softdevice/s140_nrf52_7.3.0_API/include/nrf_soc.h:783:106: warning: unused parameter 'evt_endpoint' [-Wunused-parameter]
  783 | SVCALL(SD_PPI_CHANNEL_ASSIGN, uint32_t, sd_ppi_channel_assign(uint8_t channel_num, const volatile void * evt_endpoint, const volatile void * task_endpoint));
      |                                                                                    ~~~~~~~~~~~~~~~~~~~~~~^~~~~~~~~~~~
/home/staszek/.platformio/packages/framework-arduinoadafruitnrf52/cores/nRF5/nordic/softdevice/s140_nrf52_7.3.0_API/include/nrf_svc.h:76:22: note: in definition of macro 'SVCALL'
   76 |   static return_type signature                          \
      |                      ^~~~~~~~~
/home/staszek/.platformio/packages/framework-arduinoadafruitnrf52/cores/nRF5/nordic/softdevice/s140_nrf52_7.3.0_API/include/nrf_soc.h:783:142: warning: unused parameter 'task_endpoint' [-Wunused-parameter]
  783 | SVCALL(SD_PPI_CHANNEL_ASSIGN, uint32_t, sd_ppi_channel_assign(uint8_t channel_num, const volatile void * evt_endpoint, const volatile void * task_endpoint));
      |                                                                                                                        ~~~~~~~~~~~~~~~~~~~~~~^~~~~~~~~~~~~
/home/staszek/.platformio/packages/framework-arduinoadafruitnrf52/cores/nRF5/nordic/softdevice/s140_nrf52_7.3.0_API/include/nrf_svc.h:76:22: note: in definition of macro 'SVCALL'
   76 |   static return_type signature                          \
      |                      ^~~~~~~~~
/home/staszek/.platformio/packages/framework-arduinoadafruitnrf52/cores/nRF5/nordic/softdevice/s140_nrf52_7.3.0_API/include/nrf_soc.h: In function 'uint32_t sd_ppi_group_task_enable(uint8_t)':
/home/staszek/.platformio/packages/framework-arduinoadafruitnrf52/cores/nRF5/nordic/softdevice/s140_nrf52_7.3.0_API/include/nrf_soc.h:792:77: warning: unused parameter 'group_num' [-Wunused-parameter]
  792 | SVCALL(SD_PPI_GROUP_TASK_ENABLE, uint32_t, sd_ppi_group_task_enable(uint8_t group_num));
      |                                                                     ~~~~~~~~^~~~~~~~~
/home/staszek/.platformio/packages/framework-arduinoadafruitnrf52/cores/nRF5/nordic/softdevice/s140_nrf52_7.3.0_API/include/nrf_svc.h:76:22: note: in definition of macro 'SVCALL'
   76 |   static return_type signature                          \
      |                      ^~~~~~~~~
/home/staszek/.platformio/packages/framework-arduinoadafruitnrf52/cores/nRF5/nordic/softdevice/s140_nrf52_7.3.0_API/include/nrf_soc.h: In function 'uint32_t sd_ppi_group_task_disable(uint8_t)':
/home/staszek/.platformio/packages/framework-arduinoadafruitnrf52/cores/nRF5/nordic/softdevice/s140_nrf52_7.3.0_API/include/nrf_soc.h:801:79: warning: unused parameter 'group_num' [-Wunused-parameter]
  801 | SVCALL(SD_PPI_GROUP_TASK_DISABLE, uint32_t, sd_ppi_group_task_disable(uint8_t group_num));
      |                                                                       ~~~~~~~~^~~~~~~~~
/home/staszek/.platformio/packages/framework-arduinoadafruitnrf52/cores/nRF5/nordic/softdevice/s140_nrf52_7.3.0_API/include/nrf_svc.h:76:22: note: in definition of macro 'SVCALL'
   76 |   static return_type signature                          \
      |                      ^~~~~~~~~
/home/staszek/.platformio/packages/framework-arduinoadafruitnrf52/cores/nRF5/nordic/softdevice/s140_nrf52_7.3.0_API/include/nrf_soc.h: In function 'uint32_t sd_ppi_group_assign(uint8_t, uint32_t)':
/home/staszek/.platformio/packages/framework-arduinoadafruitnrf52/cores/nRF5/nordic/softdevice/s140_nrf52_7.3.0_API/include/nrf_soc.h:811:67: warning: unused parameter 'group_num' [-Wunused-parameter]
  811 | SVCALL(SD_PPI_GROUP_ASSIGN, uint32_t, sd_ppi_group_assign(uint8_t group_num, uint32_t channel_msk));
      |                                                           ~~~~~~~~^~~~~~~~~
/home/staszek/.platformio/packages/framework-arduinoadafruitnrf52/cores/nRF5/nordic/softdevice/s140_nrf52_7.3.0_API/include/nrf_svc.h:76:22: note: in definition of macro 'SVCALL'
   76 |   static return_type signature                          \
      |                      ^~~~~~~~~
/home/staszek/.platformio/packages/framework-arduinoadafruitnrf52/cores/nRF5/nordic/softdevice/s140_nrf52_7.3.0_API/include/nrf_soc.h:811:87: warning: unused parameter 'channel_msk' [-Wunused-parameter]
  811 | SVCALL(SD_PPI_GROUP_ASSIGN, uint32_t, sd_ppi_group_assign(uint8_t group_num, uint32_t channel_msk));
      |                                                                              ~~~~~~~~~^~~~~~~~~~~
/home/staszek/.platformio/packages/framework-arduinoadafruitnrf52/cores/nRF5/nordic/softdevice/s140_nrf52_7.3.0_API/include/nrf_svc.h:76:22: note: in definition of macro 'SVCALL'
   76 |   static return_type signature                          \
      |                      ^~~~~~~~~
/home/staszek/.platformio/packages/framework-arduinoadafruitnrf52/cores/nRF5/nordic/softdevice/s140_nrf52_7.3.0_API/include/nrf_soc.h: In function 'uint32_t sd_ppi_group_get(uint8_t, uint32_t*)':
/home/staszek/.platformio/packages/framework-arduinoadafruitnrf52/cores/nRF5/nordic/softdevice/s140_nrf52_7.3.0_API/include/nrf_soc.h:821:61: warning: unused parameter 'group_num' [-Wunused-parameter]
  821 | SVCALL(SD_PPI_GROUP_GET, uint32_t, sd_ppi_group_get(uint8_t group_num, uint32_t * p_channel_msk));
      |                                                     ~~~~~~~~^~~~~~~~~
/home/staszek/.platformio/packages/framework-arduinoadafruitnrf52/cores/nRF5/nordic/softdevice/s140_nrf52_7.3.0_API/include/nrf_svc.h:76:22: note: in definition of macro 'SVCALL'
   76 |   static return_type signature                          \
      |                      ^~~~~~~~~
/home/staszek/.platformio/packages/framework-arduinoadafruitnrf52/cores/nRF5/nordic/softdevice/s140_nrf52_7.3.0_API/include/nrf_soc.h:821:83: warning: unused parameter 'p_channel_msk' [-Wunused-parameter]
  821 | SVCALL(SD_PPI_GROUP_GET, uint32_t, sd_ppi_group_get(uint8_t group_num, uint32_t * p_channel_msk));
      |                                                                        ~~~~~~~~~~~^~~~~~~~~~~~~
/home/staszek/.platformio/packages/framework-arduinoadafruitnrf52/cores/nRF5/nordic/softdevice/s140_nrf52_7.3.0_API/include/nrf_svc.h:76:22: note: in definition of macro 'SVCALL'
   76 |   static return_type signature                          \
      |                      ^~~~~~~~~
/home/staszek/.platformio/packages/framework-arduinoadafruitnrf52/cores/nRF5/nordic/softdevice/s140_nrf52_7.3.0_API/include/nrf_soc.h: In function 'uint32_t sd_radio_notification_cfg_set(uint8_t, uint8_t)':
/home/staszek/.platformio/packages/framework-arduinoadafruitnrf52/cores/nRF5/nordic/softdevice/s140_nrf52_7.3.0_API/include/nrf_soc.h:852:87: warning: unused parameter 'type' [-Wunused-parameter]
  852 | SVCALL(SD_RADIO_NOTIFICATION_CFG_SET, uint32_t, sd_radio_notification_cfg_set(uint8_t type, uint8_t distance));
      |                                                                               ~~~~~~~~^~~~
/home/staszek/.platformio/packages/framework-arduinoadafruitnrf52/cores/nRF5/nordic/softdevice/s140_nrf52_7.3.0_API/include/nrf_svc.h:76:22: note: in definition of macro 'SVCALL'
   76 |   static return_type signature                          \
      |                      ^~~~~~~~~
/home/staszek/.platformio/packages/framework-arduinoadafruitnrf52/cores/nRF5/nordic/softdevice/s140_nrf52_7.3.0_API/include/nrf_soc.h:852:101: warning: unused parameter 'distance' [-Wunused-parameter]
  852 | SVCALL(SD_RADIO_NOTIFICATION_CFG_SET, uint32_t, sd_radio_notification_cfg_set(uint8_t type, uint8_t distance));
      |                                                                                             ~~~~~~~~^~~~~~~~
/home/staszek/.platformio/packages/framework-arduinoadafruitnrf52/cores/nRF5/nordic/softdevice/s140_nrf52_7.3.0_API/include/nrf_svc.h:76:22: note: in definition of macro 'SVCALL'
   76 |   static return_type signature                          \
      |                      ^~~~~~~~~
/home/staszek/.platformio/packages/framework-arduinoadafruitnrf52/cores/nRF5/nordic/softdevice/s140_nrf52_7.3.0_API/include/nrf_soc.h: In function 'uint32_t sd_ecb_block_encrypt(nrf_ecb_hal_data_t*)':
/home/staszek/.platformio/packages/framework-arduinoadafruitnrf52/cores/nRF5/nordic/softdevice/s140_nrf52_7.3.0_API/include/nrf_soc.h:868:82: warning: unused parameter 'p_ecb_data' [-Wunused-parameter]
  868 | SVCALL(SD_ECB_BLOCK_ENCRYPT, uint32_t, sd_ecb_block_encrypt(nrf_ecb_hal_data_t * p_ecb_data));
      |                                                             ~~~~~~~~~~~~~~~~~~~~~^~~~~~~~~~
/home/staszek/.platformio/packages/framework-arduinoadafruitnrf52/cores/nRF5/nordic/softdevice/s140_nrf52_7.3.0_API/include/nrf_svc.h:76:22: note: in definition of macro 'SVCALL'
   76 |   static return_type signature                          \
      |                      ^~~~~~~~~
/home/staszek/.platformio/packages/framework-arduinoadafruitnrf52/cores/nRF5/nordic/softdevice/s140_nrf52_7.3.0_API/include/nrf_soc.h: In function 'uint32_t sd_ecb_blocks_encrypt(uint8_t, nrf_ecb_hal_data_block_t*)':
/home/staszek/.platformio/packages/framework-arduinoadafruitnrf52/cores/nRF5/nordic/softdevice/s140_nrf52_7.3.0_API/include/nrf_soc.h:885:71: warning: unused parameter 'block_count' [-Wunused-parameter]
  885 | SVCALL(SD_ECB_BLOCKS_ENCRYPT, uint32_t, sd_ecb_blocks_encrypt(uint8_t block_count, nrf_ecb_hal_data_block_t * p_data_blocks));
      |                                                               ~~~~~~~~^~~~~~~~~~~
/home/staszek/.platformio/packages/framework-arduinoadafruitnrf52/cores/nRF5/nordic/softdevice/s140_nrf52_7.3.0_API/include/nrf_svc.h:76:22: note: in definition of macro 'SVCALL'
   76 |   static return_type signature                          \
      |                      ^~~~~~~~~
/home/staszek/.platformio/packages/framework-arduinoadafruitnrf52/cores/nRF5/nordic/softdevice/s140_nrf52_7.3.0_API/include/nrf_soc.h:885:111: warning: unused parameter 'p_data_blocks' [-Wunused-parameter]
  885 | SVCALL(SD_ECB_BLOCKS_ENCRYPT, uint32_t, sd_ecb_blocks_encrypt(uint8_t block_count, nrf_ecb_hal_data_block_t * p_data_blocks));
      |                                                                                    ~~~~~~~~~~~~~~~~~~~~~~~~~~~^~~~~~~~~~~~~
/home/staszek/.platformio/packages/framework-arduinoadafruitnrf52/cores/nRF5/nordic/softdevice/s140_nrf52_7.3.0_API/include/nrf_svc.h:76:22: note: in definition of macro 'SVCALL'
   76 |   static return_type signature                          \
      |                      ^~~~~~~~~
/home/staszek/.platformio/packages/framework-arduinoadafruitnrf52/cores/nRF5/nordic/softdevice/s140_nrf52_7.3.0_API/include/nrf_soc.h: In function 'uint32_t sd_evt_get(uint32_t*)':
/home/staszek/.platformio/packages/framework-arduinoadafruitnrf52/cores/nRF5/nordic/softdevice/s140_nrf52_7.3.0_API/include/nrf_soc.h:896:52: warning: unused parameter 'p_evt_id' [-Wunused-parameter]
  896 | SVCALL(SD_EVT_GET, uint32_t, sd_evt_get(uint32_t * p_evt_id));
      |                                         ~~~~~~~~~~~^~~~~~~~
/home/staszek/.platformio/packages/framework-arduinoadafruitnrf52/cores/nRF5/nordic/softdevice/s140_nrf52_7.3.0_API/include/nrf_svc.h:76:22: note: in definition of macro 'SVCALL'
   76 |   static return_type signature                          \
      |                      ^~~~~~~~~
/home/staszek/.platformio/packages/framework-arduinoadafruitnrf52/cores/nRF5/nordic/softdevice/s140_nrf52_7.3.0_API/include/nrf_soc.h: In function 'uint32_t sd_temp_get(int32_t*)':
/home/staszek/.platformio/packages/framework-arduinoadafruitnrf52/cores/nRF5/nordic/softdevice/s140_nrf52_7.3.0_API/include/nrf_soc.h:907:53: warning: unused parameter 'p_temp' [-Wunused-parameter]
  907 | SVCALL(SD_TEMP_GET, uint32_t, sd_temp_get(int32_t * p_temp));
      |                                           ~~~~~~~~~~^~~~~~
/home/staszek/.platformio/packages/framework-arduinoadafruitnrf52/cores/nRF5/nordic/softdevice/s140_nrf52_7.3.0_API/include/nrf_svc.h:76:22: note: in definition of macro 'SVCALL'
   76 |   static return_type signature                          \
      |                      ^~~~~~~~~
/home/staszek/.platformio/packages/framework-arduinoadafruitnrf52/cores/nRF5/nordic/softdevice/s140_nrf52_7.3.0_API/include/nrf_soc.h: In function 'uint32_t sd_flash_write(uint32_t*, const uint32_t*, uint32_t)':
/home/staszek/.platformio/packages/framework-arduinoadafruitnrf52/cores/nRF5/nordic/softdevice/s140_nrf52_7.3.0_API/include/nrf_soc.h:944:60: warning: unused parameter 'p_dst' [-Wunused-parameter]
  944 | SVCALL(SD_FLASH_WRITE, uint32_t, sd_flash_write(uint32_t * p_dst, uint32_t const * p_src, uint32_t size));
      |                                                 ~~~~~~~~~~~^~~~~
/home/staszek/.platformio/packages/framework-arduinoadafruitnrf52/cores/nRF5/nordic/softdevice/s140_nrf52_7.3.0_API/include/nrf_svc.h:76:22: note: in definition of macro 'SVCALL'
   76 |   static return_type signature                          \
      |                      ^~~~~~~~~
/home/staszek/.platformio/packages/framework-arduinoadafruitnrf52/cores/nRF5/nordic/softdevice/s140_nrf52_7.3.0_API/include/nrf_soc.h:944:84: warning: unused parameter 'p_src' [-Wunused-parameter]
  944 | SVCALL(SD_FLASH_WRITE, uint32_t, sd_flash_write(uint32_t * p_dst, uint32_t const * p_src, uint32_t size));
      |                                                                   ~~~~~~~~~~~~~~~~~^~~~~
/home/staszek/.platformio/packages/framework-arduinoadafruitnrf52/cores/nRF5/nordic/softdevice/s140_nrf52_7.3.0_API/include/nrf_svc.h:76:22: note: in definition of macro 'SVCALL'
   76 |   static return_type signature                          \
      |                      ^~~~~~~~~
/home/staszek/.platformio/packages/framework-arduinoadafruitnrf52/cores/nRF5/nordic/softdevice/s140_nrf52_7.3.0_API/include/nrf_soc.h:944:100: warning: unused parameter 'size' [-Wunused-parameter]
  944 | SVCALL(SD_FLASH_WRITE, uint32_t, sd_flash_write(uint32_t * p_dst, uint32_t const * p_src, uint32_t size));
      |                                                                                           ~~~~~~~~~^~~~
/home/staszek/.platformio/packages/framework-arduinoadafruitnrf52/cores/nRF5/nordic/softdevice/s140_nrf52_7.3.0_API/include/nrf_svc.h:76:22: note: in definition of macro 'SVCALL'
   76 |   static return_type signature                          \
      |                      ^~~~~~~~~
/home/staszek/.platformio/packages/framework-arduinoadafruitnrf52/cores/nRF5/nordic/softdevice/s140_nrf52_7.3.0_API/include/nrf_soc.h: In function 'uint32_t sd_flash_page_erase(uint32_t)':
/home/staszek/.platformio/packages/framework-arduinoadafruitnrf52/cores/nRF5/nordic/softdevice/s140_nrf52_7.3.0_API/include/nrf_soc.h:976:68: warning: unused parameter 'page_number' [-Wunused-parameter]
  976 | SVCALL(SD_FLASH_PAGE_ERASE, uint32_t, sd_flash_page_erase(uint32_t page_number));
      |                                                           ~~~~~~~~~^~~~~~~~~~~
/home/staszek/.platformio/packages/framework-arduinoadafruitnrf52/cores/nRF5/nordic/softdevice/s140_nrf52_7.3.0_API/include/nrf_svc.h:76:22: note: in definition of macro 'SVCALL'
   76 |   static return_type signature                          \
      |                      ^~~~~~~~~
/home/staszek/.platformio/packages/framework-arduinoadafruitnrf52/cores/nRF5/nordic/softdevice/s140_nrf52_7.3.0_API/include/nrf_soc.h: In function 'uint32_t sd_radio_session_open(nrf_radio_signal_callback_t)':
/home/staszek/.platformio/packages/framework-arduinoadafruitnrf52/cores/nRF5/nordic/softdevice/s140_nrf52_7.3.0_API/include/nrf_soc.h:1000:92: warning: unused parameter 'p_radio_signal_callback' [-Wunused-parameter]
 1000 |  SVCALL(SD_RADIO_SESSION_OPEN, uint32_t, sd_radio_session_open(nrf_radio_signal_callback_t p_radio_signal_callback));
      |                                                                ~~~~~~~~~~~~~~~~~~~~~~~~~~~~^~~~~~~~~~~~~~~~~~~~~~~
/home/staszek/.platformio/packages/framework-arduinoadafruitnrf52/cores/nRF5/nordic/softdevice/s140_nrf52_7.3.0_API/include/nrf_svc.h:76:22: note: in definition of macro 'SVCALL'
   76 |   static return_type signature                          \
      |                      ^~~~~~~~~
/home/staszek/.platformio/packages/framework-arduinoadafruitnrf52/cores/nRF5/nordic/softdevice/s140_nrf52_7.3.0_API/include/nrf_soc.h: In function 'uint32_t sd_radio_request(const nrf_radio_request_t*)':
/home/staszek/.platformio/packages/framework-arduinoadafruitnrf52/cores/nRF5/nordic/softdevice/s140_nrf52_7.3.0_API/include/nrf_soc.h:1050:82: warning: unused parameter 'p_request' [-Wunused-parameter]
 1050 |  SVCALL(SD_RADIO_REQUEST, uint32_t, sd_radio_request(nrf_radio_request_t const * p_request));
      |                                                      ~~~~~~~~~~~~~~~~~~~~~~~~~~~~^~~~~~~~~
/home/staszek/.platformio/packages/framework-arduinoadafruitnrf52/cores/nRF5/nordic/softdevice/s140_nrf52_7.3.0_API/include/nrf_svc.h:76:22: note: in definition of macro 'SVCALL'
   76 |   static return_type signature                          \
      |                      ^~~~~~~~~
/home/staszek/.platformio/packages/framework-arduinoadafruitnrf52/cores/nRF5/nordic/softdevice/s140_nrf52_7.3.0_API/include/nrf_soc.h: In function 'uint32_t sd_protected_register_write(volatile uint32_t*, uint32_t)':
/home/staszek/.platformio/packages/framework-arduinoadafruitnrf52/cores/nRF5/nordic/softdevice/s140_nrf52_7.3.0_API/include/nrf_soc.h:1071:95: warning: unused parameter 'p_register' [-Wunused-parameter]
 1071 | SVCALL(SD_PROTECTED_REGISTER_WRITE, uint32_t, sd_protected_register_write(volatile uint32_t * p_register, uint32_t value));
      |                                                                           ~~~~~~~~~~~~~~~~~~~~^~~~~~~~~~
/home/staszek/.platformio/packages/framework-arduinoadafruitnrf52/cores/nRF5/nordic/softdevice/s140_nrf52_7.3.0_API/include/nrf_svc.h:76:22: note: in definition of macro 'SVCALL'
   76 |   static return_type signature                          \
      |                      ^~~~~~~~~
/home/staszek/.platformio/packages/framework-arduinoadafruitnrf52/cores/nRF5/nordic/softdevice/s140_nrf52_7.3.0_API/include/nrf_soc.h:1071:116: warning: unused parameter 'value' [-Wunused-parameter]
 1071 | SVCALL(SD_PROTECTED_REGISTER_WRITE, uint32_t, sd_protected_register_write(volatile uint32_t * p_register, uint32_t value));
      |                                                                                                           ~~~~~~~~~^~~~~
/home/staszek/.platformio/packages/framework-arduinoadafruitnrf52/cores/nRF5/nordic/softdevice/s140_nrf52_7.3.0_API/include/nrf_svc.h:76:22: note: in definition of macro 'SVCALL'
   76 |   static return_type signature                          \
      |                      ^~~~~~~~~
/home/staszek/.platformio/packages/framework-arduinoadafruitnrf52/cores/nRF5/nordic/softdevice/s140_nrf52_7.3.0_API/include/nrf_sdm.h: In function 'uint32_t sd_softdevice_enable(const nrf_clock_lf_cfg_t*, nrf_fault_handler_t)':
/home/staszek/.platformio/packages/framework-arduinoadafruitnrf52/cores/nRF5/nordic/softdevice/s140_nrf52_7.3.0_API/include/nrf_sdm.h:326:88: warning: unused parameter 'p_clock_lf_cfg' [-Wunused-parameter]
  326 | SVCALL(SD_SOFTDEVICE_ENABLE, uint32_t, sd_softdevice_enable(nrf_clock_lf_cfg_t const * p_clock_lf_cfg, nrf_fault_handler_t fault_handler));
      |                                                             ~~~~~~~~~~~~~~~~~~~~~~~~~~~^~~~~~~~~~~~~~
/home/staszek/.platformio/packages/framework-arduinoadafruitnrf52/cores/nRF5/nordic/softdevice/s140_nrf52_7.3.0_API/include/nrf_svc.h:76:22: note: in definition of macro 'SVCALL'
   76 |   static return_type signature                          \
      |                      ^~~~~~~~~
/home/staszek/.platformio/packages/framework-arduinoadafruitnrf52/cores/nRF5/nordic/softdevice/s140_nrf52_7.3.0_API/include/nrf_sdm.h:326:124: warning: unused parameter 'fault_handler' [-Wunused-parameter]
  326 | SVCALL(SD_SOFTDEVICE_ENABLE, uint32_t, sd_softdevice_enable(nrf_clock_lf_cfg_t const * p_clock_lf_cfg, nrf_fault_handler_t fault_handler));
      |                                                                                                        ~~~~~~~~~~~~~~~~~~~~^~~~~~~~~~~~~
/home/staszek/.platformio/packages/framework-arduinoadafruitnrf52/cores/nRF5/nordic/softdevice/s140_nrf52_7.3.0_API/include/nrf_svc.h:76:22: note: in definition of macro 'SVCALL'
   76 |   static return_type signature                          \
      |                      ^~~~~~~~~
/home/staszek/.platformio/packages/framework-arduinoadafruitnrf52/cores/nRF5/nordic/softdevice/s140_nrf52_7.3.0_API/include/nrf_sdm.h: In function 'uint32_t sd_softdevice_is_enabled(uint8_t*)':
/home/staszek/.platformio/packages/framework-arduinoadafruitnrf52/cores/nRF5/nordic/softdevice/s140_nrf52_7.3.0_API/include/nrf_sdm.h:350:79: warning: unused parameter 'p_softdevice_enabled' [-Wunused-parameter]
  350 | SVCALL(SD_SOFTDEVICE_IS_ENABLED, uint32_t, sd_softdevice_is_enabled(uint8_t * p_softdevice_enabled));
      |                                                                     ~~~~~~~~~~^~~~~~~~~~~~~~~~~~~~
/home/staszek/.platformio/packages/framework-arduinoadafruitnrf52/cores/nRF5/nordic/softdevice/s140_nrf52_7.3.0_API/include/nrf_svc.h:76:22: note: in definition of macro 'SVCALL'
   76 |   static return_type signature                          \
      |                      ^~~~~~~~~
/home/staszek/.platformio/packages/framework-arduinoadafruitnrf52/cores/nRF5/nordic/softdevice/s140_nrf52_7.3.0_API/include/nrf_sdm.h: In function 'uint32_t sd_softdevice_vector_table_base_set(uint32_t)':
/home/staszek/.platformio/packages/framework-arduinoadafruitnrf52/cores/nRF5/nordic/softdevice/s140_nrf52_7.3.0_API/include/nrf_sdm.h:360:100: warning: unused parameter 'address' [-Wunused-parameter]
  360 | SVCALL(SD_SOFTDEVICE_VECTOR_TABLE_BASE_SET, uint32_t, sd_softdevice_vector_table_base_set(uint32_t address));
      |                                                                                           ~~~~~~~~~^~~~~~~
/home/staszek/.platformio/packages/framework-arduinoadafruitnrf52/cores/nRF5/nordic/softdevice/s140_nrf52_7.3.0_API/include/nrf_svc.h:76:22: note: in definition of macro 'SVCALL'
   76 |   static return_type signature                          \
      |                      ^~~~~~~~~
In file included from src/fw_main.cpp:21:
lib/hal/device_radio.h: In member function 'virtual bool meshroute::Sx1262Radio::poll_rx(uint8_t*, size_t, size_t&, float&, float&)':
lib/hal/device_radio.h:342:42: warning: '++' expression of 'volatile'-qualified type is deprecated [-Wvolatile]
  342 |         if (st != RADIOLIB_ERR_NONE) { ++g_rxbad_count; if (g_mr_trace_on) { Serial.print(F("[rxbad st=")); Serial.print(st); Serial.print(F(" t=")); Serial.print(millis()); Serial.println(F("]")); } return false; }   // count the CRC-storm event ALWAYS; the per-event print is GATED behind `debug on` (don't flood Serial when the radio is busiest)
      |                                          ^~~~~~~~~~~~~
/home/staszek/.platformio/packages/framework-arduinoadafruitnrf52/cores/nRF5/nordic/softdevice/s140_nrf52_7.3.0_API/include/ble_gap.h: In function 'uint32_t sd_ble_gap_addr_set(const ble_gap_addr_t*)':
/home/staszek/.platformio/packages/framework-arduinoadafruitnrf52/cores/nRF5/nordic/softdevice/s140_nrf52_7.3.0_API/include/ble_gap.h:1725:81: warning: unused parameter 'p_addr' [-Wunused-parameter]
 1725 | SVCALL(SD_BLE_GAP_ADDR_SET, uint32_t, sd_ble_gap_addr_set(ble_gap_addr_t const *p_addr));
      |                                                           ~~~~~~~~~~~~~~~~~~~~~~^~~~~~
/home/staszek/.platformio/packages/framework-arduinoadafruitnrf52/cores/nRF5/nordic/softdevice/s140_nrf52_7.3.0_API/include/nrf_svc.h:76:22: note: in definition of macro 'SVCALL'
   76 |   static return_type signature                          \
      |                      ^~~~~~~~~
/home/staszek/.platformio/packages/framework-arduinoadafruitnrf52/cores/nRF5/nordic/softdevice/s140_nrf52_7.3.0_API/include/ble_gap.h: In function 'uint32_t sd_ble_gap_addr_get(ble_gap_addr_t*)':
/home/staszek/.platformio/packages/framework-arduinoadafruitnrf52/cores/nRF5/nordic/softdevice/s140_nrf52_7.3.0_API/include/ble_gap.h:1738:75: warning: unused parameter 'p_addr' [-Wunused-parameter]
 1738 | SVCALL(SD_BLE_GAP_ADDR_GET, uint32_t, sd_ble_gap_addr_get(ble_gap_addr_t *p_addr));
      |                                                           ~~~~~~~~~~~~~~~~^~~~~~
/home/staszek/.platformio/packages/framework-arduinoadafruitnrf52/cores/nRF5/nordic/softdevice/s140_nrf52_7.3.0_API/include/nrf_svc.h:76:22: note: in definition of macro 'SVCALL'
   76 |   static return_type signature                          \
      |                      ^~~~~~~~~
/home/staszek/.platformio/packages/framework-arduinoadafruitnrf52/cores/nRF5/nordic/softdevice/s140_nrf52_7.3.0_API/include/ble_gap.h: In function 'uint32_t sd_ble_gap_adv_addr_get(uint8_t, ble_gap_addr_t*)':
/home/staszek/.platformio/packages/framework-arduinoadafruitnrf52/cores/nRF5/nordic/softdevice/s140_nrf52_7.3.0_API/include/ble_gap.h:1757:75: warning: unused parameter 'adv_handle' [-Wunused-parameter]
 1757 | SVCALL(SD_BLE_GAP_ADV_ADDR_GET, uint32_t, sd_ble_gap_adv_addr_get(uint8_t adv_handle, ble_gap_addr_t *p_addr));
      |                                                                   ~~~~~~~~^~~~~~~~~~
/home/staszek/.platformio/packages/framework-arduinoadafruitnrf52/cores/nRF5/nordic/softdevice/s140_nrf52_7.3.0_API/include/nrf_svc.h:76:22: note: in definition of macro 'SVCALL'
   76 |   static return_type signature                          \
      |                      ^~~~~~~~~
/home/staszek/.platformio/packages/framework-arduinoadafruitnrf52/cores/nRF5/nordic/softdevice/s140_nrf52_7.3.0_API/include/ble_gap.h:1757:103: warning: unused parameter 'p_addr' [-Wunused-parameter]
 1757 | SVCALL(SD_BLE_GAP_ADV_ADDR_GET, uint32_t, sd_ble_gap_adv_addr_get(uint8_t adv_handle, ble_gap_addr_t *p_addr));
      |                                                                                       ~~~~~~~~~~~~~~~~^~~~~~
/home/staszek/.platformio/packages/framework-arduinoadafruitnrf52/cores/nRF5/nordic/softdevice/s140_nrf52_7.3.0_API/include/nrf_svc.h:76:22: note: in definition of macro 'SVCALL'
   76 |   static return_type signature                          \
      |                      ^~~~~~~~~
/home/staszek/.platformio/packages/framework-arduinoadafruitnrf52/cores/nRF5/nordic/softdevice/s140_nrf52_7.3.0_API/include/ble_gap.h: In function 'uint32_t sd_ble_gap_whitelist_set(const ble_gap_addr_t* const*, uint8_t)':
/home/staszek/.platformio/packages/framework-arduinoadafruitnrf52/cores/nRF5/nordic/softdevice/s140_nrf52_7.3.0_API/include/ble_gap.h:1783:100: warning: unused parameter 'pp_wl_addrs' [-Wunused-parameter]
 1783 | SVCALL(SD_BLE_GAP_WHITELIST_SET, uint32_t, sd_ble_gap_whitelist_set(ble_gap_addr_t const * const * pp_wl_addrs, uint8_t len));
      |                                                                     ~~~~~~~~~~~~~~~~~~~~~~~~~~~~~~~^~~~~~~~~~~
/home/staszek/.platformio/packages/framework-arduinoadafruitnrf52/cores/nRF5/nordic/softdevice/s140_nrf52_7.3.0_API/include/nrf_svc.h:76:22: note: in definition of macro 'SVCALL'
   76 |   static return_type signature                          \
      |                      ^~~~~~~~~
/home/staszek/.platformio/packages/framework-arduinoadafruitnrf52/cores/nRF5/nordic/softdevice/s140_nrf52_7.3.0_API/include/ble_gap.h:1783:121: warning: unused parameter 'len' [-Wunused-parameter]
 1783 | SVCALL(SD_BLE_GAP_WHITELIST_SET, uint32_t, sd_ble_gap_whitelist_set(ble_gap_addr_t const * const * pp_wl_addrs, uint8_t len));
      |                                                                                                                 ~~~~~~~~^~~
/home/staszek/.platformio/packages/framework-arduinoadafruitnrf52/cores/nRF5/nordic/softdevice/s140_nrf52_7.3.0_API/include/nrf_svc.h:76:22: note: in definition of macro 'SVCALL'
   76 |   static return_type signature                          \
      |                      ^~~~~~~~~
/home/staszek/.platformio/packages/framework-arduinoadafruitnrf52/cores/nRF5/nordic/softdevice/s140_nrf52_7.3.0_API/include/ble_gap.h: In function 'uint32_t sd_ble_gap_device_identities_set(const ble_gap_id_key_t* const*, const ble_gap_irk_t* const*, uint8_t)':
/home/staszek/.platformio/packages/framework-arduinoadafruitnrf52/cores/nRF5/nordic/softdevice/s140_nrf52_7.3.0_API/include/ble_gap.h:1814:118: warning: unused parameter 'pp_id_keys' [-Wunused-parameter]
 1814 | SVCALL(SD_BLE_GAP_DEVICE_IDENTITIES_SET, uint32_t, sd_ble_gap_device_identities_set(ble_gap_id_key_t const * const * pp_id_keys, ble_gap_irk_t const * const * pp_local_irks, uint8_t len));
      |                                                                                     ~~~~~~~~~~~~~~~~~~~~~~~~~~~~~~~~~^~~~~~~~~~
/home/staszek/.platformio/packages/framework-arduinoadafruitnrf52/cores/nRF5/nordic/softdevice/s140_nrf52_7.3.0_API/include/nrf_svc.h:76:22: note: in definition of macro 'SVCALL'
   76 |   static return_type signature                          \
      |                      ^~~~~~~~~
/home/staszek/.platformio/packages/framework-arduinoadafruitnrf52/cores/nRF5/nordic/softdevice/s140_nrf52_7.3.0_API/include/ble_gap.h:1814:160: warning: unused parameter 'pp_local_irks' [-Wunused-parameter]
 1814 | SVCALL(SD_BLE_GAP_DEVICE_IDENTITIES_SET, uint32_t, sd_ble_gap_device_identities_set(ble_gap_id_key_t const * const * pp_id_keys, ble_gap_irk_t const * const * pp_local_irks, uint8_t len));
      |                                                                                                                                  ~~~~~~~~~~~~~~~~~~~~~~~~~~~~~~^~~~~~~~~~~~~
/home/staszek/.platformio/packages/framework-arduinoadafruitnrf52/cores/nRF5/nordic/softdevice/s140_nrf52_7.3.0_API/include/nrf_svc.h:76:22: note: in definition of macro 'SVCALL'
   76 |   static return_type signature                          \
      |                      ^~~~~~~~~
/home/staszek/.platformio/packages/framework-arduinoadafruitnrf52/cores/nRF5/nordic/softdevice/s140_nrf52_7.3.0_API/include/ble_gap.h:1814:183: warning: unused parameter 'len' [-Wunused-parameter]
 1814 | SVCALL(SD_BLE_GAP_DEVICE_IDENTITIES_SET, uint32_t, sd_ble_gap_device_identities_set(ble_gap_id_key_t const * const * pp_id_keys, ble_gap_irk_t const * const * pp_local_irks, uint8_t len));
      |                                                                                                                                                                               ~~~~~~~~^~~
/home/staszek/.platformio/packages/framework-arduinoadafruitnrf52/cores/nRF5/nordic/softdevice/s140_nrf52_7.3.0_API/include/nrf_svc.h:76:22: note: in definition of macro 'SVCALL'
   76 |   static return_type signature                          \
      |                      ^~~~~~~~~
/home/staszek/.platformio/packages/framework-arduinoadafruitnrf52/cores/nRF5/nordic/softdevice/s140_nrf52_7.3.0_API/include/ble_gap.h: In function 'uint32_t sd_ble_gap_privacy_set(const ble_gap_privacy_params_t*)':
/home/staszek/.platformio/packages/framework-arduinoadafruitnrf52/cores/nRF5/nordic/softdevice/s140_nrf52_7.3.0_API/include/ble_gap.h:1842:97: warning: unused parameter 'p_privacy_params' [-Wunused-parameter]
 1842 | SVCALL(SD_BLE_GAP_PRIVACY_SET, uint32_t, sd_ble_gap_privacy_set(ble_gap_privacy_params_t const *p_privacy_params));
      |                                                                 ~~~~~~~~~~~~~~~~~~~~~~~~~~~~~~~~^~~~~~~~~~~~~~~~
/home/staszek/.platformio/packages/framework-arduinoadafruitnrf52/cores/nRF5/nordic/softdevice/s140_nrf52_7.3.0_API/include/nrf_svc.h:76:22: note: in definition of macro 'SVCALL'
   76 |   static return_type signature                          \
      |                      ^~~~~~~~~
/home/staszek/.platformio/packages/framework-arduinoadafruitnrf52/cores/nRF5/nordic/softdevice/s140_nrf52_7.3.0_API/include/ble_gap.h: In function 'uint32_t sd_ble_gap_privacy_get(ble_gap_privacy_params_t*)':
/home/staszek/.platformio/packages/framework-arduinoadafruitnrf52/cores/nRF5/nordic/softdevice/s140_nrf52_7.3.0_API/include/ble_gap.h:1856:91: warning: unused parameter 'p_privacy_params' [-Wunused-parameter]
 1856 | SVCALL(SD_BLE_GAP_PRIVACY_GET, uint32_t, sd_ble_gap_privacy_get(ble_gap_privacy_params_t *p_privacy_params));
      |                                                                 ~~~~~~~~~~~~~~~~~~~~~~~~~~^~~~~~~~~~~~~~~~
/home/staszek/.platformio/packages/framework-arduinoadafruitnrf52/cores/nRF5/nordic/softdevice/s140_nrf52_7.3.0_API/include/nrf_svc.h:76:22: note: in definition of macro 'SVCALL'
   76 |   static return_type signature                          \
      |                      ^~~~~~~~~
/home/staszek/.platformio/packages/framework-arduinoadafruitnrf52/cores/nRF5/nordic/softdevice/s140_nrf52_7.3.0_API/include/ble_gap.h: In function 'uint32_t sd_ble_gap_adv_set_configure(uint8_t*, const ble_gap_adv_data_t*, const ble_gap_adv_params_t*)':
/home/staszek/.platformio/packages/framework-arduinoadafruitnrf52/cores/nRF5/nordic/softdevice/s140_nrf52_7.3.0_API/include/ble_gap.h:1903:86: warning: unused parameter 'p_adv_handle' [-Wunused-parameter]
 1903 | SVCALL(SD_BLE_GAP_ADV_SET_CONFIGURE, uint32_t, sd_ble_gap_adv_set_configure(uint8_t *p_adv_handle, ble_gap_adv_data_t const *p_adv_data, ble_gap_adv_params_t const *p_adv_params));
      |                                                                             ~~~~~~~~~^~~~~~~~~~~~
/home/staszek/.platformio/packages/framework-arduinoadafruitnrf52/cores/nRF5/nordic/softdevice/s140_nrf52_7.3.0_API/include/nrf_svc.h:76:22: note: in definition of macro 'SVCALL'
   76 |   static return_type signature                          \
      |                      ^~~~~~~~~
/home/staszek/.platformio/packages/framework-arduinoadafruitnrf52/cores/nRF5/nordic/softdevice/s140_nrf52_7.3.0_API/include/ble_gap.h:1903:126: warning: unused parameter 'p_adv_data' [-Wunused-parameter]
 1903 | SVCALL(SD_BLE_GAP_ADV_SET_CONFIGURE, uint32_t, sd_ble_gap_adv_set_configure(uint8_t *p_adv_handle, ble_gap_adv_data_t const *p_adv_data, ble_gap_adv_params_t const *p_adv_params));
      |                                                                                                    ~~~~~~~~~~~~~~~~~~~~~~~~~~^~~~~~~~~~
/home/staszek/.platformio/packages/framework-arduinoadafruitnrf52/cores/nRF5/nordic/softdevice/s140_nrf52_7.3.0_API/include/nrf_svc.h:76:22: note: in definition of macro 'SVCALL'
   76 |   static return_type signature                          \
      |                      ^~~~~~~~~
/home/staszek/.platformio/packages/framework-arduinoadafruitnrf52/cores/nRF5/nordic/softdevice/s140_nrf52_7.3.0_API/include/ble_gap.h:1903:166: warning: unused parameter 'p_adv_params' [-Wunused-parameter]
 1903 | SVCALL(SD_BLE_GAP_ADV_SET_CONFIGURE, uint32_t, sd_ble_gap_adv_set_configure(uint8_t *p_adv_handle, ble_gap_adv_data_t const *p_adv_data, ble_gap_adv_params_t const *p_adv_params));
      |                                                                                                                                          ~~~~~~~~~~~~~~~~~~~~~~~~~~~~^~~~~~~~~~~~
/home/staszek/.platformio/packages/framework-arduinoadafruitnrf52/cores/nRF5/nordic/softdevice/s140_nrf52_7.3.0_API/include/nrf_svc.h:76:22: note: in definition of macro 'SVCALL'
   76 |   static return_type signature                          \
      |                      ^~~~~~~~~
/home/staszek/.platformio/packages/framework-arduinoadafruitnrf52/cores/nRF5/nordic/softdevice/s140_nrf52_7.3.0_API/include/ble_gap.h: In function 'uint32_t sd_ble_gap_adv_start(uint8_t, uint8_t)':
/home/staszek/.platformio/packages/framework-arduinoadafruitnrf52/cores/nRF5/nordic/softdevice/s140_nrf52_7.3.0_API/include/ble_gap.h:1952:69: warning: unused parameter 'adv_handle' [-Wunused-parameter]
 1952 | SVCALL(SD_BLE_GAP_ADV_START, uint32_t, sd_ble_gap_adv_start(uint8_t adv_handle, uint8_t conn_cfg_tag));
      |                                                             ~~~~~~~~^~~~~~~~~~
/home/staszek/.platformio/packages/framework-arduinoadafruitnrf52/cores/nRF5/nordic/softdevice/s140_nrf52_7.3.0_API/include/nrf_svc.h:76:22: note: in definition of macro 'SVCALL'
   76 |   static return_type signature                          \
      |                      ^~~~~~~~~
/home/staszek/.platformio/packages/framework-arduinoadafruitnrf52/cores/nRF5/nordic/softdevice/s140_nrf52_7.3.0_API/include/ble_gap.h:1952:89: warning: unused parameter 'conn_cfg_tag' [-Wunused-parameter]
 1952 | SVCALL(SD_BLE_GAP_ADV_START, uint32_t, sd_ble_gap_adv_start(uint8_t adv_handle, uint8_t conn_cfg_tag));
      |                                                                                 ~~~~~~~~^~~~~~~~~~~~
/home/staszek/.platformio/packages/framework-arduinoadafruitnrf52/cores/nRF5/nordic/softdevice/s140_nrf52_7.3.0_API/include/nrf_svc.h:76:22: note: in definition of macro 'SVCALL'
   76 |   static return_type signature                          \
      |                      ^~~~~~~~~
/home/staszek/.platformio/packages/framework-arduinoadafruitnrf52/cores/nRF5/nordic/softdevice/s140_nrf52_7.3.0_API/include/ble_gap.h: In function 'uint32_t sd_ble_gap_adv_stop(uint8_t)':
/home/staszek/.platformio/packages/framework-arduinoadafruitnrf52/cores/nRF5/nordic/softdevice/s140_nrf52_7.3.0_API/include/ble_gap.h:1968:67: warning: unused parameter 'adv_handle' [-Wunused-parameter]
 1968 | SVCALL(SD_BLE_GAP_ADV_STOP, uint32_t, sd_ble_gap_adv_stop(uint8_t adv_handle));
      |                                                           ~~~~~~~~^~~~~~~~~~
/home/staszek/.platformio/packages/framework-arduinoadafruitnrf52/cores/nRF5/nordic/softdevice/s140_nrf52_7.3.0_API/include/nrf_svc.h:76:22: note: in definition of macro 'SVCALL'
   76 |   static return_type signature                          \
      |                      ^~~~~~~~~
/home/staszek/.platformio/packages/framework-arduinoadafruitnrf52/cores/nRF5/nordic/softdevice/s140_nrf52_7.3.0_API/include/ble_gap.h: In function 'uint32_t sd_ble_gap_conn_param_update(uint16_t, const ble_gap_conn_params_t*)':
/home/staszek/.platformio/packages/framework-arduinoadafruitnrf52/cores/nRF5/nordic/softdevice/s140_nrf52_7.3.0_API/include/ble_gap.h:2006:86: warning: unused parameter 'conn_handle' [-Wunused-parameter]
 2006 | SVCALL(SD_BLE_GAP_CONN_PARAM_UPDATE, uint32_t, sd_ble_gap_conn_param_update(uint16_t conn_handle, ble_gap_conn_params_t const *p_conn_params));
      |                                                                             ~~~~~~~~~^~~~~~~~~~~
/home/staszek/.platformio/packages/framework-arduinoadafruitnrf52/cores/nRF5/nordic/softdevice/s140_nrf52_7.3.0_API/include/nrf_svc.h:76:22: note: in definition of macro 'SVCALL'
   76 |   static return_type signature                          \
      |                      ^~~~~~~~~
/home/staszek/.platformio/packages/framework-arduinoadafruitnrf52/cores/nRF5/nordic/softdevice/s140_nrf52_7.3.0_API/include/ble_gap.h:2006:128: warning: unused parameter 'p_conn_params' [-Wunused-parameter]
 2006 | SVCALL(SD_BLE_GAP_CONN_PARAM_UPDATE, uint32_t, sd_ble_gap_conn_param_update(uint16_t conn_handle, ble_gap_conn_params_t const *p_conn_params));
      |                                                                                                   ~~~~~~~~~~~~~~~~~~~~~~~~~~~~~^~~~~~~~~~~~~
/home/staszek/.platformio/packages/framework-arduinoadafruitnrf52/cores/nRF5/nordic/softdevice/s140_nrf52_7.3.0_API/include/nrf_svc.h:76:22: note: in definition of macro 'SVCALL'
   76 |   static return_type signature                          \
      |                      ^~~~~~~~~
/home/staszek/.platformio/packages/framework-arduinoadafruitnrf52/cores/nRF5/nordic/softdevice/s140_nrf52_7.3.0_API/include/ble_gap.h: In function 'uint32_t sd_ble_gap_disconnect(uint16_t, uint8_t)':
/home/staszek/.platformio/packages/framework-arduinoadafruitnrf52/cores/nRF5/nordic/softdevice/s140_nrf52_7.3.0_API/include/ble_gap.h:2030:72: warning: unused parameter 'conn_handle' [-Wunused-parameter]
 2030 | SVCALL(SD_BLE_GAP_DISCONNECT, uint32_t, sd_ble_gap_disconnect(uint16_t conn_handle, uint8_t hci_status_code));
      |                                                               ~~~~~~~~~^~~~~~~~~~~
/home/staszek/.platformio/packages/framework-arduinoadafruitnrf52/cores/nRF5/nordic/softdevice/s140_nrf52_7.3.0_API/include/nrf_svc.h:76:22: note: in definition of macro 'SVCALL'
   76 |   static return_type signature                          \
      |                      ^~~~~~~~~
/home/staszek/.platformio/packages/framework-arduinoadafruitnrf52/cores/nRF5/nordic/softdevice/s140_nrf52_7.3.0_API/include/ble_gap.h:2030:93: warning: unused parameter 'hci_status_code' [-Wunused-parameter]
 2030 | SVCALL(SD_BLE_GAP_DISCONNECT, uint32_t, sd_ble_gap_disconnect(uint16_t conn_handle, uint8_t hci_status_code));
      |                                                                                     ~~~~~~~~^~~~~~~~~~~~~~~
/home/staszek/.platformio/packages/framework-arduinoadafruitnrf52/cores/nRF5/nordic/softdevice/s140_nrf52_7.3.0_API/include/nrf_svc.h:76:22: note: in definition of macro 'SVCALL'
   76 |   static return_type signature                          \
      |                      ^~~~~~~~~
/home/staszek/.platformio/packages/framework-arduinoadafruitnrf52/cores/nRF5/nordic/softdevice/s140_nrf52_7.3.0_API/include/ble_gap.h: In function 'uint32_t sd_ble_gap_tx_power_set(uint8_t, uint16_t, int8_t)':
/home/staszek/.platformio/packages/framework-arduinoadafruitnrf52/cores/nRF5/nordic/softdevice/s140_nrf52_7.3.0_API/include/ble_gap.h:2057:75: warning: unused parameter 'role' [-Wunused-parameter]
 2057 | SVCALL(SD_BLE_GAP_TX_POWER_SET, uint32_t, sd_ble_gap_tx_power_set(uint8_t role, uint16_t handle, int8_t tx_power));
      |                                                                   ~~~~~~~~^~~~
/home/staszek/.platformio/packages/framework-arduinoadafruitnrf52/cores/nRF5/nordic/softdevice/s140_nrf52_7.3.0_API/include/nrf_svc.h:76:22: note: in definition of macro 'SVCALL'
   76 |   static return_type signature                          \
      |                      ^~~~~~~~~
/home/staszek/.platformio/packages/framework-arduinoadafruitnrf52/cores/nRF5/nordic/softdevice/s140_nrf52_7.3.0_API/include/ble_gap.h:2057:90: warning: unused parameter 'handle' [-Wunused-parameter]
 2057 | SVCALL(SD_BLE_GAP_TX_POWER_SET, uint32_t, sd_ble_gap_tx_power_set(uint8_t role, uint16_t handle, int8_t tx_power));
      |                                                                                 ~~~~~~~~~^~~~~~
/home/staszek/.platformio/packages/framework-arduinoadafruitnrf52/cores/nRF5/nordic/softdevice/s140_nrf52_7.3.0_API/include/nrf_svc.h:76:22: note: in definition of macro 'SVCALL'
   76 |   static return_type signature                          \
      |                      ^~~~~~~~~
/home/staszek/.platformio/packages/framework-arduinoadafruitnrf52/cores/nRF5/nordic/softdevice/s140_nrf52_7.3.0_API/include/ble_gap.h:2057:105: warning: unused parameter 'tx_power' [-Wunused-parameter]
 2057 | SVCALL(SD_BLE_GAP_TX_POWER_SET, uint32_t, sd_ble_gap_tx_power_set(uint8_t role, uint16_t handle, int8_t tx_power));
      |                                                                                                  ~~~~~~~^~~~~~~~
/home/staszek/.platformio/packages/framework-arduinoadafruitnrf52/cores/nRF5/nordic/softdevice/s140_nrf52_7.3.0_API/include/nrf_svc.h:76:22: note: in definition of macro 'SVCALL'
   76 |   static return_type signature                          \
      |                      ^~~~~~~~~
/home/staszek/.platformio/packages/framework-arduinoadafruitnrf52/cores/nRF5/nordic/softdevice/s140_nrf52_7.3.0_API/include/ble_gap.h: In function 'uint32_t sd_ble_gap_appearance_set(uint16_t)':
/home/staszek/.platformio/packages/framework-arduinoadafruitnrf52/cores/nRF5/nordic/softdevice/s140_nrf52_7.3.0_API/include/ble_gap.h:2067:80: warning: unused parameter 'appearance' [-Wunused-parameter]
 2067 | SVCALL(SD_BLE_GAP_APPEARANCE_SET, uint32_t, sd_ble_gap_appearance_set(uint16_t appearance));
      |                                                                       ~~~~~~~~~^~~~~~~~~~
/home/staszek/.platformio/packages/framework-arduinoadafruitnrf52/cores/nRF5/nordic/softdevice/s140_nrf52_7.3.0_API/include/nrf_svc.h:76:22: note: in definition of macro 'SVCALL'
   76 |   static return_type signature                          \
      |                      ^~~~~~~~~
/home/staszek/.platformio/packages/framework-arduinoadafruitnrf52/cores/nRF5/nordic/softdevice/s140_nrf52_7.3.0_API/include/ble_gap.h: In function 'uint32_t sd_ble_gap_appearance_get(uint16_t*)':
/home/staszek/.platformio/packages/framework-arduinoadafruitnrf52/cores/nRF5/nordic/softdevice/s140_nrf52_7.3.0_API/include/ble_gap.h:2077:81: warning: unused parameter 'p_appearance' [-Wunused-parameter]
 2077 | SVCALL(SD_BLE_GAP_APPEARANCE_GET, uint32_t, sd_ble_gap_appearance_get(uint16_t *p_appearance));
      |                                                                       ~~~~~~~~~~^~~~~~~~~~~~
/home/staszek/.platformio/packages/framework-arduinoadafruitnrf52/cores/nRF5/nordic/softdevice/s140_nrf52_7.3.0_API/include/nrf_svc.h:76:22: note: in definition of macro 'SVCALL'
   76 |   static return_type signature                          \
      |                      ^~~~~~~~~
/home/staszek/.platformio/packages/framework-arduinoadafruitnrf52/cores/nRF5/nordic/softdevice/s140_nrf52_7.3.0_API/include/ble_gap.h: In function 'uint32_t sd_ble_gap_ppcp_set(const ble_gap_conn_params_t*)':
/home/staszek/.platformio/packages/framework-arduinoadafruitnrf52/cores/nRF5/nordic/softdevice/s140_nrf52_7.3.0_API/include/ble_gap.h:2090:88: warning: unused parameter 'p_conn_params' [-Wunused-parameter]
 2090 | SVCALL(SD_BLE_GAP_PPCP_SET, uint32_t, sd_ble_gap_ppcp_set(ble_gap_conn_params_t const *p_conn_params));
      |                                                           ~~~~~~~~~~~~~~~~~~~~~~~~~~~~~^~~~~~~~~~~~~
/home/staszek/.platformio/packages/framework-arduinoadafruitnrf52/cores/nRF5/nordic/softdevice/s140_nrf52_7.3.0_API/include/nrf_svc.h:76:22: note: in definition of macro 'SVCALL'
   76 |   static return_type signature                          \
      |                      ^~~~~~~~~
/home/staszek/.platformio/packages/framework-arduinoadafruitnrf52/cores/nRF5/nordic/softdevice/s140_nrf52_7.3.0_API/include/ble_gap.h: In function 'uint32_t sd_ble_gap_ppcp_get(ble_gap_conn_params_t*)':
/home/staszek/.platformio/packages/framework-arduinoadafruitnrf52/cores/nRF5/nordic/softdevice/s140_nrf52_7.3.0_API/include/ble_gap.h:2102:82: warning: unused parameter 'p_conn_params' [-Wunused-parameter]
 2102 | SVCALL(SD_BLE_GAP_PPCP_GET, uint32_t, sd_ble_gap_ppcp_get(ble_gap_conn_params_t *p_conn_params));
      |                                                           ~~~~~~~~~~~~~~~~~~~~~~~^~~~~~~~~~~~~
/home/staszek/.platformio/packages/framework-arduinoadafruitnrf52/cores/nRF5/nordic/softdevice/s140_nrf52_7.3.0_API/include/nrf_svc.h:76:22: note: in definition of macro 'SVCALL'
   76 |   static return_type signature                          \
      |                      ^~~~~~~~~
/home/staszek/.platformio/packages/framework-arduinoadafruitnrf52/cores/nRF5/nordic/softdevice/s140_nrf52_7.3.0_API/include/ble_gap.h: In function 'uint32_t sd_ble_gap_device_name_set(const ble_gap_conn_sec_mode_t*, const uint8_t*, uint16_t)':
/home/staszek/.platformio/packages/framework-arduinoadafruitnrf52/cores/nRF5/nordic/softdevice/s140_nrf52_7.3.0_API/include/ble_gap.h:2120:104: warning: unused parameter 'p_write_perm' [-Wunused-parameter]
 2120 | SVCALL(SD_BLE_GAP_DEVICE_NAME_SET, uint32_t, sd_ble_gap_device_name_set(ble_gap_conn_sec_mode_t const *p_write_perm, uint8_t const *p_dev_name, uint16_t len));
      |                                                                         ~~~~~~~~~~~~~~~~~~~~~~~~~~~~~~~^~~~~~~~~~~~
/home/staszek/.platformio/packages/framework-arduinoadafruitnrf52/cores/nRF5/nordic/softdevice/s140_nrf52_7.3.0_API/include/nrf_svc.h:76:22: note: in definition of macro 'SVCALL'
   76 |   static return_type signature                          \
      |                      ^~~~~~~~~
/home/staszek/.platformio/packages/framework-arduinoadafruitnrf52/cores/nRF5/nordic/softdevice/s140_nrf52_7.3.0_API/include/ble_gap.h:2120:133: warning: unused parameter 'p_dev_name' [-Wunused-parameter]
 2120 | SVCALL(SD_BLE_GAP_DEVICE_NAME_SET, uint32_t, sd_ble_gap_device_name_set(ble_gap_conn_sec_mode_t const *p_write_perm, uint8_t const *p_dev_name, uint16_t len));
      |                                                                                                                      ~~~~~~~~~~~~~~~^~~~~~~~~~
/home/staszek/.platformio/packages/framework-arduinoadafruitnrf52/cores/nRF5/nordic/softdevice/s140_nrf52_7.3.0_API/include/nrf_svc.h:76:22: note: in definition of macro 'SVCALL'
   76 |   static return_type signature                          \
      |                      ^~~~~~~~~
/home/staszek/.platformio/packages/framework-arduinoadafruitnrf52/cores/nRF5/nordic/softdevice/s140_nrf52_7.3.0_API/include/ble_gap.h:2120:154: warning: unused parameter 'len' [-Wunused-parameter]
 2120 | SVCALL(SD_BLE_GAP_DEVICE_NAME_SET, uint32_t, sd_ble_gap_device_name_set(ble_gap_conn_sec_mode_t const *p_write_perm, uint8_t const *p_dev_name, uint16_t len));
      |                                                                                                                                                 ~~~~~~~~~^~~
/home/staszek/.platformio/packages/framework-arduinoadafruitnrf52/cores/nRF5/nordic/softdevice/s140_nrf52_7.3.0_API/include/nrf_svc.h:76:22: note: in definition of macro 'SVCALL'
   76 |   static return_type signature                          \
      |                      ^~~~~~~~~
/home/staszek/.platformio/packages/framework-arduinoadafruitnrf52/cores/nRF5/nordic/softdevice/s140_nrf52_7.3.0_API/include/ble_gap.h: In function 'uint32_t sd_ble_gap_device_name_get(uint8_t*, uint16_t*)':
/home/staszek/.platformio/packages/framework-arduinoadafruitnrf52/cores/nRF5/nordic/softdevice/s140_nrf52_7.3.0_API/include/ble_gap.h:2137:82: warning: unused parameter 'p_dev_name' [-Wunused-parameter]
 2137 | SVCALL(SD_BLE_GAP_DEVICE_NAME_GET, uint32_t, sd_ble_gap_device_name_get(uint8_t *p_dev_name, uint16_t *p_len));
      |                                                                         ~~~~~~~~~^~~~~~~~~~
/home/staszek/.platformio/packages/framework-arduinoadafruitnrf52/cores/nRF5/nordic/softdevice/s140_nrf52_7.3.0_API/include/nrf_svc.h:76:22: note: in definition of macro 'SVCALL'
   76 |   static return_type signature                          \
      |                      ^~~~~~~~~
/home/staszek/.platformio/packages/framework-arduinoadafruitnrf52/cores/nRF5/nordic/softdevice/s140_nrf52_7.3.0_API/include/ble_gap.h:2137:104: warning: unused parameter 'p_len' [-Wunused-parameter]
 2137 | SVCALL(SD_BLE_GAP_DEVICE_NAME_GET, uint32_t, sd_ble_gap_device_name_get(uint8_t *p_dev_name, uint16_t *p_len));
      |                                                                                              ~~~~~~~~~~^~~~~
/home/staszek/.platformio/packages/framework-arduinoadafruitnrf52/cores/nRF5/nordic/softdevice/s140_nrf52_7.3.0_API/include/nrf_svc.h:76:22: note: in definition of macro 'SVCALL'
   76 |   static return_type signature                          \
      |                      ^~~~~~~~~
/home/staszek/.platformio/packages/framework-arduinoadafruitnrf52/cores/nRF5/nordic/softdevice/s140_nrf52_7.3.0_API/include/ble_gap.h: In function 'uint32_t sd_ble_gap_authenticate(uint16_t, const ble_gap_sec_params_t*)':
/home/staszek/.platformio/packages/framework-arduinoadafruitnrf52/cores/nRF5/nordic/softdevice/s140_nrf52_7.3.0_API/include/ble_gap.h:2193:76: warning: unused parameter 'conn_handle' [-Wunused-parameter]
 2193 | SVCALL(SD_BLE_GAP_AUTHENTICATE, uint32_t, sd_ble_gap_authenticate(uint16_t conn_handle, ble_gap_sec_params_t const *p_sec_params));
      |                                                                   ~~~~~~~~~^~~~~~~~~~~
/home/staszek/.platformio/packages/framework-arduinoadafruitnrf52/cores/nRF5/nordic/softdevice/s140_nrf52_7.3.0_API/include/nrf_svc.h:76:22: note: in definition of macro 'SVCALL'
   76 |   static return_type signature                          \
      |                      ^~~~~~~~~
/home/staszek/.platformio/packages/framework-arduinoadafruitnrf52/cores/nRF5/nordic/softdevice/s140_nrf52_7.3.0_API/include/ble_gap.h:2193:117: warning: unused parameter 'p_sec_params' [-Wunused-parameter]
 2193 | SVCALL(SD_BLE_GAP_AUTHENTICATE, uint32_t, sd_ble_gap_authenticate(uint16_t conn_handle, ble_gap_sec_params_t const *p_sec_params));
      |                                                                                         ~~~~~~~~~~~~~~~~~~~~~~~~~~~~^~~~~~~~~~~~
/home/staszek/.platformio/packages/framework-arduinoadafruitnrf52/cores/nRF5/nordic/softdevice/s140_nrf52_7.3.0_API/include/nrf_svc.h:76:22: note: in definition of macro 'SVCALL'
   76 |   static return_type signature                          \
      |                      ^~~~~~~~~
/home/staszek/.platformio/packages/framework-arduinoadafruitnrf52/cores/nRF5/nordic/softdevice/s140_nrf52_7.3.0_API/include/ble_gap.h: In function 'uint32_t sd_ble_gap_sec_params_reply(uint16_t, uint8_t, const ble_gap_sec_params_t*, const ble_gap_sec_keyset_t*)':
/home/staszek/.platformio/packages/framework-arduinoadafruitnrf52/cores/nRF5/nordic/softdevice/s140_nrf52_7.3.0_API/include/ble_gap.h:2256:84: warning: unused parameter 'conn_handle' [-Wunused-parameter]
 2256 | SVCALL(SD_BLE_GAP_SEC_PARAMS_REPLY, uint32_t, sd_ble_gap_sec_params_reply(uint16_t conn_handle, uint8_t sec_status, ble_gap_sec_params_t const *p_sec_params, ble_gap_sec_keyset_t const *p_sec_keyset));
      |                                                                           ~~~~~~~~~^~~~~~~~~~~
/home/staszek/.platformio/packages/framework-arduinoadafruitnrf52/cores/nRF5/nordic/softdevice/s140_nrf52_7.3.0_API/include/nrf_svc.h:76:22: note: in definition of macro 'SVCALL'
   76 |   static return_type signature                          \
      |                      ^~~~~~~~~
/home/staszek/.platformio/packages/framework-arduinoadafruitnrf52/cores/nRF5/nordic/softdevice/s140_nrf52_7.3.0_API/include/ble_gap.h:2256:105: warning: unused parameter 'sec_status' [-Wunused-parameter]
 2256 | SVCALL(SD_BLE_GAP_SEC_PARAMS_REPLY, uint32_t, sd_ble_gap_sec_params_reply(uint16_t conn_handle, uint8_t sec_status, ble_gap_sec_params_t const *p_sec_params, ble_gap_sec_keyset_t const *p_sec_keyset));
      |                                                                                                 ~~~~~~~~^~~~~~~~~~
/home/staszek/.platformio/packages/framework-arduinoadafruitnrf52/cores/nRF5/nordic/softdevice/s140_nrf52_7.3.0_API/include/nrf_svc.h:76:22: note: in definition of macro 'SVCALL'
   76 |   static return_type signature                          \
      |                      ^~~~~~~~~
/home/staszek/.platformio/packages/framework-arduinoadafruitnrf52/cores/nRF5/nordic/softdevice/s140_nrf52_7.3.0_API/include/ble_gap.h:2256:145: warning: unused parameter 'p_sec_params' [-Wunused-parameter]
 2256 | SVCALL(SD_BLE_GAP_SEC_PARAMS_REPLY, uint32_t, sd_ble_gap_sec_params_reply(uint16_t conn_handle, uint8_t sec_status, ble_gap_sec_params_t const *p_sec_params, ble_gap_sec_keyset_t const *p_sec_keyset));
      |                                                                                                                     ~~~~~~~~~~~~~~~~~~~~~~~~~~~~^~~~~~~~~~~~
/home/staszek/.platformio/packages/framework-arduinoadafruitnrf52/cores/nRF5/nordic/softdevice/s140_nrf52_7.3.0_API/include/nrf_svc.h:76:22: note: in definition of macro 'SVCALL'
   76 |   static return_type signature                          \
      |                      ^~~~~~~~~
/home/staszek/.platformio/packages/framework-arduinoadafruitnrf52/cores/nRF5/nordic/softdevice/s140_nrf52_7.3.0_API/include/ble_gap.h:2256:187: warning: unused parameter 'p_sec_keyset' [-Wunused-parameter]
 2256 | SVCALL(SD_BLE_GAP_SEC_PARAMS_REPLY, uint32_t, sd_ble_gap_sec_params_reply(uint16_t conn_handle, uint8_t sec_status, ble_gap_sec_params_t const *p_sec_params, ble_gap_sec_keyset_t const *p_sec_keyset));
      |                                                                                                                                                               ~~~~~~~~~~~~~~~~~~~~~~~~~~~~^~~~~~~~~~~~
/home/staszek/.platformio/packages/framework-arduinoadafruitnrf52/cores/nRF5/nordic/softdevice/s140_nrf52_7.3.0_API/include/nrf_svc.h:76:22: note: in definition of macro 'SVCALL'
   76 |   static return_type signature                          \
      |                      ^~~~~~~~~
/home/staszek/.platformio/packages/framework-arduinoadafruitnrf52/cores/nRF5/nordic/softdevice/s140_nrf52_7.3.0_API/include/ble_gap.h: In function 'uint32_t sd_ble_gap_auth_key_reply(uint16_t, uint8_t, const uint8_t*)':
/home/staszek/.platformio/packages/framework-arduinoadafruitnrf52/cores/nRF5/nordic/softdevice/s140_nrf52_7.3.0_API/include/ble_gap.h:2290:80: warning: unused parameter 'conn_handle' [-Wunused-parameter]
 2290 | SVCALL(SD_BLE_GAP_AUTH_KEY_REPLY, uint32_t, sd_ble_gap_auth_key_reply(uint16_t conn_handle, uint8_t key_type, uint8_t const *p_key));
      |                                                                       ~~~~~~~~~^~~~~~~~~~~
/home/staszek/.platformio/packages/framework-arduinoadafruitnrf52/cores/nRF5/nordic/softdevice/s140_nrf52_7.3.0_API/include/nrf_svc.h:76:22: note: in definition of macro 'SVCALL'
   76 |   static return_type signature                          \
      |                      ^~~~~~~~~
/home/staszek/.platformio/packages/framework-arduinoadafruitnrf52/cores/nRF5/nordic/softdevice/s140_nrf52_7.3.0_API/include/ble_gap.h:2290:101: warning: unused parameter 'key_type' [-Wunused-parameter]
 2290 | SVCALL(SD_BLE_GAP_AUTH_KEY_REPLY, uint32_t, sd_ble_gap_auth_key_reply(uint16_t conn_handle, uint8_t key_type, uint8_t const *p_key));
      |                                                                                             ~~~~~~~~^~~~~~~~
/home/staszek/.platformio/packages/framework-arduinoadafruitnrf52/cores/nRF5/nordic/softdevice/s140_nrf52_7.3.0_API/include/nrf_svc.h:76:22: note: in definition of macro 'SVCALL'
   76 |   static return_type signature                          \
      |                      ^~~~~~~~~
/home/staszek/.platformio/packages/framework-arduinoadafruitnrf52/cores/nRF5/nordic/softdevice/s140_nrf52_7.3.0_API/include/ble_gap.h:2290:126: warning: unused parameter 'p_key' [-Wunused-parameter]
 2290 | SVCALL(SD_BLE_GAP_AUTH_KEY_REPLY, uint32_t, sd_ble_gap_auth_key_reply(uint16_t conn_handle, uint8_t key_type, uint8_t const *p_key));
      |                                                                                                               ~~~~~~~~~~~~~~~^~~~~
/home/staszek/.platformio/packages/framework-arduinoadafruitnrf52/cores/nRF5/nordic/softdevice/s140_nrf52_7.3.0_API/include/nrf_svc.h:76:22: note: in definition of macro 'SVCALL'
   76 |   static return_type signature                          \
      |                      ^~~~~~~~~
/home/staszek/.platformio/packages/framework-arduinoadafruitnrf52/cores/nRF5/nordic/softdevice/s140_nrf52_7.3.0_API/include/ble_gap.h: In function 'uint32_t sd_ble_gap_lesc_dhkey_reply(uint16_t, const ble_gap_lesc_dhkey_t*)':
/home/staszek/.platformio/packages/framework-arduinoadafruitnrf52/cores/nRF5/nordic/softdevice/s140_nrf52_7.3.0_API/include/ble_gap.h:2326:84: warning: unused parameter 'conn_handle' [-Wunused-parameter]
 2326 | SVCALL(SD_BLE_GAP_LESC_DHKEY_REPLY, uint32_t, sd_ble_gap_lesc_dhkey_reply(uint16_t conn_handle, ble_gap_lesc_dhkey_t const *p_dhkey));
      |                                                                           ~~~~~~~~~^~~~~~~~~~~
/home/staszek/.platformio/packages/framework-arduinoadafruitnrf52/cores/nRF5/nordic/softdevice/s140_nrf52_7.3.0_API/include/nrf_svc.h:76:22: note: in definition of macro 'SVCALL'
   76 |   static return_type signature                          \
      |                      ^~~~~~~~~
/home/staszek/.platformio/packages/framework-arduinoadafruitnrf52/cores/nRF5/nordic/softdevice/s140_nrf52_7.3.0_API/include/ble_gap.h:2326:125: warning: unused parameter 'p_dhkey' [-Wunused-parameter]
 2326 | SVCALL(SD_BLE_GAP_LESC_DHKEY_REPLY, uint32_t, sd_ble_gap_lesc_dhkey_reply(uint16_t conn_handle, ble_gap_lesc_dhkey_t const *p_dhkey));
      |                                                                                                 ~~~~~~~~~~~~~~~~~~~~~~~~~~~~^~~~~~~
/home/staszek/.platformio/packages/framework-arduinoadafruitnrf52/cores/nRF5/nordic/softdevice/s140_nrf52_7.3.0_API/include/nrf_svc.h:76:22: note: in definition of macro 'SVCALL'
   76 |   static return_type signature                          \
      |                      ^~~~~~~~~
/home/staszek/.platformio/packages/framework-arduinoadafruitnrf52/cores/nRF5/nordic/softdevice/s140_nrf52_7.3.0_API/include/ble_gap.h: In function 'uint32_t sd_ble_gap_keypress_notify(uint16_t, uint8_t)':
/home/staszek/.platformio/packages/framework-arduinoadafruitnrf52/cores/nRF5/nordic/softdevice/s140_nrf52_7.3.0_API/include/ble_gap.h:2348:82: warning: unused parameter 'conn_handle' [-Wunused-parameter]
 2348 | SVCALL(SD_BLE_GAP_KEYPRESS_NOTIFY, uint32_t, sd_ble_gap_keypress_notify(uint16_t conn_handle, uint8_t kp_not));
      |                                                                         ~~~~~~~~~^~~~~~~~~~~
/home/staszek/.platformio/packages/framework-arduinoadafruitnrf52/cores/nRF5/nordic/softdevice/s140_nrf52_7.3.0_API/include/nrf_svc.h:76:22: note: in definition of macro 'SVCALL'
   76 |   static return_type signature                          \
      |                      ^~~~~~~~~
/home/staszek/.platformio/packages/framework-arduinoadafruitnrf52/cores/nRF5/nordic/softdevice/s140_nrf52_7.3.0_API/include/ble_gap.h:2348:103: warning: unused parameter 'kp_not' [-Wunused-parameter]
 2348 | SVCALL(SD_BLE_GAP_KEYPRESS_NOTIFY, uint32_t, sd_ble_gap_keypress_notify(uint16_t conn_handle, uint8_t kp_not));
      |                                                                                               ~~~~~~~~^~~~~~
/home/staszek/.platformio/packages/framework-arduinoadafruitnrf52/cores/nRF5/nordic/softdevice/s140_nrf52_7.3.0_API/include/nrf_svc.h:76:22: note: in definition of macro 'SVCALL'
   76 |   static return_type signature                          \
      |                      ^~~~~~~~~
/home/staszek/.platformio/packages/framework-arduinoadafruitnrf52/cores/nRF5/nordic/softdevice/s140_nrf52_7.3.0_API/include/ble_gap.h: In function 'uint32_t sd_ble_gap_lesc_oob_data_get(uint16_t, const ble_gap_lesc_p256_pk_t*, ble_gap_lesc_oob_data_t*)':
/home/staszek/.platformio/packages/framework-arduinoadafruitnrf52/cores/nRF5/nordic/softdevice/s140_nrf52_7.3.0_API/include/ble_gap.h:2369:86: warning: unused parameter 'conn_handle' [-Wunused-parameter]
 2369 | SVCALL(SD_BLE_GAP_LESC_OOB_DATA_GET, uint32_t, sd_ble_gap_lesc_oob_data_get(uint16_t conn_handle, ble_gap_lesc_p256_pk_t const *p_pk_own, ble_gap_lesc_oob_data_t *p_oobd_own));
      |                                                                             ~~~~~~~~~^~~~~~~~~~~
/home/staszek/.platformio/packages/framework-arduinoadafruitnrf52/cores/nRF5/nordic/softdevice/s140_nrf52_7.3.0_API/include/nrf_svc.h:76:22: note: in definition of macro 'SVCALL'
   76 |   static return_type signature                          \
      |                      ^~~~~~~~~
/home/staszek/.platformio/packages/framework-arduinoadafruitnrf52/cores/nRF5/nordic/softdevice/s140_nrf52_7.3.0_API/include/ble_gap.h:2369:129: warning: unused parameter 'p_pk_own' [-Wunused-parameter]
 2369 | SVCALL(SD_BLE_GAP_LESC_OOB_DATA_GET, uint32_t, sd_ble_gap_lesc_oob_data_get(uint16_t conn_handle, ble_gap_lesc_p256_pk_t const *p_pk_own, ble_gap_lesc_oob_data_t *p_oobd_own));
      |                                                                                                   ~~~~~~~~~~~~~~~~~~~~~~~~~~~~~~^~~~~~~~
/home/staszek/.platformio/packages/framework-arduinoadafruitnrf52/cores/nRF5/nordic/softdevice/s140_nrf52_7.3.0_API/include/nrf_svc.h:76:22: note: in definition of macro 'SVCALL'
   76 |   static return_type signature                          \
      |                      ^~~~~~~~~
/home/staszek/.platformio/packages/framework-arduinoadafruitnrf52/cores/nRF5/nordic/softdevice/s140_nrf52_7.3.0_API/include/ble_gap.h:2369:164: warning: unused parameter 'p_oobd_own' [-Wunused-parameter]
 2369 | SVCALL(SD_BLE_GAP_LESC_OOB_DATA_GET, uint32_t, sd_ble_gap_lesc_oob_data_get(uint16_t conn_handle, ble_gap_lesc_p256_pk_t const *p_pk_own, ble_gap_lesc_oob_data_t *p_oobd_own));
      |                                                                                                                                           ~~~~~~~~~~~~~~~~~~~~~~~~~^~~~~~~~~~
/home/staszek/.platformio/packages/framework-arduinoadafruitnrf52/cores/nRF5/nordic/softdevice/s140_nrf52_7.3.0_API/include/nrf_svc.h:76:22: note: in definition of macro 'SVCALL'
   76 |   static return_type signature                          \
      |                      ^~~~~~~~~
/home/staszek/.platformio/packages/framework-arduinoadafruitnrf52/cores/nRF5/nordic/softdevice/s140_nrf52_7.3.0_API/include/ble_gap.h: In function 'uint32_t sd_ble_gap_lesc_oob_data_set(uint16_t, const ble_gap_lesc_oob_data_t*, const ble_gap_lesc_oob_data_t*)':
/home/staszek/.platformio/packages/framework-arduinoadafruitnrf52/cores/nRF5/nordic/softdevice/s140_nrf52_7.3.0_API/include/ble_gap.h:2401:86: warning: unused parameter 'conn_handle' [-Wunused-parameter]
 2401 | SVCALL(SD_BLE_GAP_LESC_OOB_DATA_SET, uint32_t, sd_ble_gap_lesc_oob_data_set(uint16_t conn_handle, ble_gap_lesc_oob_data_t const *p_oobd_own, ble_gap_lesc_oob_data_t const *p_oobd_peer));
      |                                                                             ~~~~~~~~~^~~~~~~~~~~
/home/staszek/.platformio/packages/framework-arduinoadafruitnrf52/cores/nRF5/nordic/softdevice/s140_nrf52_7.3.0_API/include/nrf_svc.h:76:22: note: in definition of macro 'SVCALL'
   76 |   static return_type signature                          \
      |                      ^~~~~~~~~
/home/staszek/.platformio/packages/framework-arduinoadafruitnrf52/cores/nRF5/nordic/softdevice/s140_nrf52_7.3.0_API/include/ble_gap.h:2401:130: warning: unused parameter 'p_oobd_own' [-Wunused-parameter]
 2401 | SVCALL(SD_BLE_GAP_LESC_OOB_DATA_SET, uint32_t, sd_ble_gap_lesc_oob_data_set(uint16_t conn_handle, ble_gap_lesc_oob_data_t const *p_oobd_own, ble_gap_lesc_oob_data_t const *p_oobd_peer));
      |                                                                                                   ~~~~~~~~~~~~~~~~~~~~~~~~~~~~~~~^~~~~~~~~~
/home/staszek/.platformio/packages/framework-arduinoadafruitnrf52/cores/nRF5/nordic/softdevice/s140_nrf52_7.3.0_API/include/nrf_svc.h:76:22: note: in definition of macro 'SVCALL'
   76 |   static return_type signature                          \
      |                      ^~~~~~~~~
/home/staszek/.platformio/packages/framework-arduinoadafruitnrf52/cores/nRF5/nordic/softdevice/s140_nrf52_7.3.0_API/include/ble_gap.h:2401:173: warning: unused parameter 'p_oobd_peer' [-Wunused-parameter]
 2401 | SVCALL(SD_BLE_GAP_LESC_OOB_DATA_SET, uint32_t, sd_ble_gap_lesc_oob_data_set(uint16_t conn_handle, ble_gap_lesc_oob_data_t const *p_oobd_own, ble_gap_lesc_oob_data_t const *p_oobd_peer));
      |                                                                                                                                              ~~~~~~~~~~~~~~~~~~~~~~~~~~~~~~~^~~~~~~~~~~
/home/staszek/.platformio/packages/framework-arduinoadafruitnrf52/cores/nRF5/nordic/softdevice/s140_nrf52_7.3.0_API/include/nrf_svc.h:76:22: note: in definition of macro 'SVCALL'
   76 |   static return_type signature                          \
      |                      ^~~~~~~~~
/home/staszek/.platformio/packages/framework-arduinoadafruitnrf52/cores/nRF5/nordic/softdevice/s140_nrf52_7.3.0_API/include/ble_gap.h: In function 'uint32_t sd_ble_gap_encrypt(uint16_t, const ble_gap_master_id_t*, const ble_gap_enc_info_t*)':
/home/staszek/.platformio/packages/framework-arduinoadafruitnrf52/cores/nRF5/nordic/softdevice/s140_nrf52_7.3.0_API/include/ble_gap.h:2430:66: warning: unused parameter 'conn_handle' [-Wunused-parameter]
 2430 | SVCALL(SD_BLE_GAP_ENCRYPT, uint32_t, sd_ble_gap_encrypt(uint16_t conn_handle, ble_gap_master_id_t const *p_master_id, ble_gap_enc_info_t const *p_enc_info));
      |                                                         ~~~~~~~~~^~~~~~~~~~~
/home/staszek/.platformio/packages/framework-arduinoadafruitnrf52/cores/nRF5/nordic/softdevice/s140_nrf52_7.3.0_API/include/nrf_svc.h:76:22: note: in definition of macro 'SVCALL'
   76 |   static return_type signature                          \
      |                      ^~~~~~~~~
/home/staszek/.platformio/packages/framework-arduinoadafruitnrf52/cores/nRF5/nordic/softdevice/s140_nrf52_7.3.0_API/include/ble_gap.h:2430:106: warning: unused parameter 'p_master_id' [-Wunused-parameter]
 2430 | SVCALL(SD_BLE_GAP_ENCRYPT, uint32_t, sd_ble_gap_encrypt(uint16_t conn_handle, ble_gap_master_id_t const *p_master_id, ble_gap_enc_info_t const *p_enc_info));
      |                                                                               ~~~~~~~~~~~~~~~~~~~~~~~~~~~^~~~~~~~~~~
/home/staszek/.platformio/packages/framework-arduinoadafruitnrf52/cores/nRF5/nordic/softdevice/s140_nrf52_7.3.0_API/include/nrf_svc.h:76:22: note: in definition of macro 'SVCALL'
   76 |   static return_type signature                          \
      |                      ^~~~~~~~~
/home/staszek/.platformio/packages/framework-arduinoadafruitnrf52/cores/nRF5/nordic/softdevice/s140_nrf52_7.3.0_API/include/ble_gap.h:2430:145: warning: unused parameter 'p_enc_info' [-Wunused-parameter]
 2430 | SVCALL(SD_BLE_GAP_ENCRYPT, uint32_t, sd_ble_gap_encrypt(uint16_t conn_handle, ble_gap_master_id_t const *p_master_id, ble_gap_enc_info_t const *p_enc_info));
      |                                                                                                                       ~~~~~~~~~~~~~~~~~~~~~~~~~~^~~~~~~~~~
/home/staszek/.platformio/packages/framework-arduinoadafruitnrf52/cores/nRF5/nordic/softdevice/s140_nrf52_7.3.0_API/include/nrf_svc.h:76:22: note: in definition of macro 'SVCALL'
   76 |   static return_type signature                          \
      |                      ^~~~~~~~~
/home/staszek/.platformio/packages/framework-arduinoadafruitnrf52/cores/nRF5/nordic/softdevice/s140_nrf52_7.3.0_API/include/ble_gap.h: In function 'uint32_t sd_ble_gap_sec_info_reply(uint16_t, const ble_gap_enc_info_t*, const ble_gap_irk_t*, const ble_gap_sign_info_t*)':
/home/staszek/.platformio/packages/framework-arduinoadafruitnrf52/cores/nRF5/nordic/softdevice/s140_nrf52_7.3.0_API/include/ble_gap.h:2456:80: warning: unused parameter 'conn_handle' [-Wunused-parameter]
 2456 | SVCALL(SD_BLE_GAP_SEC_INFO_REPLY, uint32_t, sd_ble_gap_sec_info_reply(uint16_t conn_handle, ble_gap_enc_info_t const *p_enc_info, ble_gap_irk_t const *p_id_info, ble_gap_sign_info_t const *p_sign_info));
      |                                                                       ~~~~~~~~~^~~~~~~~~~~
/home/staszek/.platformio/packages/framework-arduinoadafruitnrf52/cores/nRF5/nordic/softdevice/s140_nrf52_7.3.0_API/include/nrf_svc.h:76:22: note: in definition of macro 'SVCALL'
   76 |   static return_type signature                          \
      |                      ^~~~~~~~~
/home/staszek/.platformio/packages/framework-arduinoadafruitnrf52/cores/nRF5/nordic/softdevice/s140_nrf52_7.3.0_API/include/ble_gap.h:2456:119: warning: unused parameter 'p_enc_info' [-Wunused-parameter]
 2456 | SVCALL(SD_BLE_GAP_SEC_INFO_REPLY, uint32_t, sd_ble_gap_sec_info_reply(uint16_t conn_handle, ble_gap_enc_info_t const *p_enc_info, ble_gap_irk_t const *p_id_info, ble_gap_sign_info_t const *p_sign_info));
      |                                                                                             ~~~~~~~~~~~~~~~~~~~~~~~~~~^~~~~~~~~~
/home/staszek/.platformio/packages/framework-arduinoadafruitnrf52/cores/nRF5/nordic/softdevice/s140_nrf52_7.3.0_API/include/nrf_svc.h:76:22: note: in definition of macro 'SVCALL'
   76 |   static return_type signature                          \
      |                      ^~~~~~~~~
/home/staszek/.platformio/packages/framework-arduinoadafruitnrf52/cores/nRF5/nordic/softdevice/s140_nrf52_7.3.0_API/include/ble_gap.h:2456:152: warning: unused parameter 'p_id_info' [-Wunused-parameter]
 2456 | SVCALL(SD_BLE_GAP_SEC_INFO_REPLY, uint32_t, sd_ble_gap_sec_info_reply(uint16_t conn_handle, ble_gap_enc_info_t const *p_enc_info, ble_gap_irk_t const *p_id_info, ble_gap_sign_info_t const *p_sign_info));
      |                                                                                                                                   ~~~~~~~~~~~~~~~~~~~~~^~~~~~~~~
/home/staszek/.platformio/packages/framework-arduinoadafruitnrf52/cores/nRF5/nordic/softdevice/s140_nrf52_7.3.0_API/include/nrf_svc.h:76:22: note: in definition of macro 'SVCALL'
   76 |   static return_type signature                          \
      |                      ^~~~~~~~~
/home/staszek/.platformio/packages/framework-arduinoadafruitnrf52/cores/nRF5/nordic/softdevice/s140_nrf52_7.3.0_API/include/ble_gap.h:2456:190: warning: unused parameter 'p_sign_info' [-Wunused-parameter]
 2456 | SVCALL(SD_BLE_GAP_SEC_INFO_REPLY, uint32_t, sd_ble_gap_sec_info_reply(uint16_t conn_handle, ble_gap_enc_info_t const *p_enc_info, ble_gap_irk_t const *p_id_info, ble_gap_sign_info_t const *p_sign_info));
      |                                                                                                                                                                   ~~~~~~~~~~~~~~~~~~~~~~~~~~~^~~~~~~~~~~
/home/staszek/.platformio/packages/framework-arduinoadafruitnrf52/cores/nRF5/nordic/softdevice/s140_nrf52_7.3.0_API/include/nrf_svc.h:76:22: note: in definition of macro 'SVCALL'
   76 |   static return_type signature                          \
      |                      ^~~~~~~~~
/home/staszek/.platformio/packages/framework-arduinoadafruitnrf52/cores/nRF5/nordic/softdevice/s140_nrf52_7.3.0_API/include/ble_gap.h: In function 'uint32_t sd_ble_gap_conn_sec_get(uint16_t, ble_gap_conn_sec_t*)':
/home/staszek/.platformio/packages/framework-arduinoadafruitnrf52/cores/nRF5/nordic/softdevice/s140_nrf52_7.3.0_API/include/ble_gap.h:2468:76: warning: unused parameter 'conn_handle' [-Wunused-parameter]
 2468 | SVCALL(SD_BLE_GAP_CONN_SEC_GET, uint32_t, sd_ble_gap_conn_sec_get(uint16_t conn_handle, ble_gap_conn_sec_t *p_conn_sec));
      |                                                                   ~~~~~~~~~^~~~~~~~~~~
/home/staszek/.platformio/packages/framework-arduinoadafruitnrf52/cores/nRF5/nordic/softdevice/s140_nrf52_7.3.0_API/include/nrf_svc.h:76:22: note: in definition of macro 'SVCALL'
   76 |   static return_type signature                          \
      |                      ^~~~~~~~~
/home/staszek/.platformio/packages/framework-arduinoadafruitnrf52/cores/nRF5/nordic/softdevice/s140_nrf52_7.3.0_API/include/ble_gap.h:2468:109: warning: unused parameter 'p_conn_sec' [-Wunused-parameter]
 2468 | SVCALL(SD_BLE_GAP_CONN_SEC_GET, uint32_t, sd_ble_gap_conn_sec_get(uint16_t conn_handle, ble_gap_conn_sec_t *p_conn_sec));
      |                                                                                         ~~~~~~~~~~~~~~~~~~~~^~~~~~~~~~
/home/staszek/.platformio/packages/framework-arduinoadafruitnrf52/cores/nRF5/nordic/softdevice/s140_nrf52_7.3.0_API/include/nrf_svc.h:76:22: note: in definition of macro 'SVCALL'
   76 |   static return_type signature                          \
      |                      ^~~~~~~~~
/home/staszek/.platformio/packages/framework-arduinoadafruitnrf52/cores/nRF5/nordic/softdevice/s140_nrf52_7.3.0_API/include/ble_gap.h: In function 'uint32_t sd_ble_gap_rssi_start(uint16_t, uint8_t, uint8_t)':
/home/staszek/.platformio/packages/framework-arduinoadafruitnrf52/cores/nRF5/nordic/softdevice/s140_nrf52_7.3.0_API/include/ble_gap.h:2494:72: warning: unused parameter 'conn_handle' [-Wunused-parameter]
 2494 | SVCALL(SD_BLE_GAP_RSSI_START, uint32_t, sd_ble_gap_rssi_start(uint16_t conn_handle, uint8_t threshold_dbm, uint8_t skip_count));
      |                                                               ~~~~~~~~~^~~~~~~~~~~
/home/staszek/.platformio/packages/framework-arduinoadafruitnrf52/cores/nRF5/nordic/softdevice/s140_nrf52_7.3.0_API/include/nrf_svc.h:76:22: note: in definition of macro 'SVCALL'
   76 |   static return_type signature                          \
      |                      ^~~~~~~~~
/home/staszek/.platformio/packages/framework-arduinoadafruitnrf52/cores/nRF5/nordic/softdevice/s140_nrf52_7.3.0_API/include/ble_gap.h:2494:93: warning: unused parameter 'threshold_dbm' [-Wunused-parameter]
 2494 | SVCALL(SD_BLE_GAP_RSSI_START, uint32_t, sd_ble_gap_rssi_start(uint16_t conn_handle, uint8_t threshold_dbm, uint8_t skip_count));
      |                                                                                     ~~~~~~~~^~~~~~~~~~~~~
/home/staszek/.platformio/packages/framework-arduinoadafruitnrf52/cores/nRF5/nordic/softdevice/s140_nrf52_7.3.0_API/include/nrf_svc.h:76:22: note: in definition of macro 'SVCALL'
   76 |   static return_type signature                          \
      |                      ^~~~~~~~~
/home/staszek/.platformio/packages/framework-arduinoadafruitnrf52/cores/nRF5/nordic/softdevice/s140_nrf52_7.3.0_API/include/ble_gap.h:2494:116: warning: unused parameter 'skip_count' [-Wunused-parameter]
 2494 | SVCALL(SD_BLE_GAP_RSSI_START, uint32_t, sd_ble_gap_rssi_start(uint16_t conn_handle, uint8_t threshold_dbm, uint8_t skip_count));
      |                                                                                                            ~~~~~~~~^~~~~~~~~~
/home/staszek/.platformio/packages/framework-arduinoadafruitnrf52/cores/nRF5/nordic/softdevice/s140_nrf52_7.3.0_API/include/nrf_svc.h:76:22: note: in definition of macro 'SVCALL'
   76 |   static return_type signature                          \
      |                      ^~~~~~~~~
/home/staszek/.platformio/packages/framework-arduinoadafruitnrf52/cores/nRF5/nordic/softdevice/s140_nrf52_7.3.0_API/include/ble_gap.h: In function 'uint32_t sd_ble_gap_rssi_stop(uint16_t)':
/home/staszek/.platformio/packages/framework-arduinoadafruitnrf52/cores/nRF5/nordic/softdevice/s140_nrf52_7.3.0_API/include/ble_gap.h:2513:70: warning: unused parameter 'conn_handle' [-Wunused-parameter]
 2513 | SVCALL(SD_BLE_GAP_RSSI_STOP, uint32_t, sd_ble_gap_rssi_stop(uint16_t conn_handle));
      |                                                             ~~~~~~~~~^~~~~~~~~~~
/home/staszek/.platformio/packages/framework-arduinoadafruitnrf52/cores/nRF5/nordic/softdevice/s140_nrf52_7.3.0_API/include/nrf_svc.h:76:22: note: in definition of macro 'SVCALL'
   76 |   static return_type signature                          \
      |                      ^~~~~~~~~
/home/staszek/.platformio/packages/framework-arduinoadafruitnrf52/cores/nRF5/nordic/softdevice/s140_nrf52_7.3.0_API/include/ble_gap.h: In function 'uint32_t sd_ble_gap_rssi_get(uint16_t, int8_t*, uint8_t*)':
/home/staszek/.platformio/packages/framework-arduinoadafruitnrf52/cores/nRF5/nordic/softdevice/s140_nrf52_7.3.0_API/include/ble_gap.h:2535:68: warning: unused parameter 'conn_handle' [-Wunused-parameter]
 2535 | SVCALL(SD_BLE_GAP_RSSI_GET, uint32_t, sd_ble_gap_rssi_get(uint16_t conn_handle, int8_t *p_rssi, uint8_t *p_ch_index));
      |                                                           ~~~~~~~~~^~~~~~~~~~~
/home/staszek/.platformio/packages/framework-arduinoadafruitnrf52/cores/nRF5/nordic/softdevice/s140_nrf52_7.3.0_API/include/nrf_svc.h:76:22: note: in definition of macro 'SVCALL'
   76 |   static return_type signature                          \
      |                      ^~~~~~~~~
/home/staszek/.platformio/packages/framework-arduinoadafruitnrf52/cores/nRF5/nordic/softdevice/s140_nrf52_7.3.0_API/include/ble_gap.h:2535:89: warning: unused parameter 'p_rssi' [-Wunused-parameter]
 2535 | SVCALL(SD_BLE_GAP_RSSI_GET, uint32_t, sd_ble_gap_rssi_get(uint16_t conn_handle, int8_t *p_rssi, uint8_t *p_ch_index));
      |                                                                                 ~~~~~~~~^~~~~~
/home/staszek/.platformio/packages/framework-arduinoadafruitnrf52/cores/nRF5/nordic/softdevice/s140_nrf52_7.3.0_API/include/nrf_svc.h:76:22: note: in definition of macro 'SVCALL'
   76 |   static return_type signature                          \
      |                      ^~~~~~~~~
/home/staszek/.platformio/packages/framework-arduinoadafruitnrf52/cores/nRF5/nordic/softdevice/s140_nrf52_7.3.0_API/include/ble_gap.h:2535:106: warning: unused parameter 'p_ch_index' [-Wunused-parameter]
 2535 | SVCALL(SD_BLE_GAP_RSSI_GET, uint32_t, sd_ble_gap_rssi_get(uint16_t conn_handle, int8_t *p_rssi, uint8_t *p_ch_index));
      |                                                                                                 ~~~~~~~~~^~~~~~~~~~
/home/staszek/.platformio/packages/framework-arduinoadafruitnrf52/cores/nRF5/nordic/softdevice/s140_nrf52_7.3.0_API/include/nrf_svc.h:76:22: note: in definition of macro 'SVCALL'
   76 |   static return_type signature                          \
      |                      ^~~~~~~~~
/home/staszek/.platformio/packages/framework-arduinoadafruitnrf52/cores/nRF5/nordic/softdevice/s140_nrf52_7.3.0_API/include/ble_gap.h: In function 'uint32_t sd_ble_gap_scan_start(const ble_gap_scan_params_t*, const ble_data_t*)':
/home/staszek/.platformio/packages/framework-arduinoadafruitnrf52/cores/nRF5/nordic/softdevice/s140_nrf52_7.3.0_API/include/ble_gap.h:2588:92: warning: unused parameter 'p_scan_params' [-Wunused-parameter]
 2588 | SVCALL(SD_BLE_GAP_SCAN_START, uint32_t, sd_ble_gap_scan_start(ble_gap_scan_params_t const *p_scan_params, ble_data_t const * p_adv_report_buffer));
      |                                                               ~~~~~~~~~~~~~~~~~~~~~~~~~~~~~^~~~~~~~~~~~~
/home/staszek/.platformio/packages/framework-arduinoadafruitnrf52/cores/nRF5/nordic/softdevice/s140_nrf52_7.3.0_API/include/nrf_svc.h:76:22: note: in definition of macro 'SVCALL'
   76 |   static return_type signature                          \
      |                      ^~~~~~~~~
/home/staszek/.platformio/packages/framework-arduinoadafruitnrf52/cores/nRF5/nordic/softdevice/s140_nrf52_7.3.0_API/include/ble_gap.h:2588:126: warning: unused parameter 'p_adv_report_buffer' [-Wunused-parameter]
 2588 | SVCALL(SD_BLE_GAP_SCAN_START, uint32_t, sd_ble_gap_scan_start(ble_gap_scan_params_t const *p_scan_params, ble_data_t const * p_adv_report_buffer));
      |                                                                                                           ~~~~~~~~~~~~~~~~~~~^~~~~~~~~~~~~~~~~~~
/home/staszek/.platformio/packages/framework-arduinoadafruitnrf52/cores/nRF5/nordic/softdevice/s140_nrf52_7.3.0_API/include/nrf_svc.h:76:22: note: in definition of macro 'SVCALL'
   76 |   static return_type signature                          \
      |                      ^~~~~~~~~
/home/staszek/.platformio/packages/framework-arduinoadafruitnrf52/cores/nRF5/nordic/softdevice/s140_nrf52_7.3.0_API/include/ble_gap.h: In function 'uint32_t sd_ble_gap_connect(const ble_gap_addr_t*, const ble_gap_scan_params_t*, const ble_gap_conn_params_t*, uint8_t)':
/home/staszek/.platformio/packages/framework-arduinoadafruitnrf52/cores/nRF5/nordic/softdevice/s140_nrf52_7.3.0_API/include/ble_gap.h:2649:79: warning: unused parameter 'p_peer_addr' [-Wunused-parameter]
 2649 | SVCALL(SD_BLE_GAP_CONNECT, uint32_t, sd_ble_gap_connect(ble_gap_addr_t const *p_peer_addr, ble_gap_scan_params_t const *p_scan_params, ble_gap_conn_params_t const *p_conn_params, uint8_t conn_cfg_tag));
      |                                                         ~~~~~~~~~~~~~~~~~~~~~~^~~~~~~~~~~
/home/staszek/.platformio/packages/framework-arduinoadafruitnrf52/cores/nRF5/nordic/softdevice/s140_nrf52_7.3.0_API/include/nrf_svc.h:76:22: note: in definition of macro 'SVCALL'
   76 |   static return_type signature                          \
      |                      ^~~~~~~~~
/home/staszek/.platformio/packages/framework-arduinoadafruitnrf52/cores/nRF5/nordic/softdevice/s140_nrf52_7.3.0_API/include/ble_gap.h:2649:121: warning: unused parameter 'p_scan_params' [-Wunused-parameter]
 2649 | SVCALL(SD_BLE_GAP_CONNECT, uint32_t, sd_ble_gap_connect(ble_gap_addr_t const *p_peer_addr, ble_gap_scan_params_t const *p_scan_params, ble_gap_conn_params_t const *p_conn_params, uint8_t conn_cfg_tag));
      |                                                                                            ~~~~~~~~~~~~~~~~~~~~~~~~~~~~~^~~~~~~~~~~~~
/home/staszek/.platformio/packages/framework-arduinoadafruitnrf52/cores/nRF5/nordic/softdevice/s140_nrf52_7.3.0_API/include/nrf_svc.h:76:22: note: in definition of macro 'SVCALL'
   76 |   static return_type signature                          \
      |                      ^~~~~~~~~
/home/staszek/.platformio/packages/framework-arduinoadafruitnrf52/cores/nRF5/nordic/softdevice/s140_nrf52_7.3.0_API/include/ble_gap.h:2649:165: warning: unused parameter 'p_conn_params' [-Wunused-parameter]
 2649 | SVCALL(SD_BLE_GAP_CONNECT, uint32_t, sd_ble_gap_connect(ble_gap_addr_t const *p_peer_addr, ble_gap_scan_params_t const *p_scan_params, ble_gap_conn_params_t const *p_conn_params, uint8_t conn_cfg_tag));
      |                                                                                                                                        ~~~~~~~~~~~~~~~~~~~~~~~~~~~~~^~~~~~~~~~~~~
/home/staszek/.platformio/packages/framework-arduinoadafruitnrf52/cores/nRF5/nordic/softdevice/s140_nrf52_7.3.0_API/include/nrf_svc.h:76:22: note: in definition of macro 'SVCALL'
   76 |   static return_type signature                          \
      |                      ^~~~~~~~~
/home/staszek/.platformio/packages/framework-arduinoadafruitnrf52/cores/nRF5/nordic/softdevice/s140_nrf52_7.3.0_API/include/ble_gap.h:2649:188: warning: unused parameter 'conn_cfg_tag' [-Wunused-parameter]
 2649 | SVCALL(SD_BLE_GAP_CONNECT, uint32_t, sd_ble_gap_connect(ble_gap_addr_t const *p_peer_addr, ble_gap_scan_params_t const *p_scan_params, ble_gap_conn_params_t const *p_conn_params, uint8_t conn_cfg_tag));
      |                                                                                                                                                                                    ~~~~~~~~^~~~~~~~~~~~
/home/staszek/.platformio/packages/framework-arduinoadafruitnrf52/cores/nRF5/nordic/softdevice/s140_nrf52_7.3.0_API/include/nrf_svc.h:76:22: note: in definition of macro 'SVCALL'
   76 |   static return_type signature                          \
      |                      ^~~~~~~~~
/home/staszek/.platformio/packages/framework-arduinoadafruitnrf52/cores/nRF5/nordic/softdevice/s140_nrf52_7.3.0_API/include/ble_gap.h: In function 'uint32_t sd_ble_gap_phy_update(uint16_t, const ble_gap_phys_t*)':
/home/staszek/.platformio/packages/framework-arduinoadafruitnrf52/cores/nRF5/nordic/softdevice/s140_nrf52_7.3.0_API/include/ble_gap.h:2718:72: warning: unused parameter 'conn_handle' [-Wunused-parameter]
 2718 | SVCALL(SD_BLE_GAP_PHY_UPDATE, uint32_t, sd_ble_gap_phy_update(uint16_t conn_handle, ble_gap_phys_t const *p_gap_phys));
      |                                                               ~~~~~~~~~^~~~~~~~~~~
/home/staszek/.platformio/packages/framework-arduinoadafruitnrf52/cores/nRF5/nordic/softdevice/s140_nrf52_7.3.0_API/include/nrf_svc.h:76:22: note: in definition of macro 'SVCALL'
   76 |   static return_type signature                          \
      |                      ^~~~~~~~~
/home/staszek/.platformio/packages/framework-arduinoadafruitnrf52/cores/nRF5/nordic/softdevice/s140_nrf52_7.3.0_API/include/ble_gap.h:2718:107: warning: unused parameter 'p_gap_phys' [-Wunused-parameter]
 2718 | SVCALL(SD_BLE_GAP_PHY_UPDATE, uint32_t, sd_ble_gap_phy_update(uint16_t conn_handle, ble_gap_phys_t const *p_gap_phys));
      |                                                                                     ~~~~~~~~~~~~~~~~~~~~~~^~~~~~~~~~
/home/staszek/.platformio/packages/framework-arduinoadafruitnrf52/cores/nRF5/nordic/softdevice/s140_nrf52_7.3.0_API/include/nrf_svc.h:76:22: note: in definition of macro 'SVCALL'
   76 |   static return_type signature                          \
      |                      ^~~~~~~~~
/home/staszek/.platformio/packages/framework-arduinoadafruitnrf52/cores/nRF5/nordic/softdevice/s140_nrf52_7.3.0_API/include/ble_gap.h: In function 'uint32_t sd_ble_gap_data_length_update(uint16_t, const ble_gap_data_length_params_t*, ble_gap_data_length_limitation_t*)':
/home/staszek/.platformio/packages/framework-arduinoadafruitnrf52/cores/nRF5/nordic/softdevice/s140_nrf52_7.3.0_API/include/ble_gap.h:2756:88: warning: unused parameter 'conn_handle' [-Wunused-parameter]
 2756 | SVCALL(SD_BLE_GAP_DATA_LENGTH_UPDATE, uint32_t, sd_ble_gap_data_length_update(uint16_t conn_handle, ble_gap_data_length_params_t const *p_dl_params, ble_gap_data_length_limitation_t *p_dl_limitation));
      |                                                                               ~~~~~~~~~^~~~~~~~~~~
/home/staszek/.platformio/packages/framework-arduinoadafruitnrf52/cores/nRF5/nordic/softdevice/s140_nrf52_7.3.0_API/include/nrf_svc.h:76:22: note: in definition of macro 'SVCALL'
   76 |   static return_type signature                          \
      |                      ^~~~~~~~~
/home/staszek/.platformio/packages/framework-arduinoadafruitnrf52/cores/nRF5/nordic/softdevice/s140_nrf52_7.3.0_API/include/ble_gap.h:2756:137: warning: unused parameter 'p_dl_params' [-Wunused-parameter]
 2756 | SVCALL(SD_BLE_GAP_DATA_LENGTH_UPDATE, uint32_t, sd_ble_gap_data_length_update(uint16_t conn_handle, ble_gap_data_length_params_t const *p_dl_params, ble_gap_data_length_limitation_t *p_dl_limitation));
      |                                                                                                     ~~~~~~~~~~~~~~~~~~~~~~~~~~~~~~~~~~~~^~~~~~~~~~~
/home/staszek/.platformio/packages/framework-arduinoadafruitnrf52/cores/nRF5/nordic/softdevice/s140_nrf52_7.3.0_API/include/nrf_svc.h:76:22: note: in definition of macro 'SVCALL'
   76 |   static return_type signature                          \
      |                      ^~~~~~~~~
/home/staszek/.platformio/packages/framework-arduinoadafruitnrf52/cores/nRF5/nordic/softdevice/s140_nrf52_7.3.0_API/include/ble_gap.h:2756:184: warning: unused parameter 'p_dl_limitation' [-Wunused-parameter]
 2756 | SVCALL(SD_BLE_GAP_DATA_LENGTH_UPDATE, uint32_t, sd_ble_gap_data_length_update(uint16_t conn_handle, ble_gap_data_length_params_t const *p_dl_params, ble_gap_data_length_limitation_t *p_dl_limitation));
      |                                                                                                                                                      ~~~~~~~~~~~~~~~~~~~~~~~~~~~~~~~~~~^~~~~~~~~~~~~~~
/home/staszek/.platformio/packages/framework-arduinoadafruitnrf52/cores/nRF5/nordic/softdevice/s140_nrf52_7.3.0_API/include/nrf_svc.h:76:22: note: in definition of macro 'SVCALL'
   76 |   static return_type signature                          \
      |                      ^~~~~~~~~
/home/staszek/.platformio/packages/framework-arduinoadafruitnrf52/cores/nRF5/nordic/softdevice/s140_nrf52_7.3.0_API/include/ble_gap.h: In function 'uint32_t sd_ble_gap_qos_channel_survey_start(uint32_t)':
/home/staszek/.platformio/packages/framework-arduinoadafruitnrf52/cores/nRF5/nordic/softdevice/s140_nrf52_7.3.0_API/include/ble_gap.h:2788:100: warning: unused parameter 'interval_us' [-Wunused-parameter]
 2788 | SVCALL(SD_BLE_GAP_QOS_CHANNEL_SURVEY_START, uint32_t, sd_ble_gap_qos_channel_survey_start(uint32_t interval_us));
      |                                                                                           ~~~~~~~~~^~~~~~~~~~~
/home/staszek/.platformio/packages/framework-arduinoadafruitnrf52/cores/nRF5/nordic/softdevice/s140_nrf52_7.3.0_API/include/nrf_svc.h:76:22: note: in definition of macro 'SVCALL'
   76 |   static return_type signature                          \
      |                      ^~~~~~~~~
/home/staszek/.platformio/packages/framework-arduinoadafruitnrf52/cores/nRF5/nordic/softdevice/s140_nrf52_7.3.0_API/include/ble_gap.h: In function 'uint32_t sd_ble_gap_next_conn_evt_counter_get(uint16_t, uint16_t*)':
/home/staszek/.platformio/packages/framework-arduinoadafruitnrf52/cores/nRF5/nordic/softdevice/s140_nrf52_7.3.0_API/include/ble_gap.h:2822:102: warning: unused parameter 'conn_handle' [-Wunused-parameter]
 2822 | SVCALL(SD_BLE_GAP_NEXT_CONN_EVT_COUNTER_GET, uint32_t, sd_ble_gap_next_conn_evt_counter_get(uint16_t conn_handle, uint16_t * p_counter));
      |                                                                                             ~~~~~~~~~^~~~~~~~~~~
/home/staszek/.platformio/packages/framework-arduinoadafruitnrf52/cores/nRF5/nordic/softdevice/s140_nrf52_7.3.0_API/include/nrf_svc.h:76:22: note: in definition of macro 'SVCALL'
   76 |   static return_type signature                          \
      |                      ^~~~~~~~~
/home/staszek/.platformio/packages/framework-arduinoadafruitnrf52/cores/nRF5/nordic/softdevice/s140_nrf52_7.3.0_API/include/ble_gap.h:2822:126: warning: unused parameter 'p_counter' [-Wunused-parameter]
 2822 | SVCALL(SD_BLE_GAP_NEXT_CONN_EVT_COUNTER_GET, uint32_t, sd_ble_gap_next_conn_evt_counter_get(uint16_t conn_handle, uint16_t * p_counter));
      |                                                                                                                   ~~~~~~~~~~~^~~~~~~~~
/home/staszek/.platformio/packages/framework-arduinoadafruitnrf52/cores/nRF5/nordic/softdevice/s140_nrf52_7.3.0_API/include/nrf_svc.h:76:22: note: in definition of macro 'SVCALL'
   76 |   static return_type signature                          \
      |                      ^~~~~~~~~
/home/staszek/.platformio/packages/framework-arduinoadafruitnrf52/cores/nRF5/nordic/softdevice/s140_nrf52_7.3.0_API/include/ble_gap.h: In function 'uint32_t sd_ble_gap_conn_evt_trigger_start(uint16_t, const ble_gap_conn_event_trigger_t*)':
/home/staszek/.platformio/packages/framework-arduinoadafruitnrf52/cores/nRF5/nordic/softdevice/s140_nrf52_7.3.0_API/include/ble_gap.h:2844:96: warning: unused parameter 'conn_handle' [-Wunused-parameter]
 2844 | SVCALL(SD_BLE_GAP_CONN_EVT_TRIGGER_START, uint32_t, sd_ble_gap_conn_evt_trigger_start(uint16_t conn_handle, ble_gap_conn_event_trigger_t const * p_params));
      |                                                                                       ~~~~~~~~~^~~~~~~~~~~
/home/staszek/.platformio/packages/framework-arduinoadafruitnrf52/cores/nRF5/nordic/softdevice/s140_nrf52_7.3.0_API/include/nrf_svc.h:76:22: note: in definition of macro 'SVCALL'
   76 |   static return_type signature                          \
      |                      ^~~~~~~~~
/home/staszek/.platformio/packages/framework-arduinoadafruitnrf52/cores/nRF5/nordic/softdevice/s140_nrf52_7.3.0_API/include/ble_gap.h:2844:146: warning: unused parameter 'p_params' [-Wunused-parameter]
 2844 | SVCALL(SD_BLE_GAP_CONN_EVT_TRIGGER_START, uint32_t, sd_ble_gap_conn_evt_trigger_start(uint16_t conn_handle, ble_gap_conn_event_trigger_t const * p_params));
      |                                                                                                             ~~~~~~~~~~~~~~~~~~~~~~~~~~~~~~~~~~~~~^~~~~~~~
/home/staszek/.platformio/packages/framework-arduinoadafruitnrf52/cores/nRF5/nordic/softdevice/s140_nrf52_7.3.0_API/include/nrf_svc.h:76:22: note: in definition of macro 'SVCALL'
   76 |   static return_type signature                          \
      |                      ^~~~~~~~~
/home/staszek/.platformio/packages/framework-arduinoadafruitnrf52/cores/nRF5/nordic/softdevice/s140_nrf52_7.3.0_API/include/ble_gap.h: In function 'uint32_t sd_ble_gap_conn_evt_trigger_stop(uint16_t)':
/home/staszek/.platformio/packages/framework-arduinoadafruitnrf52/cores/nRF5/nordic/softdevice/s140_nrf52_7.3.0_API/include/ble_gap.h:2855:94: warning: unused parameter 'conn_handle' [-Wunused-parameter]
 2855 | SVCALL(SD_BLE_GAP_CONN_EVT_TRIGGER_STOP, uint32_t, sd_ble_gap_conn_evt_trigger_stop(uint16_t conn_handle));
      |                                                                                     ~~~~~~~~~^~~~~~~~~~~
/home/staszek/.platformio/packages/framework-arduinoadafruitnrf52/cores/nRF5/nordic/softdevice/s140_nrf52_7.3.0_API/include/nrf_svc.h:76:22: note: in definition of macro 'SVCALL'
   76 |   static return_type signature                          \
      |                      ^~~~~~~~~
/home/staszek/.platformio/packages/framework-arduinoadafruitnrf52/cores/nRF5/nordic/softdevice/s140_nrf52_7.3.0_API/include/ble_l2cap.h: In function 'uint32_t sd_ble_l2cap_ch_setup(uint16_t, uint16_t*, const ble_l2cap_ch_setup_params_t*)':
/home/staszek/.platformio/packages/framework-arduinoadafruitnrf52/cores/nRF5/nordic/softdevice/s140_nrf52_7.3.0_API/include/ble_l2cap.h:350:72: warning: unused parameter 'conn_handle' [-Wunused-parameter]
  350 | SVCALL(SD_BLE_L2CAP_CH_SETUP, uint32_t, sd_ble_l2cap_ch_setup(uint16_t conn_handle, uint16_t *p_local_cid, ble_l2cap_ch_setup_params_t const *p_params));
      |                                                               ~~~~~~~~~^~~~~~~~~~~
/home/staszek/.platformio/packages/framework-arduinoadafruitnrf52/cores/nRF5/nordic/softdevice/s140_nrf52_7.3.0_API/include/nrf_svc.h:76:22: note: in definition of macro 'SVCALL'
   76 |   static return_type signature                          \
      |                      ^~~~~~~~~
/home/staszek/.platformio/packages/framework-arduinoadafruitnrf52/cores/nRF5/nordic/softdevice/s140_nrf52_7.3.0_API/include/ble_l2cap.h:350:95: warning: unused parameter 'p_local_cid' [-Wunused-parameter]
  350 | SVCALL(SD_BLE_L2CAP_CH_SETUP, uint32_t, sd_ble_l2cap_ch_setup(uint16_t conn_handle, uint16_t *p_local_cid, ble_l2cap_ch_setup_params_t const *p_params));
      |                                                                                     ~~~~~~~~~~^~~~~~~~~~~
/home/staszek/.platformio/packages/framework-arduinoadafruitnrf52/cores/nRF5/nordic/softdevice/s140_nrf52_7.3.0_API/include/nrf_svc.h:76:22: note: in definition of macro 'SVCALL'
   76 |   static return_type signature                          \
      |                      ^~~~~~~~~
/home/staszek/.platformio/packages/framework-arduinoadafruitnrf52/cores/nRF5/nordic/softdevice/s140_nrf52_7.3.0_API/include/ble_l2cap.h:350:143: warning: unused parameter 'p_params' [-Wunused-parameter]
  350 | SVCALL(SD_BLE_L2CAP_CH_SETUP, uint32_t, sd_ble_l2cap_ch_setup(uint16_t conn_handle, uint16_t *p_local_cid, ble_l2cap_ch_setup_params_t const *p_params));
      |                                                                                                            ~~~~~~~~~~~~~~~~~~~~~~~~~~~~~~~~~~~^~~~~~~~
/home/staszek/.platformio/packages/framework-arduinoadafruitnrf52/cores/nRF5/nordic/softdevice/s140_nrf52_7.3.0_API/include/nrf_svc.h:76:22: note: in definition of macro 'SVCALL'
   76 |   static return_type signature                          \
      |                      ^~~~~~~~~
/home/staszek/.platformio/packages/framework-arduinoadafruitnrf52/cores/nRF5/nordic/softdevice/s140_nrf52_7.3.0_API/include/ble_l2cap.h: In function 'uint32_t sd_ble_l2cap_ch_release(uint16_t, uint16_t)':
/home/staszek/.platformio/packages/framework-arduinoadafruitnrf52/cores/nRF5/nordic/softdevice/s140_nrf52_7.3.0_API/include/ble_l2cap.h:373:76: warning: unused parameter 'conn_handle' [-Wunused-parameter]
  373 | SVCALL(SD_BLE_L2CAP_CH_RELEASE, uint32_t, sd_ble_l2cap_ch_release(uint16_t conn_handle, uint16_t local_cid));
      |                                                                   ~~~~~~~~~^~~~~~~~~~~
/home/staszek/.platformio/packages/framework-arduinoadafruitnrf52/cores/nRF5/nordic/softdevice/s140_nrf52_7.3.0_API/include/nrf_svc.h:76:22: note: in definition of macro 'SVCALL'
   76 |   static return_type signature                          \
      |                      ^~~~~~~~~
/home/staszek/.platformio/packages/framework-arduinoadafruitnrf52/cores/nRF5/nordic/softdevice/s140_nrf52_7.3.0_API/include/ble_l2cap.h:373:98: warning: unused parameter 'local_cid' [-Wunused-parameter]
  373 | SVCALL(SD_BLE_L2CAP_CH_RELEASE, uint32_t, sd_ble_l2cap_ch_release(uint16_t conn_handle, uint16_t local_cid));
      |                                                                                         ~~~~~~~~~^~~~~~~~~
/home/staszek/.platformio/packages/framework-arduinoadafruitnrf52/cores/nRF5/nordic/softdevice/s140_nrf52_7.3.0_API/include/nrf_svc.h:76:22: note: in definition of macro 'SVCALL'
   76 |   static return_type signature                          \
      |                      ^~~~~~~~~
/home/staszek/.platformio/packages/framework-arduinoadafruitnrf52/cores/nRF5/nordic/softdevice/s140_nrf52_7.3.0_API/include/ble_l2cap.h: In function 'uint32_t sd_ble_l2cap_ch_rx(uint16_t, uint16_t, const ble_data_t*)':
/home/staszek/.platformio/packages/framework-arduinoadafruitnrf52/cores/nRF5/nordic/softdevice/s140_nrf52_7.3.0_API/include/ble_l2cap.h:407:66: warning: unused parameter 'conn_handle' [-Wunused-parameter]
  407 | SVCALL(SD_BLE_L2CAP_CH_RX, uint32_t, sd_ble_l2cap_ch_rx(uint16_t conn_handle, uint16_t local_cid, ble_data_t const *p_sdu_buf));
      |                                                         ~~~~~~~~~^~~~~~~~~~~
/home/staszek/.platformio/packages/framework-arduinoadafruitnrf52/cores/nRF5/nordic/softdevice/s140_nrf52_7.3.0_API/include/nrf_svc.h:76:22: note: in definition of macro 'SVCALL'
   76 |   static return_type signature                          \
      |                      ^~~~~~~~~
/home/staszek/.platformio/packages/framework-arduinoadafruitnrf52/cores/nRF5/nordic/softdevice/s140_nrf52_7.3.0_API/include/ble_l2cap.h:407:88: warning: unused parameter 'local_cid' [-Wunused-parameter]
  407 | SVCALL(SD_BLE_L2CAP_CH_RX, uint32_t, sd_ble_l2cap_ch_rx(uint16_t conn_handle, uint16_t local_cid, ble_data_t const *p_sdu_buf));
      |                                                                               ~~~~~~~~~^~~~~~~~~
/home/staszek/.platformio/packages/framework-arduinoadafruitnrf52/cores/nRF5/nordic/softdevice/s140_nrf52_7.3.0_API/include/nrf_svc.h:76:22: note: in definition of macro 'SVCALL'
   76 |   static return_type signature                          \
      |                      ^~~~~~~~~
/home/staszek/.platformio/packages/framework-arduinoadafruitnrf52/cores/nRF5/nordic/softdevice/s140_nrf52_7.3.0_API/include/ble_l2cap.h:407:117: warning: unused parameter 'p_sdu_buf' [-Wunused-parameter]
  407 | SVCALL(SD_BLE_L2CAP_CH_RX, uint32_t, sd_ble_l2cap_ch_rx(uint16_t conn_handle, uint16_t local_cid, ble_data_t const *p_sdu_buf));
      |                                                                                                   ~~~~~~~~~~~~~~~~~~^~~~~~~~~
/home/staszek/.platformio/packages/framework-arduinoadafruitnrf52/cores/nRF5/nordic/softdevice/s140_nrf52_7.3.0_API/include/nrf_svc.h:76:22: note: in definition of macro 'SVCALL'
   76 |   static return_type signature                          \
      |                      ^~~~~~~~~
/home/staszek/.platformio/packages/framework-arduinoadafruitnrf52/cores/nRF5/nordic/softdevice/s140_nrf52_7.3.0_API/include/ble_l2cap.h: In function 'uint32_t sd_ble_l2cap_ch_tx(uint16_t, uint16_t, const ble_data_t*)':
/home/staszek/.platformio/packages/framework-arduinoadafruitnrf52/cores/nRF5/nordic/softdevice/s140_nrf52_7.3.0_API/include/ble_l2cap.h:452:66: warning: unused parameter 'conn_handle' [-Wunused-parameter]
  452 | SVCALL(SD_BLE_L2CAP_CH_TX, uint32_t, sd_ble_l2cap_ch_tx(uint16_t conn_handle, uint16_t local_cid, ble_data_t const *p_sdu_buf));
      |                                                         ~~~~~~~~~^~~~~~~~~~~
/home/staszek/.platformio/packages/framework-arduinoadafruitnrf52/cores/nRF5/nordic/softdevice/s140_nrf52_7.3.0_API/include/nrf_svc.h:76:22: note: in definition of macro 'SVCALL'
   76 |   static return_type signature                          \
      |                      ^~~~~~~~~
/home/staszek/.platformio/packages/framework-arduinoadafruitnrf52/cores/nRF5/nordic/softdevice/s140_nrf52_7.3.0_API/include/ble_l2cap.h:452:88: warning: unused parameter 'local_cid' [-Wunused-parameter]
  452 | SVCALL(SD_BLE_L2CAP_CH_TX, uint32_t, sd_ble_l2cap_ch_tx(uint16_t conn_handle, uint16_t local_cid, ble_data_t const *p_sdu_buf));
      |                                                                               ~~~~~~~~~^~~~~~~~~
/home/staszek/.platformio/packages/framework-arduinoadafruitnrf52/cores/nRF5/nordic/softdevice/s140_nrf52_7.3.0_API/include/nrf_svc.h:76:22: note: in definition of macro 'SVCALL'
   76 |   static return_type signature                          \
      |                      ^~~~~~~~~
/home/staszek/.platformio/packages/framework-arduinoadafruitnrf52/cores/nRF5/nordic/softdevice/s140_nrf52_7.3.0_API/include/ble_l2cap.h:452:117: warning: unused parameter 'p_sdu_buf' [-Wunused-parameter]
  452 | SVCALL(SD_BLE_L2CAP_CH_TX, uint32_t, sd_ble_l2cap_ch_tx(uint16_t conn_handle, uint16_t local_cid, ble_data_t const *p_sdu_buf));
      |                                                                                                   ~~~~~~~~~~~~~~~~~~^~~~~~~~~
/home/staszek/.platformio/packages/framework-arduinoadafruitnrf52/cores/nRF5/nordic/softdevice/s140_nrf52_7.3.0_API/include/nrf_svc.h:76:22: note: in definition of macro 'SVCALL'
   76 |   static return_type signature                          \
      |                      ^~~~~~~~~
/home/staszek/.platformio/packages/framework-arduinoadafruitnrf52/cores/nRF5/nordic/softdevice/s140_nrf52_7.3.0_API/include/ble_l2cap.h: In function 'uint32_t sd_ble_l2cap_ch_flow_control(uint16_t, uint16_t, uint16_t, uint16_t*)':
/home/staszek/.platformio/packages/framework-arduinoadafruitnrf52/cores/nRF5/nordic/softdevice/s140_nrf52_7.3.0_API/include/ble_l2cap.h:496:86: warning: unused parameter 'conn_handle' [-Wunused-parameter]
  496 | SVCALL(SD_BLE_L2CAP_CH_FLOW_CONTROL, uint32_t, sd_ble_l2cap_ch_flow_control(uint16_t conn_handle, uint16_t local_cid, uint16_t credits, uint16_t *p_credits));
      |                                                                             ~~~~~~~~~^~~~~~~~~~~
/home/staszek/.platformio/packages/framework-arduinoadafruitnrf52/cores/nRF5/nordic/softdevice/s140_nrf52_7.3.0_API/include/nrf_svc.h:76:22: note: in definition of macro 'SVCALL'
   76 |   static return_type signature                          \
      |                      ^~~~~~~~~
/home/staszek/.platformio/packages/framework-arduinoadafruitnrf52/cores/nRF5/nordic/softdevice/s140_nrf52_7.3.0_API/include/ble_l2cap.h:496:108: warning: unused parameter 'local_cid' [-Wunused-parameter]
  496 | SVCALL(SD_BLE_L2CAP_CH_FLOW_CONTROL, uint32_t, sd_ble_l2cap_ch_flow_control(uint16_t conn_handle, uint16_t local_cid, uint16_t credits, uint16_t *p_credits));
      |                                                                                                   ~~~~~~~~~^~~~~~~~~
/home/staszek/.platformio/packages/framework-arduinoadafruitnrf52/cores/nRF5/nordic/softdevice/s140_nrf52_7.3.0_API/include/nrf_svc.h:76:22: note: in definition of macro 'SVCALL'
   76 |   static return_type signature                          \
      |                      ^~~~~~~~~
/home/staszek/.platformio/packages/framework-arduinoadafruitnrf52/cores/nRF5/nordic/softdevice/s140_nrf52_7.3.0_API/include/ble_l2cap.h:496:128: warning: unused parameter 'credits' [-Wunused-parameter]
  496 | SVCALL(SD_BLE_L2CAP_CH_FLOW_CONTROL, uint32_t, sd_ble_l2cap_ch_flow_control(uint16_t conn_handle, uint16_t local_cid, uint16_t credits, uint16_t *p_credits));
      |                                                                                                                       ~~~~~~~~~^~~~~~~
/home/staszek/.platformio/packages/framework-arduinoadafruitnrf52/cores/nRF5/nordic/softdevice/s140_nrf52_7.3.0_API/include/nrf_svc.h:76:22: note: in definition of macro 'SVCALL'
   76 |   static return_type signature                          \
      |                      ^~~~~~~~~
/home/staszek/.platformio/packages/framework-arduinoadafruitnrf52/cores/nRF5/nordic/softdevice/s140_nrf52_7.3.0_API/include/ble_l2cap.h:496:147: warning: unused parameter 'p_credits' [-Wunused-parameter]
  496 | SVCALL(SD_BLE_L2CAP_CH_FLOW_CONTROL, uint32_t, sd_ble_l2cap_ch_flow_control(uint16_t conn_handle, uint16_t local_cid, uint16_t credits, uint16_t *p_credits));
      |                                                                                                                                         ~~~~~~~~~~^~~~~~~~~
/home/staszek/.platformio/packages/framework-arduinoadafruitnrf52/cores/nRF5/nordic/softdevice/s140_nrf52_7.3.0_API/include/nrf_svc.h:76:22: note: in definition of macro 'SVCALL'
   76 |   static return_type signature                          \
      |                      ^~~~~~~~~
/home/staszek/.platformio/packages/framework-arduinoadafruitnrf52/cores/nRF5/nordic/softdevice/s140_nrf52_7.3.0_API/include/ble_gattc.h: In function 'uint32_t sd_ble_gattc_primary_services_discover(uint16_t, uint16_t, const ble_uuid_t*)':
/home/staszek/.platformio/packages/framework-arduinoadafruitnrf52/cores/nRF5/nordic/softdevice/s140_nrf52_7.3.0_API/include/ble_gattc.h:419:106: warning: unused parameter 'conn_handle' [-Wunused-parameter]
  419 | SVCALL(SD_BLE_GATTC_PRIMARY_SERVICES_DISCOVER, uint32_t, sd_ble_gattc_primary_services_discover(uint16_t conn_handle, uint16_t start_handle, ble_uuid_t const *p_srvc_uuid));
      |                                                                                                 ~~~~~~~~~^~~~~~~~~~~
/home/staszek/.platformio/packages/framework-arduinoadafruitnrf52/cores/nRF5/nordic/softdevice/s140_nrf52_7.3.0_API/include/nrf_svc.h:76:22: note: in definition of macro 'SVCALL'
   76 |   static return_type signature                          \
      |                      ^~~~~~~~~
/home/staszek/.platformio/packages/framework-arduinoadafruitnrf52/cores/nRF5/nordic/softdevice/s140_nrf52_7.3.0_API/include/ble_gattc.h:419:128: warning: unused parameter 'start_handle' [-Wunused-parameter]
  419 | SVCALL(SD_BLE_GATTC_PRIMARY_SERVICES_DISCOVER, uint32_t, sd_ble_gattc_primary_services_discover(uint16_t conn_handle, uint16_t start_handle, ble_uuid_t const *p_srvc_uuid));
      |                                                                                                                       ~~~~~~~~~^~~~~~~~~~~~
/home/staszek/.platformio/packages/framework-arduinoadafruitnrf52/cores/nRF5/nordic/softdevice/s140_nrf52_7.3.0_API/include/nrf_svc.h:76:22: note: in definition of macro 'SVCALL'
   76 |   static return_type signature                          \
      |                      ^~~~~~~~~
/home/staszek/.platformio/packages/framework-arduinoadafruitnrf52/cores/nRF5/nordic/softdevice/s140_nrf52_7.3.0_API/include/ble_gattc.h:419:160: warning: unused parameter 'p_srvc_uuid' [-Wunused-parameter]
  419 | SVCALL(SD_BLE_GATTC_PRIMARY_SERVICES_DISCOVER, uint32_t, sd_ble_gattc_primary_services_discover(uint16_t conn_handle, uint16_t start_handle, ble_uuid_t const *p_srvc_uuid));
      |                                                                                                                                              ~~~~~~~~~~~~~~~~~~^~~~~~~~~~~
/home/staszek/.platformio/packages/framework-arduinoadafruitnrf52/cores/nRF5/nordic/softdevice/s140_nrf52_7.3.0_API/include/nrf_svc.h:76:22: note: in definition of macro 'SVCALL'
   76 |   static return_type signature                          \
      |                      ^~~~~~~~~
/home/staszek/.platformio/packages/framework-arduinoadafruitnrf52/cores/nRF5/nordic/softdevice/s140_nrf52_7.3.0_API/include/ble_gattc.h: In function 'uint32_t sd_ble_gattc_relationships_discover(uint16_t, const ble_gattc_handle_range_t*)':
/home/staszek/.platformio/packages/framework-arduinoadafruitnrf52/cores/nRF5/nordic/softdevice/s140_nrf52_7.3.0_API/include/ble_gattc.h:447:100: warning: unused parameter 'conn_handle' [-Wunused-parameter]
  447 | SVCALL(SD_BLE_GATTC_RELATIONSHIPS_DISCOVER, uint32_t, sd_ble_gattc_relationships_discover(uint16_t conn_handle, ble_gattc_handle_range_t const *p_handle_range));
      |                                                                                           ~~~~~~~~~^~~~~~~~~~~
/home/staszek/.platformio/packages/framework-arduinoadafruitnrf52/cores/nRF5/nordic/softdevice/s140_nrf52_7.3.0_API/include/nrf_svc.h:76:22: note: in definition of macro 'SVCALL'
   76 |   static return_type signature                          \
      |                      ^~~~~~~~~
/home/staszek/.platformio/packages/framework-arduinoadafruitnrf52/cores/nRF5/nordic/softdevice/s140_nrf52_7.3.0_API/include/ble_gattc.h:447:145: warning: unused parameter 'p_handle_range' [-Wunused-parameter]
  447 | SVCALL(SD_BLE_GATTC_RELATIONSHIPS_DISCOVER, uint32_t, sd_ble_gattc_relationships_discover(uint16_t conn_handle, ble_gattc_handle_range_t const *p_handle_range));
      |                                                                                                                 ~~~~~~~~~~~~~~~~~~~~~~~~~~~~~~~~^~~~~~~~~~~~~~
/home/staszek/.platformio/packages/framework-arduinoadafruitnrf52/cores/nRF5/nordic/softdevice/s140_nrf52_7.3.0_API/include/nrf_svc.h:76:22: note: in definition of macro 'SVCALL'
   76 |   static return_type signature                          \
      |                      ^~~~~~~~~
/home/staszek/.platformio/packages/framework-arduinoadafruitnrf52/cores/nRF5/nordic/softdevice/s140_nrf52_7.3.0_API/include/ble_gattc.h: In function 'uint32_t sd_ble_gattc_characteristics_discover(uint16_t, const ble_gattc_handle_range_t*)':
/home/staszek/.platformio/packages/framework-arduinoadafruitnrf52/cores/nRF5/nordic/softdevice/s140_nrf52_7.3.0_API/include/ble_gattc.h:474:104: warning: unused parameter 'conn_handle' [-Wunused-parameter]
  474 | SVCALL(SD_BLE_GATTC_CHARACTERISTICS_DISCOVER, uint32_t, sd_ble_gattc_characteristics_discover(uint16_t conn_handle, ble_gattc_handle_range_t const *p_handle_range));
      |                                                                                               ~~~~~~~~~^~~~~~~~~~~
/home/staszek/.platformio/packages/framework-arduinoadafruitnrf52/cores/nRF5/nordic/softdevice/s140_nrf52_7.3.0_API/include/nrf_svc.h:76:22: note: in definition of macro 'SVCALL'
   76 |   static return_type signature                          \
      |                      ^~~~~~~~~
/home/staszek/.platformio/packages/framework-arduinoadafruitnrf52/cores/nRF5/nordic/softdevice/s140_nrf52_7.3.0_API/include/ble_gattc.h:474:149: warning: unused parameter 'p_handle_range' [-Wunused-parameter]
  474 | SVCALL(SD_BLE_GATTC_CHARACTERISTICS_DISCOVER, uint32_t, sd_ble_gattc_characteristics_discover(uint16_t conn_handle, ble_gattc_handle_range_t const *p_handle_range));
      |                                                                                                                     ~~~~~~~~~~~~~~~~~~~~~~~~~~~~~~~~^~~~~~~~~~~~~~
/home/staszek/.platformio/packages/framework-arduinoadafruitnrf52/cores/nRF5/nordic/softdevice/s140_nrf52_7.3.0_API/include/nrf_svc.h:76:22: note: in definition of macro 'SVCALL'
   76 |   static return_type signature                          \
      |                      ^~~~~~~~~
/home/staszek/.platformio/packages/framework-arduinoadafruitnrf52/cores/nRF5/nordic/softdevice/s140_nrf52_7.3.0_API/include/ble_gattc.h: In function 'uint32_t sd_ble_gattc_descriptors_discover(uint16_t, const ble_gattc_handle_range_t*)':
/home/staszek/.platformio/packages/framework-arduinoadafruitnrf52/cores/nRF5/nordic/softdevice/s140_nrf52_7.3.0_API/include/ble_gattc.h:501:96: warning: unused parameter 'conn_handle' [-Wunused-parameter]
  501 | SVCALL(SD_BLE_GATTC_DESCRIPTORS_DISCOVER, uint32_t, sd_ble_gattc_descriptors_discover(uint16_t conn_handle, ble_gattc_handle_range_t const *p_handle_range));
      |                                                                                       ~~~~~~~~~^~~~~~~~~~~
/home/staszek/.platformio/packages/framework-arduinoadafruitnrf52/cores/nRF5/nordic/softdevice/s140_nrf52_7.3.0_API/include/nrf_svc.h:76:22: note: in definition of macro 'SVCALL'
   76 |   static return_type signature                          \
      |                      ^~~~~~~~~
/home/staszek/.platformio/packages/framework-arduinoadafruitnrf52/cores/nRF5/nordic/softdevice/s140_nrf52_7.3.0_API/include/ble_gattc.h:501:141: warning: unused parameter 'p_handle_range' [-Wunused-parameter]
  501 | SVCALL(SD_BLE_GATTC_DESCRIPTORS_DISCOVER, uint32_t, sd_ble_gattc_descriptors_discover(uint16_t conn_handle, ble_gattc_handle_range_t const *p_handle_range));
      |                                                                                                             ~~~~~~~~~~~~~~~~~~~~~~~~~~~~~~~~^~~~~~~~~~~~~~
/home/staszek/.platformio/packages/framework-arduinoadafruitnrf52/cores/nRF5/nordic/softdevice/s140_nrf52_7.3.0_API/include/nrf_svc.h:76:22: note: in definition of macro 'SVCALL'
   76 |   static return_type signature                          \
      |                      ^~~~~~~~~
/home/staszek/.platformio/packages/framework-arduinoadafruitnrf52/cores/nRF5/nordic/softdevice/s140_nrf52_7.3.0_API/include/ble_gattc.h: In function 'uint32_t sd_ble_gattc_char_value_by_uuid_read(uint16_t, const ble_uuid_t*, const ble_gattc_handle_range_t*)':
/home/staszek/.platformio/packages/framework-arduinoadafruitnrf52/cores/nRF5/nordic/softdevice/s140_nrf52_7.3.0_API/include/ble_gattc.h:528:102: warning: unused parameter 'conn_handle' [-Wunused-parameter]
  528 | SVCALL(SD_BLE_GATTC_CHAR_VALUE_BY_UUID_READ, uint32_t, sd_ble_gattc_char_value_by_uuid_read(uint16_t conn_handle, ble_uuid_t const *p_uuid, ble_gattc_handle_range_t const *p_handle_range));
      |                                                                                             ~~~~~~~~~^~~~~~~~~~~
/home/staszek/.platformio/packages/framework-arduinoadafruitnrf52/cores/nRF5/nordic/softdevice/s140_nrf52_7.3.0_API/include/nrf_svc.h:76:22: note: in definition of macro 'SVCALL'
   76 |   static return_type signature                          \
      |                      ^~~~~~~~~
/home/staszek/.platformio/packages/framework-arduinoadafruitnrf52/cores/nRF5/nordic/softdevice/s140_nrf52_7.3.0_API/include/ble_gattc.h:528:133: warning: unused parameter 'p_uuid' [-Wunused-parameter]
  528 | SVCALL(SD_BLE_GATTC_CHAR_VALUE_BY_UUID_READ, uint32_t, sd_ble_gattc_char_value_by_uuid_read(uint16_t conn_handle, ble_uuid_t const *p_uuid, ble_gattc_handle_range_t const *p_handle_range));
      |                                                                                                                   ~~~~~~~~~~~~~~~~~~^~~~~~
/home/staszek/.platformio/packages/framework-arduinoadafruitnrf52/cores/nRF5/nordic/softdevice/s140_nrf52_7.3.0_API/include/nrf_svc.h:76:22: note: in definition of macro 'SVCALL'
   76 |   static return_type signature                          \
      |                      ^~~~~~~~~
/home/staszek/.platformio/packages/framework-arduinoadafruitnrf52/cores/nRF5/nordic/softdevice/s140_nrf52_7.3.0_API/include/ble_gattc.h:528:173: warning: unused parameter 'p_handle_range' [-Wunused-parameter]
  528 | SVCALL(SD_BLE_GATTC_CHAR_VALUE_BY_UUID_READ, uint32_t, sd_ble_gattc_char_value_by_uuid_read(uint16_t conn_handle, ble_uuid_t const *p_uuid, ble_gattc_handle_range_t const *p_handle_range));
      |                                                                                                                                             ~~~~~~~~~~~~~~~~~~~~~~~~~~~~~~~~^~~~~~~~~~~~~~
/home/staszek/.platformio/packages/framework-arduinoadafruitnrf52/cores/nRF5/nordic/softdevice/s140_nrf52_7.3.0_API/include/nrf_svc.h:76:22: note: in definition of macro 'SVCALL'
   76 |   static return_type signature                          \
      |                      ^~~~~~~~~
/home/staszek/.platformio/packages/framework-arduinoadafruitnrf52/cores/nRF5/nordic/softdevice/s140_nrf52_7.3.0_API/include/ble_gattc.h: In function 'uint32_t sd_ble_gattc_read(uint16_t, uint16_t, uint16_t)':
/home/staszek/.platformio/packages/framework-arduinoadafruitnrf52/cores/nRF5/nordic/softdevice/s140_nrf52_7.3.0_API/include/ble_gattc.h:555:64: warning: unused parameter 'conn_handle' [-Wunused-parameter]
  555 | SVCALL(SD_BLE_GATTC_READ, uint32_t, sd_ble_gattc_read(uint16_t conn_handle, uint16_t handle, uint16_t offset));
      |                                                       ~~~~~~~~~^~~~~~~~~~~
/home/staszek/.platformio/packages/framework-arduinoadafruitnrf52/cores/nRF5/nordic/softdevice/s140_nrf52_7.3.0_API/include/nrf_svc.h:76:22: note: in definition of macro 'SVCALL'
   76 |   static return_type signature                          \
      |                      ^~~~~~~~~
/home/staszek/.platformio/packages/framework-arduinoadafruitnrf52/cores/nRF5/nordic/softdevice/s140_nrf52_7.3.0_API/include/ble_gattc.h:555:86: warning: unused parameter 'handle' [-Wunused-parameter]
  555 | SVCALL(SD_BLE_GATTC_READ, uint32_t, sd_ble_gattc_read(uint16_t conn_handle, uint16_t handle, uint16_t offset));
      |                                                                             ~~~~~~~~~^~~~~~
/home/staszek/.platformio/packages/framework-arduinoadafruitnrf52/cores/nRF5/nordic/softdevice/s140_nrf52_7.3.0_API/include/nrf_svc.h:76:22: note: in definition of macro 'SVCALL'
   76 |   static return_type signature                          \
      |                      ^~~~~~~~~
/home/staszek/.platformio/packages/framework-arduinoadafruitnrf52/cores/nRF5/nordic/softdevice/s140_nrf52_7.3.0_API/include/ble_gattc.h:555:103: warning: unused parameter 'offset' [-Wunused-parameter]
  555 | SVCALL(SD_BLE_GATTC_READ, uint32_t, sd_ble_gattc_read(uint16_t conn_handle, uint16_t handle, uint16_t offset));
      |                                                                                              ~~~~~~~~~^~~~~~
/home/staszek/.platformio/packages/framework-arduinoadafruitnrf52/cores/nRF5/nordic/softdevice/s140_nrf52_7.3.0_API/include/nrf_svc.h:76:22: note: in definition of macro 'SVCALL'
   76 |   static return_type signature                          \
      |                      ^~~~~~~~~
/home/staszek/.platformio/packages/framework-arduinoadafruitnrf52/cores/nRF5/nordic/softdevice/s140_nrf52_7.3.0_API/include/ble_gattc.h: In function 'uint32_t sd_ble_gattc_char_values_read(uint16_t, const uint16_t*, uint16_t)':
/home/staszek/.platformio/packages/framework-arduinoadafruitnrf52/cores/nRF5/nordic/softdevice/s140_nrf52_7.3.0_API/include/ble_gattc.h:581:88: warning: unused parameter 'conn_handle' [-Wunused-parameter]
  581 | SVCALL(SD_BLE_GATTC_CHAR_VALUES_READ, uint32_t, sd_ble_gattc_char_values_read(uint16_t conn_handle, uint16_t const *p_handles, uint16_t handle_count));
      |                                                                               ~~~~~~~~~^~~~~~~~~~~
/home/staszek/.platformio/packages/framework-arduinoadafruitnrf52/cores/nRF5/nordic/softdevice/s140_nrf52_7.3.0_API/include/nrf_svc.h:76:22: note: in definition of macro 'SVCALL'
   76 |   static return_type signature                          \
      |                      ^~~~~~~~~
/home/staszek/.platformio/packages/framework-arduinoadafruitnrf52/cores/nRF5/nordic/softdevice/s140_nrf52_7.3.0_API/include/ble_gattc.h:581:117: warning: unused parameter 'p_handles' [-Wunused-parameter]
  581 | SVCALL(SD_BLE_GATTC_CHAR_VALUES_READ, uint32_t, sd_ble_gattc_char_values_read(uint16_t conn_handle, uint16_t const *p_handles, uint16_t handle_count));
      |                                                                                                     ~~~~~~~~~~~~~~~~^~~~~~~~~
/home/staszek/.platformio/packages/framework-arduinoadafruitnrf52/cores/nRF5/nordic/softdevice/s140_nrf52_7.3.0_API/include/nrf_svc.h:76:22: note: in definition of macro 'SVCALL'
   76 |   static return_type signature                          \
      |                      ^~~~~~~~~
/home/staszek/.platformio/packages/framework-arduinoadafruitnrf52/cores/nRF5/nordic/softdevice/s140_nrf52_7.3.0_API/include/ble_gattc.h:581:137: warning: unused parameter 'handle_count' [-Wunused-parameter]
  581 | SVCALL(SD_BLE_GATTC_CHAR_VALUES_READ, uint32_t, sd_ble_gattc_char_values_read(uint16_t conn_handle, uint16_t const *p_handles, uint16_t handle_count));
      |                                                                                                                                ~~~~~~~~~^~~~~~~~~~~~
/home/staszek/.platformio/packages/framework-arduinoadafruitnrf52/cores/nRF5/nordic/softdevice/s140_nrf52_7.3.0_API/include/nrf_svc.h:76:22: note: in definition of macro 'SVCALL'
   76 |   static return_type signature                          \
      |                      ^~~~~~~~~
/home/staszek/.platformio/packages/framework-arduinoadafruitnrf52/cores/nRF5/nordic/softdevice/s140_nrf52_7.3.0_API/include/ble_gattc.h: In function 'uint32_t sd_ble_gattc_write(uint16_t, const ble_gattc_write_params_t*)':
/home/staszek/.platformio/packages/framework-arduinoadafruitnrf52/cores/nRF5/nordic/softdevice/s140_nrf52_7.3.0_API/include/ble_gattc.h:628:66: warning: unused parameter 'conn_handle' [-Wunused-parameter]
  628 | SVCALL(SD_BLE_GATTC_WRITE, uint32_t, sd_ble_gattc_write(uint16_t conn_handle, ble_gattc_write_params_t const *p_write_params));
      |                                                         ~~~~~~~~~^~~~~~~~~~~
/home/staszek/.platformio/packages/framework-arduinoadafruitnrf52/cores/nRF5/nordic/softdevice/s140_nrf52_7.3.0_API/include/nrf_svc.h:76:22: note: in definition of macro 'SVCALL'
   76 |   static return_type signature                          \
      |                      ^~~~~~~~~
/home/staszek/.platformio/packages/framework-arduinoadafruitnrf52/cores/nRF5/nordic/softdevice/s140_nrf52_7.3.0_API/include/ble_gattc.h:628:111: warning: unused parameter 'p_write_params' [-Wunused-parameter]
  628 | SVCALL(SD_BLE_GATTC_WRITE, uint32_t, sd_ble_gattc_write(uint16_t conn_handle, ble_gattc_write_params_t const *p_write_params));
      |                                                                               ~~~~~~~~~~~~~~~~~~~~~~~~~~~~~~~~^~~~~~~~~~~~~~
/home/staszek/.platformio/packages/framework-arduinoadafruitnrf52/cores/nRF5/nordic/softdevice/s140_nrf52_7.3.0_API/include/nrf_svc.h:76:22: note: in definition of macro 'SVCALL'
   76 |   static return_type signature                          \
      |                      ^~~~~~~~~
/home/staszek/.platformio/packages/framework-arduinoadafruitnrf52/cores/nRF5/nordic/softdevice/s140_nrf52_7.3.0_API/include/ble_gattc.h: In function 'uint32_t sd_ble_gattc_hv_confirm(uint16_t, uint16_t)':
/home/staszek/.platformio/packages/framework-arduinoadafruitnrf52/cores/nRF5/nordic/softdevice/s140_nrf52_7.3.0_API/include/ble_gattc.h:646:76: warning: unused parameter 'conn_handle' [-Wunused-parameter]
  646 | SVCALL(SD_BLE_GATTC_HV_CONFIRM, uint32_t, sd_ble_gattc_hv_confirm(uint16_t conn_handle, uint16_t handle));
      |                                                                   ~~~~~~~~~^~~~~~~~~~~
/home/staszek/.platformio/packages/framework-arduinoadafruitnrf52/cores/nRF5/nordic/softdevice/s140_nrf52_7.3.0_API/include/nrf_svc.h:76:22: note: in definition of macro 'SVCALL'
   76 |   static return_type signature                          \
      |                      ^~~~~~~~~
/home/staszek/.platformio/packages/framework-arduinoadafruitnrf52/cores/nRF5/nordic/softdevice/s140_nrf52_7.3.0_API/include/ble_gattc.h:646:98: warning: unused parameter 'handle' [-Wunused-parameter]
  646 | SVCALL(SD_BLE_GATTC_HV_CONFIRM, uint32_t, sd_ble_gattc_hv_confirm(uint16_t conn_handle, uint16_t handle));
      |                                                                                         ~~~~~~~~~^~~~~~
/home/staszek/.platformio/packages/framework-arduinoadafruitnrf52/cores/nRF5/nordic/softdevice/s140_nrf52_7.3.0_API/include/nrf_svc.h:76:22: note: in definition of macro 'SVCALL'
   76 |   static return_type signature                          \
      |                      ^~~~~~~~~
/home/staszek/.platformio/packages/framework-arduinoadafruitnrf52/cores/nRF5/nordic/softdevice/s140_nrf52_7.3.0_API/include/ble_gattc.h: In function 'uint32_t sd_ble_gattc_attr_info_discover(uint16_t, const ble_gattc_handle_range_t*)':
/home/staszek/.platformio/packages/framework-arduinoadafruitnrf52/cores/nRF5/nordic/softdevice/s140_nrf52_7.3.0_API/include/ble_gattc.h:664:92: warning: unused parameter 'conn_handle' [-Wunused-parameter]
  664 | SVCALL(SD_BLE_GATTC_ATTR_INFO_DISCOVER, uint32_t, sd_ble_gattc_attr_info_discover(uint16_t conn_handle, ble_gattc_handle_range_t const * p_handle_range));
      |                                                                                   ~~~~~~~~~^~~~~~~~~~~
/home/staszek/.platformio/packages/framework-arduinoadafruitnrf52/cores/nRF5/nordic/softdevice/s140_nrf52_7.3.0_API/include/nrf_svc.h:76:22: note: in definition of macro 'SVCALL'
   76 |   static return_type signature                          \
      |                      ^~~~~~~~~
/home/staszek/.platformio/packages/framework-arduinoadafruitnrf52/cores/nRF5/nordic/softdevice/s140_nrf52_7.3.0_API/include/ble_gattc.h:664:138: warning: unused parameter 'p_handle_range' [-Wunused-parameter]
  664 | SVCALL(SD_BLE_GATTC_ATTR_INFO_DISCOVER, uint32_t, sd_ble_gattc_attr_info_discover(uint16_t conn_handle, ble_gattc_handle_range_t const * p_handle_range));
      |                                                                                                         ~~~~~~~~~~~~~~~~~~~~~~~~~~~~~~~~~^~~~~~~~~~~~~~
/home/staszek/.platformio/packages/framework-arduinoadafruitnrf52/cores/nRF5/nordic/softdevice/s140_nrf52_7.3.0_API/include/nrf_svc.h:76:22: note: in definition of macro 'SVCALL'
   76 |   static return_type signature                          \
      |                      ^~~~~~~~~
/home/staszek/.platformio/packages/framework-arduinoadafruitnrf52/cores/nRF5/nordic/softdevice/s140_nrf52_7.3.0_API/include/ble_gattc.h: In function 'uint32_t sd_ble_gattc_exchange_mtu_request(uint16_t, uint16_t)':
/home/staszek/.platformio/packages/framework-arduinoadafruitnrf52/cores/nRF5/nordic/softdevice/s140_nrf52_7.3.0_API/include/ble_gattc.h:697:96: warning: unused parameter 'conn_handle' [-Wunused-parameter]
  697 | SVCALL(SD_BLE_GATTC_EXCHANGE_MTU_REQUEST, uint32_t, sd_ble_gattc_exchange_mtu_request(uint16_t conn_handle, uint16_t client_rx_mtu));
      |                                                                                       ~~~~~~~~~^~~~~~~~~~~
/home/staszek/.platformio/packages/framework-arduinoadafruitnrf52/cores/nRF5/nordic/softdevice/s140_nrf52_7.3.0_API/include/nrf_svc.h:76:22: note: in definition of macro 'SVCALL'
   76 |   static return_type signature                          \
      |                      ^~~~~~~~~
/home/staszek/.platformio/packages/framework-arduinoadafruitnrf52/cores/nRF5/nordic/softdevice/s140_nrf52_7.3.0_API/include/ble_gattc.h:697:118: warning: unused parameter 'client_rx_mtu' [-Wunused-parameter]
  697 | SVCALL(SD_BLE_GATTC_EXCHANGE_MTU_REQUEST, uint32_t, sd_ble_gattc_exchange_mtu_request(uint16_t conn_handle, uint16_t client_rx_mtu));
      |                                                                                                             ~~~~~~~~~^~~~~~~~~~~~~
/home/staszek/.platformio/packages/framework-arduinoadafruitnrf52/cores/nRF5/nordic/softdevice/s140_nrf52_7.3.0_API/include/nrf_svc.h:76:22: note: in definition of macro 'SVCALL'
   76 |   static return_type signature                          \
      |                      ^~~~~~~~~
/home/staszek/.platformio/packages/framework-arduinoadafruitnrf52/cores/nRF5/nordic/softdevice/s140_nrf52_7.3.0_API/include/ble_gatts.h: In function 'uint32_t sd_ble_gatts_service_add(uint8_t, const ble_uuid_t*, uint16_t*)':
/home/staszek/.platformio/packages/framework-arduinoadafruitnrf52/cores/nRF5/nordic/softdevice/s140_nrf52_7.3.0_API/include/ble_gatts.h:464:77: warning: unused parameter 'type' [-Wunused-parameter]
  464 | SVCALL(SD_BLE_GATTS_SERVICE_ADD, uint32_t, sd_ble_gatts_service_add(uint8_t type, ble_uuid_t const *p_uuid, uint16_t *p_handle));
      |                                                                     ~~~~~~~~^~~~
/home/staszek/.platformio/packages/framework-arduinoadafruitnrf52/cores/nRF5/nordic/softdevice/s140_nrf52_7.3.0_API/include/nrf_svc.h:76:22: note: in definition of macro 'SVCALL'
   76 |   static return_type signature                          \
      |                      ^~~~~~~~~
/home/staszek/.platformio/packages/framework-arduinoadafruitnrf52/cores/nRF5/nordic/softdevice/s140_nrf52_7.3.0_API/include/ble_gatts.h:464:101: warning: unused parameter 'p_uuid' [-Wunused-parameter]
  464 | SVCALL(SD_BLE_GATTS_SERVICE_ADD, uint32_t, sd_ble_gatts_service_add(uint8_t type, ble_uuid_t const *p_uuid, uint16_t *p_handle));
      |                                                                                   ~~~~~~~~~~~~~~~~~~^~~~~~
/home/staszek/.platformio/packages/framework-arduinoadafruitnrf52/cores/nRF5/nordic/softdevice/s140_nrf52_7.3.0_API/include/nrf_svc.h:76:22: note: in definition of macro 'SVCALL'
   76 |   static return_type signature                          \
      |                      ^~~~~~~~~
/home/staszek/.platformio/packages/framework-arduinoadafruitnrf52/cores/nRF5/nordic/softdevice/s140_nrf52_7.3.0_API/include/ble_gatts.h:464:119: warning: unused parameter 'p_handle' [-Wunused-parameter]
  464 | SVCALL(SD_BLE_GATTS_SERVICE_ADD, uint32_t, sd_ble_gatts_service_add(uint8_t type, ble_uuid_t const *p_uuid, uint16_t *p_handle));
      |                                                                                                             ~~~~~~~~~~^~~~~~~~
/home/staszek/.platformio/packages/framework-arduinoadafruitnrf52/cores/nRF5/nordic/softdevice/s140_nrf52_7.3.0_API/include/nrf_svc.h:76:22: note: in definition of macro 'SVCALL'
   76 |   static return_type signature                          \
      |                      ^~~~~~~~~
/home/staszek/.platformio/packages/framework-arduinoadafruitnrf52/cores/nRF5/nordic/softdevice/s140_nrf52_7.3.0_API/include/ble_gatts.h: In function 'uint32_t sd_ble_gatts_include_add(uint16_t, uint16_t, uint16_t*)':
/home/staszek/.platformio/packages/framework-arduinoadafruitnrf52/cores/nRF5/nordic/softdevice/s140_nrf52_7.3.0_API/include/ble_gatts.h:490:78: warning: unused parameter 'service_handle' [-Wunused-parameter]
  490 | SVCALL(SD_BLE_GATTS_INCLUDE_ADD, uint32_t, sd_ble_gatts_include_add(uint16_t service_handle, uint16_t inc_srvc_handle, uint16_t *p_include_handle));
      |                                                                     ~~~~~~~~~^~~~~~~~~~~~~~
/home/staszek/.platformio/packages/framework-arduinoadafruitnrf52/cores/nRF5/nordic/softdevice/s140_nrf52_7.3.0_API/include/nrf_svc.h:76:22: note: in definition of macro 'SVCALL'
   76 |   static return_type signature                          \
      |                      ^~~~~~~~~
/home/staszek/.platformio/packages/framework-arduinoadafruitnrf52/cores/nRF5/nordic/softdevice/s140_nrf52_7.3.0_API/include/ble_gatts.h:490:103: warning: unused parameter 'inc_srvc_handle' [-Wunused-parameter]
  490 | SVCALL(SD_BLE_GATTS_INCLUDE_ADD, uint32_t, sd_ble_gatts_include_add(uint16_t service_handle, uint16_t inc_srvc_handle, uint16_t *p_include_handle));
      |                                                                                              ~~~~~~~~~^~~~~~~~~~~~~~~
/home/staszek/.platformio/packages/framework-arduinoadafruitnrf52/cores/nRF5/nordic/softdevice/s140_nrf52_7.3.0_API/include/nrf_svc.h:76:22: note: in definition of macro 'SVCALL'
   76 |   static return_type signature                          \
      |                      ^~~~~~~~~
/home/staszek/.platformio/packages/framework-arduinoadafruitnrf52/cores/nRF5/nordic/softdevice/s140_nrf52_7.3.0_API/include/ble_gatts.h:490:130: warning: unused parameter 'p_include_handle' [-Wunused-parameter]
  490 | SVCALL(SD_BLE_GATTS_INCLUDE_ADD, uint32_t, sd_ble_gatts_include_add(uint16_t service_handle, uint16_t inc_srvc_handle, uint16_t *p_include_handle));
      |                                                                                                                        ~~~~~~~~~~^~~~~~~~~~~~~~~~
/home/staszek/.platformio/packages/framework-arduinoadafruitnrf52/cores/nRF5/nordic/softdevice/s140_nrf52_7.3.0_API/include/nrf_svc.h:76:22: note: in definition of macro 'SVCALL'
   76 |   static return_type signature                          \
      |                      ^~~~~~~~~
/home/staszek/.platformio/packages/framework-arduinoadafruitnrf52/cores/nRF5/nordic/softdevice/s140_nrf52_7.3.0_API/include/ble_gatts.h: In function 'uint32_t sd_ble_gatts_characteristic_add(uint16_t, const ble_gatts_char_md_t*, const ble_gatts_attr_t*, ble_gatts_char_handles_t*)':
/home/staszek/.platformio/packages/framework-arduinoadafruitnrf52/cores/nRF5/nordic/softdevice/s140_nrf52_7.3.0_API/include/ble_gatts.h:519:92: warning: unused parameter 'service_handle' [-Wunused-parameter]
  519 | SVCALL(SD_BLE_GATTS_CHARACTERISTIC_ADD, uint32_t, sd_ble_gatts_characteristic_add(uint16_t service_handle, ble_gatts_char_md_t const *p_char_md, ble_gatts_attr_t const *p_attr_char_value, ble_gatts_char_handles_t *p_handles));
      |                                                                                   ~~~~~~~~~^~~~~~~~~~~~~~
/home/staszek/.platformio/packages/framework-arduinoadafruitnrf52/cores/nRF5/nordic/softdevice/s140_nrf52_7.3.0_API/include/nrf_svc.h:76:22: note: in definition of macro 'SVCALL'
   76 |   static return_type signature                          \
      |                      ^~~~~~~~~
/home/staszek/.platformio/packages/framework-arduinoadafruitnrf52/cores/nRF5/nordic/softdevice/s140_nrf52_7.3.0_API/include/ble_gatts.h:519:135: warning: unused parameter 'p_char_md' [-Wunused-parameter]
  519 | SVCALL(SD_BLE_GATTS_CHARACTERISTIC_ADD, uint32_t, sd_ble_gatts_characteristic_add(uint16_t service_handle, ble_gatts_char_md_t const *p_char_md, ble_gatts_attr_t const *p_attr_char_value, ble_gatts_char_handles_t *p_handles));
      |                                                                                                            ~~~~~~~~~~~~~~~~~~~~~~~~~~~^~~~~~~~~
/home/staszek/.platformio/packages/framework-arduinoadafruitnrf52/cores/nRF5/nordic/softdevice/s140_nrf52_7.3.0_API/include/nrf_svc.h:76:22: note: in definition of macro 'SVCALL'
   76 |   static return_type signature                          \
      |                      ^~~~~~~~~
/home/staszek/.platformio/packages/framework-arduinoadafruitnrf52/cores/nRF5/nordic/softdevice/s140_nrf52_7.3.0_API/include/ble_gatts.h:519:170: warning: unused parameter 'p_attr_char_value' [-Wunused-parameter]
  519 | SVCALL(SD_BLE_GATTS_CHARACTERISTIC_ADD, uint32_t, sd_ble_gatts_characteristic_add(uint16_t service_handle, ble_gatts_char_md_t const *p_char_md, ble_gatts_attr_t const *p_attr_char_value, ble_gatts_char_handles_t *p_handles));
      |                                                                                                                                                  ~~~~~~~~~~~~~~~~~~~~~~~~^~~~~~~~~~~~~~~~~
/home/staszek/.platformio/packages/framework-arduinoadafruitnrf52/cores/nRF5/nordic/softdevice/s140_nrf52_7.3.0_API/include/nrf_svc.h:76:22: note: in definition of macro 'SVCALL'
   76 |   static return_type signature                          \
      |                      ^~~~~~~~~
/home/staszek/.platformio/packages/framework-arduinoadafruitnrf52/cores/nRF5/nordic/softdevice/s140_nrf52_7.3.0_API/include/ble_gatts.h:519:215: warning: unused parameter 'p_handles' [-Wunused-parameter]
  519 | SVCALL(SD_BLE_GATTS_CHARACTERISTIC_ADD, uint32_t, sd_ble_gatts_characteristic_add(uint16_t service_handle, ble_gatts_char_md_t const *p_char_md, ble_gatts_attr_t const *p_attr_char_value, ble_gatts_char_handles_t *p_handles));
      |                                                                                                                                                                                             ~~~~~~~~~~~~~~~~~~~~~~~~~~^~~~~~~~~
/home/staszek/.platformio/packages/framework-arduinoadafruitnrf52/cores/nRF5/nordic/softdevice/s140_nrf52_7.3.0_API/include/nrf_svc.h:76:22: note: in definition of macro 'SVCALL'
   76 |   static return_type signature                          \
      |                      ^~~~~~~~~
/home/staszek/.platformio/packages/framework-arduinoadafruitnrf52/cores/nRF5/nordic/softdevice/s140_nrf52_7.3.0_API/include/ble_gatts.h: In function 'uint32_t sd_ble_gatts_descriptor_add(uint16_t, const ble_gatts_attr_t*, uint16_t*)':
/home/staszek/.platformio/packages/framework-arduinoadafruitnrf52/cores/nRF5/nordic/softdevice/s140_nrf52_7.3.0_API/include/ble_gatts.h:542:84: warning: unused parameter 'char_handle' [-Wunused-parameter]
  542 | SVCALL(SD_BLE_GATTS_DESCRIPTOR_ADD, uint32_t, sd_ble_gatts_descriptor_add(uint16_t char_handle, ble_gatts_attr_t const *p_attr, uint16_t *p_handle));
      |                                                                           ~~~~~~~~~^~~~~~~~~~~
/home/staszek/.platformio/packages/framework-arduinoadafruitnrf52/cores/nRF5/nordic/softdevice/s140_nrf52_7.3.0_API/include/nrf_svc.h:76:22: note: in definition of macro 'SVCALL'
   76 |   static return_type signature                          \
      |                      ^~~~~~~~~
/home/staszek/.platformio/packages/framework-arduinoadafruitnrf52/cores/nRF5/nordic/softdevice/s140_nrf52_7.3.0_API/include/ble_gatts.h:542:121: warning: unused parameter 'p_attr' [-Wunused-parameter]
  542 | SVCALL(SD_BLE_GATTS_DESCRIPTOR_ADD, uint32_t, sd_ble_gatts_descriptor_add(uint16_t char_handle, ble_gatts_attr_t const *p_attr, uint16_t *p_handle));
      |                                                                                                 ~~~~~~~~~~~~~~~~~~~~~~~~^~~~~~
/home/staszek/.platformio/packages/framework-arduinoadafruitnrf52/cores/nRF5/nordic/softdevice/s140_nrf52_7.3.0_API/include/nrf_svc.h:76:22: note: in definition of macro 'SVCALL'
   76 |   static return_type signature                          \
      |                      ^~~~~~~~~
/home/staszek/.platformio/packages/framework-arduinoadafruitnrf52/cores/nRF5/nordic/softdevice/s140_nrf52_7.3.0_API/include/ble_gatts.h:542:139: warning: unused parameter 'p_handle' [-Wunused-parameter]
  542 | SVCALL(SD_BLE_GATTS_DESCRIPTOR_ADD, uint32_t, sd_ble_gatts_descriptor_add(uint16_t char_handle, ble_gatts_attr_t const *p_attr, uint16_t *p_handle));
      |                                                                                                                                 ~~~~~~~~~~^~~~~~~~
/home/staszek/.platformio/packages/framework-arduinoadafruitnrf52/cores/nRF5/nordic/softdevice/s140_nrf52_7.3.0_API/include/nrf_svc.h:76:22: note: in definition of macro 'SVCALL'
   76 |   static return_type signature                          \
      |                      ^~~~~~~~~
/home/staszek/.platformio/packages/framework-arduinoadafruitnrf52/cores/nRF5/nordic/softdevice/s140_nrf52_7.3.0_API/include/ble_gatts.h: In function 'uint32_t sd_ble_gatts_value_set(uint16_t, uint16_t, ble_gatts_value_t*)':
/home/staszek/.platformio/packages/framework-arduinoadafruitnrf52/cores/nRF5/nordic/softdevice/s140_nrf52_7.3.0_API/include/ble_gatts.h:565:74: warning: unused parameter 'conn_handle' [-Wunused-parameter]
  565 | SVCALL(SD_BLE_GATTS_VALUE_SET, uint32_t, sd_ble_gatts_value_set(uint16_t conn_handle, uint16_t handle, ble_gatts_value_t *p_value));
      |                                                                 ~~~~~~~~~^~~~~~~~~~~
/home/staszek/.platformio/packages/framework-arduinoadafruitnrf52/cores/nRF5/nordic/softdevice/s140_nrf52_7.3.0_API/include/nrf_svc.h:76:22: note: in definition of macro 'SVCALL'
   76 |   static return_type signature                          \
      |                      ^~~~~~~~~
/home/staszek/.platformio/packages/framework-arduinoadafruitnrf52/cores/nRF5/nordic/softdevice/s140_nrf52_7.3.0_API/include/ble_gatts.h:565:96: warning: unused parameter 'handle' [-Wunused-parameter]
  565 | SVCALL(SD_BLE_GATTS_VALUE_SET, uint32_t, sd_ble_gatts_value_set(uint16_t conn_handle, uint16_t handle, ble_gatts_value_t *p_value));
      |                                                                                       ~~~~~~~~~^~~~~~
/home/staszek/.platformio/packages/framework-arduinoadafruitnrf52/cores/nRF5/nordic/softdevice/s140_nrf52_7.3.0_API/include/nrf_svc.h:76:22: note: in definition of macro 'SVCALL'
   76 |   static return_type signature                          \
      |                      ^~~~~~~~~
/home/staszek/.platformio/packages/framework-arduinoadafruitnrf52/cores/nRF5/nordic/softdevice/s140_nrf52_7.3.0_API/include/ble_gatts.h:565:123: warning: unused parameter 'p_value' [-Wunused-parameter]
  565 | SVCALL(SD_BLE_GATTS_VALUE_SET, uint32_t, sd_ble_gatts_value_set(uint16_t conn_handle, uint16_t handle, ble_gatts_value_t *p_value));
      |                                                                                                        ~~~~~~~~~~~~~~~~~~~^~~~~~~
/home/staszek/.platformio/packages/framework-arduinoadafruitnrf52/cores/nRF5/nordic/softdevice/s140_nrf52_7.3.0_API/include/nrf_svc.h:76:22: note: in definition of macro 'SVCALL'
   76 |   static return_type signature                          \
      |                      ^~~~~~~~~
/home/staszek/.platformio/packages/framework-arduinoadafruitnrf52/cores/nRF5/nordic/softdevice/s140_nrf52_7.3.0_API/include/ble_gatts.h: In function 'uint32_t sd_ble_gatts_value_get(uint16_t, uint16_t, ble_gatts_value_t*)':
/home/staszek/.platformio/packages/framework-arduinoadafruitnrf52/cores/nRF5/nordic/softdevice/s140_nrf52_7.3.0_API/include/ble_gatts.h:589:74: warning: unused parameter 'conn_handle' [-Wunused-parameter]
  589 | SVCALL(SD_BLE_GATTS_VALUE_GET, uint32_t, sd_ble_gatts_value_get(uint16_t conn_handle, uint16_t handle, ble_gatts_value_t *p_value));
      |                                                                 ~~~~~~~~~^~~~~~~~~~~
/home/staszek/.platformio/packages/framework-arduinoadafruitnrf52/cores/nRF5/nordic/softdevice/s140_nrf52_7.3.0_API/include/nrf_svc.h:76:22: note: in definition of macro 'SVCALL'
   76 |   static return_type signature                          \
      |                      ^~~~~~~~~
/home/staszek/.platformio/packages/framework-arduinoadafruitnrf52/cores/nRF5/nordic/softdevice/s140_nrf52_7.3.0_API/include/ble_gatts.h:589:96: warning: unused parameter 'handle' [-Wunused-parameter]
  589 | SVCALL(SD_BLE_GATTS_VALUE_GET, uint32_t, sd_ble_gatts_value_get(uint16_t conn_handle, uint16_t handle, ble_gatts_value_t *p_value));
      |                                                                                       ~~~~~~~~~^~~~~~
/home/staszek/.platformio/packages/framework-arduinoadafruitnrf52/cores/nRF5/nordic/softdevice/s140_nrf52_7.3.0_API/include/nrf_svc.h:76:22: note: in definition of macro 'SVCALL'
   76 |   static return_type signature                          \
      |                      ^~~~~~~~~
/home/staszek/.platformio/packages/framework-arduinoadafruitnrf52/cores/nRF5/nordic/softdevice/s140_nrf52_7.3.0_API/include/ble_gatts.h:589:123: warning: unused parameter 'p_value' [-Wunused-parameter]
  589 | SVCALL(SD_BLE_GATTS_VALUE_GET, uint32_t, sd_ble_gatts_value_get(uint16_t conn_handle, uint16_t handle, ble_gatts_value_t *p_value));
      |                                                                                                        ~~~~~~~~~~~~~~~~~~~^~~~~~~
/home/staszek/.platformio/packages/framework-arduinoadafruitnrf52/cores/nRF5/nordic/softdevice/s140_nrf52_7.3.0_API/include/nrf_svc.h:76:22: note: in definition of macro 'SVCALL'
   76 |   static return_type signature                          \
      |                      ^~~~~~~~~
/home/staszek/.platformio/packages/framework-arduinoadafruitnrf52/cores/nRF5/nordic/softdevice/s140_nrf52_7.3.0_API/include/ble_gatts.h: In function 'uint32_t sd_ble_gatts_hvx(uint16_t, const ble_gatts_hvx_params_t*)':
/home/staszek/.platformio/packages/framework-arduinoadafruitnrf52/cores/nRF5/nordic/softdevice/s140_nrf52_7.3.0_API/include/ble_gatts.h:654:62: warning: unused parameter 'conn_handle' [-Wunused-parameter]
  654 | SVCALL(SD_BLE_GATTS_HVX, uint32_t, sd_ble_gatts_hvx(uint16_t conn_handle, ble_gatts_hvx_params_t const *p_hvx_params));
      |                                                     ~~~~~~~~~^~~~~~~~~~~
/home/staszek/.platformio/packages/framework-arduinoadafruitnrf52/cores/nRF5/nordic/softdevice/s140_nrf52_7.3.0_API/include/nrf_svc.h:76:22: note: in definition of macro 'SVCALL'
   76 |   static return_type signature                          \
      |                      ^~~~~~~~~
/home/staszek/.platformio/packages/framework-arduinoadafruitnrf52/cores/nRF5/nordic/softdevice/s140_nrf52_7.3.0_API/include/ble_gatts.h:654:105: warning: unused parameter 'p_hvx_params' [-Wunused-parameter]
  654 | SVCALL(SD_BLE_GATTS_HVX, uint32_t, sd_ble_gatts_hvx(uint16_t conn_handle, ble_gatts_hvx_params_t const *p_hvx_params));
      |                                                                           ~~~~~~~~~~~~~~~~~~~~~~~~~~~~~~^~~~~~~~~~~~
/home/staszek/.platformio/packages/framework-arduinoadafruitnrf52/cores/nRF5/nordic/softdevice/s140_nrf52_7.3.0_API/include/nrf_svc.h:76:22: note: in definition of macro 'SVCALL'
   76 |   static return_type signature                          \
      |                      ^~~~~~~~~
/home/staszek/.platformio/packages/framework-arduinoadafruitnrf52/cores/nRF5/nordic/softdevice/s140_nrf52_7.3.0_API/include/ble_gatts.h: In function 'uint32_t sd_ble_gatts_service_changed(uint16_t, uint16_t, uint16_t)':
/home/staszek/.platformio/packages/framework-arduinoadafruitnrf52/cores/nRF5/nordic/softdevice/s140_nrf52_7.3.0_API/include/ble_gatts.h:690:86: warning: unused parameter 'conn_handle' [-Wunused-parameter]
  690 | SVCALL(SD_BLE_GATTS_SERVICE_CHANGED, uint32_t, sd_ble_gatts_service_changed(uint16_t conn_handle, uint16_t start_handle, uint16_t end_handle));
      |                                                                             ~~~~~~~~~^~~~~~~~~~~
/home/staszek/.platformio/packages/framework-arduinoadafruitnrf52/cores/nRF5/nordic/softdevice/s140_nrf52_7.3.0_API/include/nrf_svc.h:76:22: note: in definition of macro 'SVCALL'
   76 |   static return_type signature                          \
      |                      ^~~~~~~~~
/home/staszek/.platformio/packages/framework-arduinoadafruitnrf52/cores/nRF5/nordic/softdevice/s140_nrf52_7.3.0_API/include/ble_gatts.h:690:108: warning: unused parameter 'start_handle' [-Wunused-parameter]
  690 | SVCALL(SD_BLE_GATTS_SERVICE_CHANGED, uint32_t, sd_ble_gatts_service_changed(uint16_t conn_handle, uint16_t start_handle, uint16_t end_handle));
      |                                                                                                   ~~~~~~~~~^~~~~~~~~~~~
/home/staszek/.platformio/packages/framework-arduinoadafruitnrf52/cores/nRF5/nordic/softdevice/s140_nrf52_7.3.0_API/include/nrf_svc.h:76:22: note: in definition of macro 'SVCALL'
   76 |   static return_type signature                          \
      |                      ^~~~~~~~~
/home/staszek/.platformio/packages/framework-arduinoadafruitnrf52/cores/nRF5/nordic/softdevice/s140_nrf52_7.3.0_API/include/ble_gatts.h:690:131: warning: unused parameter 'end_handle' [-Wunused-parameter]
  690 | SVCALL(SD_BLE_GATTS_SERVICE_CHANGED, uint32_t, sd_ble_gatts_service_changed(uint16_t conn_handle, uint16_t start_handle, uint16_t end_handle));
      |                                                                                                                          ~~~~~~~~~^~~~~~~~~~
/home/staszek/.platformio/packages/framework-arduinoadafruitnrf52/cores/nRF5/nordic/softdevice/s140_nrf52_7.3.0_API/include/nrf_svc.h:76:22: note: in definition of macro 'SVCALL'
   76 |   static return_type signature                          \
      |                      ^~~~~~~~~
/home/staszek/.platformio/packages/framework-arduinoadafruitnrf52/cores/nRF5/nordic/softdevice/s140_nrf52_7.3.0_API/include/ble_gatts.h: In function 'uint32_t sd_ble_gatts_rw_authorize_reply(uint16_t, const ble_gatts_rw_authorize_reply_params_t*)':
/home/staszek/.platformio/packages/framework-arduinoadafruitnrf52/cores/nRF5/nordic/softdevice/s140_nrf52_7.3.0_API/include/ble_gatts.h:723:92: warning: unused parameter 'conn_handle' [-Wunused-parameter]
  723 | SVCALL(SD_BLE_GATTS_RW_AUTHORIZE_REPLY, uint32_t, sd_ble_gatts_rw_authorize_reply(uint16_t conn_handle, ble_gatts_rw_authorize_reply_params_t const *p_rw_authorize_reply_params));
      |                                                                                   ~~~~~~~~~^~~~~~~~~~~
/home/staszek/.platformio/packages/framework-arduinoadafruitnrf52/cores/nRF5/nordic/softdevice/s140_nrf52_7.3.0_API/include/nrf_svc.h:76:22: note: in definition of macro 'SVCALL'
   76 |   static return_type signature                          \
      |                      ^~~~~~~~~
/home/staszek/.platformio/packages/framework-arduinoadafruitnrf52/cores/nRF5/nordic/softdevice/s140_nrf52_7.3.0_API/include/ble_gatts.h:723:150: warning: unused parameter 'p_rw_authorize_reply_params' [-Wunused-parameter]
  723 | SVCALL(SD_BLE_GATTS_RW_AUTHORIZE_REPLY, uint32_t, sd_ble_gatts_rw_authorize_reply(uint16_t conn_handle, ble_gatts_rw_authorize_reply_params_t const *p_rw_authorize_reply_params));
      |                                                                                                         ~~~~~~~~~~~~~~~~~~~~~~~~~~~~~~~~~~~~~~~~~~~~~^~~~~~~~~~~~~~~~~~~~~~~~~~~
/home/staszek/.platformio/packages/framework-arduinoadafruitnrf52/cores/nRF5/nordic/softdevice/s140_nrf52_7.3.0_API/include/nrf_svc.h:76:22: note: in definition of macro 'SVCALL'
   76 |   static return_type signature                          \
      |                      ^~~~~~~~~
/home/staszek/.platformio/packages/framework-arduinoadafruitnrf52/cores/nRF5/nordic/softdevice/s140_nrf52_7.3.0_API/include/ble_gatts.h: In function 'uint32_t sd_ble_gatts_sys_attr_set(uint16_t, const uint8_t*, uint16_t, uint32_t)':
/home/staszek/.platformio/packages/framework-arduinoadafruitnrf52/cores/nRF5/nordic/softdevice/s140_nrf52_7.3.0_API/include/ble_gatts.h:767:80: warning: unused parameter 'conn_handle' [-Wunused-parameter]
  767 | SVCALL(SD_BLE_GATTS_SYS_ATTR_SET, uint32_t, sd_ble_gatts_sys_attr_set(uint16_t conn_handle, uint8_t const *p_sys_attr_data, uint16_t len, uint32_t flags));
      |                                                                       ~~~~~~~~~^~~~~~~~~~~
/home/staszek/.platformio/packages/framework-arduinoadafruitnrf52/cores/nRF5/nordic/softdevice/s140_nrf52_7.3.0_API/include/nrf_svc.h:76:22: note: in definition of macro 'SVCALL'
   76 |   static return_type signature                          \
      |                      ^~~~~~~~~
/home/staszek/.platformio/packages/framework-arduinoadafruitnrf52/cores/nRF5/nordic/softdevice/s140_nrf52_7.3.0_API/include/ble_gatts.h:767:108: warning: unused parameter 'p_sys_attr_data' [-Wunused-parameter]
  767 | SVCALL(SD_BLE_GATTS_SYS_ATTR_SET, uint32_t, sd_ble_gatts_sys_attr_set(uint16_t conn_handle, uint8_t const *p_sys_attr_data, uint16_t len, uint32_t flags));
      |                                                                                             ~~~~~~~~~~~~~~~^~~~~~~~~~~~~~~
/home/staszek/.platformio/packages/framework-arduinoadafruitnrf52/cores/nRF5/nordic/softdevice/s140_nrf52_7.3.0_API/include/nrf_svc.h:76:22: note: in definition of macro 'SVCALL'
   76 |   static return_type signature                          \
      |                      ^~~~~~~~~
/home/staszek/.platformio/packages/framework-arduinoadafruitnrf52/cores/nRF5/nordic/softdevice/s140_nrf52_7.3.0_API/include/ble_gatts.h:767:134: warning: unused parameter 'len' [-Wunused-parameter]
  767 | SVCALL(SD_BLE_GATTS_SYS_ATTR_SET, uint32_t, sd_ble_gatts_sys_attr_set(uint16_t conn_handle, uint8_t const *p_sys_attr_data, uint16_t len, uint32_t flags));
      |                                                                                                                             ~~~~~~~~~^~~
/home/staszek/.platformio/packages/framework-arduinoadafruitnrf52/cores/nRF5/nordic/softdevice/s140_nrf52_7.3.0_API/include/nrf_svc.h:76:22: note: in definition of macro 'SVCALL'
   76 |   static return_type signature                          \
      |                      ^~~~~~~~~
/home/staszek/.platformio/packages/framework-arduinoadafruitnrf52/cores/nRF5/nordic/softdevice/s140_nrf52_7.3.0_API/include/ble_gatts.h:767:148: warning: unused parameter 'flags' [-Wunused-parameter]
  767 | SVCALL(SD_BLE_GATTS_SYS_ATTR_SET, uint32_t, sd_ble_gatts_sys_attr_set(uint16_t conn_handle, uint8_t const *p_sys_attr_data, uint16_t len, uint32_t flags));
      |                                                                                                                                           ~~~~~~~~~^~~~~
/home/staszek/.platformio/packages/framework-arduinoadafruitnrf52/cores/nRF5/nordic/softdevice/s140_nrf52_7.3.0_API/include/nrf_svc.h:76:22: note: in definition of macro 'SVCALL'
   76 |   static return_type signature                          \
      |                      ^~~~~~~~~
/home/staszek/.platformio/packages/framework-arduinoadafruitnrf52/cores/nRF5/nordic/softdevice/s140_nrf52_7.3.0_API/include/ble_gatts.h: In function 'uint32_t sd_ble_gatts_sys_attr_get(uint16_t, uint8_t*, uint16_t*, uint32_t)':
/home/staszek/.platformio/packages/framework-arduinoadafruitnrf52/cores/nRF5/nordic/softdevice/s140_nrf52_7.3.0_API/include/ble_gatts.h:800:80: warning: unused parameter 'conn_handle' [-Wunused-parameter]
  800 | SVCALL(SD_BLE_GATTS_SYS_ATTR_GET, uint32_t, sd_ble_gatts_sys_attr_get(uint16_t conn_handle, uint8_t *p_sys_attr_data, uint16_t *p_len, uint32_t flags));
      |                                                                       ~~~~~~~~~^~~~~~~~~~~
/home/staszek/.platformio/packages/framework-arduinoadafruitnrf52/cores/nRF5/nordic/softdevice/s140_nrf52_7.3.0_API/include/nrf_svc.h:76:22: note: in definition of macro 'SVCALL'
   76 |   static return_type signature                          \
      |                      ^~~~~~~~~
/home/staszek/.platformio/packages/framework-arduinoadafruitnrf52/cores/nRF5/nordic/softdevice/s140_nrf52_7.3.0_API/include/ble_gatts.h:800:102: warning: unused parameter 'p_sys_attr_data' [-Wunused-parameter]
  800 | SVCALL(SD_BLE_GATTS_SYS_ATTR_GET, uint32_t, sd_ble_gatts_sys_attr_get(uint16_t conn_handle, uint8_t *p_sys_attr_data, uint16_t *p_len, uint32_t flags));
      |                                                                                             ~~~~~~~~~^~~~~~~~~~~~~~~
/home/staszek/.platformio/packages/framework-arduinoadafruitnrf52/cores/nRF5/nordic/softdevice/s140_nrf52_7.3.0_API/include/nrf_svc.h:76:22: note: in definition of macro 'SVCALL'
   76 |   static return_type signature                          \
      |                      ^~~~~~~~~
/home/staszek/.platformio/packages/framework-arduinoadafruitnrf52/cores/nRF5/nordic/softdevice/s140_nrf52_7.3.0_API/include/ble_gatts.h:800:129: warning: unused parameter 'p_len' [-Wunused-parameter]
  800 | SVCALL(SD_BLE_GATTS_SYS_ATTR_GET, uint32_t, sd_ble_gatts_sys_attr_get(uint16_t conn_handle, uint8_t *p_sys_attr_data, uint16_t *p_len, uint32_t flags));
      |                                                                                                                       ~~~~~~~~~~^~~~~
/home/staszek/.platformio/packages/framework-arduinoadafruitnrf52/cores/nRF5/nordic/softdevice/s140_nrf52_7.3.0_API/include/nrf_svc.h:76:22: note: in definition of macro 'SVCALL'
   76 |   static return_type signature                          \
      |                      ^~~~~~~~~
/home/staszek/.platformio/packages/framework-arduinoadafruitnrf52/cores/nRF5/nordic/softdevice/s140_nrf52_7.3.0_API/include/ble_gatts.h:800:145: warning: unused parameter 'flags' [-Wunused-parameter]
  800 | SVCALL(SD_BLE_GATTS_SYS_ATTR_GET, uint32_t, sd_ble_gatts_sys_attr_get(uint16_t conn_handle, uint8_t *p_sys_attr_data, uint16_t *p_len, uint32_t flags));
      |                                                                                                                                        ~~~~~~~~~^~~~~
/home/staszek/.platformio/packages/framework-arduinoadafruitnrf52/cores/nRF5/nordic/softdevice/s140_nrf52_7.3.0_API/include/nrf_svc.h:76:22: note: in definition of macro 'SVCALL'
   76 |   static return_type signature                          \
      |                      ^~~~~~~~~
/home/staszek/.platformio/packages/framework-arduinoadafruitnrf52/cores/nRF5/nordic/softdevice/s140_nrf52_7.3.0_API/include/ble_gatts.h: In function 'uint32_t sd_ble_gatts_initial_user_handle_get(uint16_t*)':
/home/staszek/.platformio/packages/framework-arduinoadafruitnrf52/cores/nRF5/nordic/softdevice/s140_nrf52_7.3.0_API/include/ble_gatts.h:810:103: warning: unused parameter 'p_handle' [-Wunused-parameter]
  810 | SVCALL(SD_BLE_GATTS_INITIAL_USER_HANDLE_GET, uint32_t, sd_ble_gatts_initial_user_handle_get(uint16_t *p_handle));
      |                                                                                             ~~~~~~~~~~^~~~~~~~
/home/staszek/.platformio/packages/framework-arduinoadafruitnrf52/cores/nRF5/nordic/softdevice/s140_nrf52_7.3.0_API/include/nrf_svc.h:76:22: note: in definition of macro 'SVCALL'
   76 |   static return_type signature                          \
      |                      ^~~~~~~~~
/home/staszek/.platformio/packages/framework-arduinoadafruitnrf52/cores/nRF5/nordic/softdevice/s140_nrf52_7.3.0_API/include/ble_gatts.h: In function 'uint32_t sd_ble_gatts_attr_get(uint16_t, ble_uuid_t*, ble_gatts_attr_md_t*)':
/home/staszek/.platformio/packages/framework-arduinoadafruitnrf52/cores/nRF5/nordic/softdevice/s140_nrf52_7.3.0_API/include/ble_gatts.h:823:72: warning: unused parameter 'handle' [-Wunused-parameter]
  823 | SVCALL(SD_BLE_GATTS_ATTR_GET, uint32_t, sd_ble_gatts_attr_get(uint16_t handle, ble_uuid_t * p_uuid, ble_gatts_attr_md_t * p_md));
      |                                                               ~~~~~~~~~^~~~~~
/home/staszek/.platformio/packages/framework-arduinoadafruitnrf52/cores/nRF5/nordic/softdevice/s140_nrf52_7.3.0_API/include/nrf_svc.h:76:22: note: in definition of macro 'SVCALL'
   76 |   static return_type signature                          \
      |                      ^~~~~~~~~
/home/staszek/.platformio/packages/framework-arduinoadafruitnrf52/cores/nRF5/nordic/softdevice/s140_nrf52_7.3.0_API/include/ble_gatts.h:823:93: warning: unused parameter 'p_uuid' [-Wunused-parameter]
  823 | SVCALL(SD_BLE_GATTS_ATTR_GET, uint32_t, sd_ble_gatts_attr_get(uint16_t handle, ble_uuid_t * p_uuid, ble_gatts_attr_md_t * p_md));
      |                                                                                ~~~~~~~~~~~~~^~~~~~
/home/staszek/.platformio/packages/framework-arduinoadafruitnrf52/cores/nRF5/nordic/softdevice/s140_nrf52_7.3.0_API/include/nrf_svc.h:76:22: note: in definition of macro 'SVCALL'
   76 |   static return_type signature                          \
      |                      ^~~~~~~~~
/home/staszek/.platformio/packages/framework-arduinoadafruitnrf52/cores/nRF5/nordic/softdevice/s140_nrf52_7.3.0_API/include/ble_gatts.h:823:123: warning: unused parameter 'p_md' [-Wunused-parameter]
  823 | SVCALL(SD_BLE_GATTS_ATTR_GET, uint32_t, sd_ble_gatts_attr_get(uint16_t handle, ble_uuid_t * p_uuid, ble_gatts_attr_md_t * p_md));
      |                                                                                                     ~~~~~~~~~~~~~~~~~~~~~~^~~~
/home/staszek/.platformio/packages/framework-arduinoadafruitnrf52/cores/nRF5/nordic/softdevice/s140_nrf52_7.3.0_API/include/nrf_svc.h:76:22: note: in definition of macro 'SVCALL'
   76 |   static return_type signature                          \
      |                      ^~~~~~~~~
/home/staszek/.platformio/packages/framework-arduinoadafruitnrf52/cores/nRF5/nordic/softdevice/s140_nrf52_7.3.0_API/include/ble_gatts.h: In function 'uint32_t sd_ble_gatts_exchange_mtu_reply(uint16_t, uint16_t)':
/home/staszek/.platformio/packages/framework-arduinoadafruitnrf52/cores/nRF5/nordic/softdevice/s140_nrf52_7.3.0_API/include/ble_gatts.h:853:92: warning: unused parameter 'conn_handle' [-Wunused-parameter]
  853 | SVCALL(SD_BLE_GATTS_EXCHANGE_MTU_REPLY, uint32_t, sd_ble_gatts_exchange_mtu_reply(uint16_t conn_handle, uint16_t server_rx_mtu));
      |                                                                                   ~~~~~~~~~^~~~~~~~~~~
/home/staszek/.platformio/packages/framework-arduinoadafruitnrf52/cores/nRF5/nordic/softdevice/s140_nrf52_7.3.0_API/include/nrf_svc.h:76:22: note: in definition of macro 'SVCALL'
   76 |   static return_type signature                          \
      |                      ^~~~~~~~~
/home/staszek/.platformio/packages/framework-arduinoadafruitnrf52/cores/nRF5/nordic/softdevice/s140_nrf52_7.3.0_API/include/ble_gatts.h:853:114: warning: unused parameter 'server_rx_mtu' [-Wunused-parameter]
  853 | SVCALL(SD_BLE_GATTS_EXCHANGE_MTU_REPLY, uint32_t, sd_ble_gatts_exchange_mtu_reply(uint16_t conn_handle, uint16_t server_rx_mtu));
      |                                                                                                         ~~~~~~~~~^~~~~~~~~~~~~
/home/staszek/.platformio/packages/framework-arduinoadafruitnrf52/cores/nRF5/nordic/softdevice/s140_nrf52_7.3.0_API/include/nrf_svc.h:76:22: note: in definition of macro 'SVCALL'
   76 |   static return_type signature                          \
      |                      ^~~~~~~~~
/home/staszek/.platformio/packages/framework-arduinoadafruitnrf52/cores/nRF5/nordic/softdevice/s140_nrf52_7.3.0_API/include/ble.h: In function 'uint32_t sd_ble_enable(uint32_t*)':
/home/staszek/.platformio/packages/framework-arduinoadafruitnrf52/cores/nRF5/nordic/softdevice/s140_nrf52_7.3.0_API/include/ble.h:434:58: warning: unused parameter 'p_app_ram_base' [-Wunused-parameter]
  434 | SVCALL(SD_BLE_ENABLE, uint32_t, sd_ble_enable(uint32_t * p_app_ram_base));
      |                                               ~~~~~~~~~~~^~~~~~~~~~~~~~
/home/staszek/.platformio/packages/framework-arduinoadafruitnrf52/cores/nRF5/nordic/softdevice/s140_nrf52_7.3.0_API/include/nrf_svc.h:76:22: note: in definition of macro 'SVCALL'
   76 |   static return_type signature                          \
      |                      ^~~~~~~~~
/home/staszek/.platformio/packages/framework-arduinoadafruitnrf52/cores/nRF5/nordic/softdevice/s140_nrf52_7.3.0_API/include/ble.h: In function 'uint32_t sd_ble_cfg_set(uint32_t, const ble_cfg_t*, uint32_t)':
/home/staszek/.platformio/packages/framework-arduinoadafruitnrf52/cores/nRF5/nordic/softdevice/s140_nrf52_7.3.0_API/include/ble.h:470:58: warning: unused parameter 'cfg_id' [-Wunused-parameter]
  470 | SVCALL(SD_BLE_CFG_SET, uint32_t, sd_ble_cfg_set(uint32_t cfg_id, ble_cfg_t const * p_cfg, uint32_t app_ram_base));
      |                                                 ~~~~~~~~~^~~~~~
/home/staszek/.platformio/packages/framework-arduinoadafruitnrf52/cores/nRF5/nordic/softdevice/s140_nrf52_7.3.0_API/include/nrf_svc.h:76:22: note: in definition of macro 'SVCALL'
   76 |   static return_type signature                          \
      |                      ^~~~~~~~~
/home/staszek/.platformio/packages/framework-arduinoadafruitnrf52/cores/nRF5/nordic/softdevice/s140_nrf52_7.3.0_API/include/ble.h:470:84: warning: unused parameter 'p_cfg' [-Wunused-parameter]
  470 | SVCALL(SD_BLE_CFG_SET, uint32_t, sd_ble_cfg_set(uint32_t cfg_id, ble_cfg_t const * p_cfg, uint32_t app_ram_base));
      |                                                                  ~~~~~~~~~~~~~~~~~~^~~~~
/home/staszek/.platformio/packages/framework-arduinoadafruitnrf52/cores/nRF5/nordic/softdevice/s140_nrf52_7.3.0_API/include/nrf_svc.h:76:22: note: in definition of macro 'SVCALL'
   76 |   static return_type signature                          \
      |                      ^~~~~~~~~
/home/staszek/.platformio/packages/framework-arduinoadafruitnrf52/cores/nRF5/nordic/softdevice/s140_nrf52_7.3.0_API/include/ble.h:470:100: warning: unused parameter 'app_ram_base' [-Wunused-parameter]
  470 | SVCALL(SD_BLE_CFG_SET, uint32_t, sd_ble_cfg_set(uint32_t cfg_id, ble_cfg_t const * p_cfg, uint32_t app_ram_base));
      |                                                                                           ~~~~~~~~~^~~~~~~~~~~~
/home/staszek/.platformio/packages/framework-arduinoadafruitnrf52/cores/nRF5/nordic/softdevice/s140_nrf52_7.3.0_API/include/nrf_svc.h:76:22: note: in definition of macro 'SVCALL'
   76 |   static return_type signature                          \
      |                      ^~~~~~~~~
/home/staszek/.platformio/packages/framework-arduinoadafruitnrf52/cores/nRF5/nordic/softdevice/s140_nrf52_7.3.0_API/include/ble.h: In function 'uint32_t sd_ble_evt_get(uint8_t*, uint16_t*)':
/home/staszek/.platformio/packages/framework-arduinoadafruitnrf52/cores/nRF5/nordic/softdevice/s140_nrf52_7.3.0_API/include/ble.h:508:58: warning: unused parameter 'p_dest' [-Wunused-parameter]
  508 | SVCALL(SD_BLE_EVT_GET, uint32_t, sd_ble_evt_get(uint8_t *p_dest, uint16_t *p_len));
      |                                                 ~~~~~~~~~^~~~~~
/home/staszek/.platformio/packages/framework-arduinoadafruitnrf52/cores/nRF5/nordic/softdevice/s140_nrf52_7.3.0_API/include/nrf_svc.h:76:22: note: in definition of macro 'SVCALL'
   76 |   static return_type signature                          \
      |                      ^~~~~~~~~
/home/staszek/.platformio/packages/framework-arduinoadafruitnrf52/cores/nRF5/nordic/softdevice/s140_nrf52_7.3.0_API/include/ble.h:508:76: warning: unused parameter 'p_len' [-Wunused-parameter]
  508 | SVCALL(SD_BLE_EVT_GET, uint32_t, sd_ble_evt_get(uint8_t *p_dest, uint16_t *p_len));
      |                                                                  ~~~~~~~~~~^~~~~
/home/staszek/.platformio/packages/framework-arduinoadafruitnrf52/cores/nRF5/nordic/softdevice/s140_nrf52_7.3.0_API/include/nrf_svc.h:76:22: note: in definition of macro 'SVCALL'
   76 |   static return_type signature                          \
      |                      ^~~~~~~~~
/home/staszek/.platformio/packages/framework-arduinoadafruitnrf52/cores/nRF5/nordic/softdevice/s140_nrf52_7.3.0_API/include/ble.h: In function 'uint32_t sd_ble_uuid_vs_add(const ble_uuid128_t*, uint8_t*)':
/home/staszek/.platformio/packages/framework-arduinoadafruitnrf52/cores/nRF5/nordic/softdevice/s140_nrf52_7.3.0_API/include/ble.h:537:78: warning: unused parameter 'p_vs_uuid' [-Wunused-parameter]
  537 | SVCALL(SD_BLE_UUID_VS_ADD, uint32_t, sd_ble_uuid_vs_add(ble_uuid128_t const *p_vs_uuid, uint8_t *p_uuid_type));
      |                                                         ~~~~~~~~~~~~~~~~~~~~~^~~~~~~~~
/home/staszek/.platformio/packages/framework-arduinoadafruitnrf52/cores/nRF5/nordic/softdevice/s140_nrf52_7.3.0_API/include/nrf_svc.h:76:22: note: in definition of macro 'SVCALL'
   76 |   static return_type signature                          \
      |                      ^~~~~~~~~
/home/staszek/.platformio/packages/framework-arduinoadafruitnrf52/cores/nRF5/nordic/softdevice/s140_nrf52_7.3.0_API/include/ble.h:537:98: warning: unused parameter 'p_uuid_type' [-Wunused-parameter]
  537 | SVCALL(SD_BLE_UUID_VS_ADD, uint32_t, sd_ble_uuid_vs_add(ble_uuid128_t const *p_vs_uuid, uint8_t *p_uuid_type));
      |                                                                                         ~~~~~~~~~^~~~~~~~~~~
/home/staszek/.platformio/packages/framework-arduinoadafruitnrf52/cores/nRF5/nordic/softdevice/s140_nrf52_7.3.0_API/include/nrf_svc.h:76:22: note: in definition of macro 'SVCALL'
   76 |   static return_type signature                          \
      |                      ^~~~~~~~~
/home/staszek/.platformio/packages/framework-arduinoadafruitnrf52/cores/nRF5/nordic/softdevice/s140_nrf52_7.3.0_API/include/ble.h: In function 'uint32_t sd_ble_uuid_vs_remove(uint8_t*)':
/home/staszek/.platformio/packages/framework-arduinoadafruitnrf52/cores/nRF5/nordic/softdevice/s140_nrf52_7.3.0_API/include/ble.h:558:72: warning: unused parameter 'p_uuid_type' [-Wunused-parameter]
  558 | SVCALL(SD_BLE_UUID_VS_REMOVE, uint32_t, sd_ble_uuid_vs_remove(uint8_t *p_uuid_type));
      |                                                               ~~~~~~~~~^~~~~~~~~~~
/home/staszek/.platformio/packages/framework-arduinoadafruitnrf52/cores/nRF5/nordic/softdevice/s140_nrf52_7.3.0_API/include/nrf_svc.h:76:22: note: in definition of macro 'SVCALL'
   76 |   static return_type signature                          \
      |                      ^~~~~~~~~
/home/staszek/.platformio/packages/framework-arduinoadafruitnrf52/cores/nRF5/nordic/softdevice/s140_nrf52_7.3.0_API/include/ble.h: In function 'uint32_t sd_ble_uuid_decode(uint8_t, const uint8_t*, ble_uuid_t*)':
/home/staszek/.platformio/packages/framework-arduinoadafruitnrf52/cores/nRF5/nordic/softdevice/s140_nrf52_7.3.0_API/include/ble.h:579:65: warning: unused parameter 'uuid_le_len' [-Wunused-parameter]
  579 | SVCALL(SD_BLE_UUID_DECODE, uint32_t, sd_ble_uuid_decode(uint8_t uuid_le_len, uint8_t const *p_uuid_le, ble_uuid_t *p_uuid));
      |                                                         ~~~~~~~~^~~~~~~~~~~
/home/staszek/.platformio/packages/framework-arduinoadafruitnrf52/cores/nRF5/nordic/softdevice/s140_nrf52_7.3.0_API/include/nrf_svc.h:76:22: note: in definition of macro 'SVCALL'
   76 |   static return_type signature                          \
      |                      ^~~~~~~~~
/home/staszek/.platformio/packages/framework-arduinoadafruitnrf52/cores/nRF5/nordic/softdevice/s140_nrf52_7.3.0_API/include/ble.h:579:93: warning: unused parameter 'p_uuid_le' [-Wunused-parameter]
  579 | SVCALL(SD_BLE_UUID_DECODE, uint32_t, sd_ble_uuid_decode(uint8_t uuid_le_len, uint8_t const *p_uuid_le, ble_uuid_t *p_uuid));
      |                                                                              ~~~~~~~~~~~~~~~^~~~~~~~~
/home/staszek/.platformio/packages/framework-arduinoadafruitnrf52/cores/nRF5/nordic/softdevice/s140_nrf52_7.3.0_API/include/nrf_svc.h:76:22: note: in definition of macro 'SVCALL'
   76 |   static return_type signature                          \
      |                      ^~~~~~~~~
/home/staszek/.platformio/packages/framework-arduinoadafruitnrf52/cores/nRF5/nordic/softdevice/s140_nrf52_7.3.0_API/include/ble.h:579:116: warning: unused parameter 'p_uuid' [-Wunused-parameter]
  579 | SVCALL(SD_BLE_UUID_DECODE, uint32_t, sd_ble_uuid_decode(uint8_t uuid_le_len, uint8_t const *p_uuid_le, ble_uuid_t *p_uuid));
      |                                                                                                        ~~~~~~~~~~~~^~~~~~
/home/staszek/.platformio/packages/framework-arduinoadafruitnrf52/cores/nRF5/nordic/softdevice/s140_nrf52_7.3.0_API/include/nrf_svc.h:76:22: note: in definition of macro 'SVCALL'
   76 |   static return_type signature                          \
      |                      ^~~~~~~~~
/home/staszek/.platformio/packages/framework-arduinoadafruitnrf52/cores/nRF5/nordic/softdevice/s140_nrf52_7.3.0_API/include/ble.h: In function 'uint32_t sd_ble_uuid_encode(const ble_uuid_t*, uint8_t*, uint8_t*)':
/home/staszek/.platformio/packages/framework-arduinoadafruitnrf52/cores/nRF5/nordic/softdevice/s140_nrf52_7.3.0_API/include/ble.h:594:75: warning: unused parameter 'p_uuid' [-Wunused-parameter]
  594 | SVCALL(SD_BLE_UUID_ENCODE, uint32_t, sd_ble_uuid_encode(ble_uuid_t const *p_uuid, uint8_t *p_uuid_le_len, uint8_t *p_uuid_le));
      |                                                         ~~~~~~~~~~~~~~~~~~^~~~~~
/home/staszek/.platformio/packages/framework-arduinoadafruitnrf52/cores/nRF5/nordic/softdevice/s140_nrf52_7.3.0_API/include/nrf_svc.h:76:22: note: in definition of macro 'SVCALL'
   76 |   static return_type signature                          \
      |                      ^~~~~~~~~
/home/staszek/.platformio/packages/framework-arduinoadafruitnrf52/cores/nRF5/nordic/softdevice/s140_nrf52_7.3.0_API/include/ble.h:594:92: warning: unused parameter 'p_uuid_le_len' [-Wunused-parameter]
  594 | SVCALL(SD_BLE_UUID_ENCODE, uint32_t, sd_ble_uuid_encode(ble_uuid_t const *p_uuid, uint8_t *p_uuid_le_len, uint8_t *p_uuid_le));
      |                                                                                   ~~~~~~~~~^~~~~~~~~~~~~
/home/staszek/.platformio/packages/framework-arduinoadafruitnrf52/cores/nRF5/nordic/softdevice/s140_nrf52_7.3.0_API/include/nrf_svc.h:76:22: note: in definition of macro 'SVCALL'
   76 |   static return_type signature                          \
      |                      ^~~~~~~~~
/home/staszek/.platformio/packages/framework-arduinoadafruitnrf52/cores/nRF5/nordic/softdevice/s140_nrf52_7.3.0_API/include/ble.h:594:116: warning: unused parameter 'p_uuid_le' [-Wunused-parameter]
  594 | SVCALL(SD_BLE_UUID_ENCODE, uint32_t, sd_ble_uuid_encode(ble_uuid_t const *p_uuid, uint8_t *p_uuid_le_len, uint8_t *p_uuid_le));
      |                                                                                                           ~~~~~~~~~^~~~~~~~~
/home/staszek/.platformio/packages/framework-arduinoadafruitnrf52/cores/nRF5/nordic/softdevice/s140_nrf52_7.3.0_API/include/nrf_svc.h:76:22: note: in definition of macro 'SVCALL'
   76 |   static return_type signature                          \
      |                      ^~~~~~~~~
/home/staszek/.platformio/packages/framework-arduinoadafruitnrf52/cores/nRF5/nordic/softdevice/s140_nrf52_7.3.0_API/include/ble.h: In function 'uint32_t sd_ble_version_get(ble_version_t*)':
/home/staszek/.platformio/packages/framework-arduinoadafruitnrf52/cores/nRF5/nordic/softdevice/s140_nrf52_7.3.0_API/include/ble.h:607:72: warning: unused parameter 'p_version' [-Wunused-parameter]
  607 | SVCALL(SD_BLE_VERSION_GET, uint32_t, sd_ble_version_get(ble_version_t *p_version));
      |                                                         ~~~~~~~~~~~~~~~^~~~~~~~~
/home/staszek/.platformio/packages/framework-arduinoadafruitnrf52/cores/nRF5/nordic/softdevice/s140_nrf52_7.3.0_API/include/nrf_svc.h:76:22: note: in definition of macro 'SVCALL'
   76 |   static return_type signature                          \
      |                      ^~~~~~~~~
/home/staszek/.platformio/packages/framework-arduinoadafruitnrf52/cores/nRF5/nordic/softdevice/s140_nrf52_7.3.0_API/include/ble.h: In function 'uint32_t sd_ble_user_mem_reply(uint16_t, const ble_user_mem_block_t*)':
/home/staszek/.platformio/packages/framework-arduinoadafruitnrf52/cores/nRF5/nordic/softdevice/s140_nrf52_7.3.0_API/include/ble.h:633:72: warning: unused parameter 'conn_handle' [-Wunused-parameter]
  633 | SVCALL(SD_BLE_USER_MEM_REPLY, uint32_t, sd_ble_user_mem_reply(uint16_t conn_handle, ble_user_mem_block_t const *p_block));
      |                                                               ~~~~~~~~~^~~~~~~~~~~
/home/staszek/.platformio/packages/framework-arduinoadafruitnrf52/cores/nRF5/nordic/softdevice/s140_nrf52_7.3.0_API/include/nrf_svc.h:76:22: note: in definition of macro 'SVCALL'
   76 |   static return_type signature                          \
      |                      ^~~~~~~~~
/home/staszek/.platformio/packages/framework-arduinoadafruitnrf52/cores/nRF5/nordic/softdevice/s140_nrf52_7.3.0_API/include/ble.h:633:113: warning: unused parameter 'p_block' [-Wunused-parameter]
  633 | SVCALL(SD_BLE_USER_MEM_REPLY, uint32_t, sd_ble_user_mem_reply(uint16_t conn_handle, ble_user_mem_block_t const *p_block));
      |                                                                                     ~~~~~~~~~~~~~~~~~~~~~~~~~~~~^~~~~~~
/home/staszek/.platformio/packages/framework-arduinoadafruitnrf52/cores/nRF5/nordic/softdevice/s140_nrf52_7.3.0_API/include/nrf_svc.h:76:22: note: in definition of macro 'SVCALL'
   76 |   static return_type signature                          \
      |                      ^~~~~~~~~
/home/staszek/.platformio/packages/framework-arduinoadafruitnrf52/cores/nRF5/nordic/softdevice/s140_nrf52_7.3.0_API/include/ble.h: In function 'uint32_t sd_ble_opt_set(uint32_t, const ble_opt_t*)':
/home/staszek/.platformio/packages/framework-arduinoadafruitnrf52/cores/nRF5/nordic/softdevice/s140_nrf52_7.3.0_API/include/ble.h:649:58: warning: unused parameter 'opt_id' [-Wunused-parameter]
  649 | SVCALL(SD_BLE_OPT_SET, uint32_t, sd_ble_opt_set(uint32_t opt_id, ble_opt_t const *p_opt));
      |                                                 ~~~~~~~~~^~~~~~
/home/staszek/.platformio/packages/framework-arduinoadafruitnrf52/cores/nRF5/nordic/softdevice/s140_nrf52_7.3.0_API/include/nrf_svc.h:76:22: note: in definition of macro 'SVCALL'
   76 |   static return_type signature                          \
      |                      ^~~~~~~~~
/home/staszek/.platformio/packages/framework-arduinoadafruitnrf52/cores/nRF5/nordic/softdevice/s140_nrf52_7.3.0_API/include/ble.h:649:83: warning: unused parameter 'p_opt' [-Wunused-parameter]
  649 | SVCALL(SD_BLE_OPT_SET, uint32_t, sd_ble_opt_set(uint32_t opt_id, ble_opt_t const *p_opt));
      |                                                                  ~~~~~~~~~~~~~~~~~^~~~~
/home/staszek/.platformio/packages/framework-arduinoadafruitnrf52/cores/nRF5/nordic/softdevice/s140_nrf52_7.3.0_API/include/nrf_svc.h:76:22: note: in definition of macro 'SVCALL'
   76 |   static return_type signature                          \
      |                      ^~~~~~~~~
/home/staszek/.platformio/packages/framework-arduinoadafruitnrf52/cores/nRF5/nordic/softdevice/s140_nrf52_7.3.0_API/include/ble.h: In function 'uint32_t sd_ble_opt_get(uint32_t, ble_opt_t*)':
/home/staszek/.platformio/packages/framework-arduinoadafruitnrf52/cores/nRF5/nordic/softdevice/s140_nrf52_7.3.0_API/include/ble.h:668:58: warning: unused parameter 'opt_id' [-Wunused-parameter]
  668 | SVCALL(SD_BLE_OPT_GET, uint32_t, sd_ble_opt_get(uint32_t opt_id, ble_opt_t *p_opt));
      |                                                 ~~~~~~~~~^~~~~~
/home/staszek/.platformio/packages/framework-arduinoadafruitnrf52/cores/nRF5/nordic/softdevice/s140_nrf52_7.3.0_API/include/nrf_svc.h:76:22: note: in definition of macro 'SVCALL'
   76 |   static return_type signature                          \
      |                      ^~~~~~~~~
/home/staszek/.platformio/packages/framework-arduinoadafruitnrf52/cores/nRF5/nordic/softdevice/s140_nrf52_7.3.0_API/include/ble.h:668:77: warning: unused parameter 'p_opt' [-Wunused-parameter]
  668 | SVCALL(SD_BLE_OPT_GET, uint32_t, sd_ble_opt_get(uint32_t opt_id, ble_opt_t *p_opt));
      |                                                                  ~~~~~~~~~~~^~~~~
/home/staszek/.platformio/packages/framework-arduinoadafruitnrf52/cores/nRF5/nordic/softdevice/s140_nrf52_7.3.0_API/include/nrf_svc.h:76:22: note: in definition of macro 'SVCALL'
   76 |   static return_type signature                          \
      |                      ^~~~~~~~~
src/device_ble.h: In function 'void mrble::{anonymous}::on_connect(uint16_t)':
src/device_ble.h:209:68: warning: '++' expression of 'volatile'-qualified type is deprecated [-Wvolatile]
  209 | void on_connect(uint16_t h)            { if (g_conn_count < 255) ++g_conn_count; g_conn_handle = h; mrcon.println(F("[ble] connected (pairing required before GATT)")); }
      |                                                                    ^~~~~~~~~~~~
src/device_ble.h: In function 'void mrble::{anonymous}::on_disconnect(uint16_t, uint8_t)':
src/device_ble.h:210:67: warning: '--' expression of 'volatile'-qualified type is deprecated [-Wvolatile]
  210 | void on_disconnect(uint16_t, uint8_t r){ if (g_conn_count > 0)  --g_conn_count; g_conn_handle = BLE_CONN_HANDLE_INVALID; mrcon.print(F("[ble] disconnected reason=0x")); mrcon.println(r, HEX); }
      |                                                                   ^~~~~~~~~~~~
In file included from src/fw_main.cpp:124:
src/device_fault.h: In function 'void mrfault::fault_scratch_reset_after_capture()':
src/device_fault.h:175:110: warning: using value of assignment with 'volatile'-qualified left operand is deprecated [-Wvolatile]
  175 |     g_scratch.had_fault = g_scratch.expected = g_scratch.wdt_fired = g_scratch.canary = g_scratch.watchpoint = 0;
      |                                                                                         ~~~~~~~~~~~~~~~~~~~~~^~~
src/device_fault.h:175:87: warning: using value of assignment with 'volatile'-qualified left operand is deprecated [-Wvolatile]
  175 |     g_scratch.had_fault = g_scratch.expected = g_scratch.wdt_fired = g_scratch.canary = g_scratch.watchpoint = 0;
      |                                                                      ~~~~~~~~~~~~~~~~~^~~~~~~~~~~~~~~~~~~~~~~~~~
src/device_fault.h:175:68: warning: using value of assignment with 'volatile'-qualified left operand is deprecated [-Wvolatile]
  175 |     g_scratch.had_fault = g_scratch.expected = g_scratch.wdt_fired = g_scratch.canary = g_scratch.watchpoint = 0;
      |                                                ~~~~~~~~~~~~~~~~~~~~^~~~~~~~~~~~~~~~~~~~~~~~~~~~~~~~~~~~~~~~~~~~~
src/device_fault.h:175:46: warning: using value of assignment with 'volatile'-qualified left operand is deprecated [-Wvolatile]
  175 |     g_scratch.had_fault = g_scratch.expected = g_scratch.wdt_fired = g_scratch.canary = g_scratch.watchpoint = 0;
      |                           ~~~~~~~~~~~~~~~~~~~^~~~~~~~~~~~~~~~~~~~~~~~~~~~~~~~~~~~~~~~~~~~~~~~~~~~~~~~~~~~~~~~~~~
src/device_fault.h:176:85: warning: using value of assignment with 'volatile'-qualified left operand is deprecated [-Wvolatile]
  176 |     g_scratch.fault_pc = g_scratch.fault_lr = g_scratch.cfsr = g_scratch.fault_addr = 0;
      |                                                                ~~~~~~~~~~~~~~~~~~~~~^~~
src/device_fault.h:176:62: warning: using value of assignment with 'volatile'-qualified left operand is deprecated [-Wvolatile]
  176 |     g_scratch.fault_pc = g_scratch.fault_lr = g_scratch.cfsr = g_scratch.fault_addr = 0;
      |                                               ~~~~~~~~~~~~~~~^~~~~~~~~~~~~~~~~~~~~~~~~~
src/device_fault.h:176:45: warning: using value of assignment with 'volatile'-qualified left operand is deprecated [-Wvolatile]
  176 |     g_scratch.fault_pc = g_scratch.fault_lr = g_scratch.cfsr = g_scratch.fault_addr = 0;
      |                          ~~~~~~~~~~~~~~~~~~~^~~~~~~~~~~~~~~~~~~~~~~~~~~~~~~~~~~~~~~~~~~
src/device_fault.h: At global scope:
src/device_fault.h:77:17: warning: 'void mrfault::MemManage_Handler()' specifies less restrictive attribute than its target 'void mrfault::HardFault_Handler()': 'nothrow' [-Wmissing-attributes]
   77 | extern "C" void MemManage_Handler(void) __attribute__((alias("HardFault_Handler")));
      |                 ^~~~~~~~~~~~~~~~~
src/device_fault.h:73:40: note: 'void mrfault::MemManage_Handler()' target declared here
   73 | extern "C" __attribute__((naked)) void HardFault_Handler(void) {
      |                                        ^~~~~~~~~~~~~~~~~
src/device_fault.h:79:17: warning: 'void mrfault::UsageFault_Handler()' specifies less restrictive attribute than its target 'void mrfault::HardFault_Handler()': 'nothrow' [-Wmissing-attributes]
   79 | extern "C" void UsageFault_Handler(void) __attribute__((alias("HardFault_Handler")));
      |                 ^~~~~~~~~~~~~~~~~~
src/device_fault.h:73:40: note: 'void mrfault::UsageFault_Handler()' target declared here
   73 | extern "C" __attribute__((naked)) void HardFault_Handler(void) {
      |                                        ^~~~~~~~~~~~~~~~~
src/device_fault.h:78:17: warning: 'void mrfault::BusFault_Handler()' specifies less restrictive attribute than its target 'void mrfault::HardFault_Handler()': 'nothrow' [-Wmissing-attributes]
   78 | extern "C" void BusFault_Handler(void)  __attribute__((alias("HardFault_Handler")));
      |                 ^~~~~~~~~~~~~~~~
src/device_fault.h:73:40: note: 'void mrfault::BusFault_Handler()' target declared here
   73 | extern "C" __attribute__((naked)) void HardFault_Handler(void) {
      |                                        ^~~~~~~~~~~~~~~~~
Compiling .pio/build/xiao_mobile/lib664/console/console_binary.cpp.o
Compiling .pio/build/xiao_mobile/lib664/console/console_json.cpp.o
lib/console/console_json.cpp: In member function 'void meshroute::console::JsonBuf::u32(uint32_t)':
lib/console/console_json.cpp:81:74: warning: format '%u' expects argument of type 'unsigned int', but argument 4 has type 'uint32_t' {aka 'long unsigned int'} [-Wformat=]
   81 | void JsonBuf::u32(uint32_t v) { char t[12]; std::snprintf(t, sizeof t, "%u", v); lit(t); }
      |                                                                         ~^   ~
      |                                                                          |   |
      |                                                                          |   uint32_t {aka long unsigned int}
      |                                                                          unsigned int
      |                                                                         %lu
lib/console/console_json.cpp: In function 'void meshroute::console::key_hex32(JsonBuf&, uint32_t)':
lib/console/console_json.cpp:551:50: warning: format '%x' expects argument of type 'unsigned int', but argument 4 has type 'uint32_t' {aka 'long unsigned int'} [-Wformat=]
  551 |     char t[16]; std::snprintf(t, sizeof t, "\"%08x\"", key); j.lit(t);
      |                                               ~~~^     ~~~
      |                                                  |     |
      |                                                  |     uint32_t {aka long unsigned int}
      |                                                  unsigned int
      |                                               %08lx
Compiling .pio/build/xiao_mobile/lib664/console/console_parse.cpp.o
Compiling .pio/build/xiao_mobile/lib6da/core/node.cpp.o
In member function 'void meshroute::Node::set_window_anchors(uint8_t)',
    inlined from 'bool meshroute::Node::on_init(const meshroute::NodeConfig&)' at lib/core/node.cpp:666:27:
lib/core/node.cpp:1159:28: warning: array subscript 1 is above array bounds of 'meshroute::Node::LayerRuntime [1]' [-Warray-bounds]
 1159 |     _layers[1 - active_leaf]._next_open_ms = now + to_boundary;    // the other opens at the ABSOLUTE grid boundary (slip-robust)
      |     ~~~~~~~~~~~~~~~~~~~~~~~^
In file included from lib/core/node.cpp:14:
lib/core/node.h: In member function 'bool meshroute::Node::on_init(const meshroute::NodeConfig&)':
lib/core/node.h:4027:19: note: while referencing 'meshroute::Node::_layers'
 4027 |     LayerRuntime  _layers[MR_N_LAYERS];
      |                   ^~~~~~~
Compiling .pio/build/xiao_mobile/lib6da/core/node_beacon.cpp.o
lib/core/node_beacon.cpp: In static member function 'static void meshroute::Node::emit_rt_update(meshroute::Hal&, uint8_t, uint8_t, int16_t, uint8_t, const char*)':
lib/core/node_beacon.cpp:43:32: warning: unused parameter 'hal' [-Wunused-parameter]
   43 | void Node::emit_rt_update(Hal& hal, uint8_t dest, uint8_t next,int16_t score_q4, uint8_t hops, const char* slot) {
      |                           ~~~~~^~~
lib/core/node_beacon.cpp:43:45: warning: unused parameter 'dest' [-Wunused-parameter]
   43 | void Node::emit_rt_update(Hal& hal, uint8_t dest, uint8_t next,int16_t score_q4, uint8_t hops, const char* slot) {
      |                                     ~~~~~~~~^~~~
lib/core/node_beacon.cpp:43:59: warning: unused parameter 'next' [-Wunused-parameter]
   43 | void Node::emit_rt_update(Hal& hal, uint8_t dest, uint8_t next,int16_t score_q4, uint8_t hops, const char* slot) {
      |                                                   ~~~~~~~~^~~~
lib/core/node_beacon.cpp:43:72: warning: unused parameter 'score_q4' [-Wunused-parameter]
   43 | void Node::emit_rt_update(Hal& hal, uint8_t dest, uint8_t next,int16_t score_q4, uint8_t hops, const char* slot) {
      |                                                                ~~~~~~~~^~~~~~~~
lib/core/node_beacon.cpp:43:90: warning: unused parameter 'hops' [-Wunused-parameter]
   43 | void Node::emit_rt_update(Hal& hal, uint8_t dest, uint8_t next,int16_t score_q4, uint8_t hops, const char* slot) {
      |                                                                                  ~~~~~~~~^~~~
lib/core/node_beacon.cpp:43:108: warning: unused parameter 'slot' [-Wunused-parameter]
   43 | void Node::emit_rt_update(Hal& hal, uint8_t dest, uint8_t next,int16_t score_q4, uint8_t hops, const char* slot) {
      |                                                                                                ~~~~~~~~~~~~^~~~
Compiling .pio/build/xiao_mobile/lib6da/core/node_budget.cpp.o
Compiling .pio/build/xiao_mobile/lib6da/core/node_cascade.cpp.o
lib/core/node_cascade.cpp: In member function 'bool meshroute::Node::gateway_deadline_expired(uint64_t, uint64_t, uint8_t, uint8_t, uint16_t)':
lib/core/node_cascade.cpp:435:45: warning: unused parameter 'origin' [-Wunused-parameter]
  435 |                                     uint8_t origin, uint8_t dst, uint16_t ctr) {
      |                                     ~~~~~~~~^~~~~~
lib/core/node_cascade.cpp:435:61: warning: unused parameter 'dst' [-Wunused-parameter]
  435 |                                     uint8_t origin, uint8_t dst, uint16_t ctr) {
      |                                                     ~~~~~~~~^~~
lib/core/node_cascade.cpp:435:75: warning: unused parameter 'ctr' [-Wunused-parameter]
  435 |                                     uint8_t origin, uint8_t dst, uint16_t ctr) {
      |                                                                  ~~~~~~~~~^~~
lib/core/node_cascade.cpp: In member function 'void meshroute::Node::try_cascade_requeue(const meshroute::PendingTx&, meshroute::CustodyRootStage, const char*, bool)':
lib/core/node_cascade.cpp:684:89: warning: unused parameter 'giveup_event' [-Wunused-parameter]
  684 | void Node::try_cascade_requeue(const PendingTx& pt, CustodyRootStage stage, const char* giveup_event,
      |                                                                             ~~~~~~~~~~~~^~~~~~~~~~~~
Compiling .pio/build/xiao_mobile/lib6da/core/node_channel.cpp.o
Compiling .pio/build/xiao_mobile/lib6da/core/node_hashlocate.cpp.o
Compiling .pio/build/xiao_mobile/lib6da/core/node_join.cpp.o
lib/core/node_join.cpp: In member function 'void meshroute::Node::mobile_offer_admission_rejected(TxAdmission)':
lib/core/node_join.cpp:1103:56: warning: unused parameter 'why' [-Wunused-parameter]
 1103 | void Node::mobile_offer_admission_rejected(TxAdmission why) {
      |                                            ~~~~~~~~~~~~^~~
Compiling .pio/build/xiao_mobile/lib6da/core/node_mac.cpp.o
Compiling .pio/build/xiao_mobile/lib6da/core/node_mac_rx.cpp.o
In file included from /home/staszek/.platformio/packages/toolchain-gccarmnoneeabi/arm-none-eabi/include/c++/12.3.1/map:60,
                 from lib/core/node.h:28,
                 from lib/core/node_mac_rx.cpp:11:
/home/staszek/.platformio/packages/toolchain-gccarmnoneeabi/arm-none-eabi/include/c++/12.3.1/bits/stl_tree.h: In function 'std::_Rb_tree<_Key, _Val, _KeyOfValue, _Compare, _Alloc>::iterator std::_Rb_tree<_Key, _Val, _KeyOfValue, _Compare, _Alloc>::_M_emplace_hint_unique(const_iterator, _Args&& ...) [with _Args = {const std::piecewise_construct_t&, std::tuple<const long long unsigned int&>, std::tuple<>}; _Key = long long unsigned int; _Val = std::pair<const long long unsigned int, long long unsigned int>; _KeyOfValue = std::_Select1st<std::pair<const long long unsigned int, long long unsigned int> >; _Compare = std::less<long long unsigned int>; _Alloc = std::allocator<std::pair<const long long unsigned int, long long unsigned int> >]':
/home/staszek/.platformio/packages/toolchain-gccarmnoneeabi/arm-none-eabi/include/c++/12.3.1/bits/stl_tree.h:2459:7: note: parameter passing for argument of type 'std::_Rb_tree<long long unsigned int, std::pair<const long long unsigned int, long long unsigned int>, std::_Select1st<std::pair<const long long unsigned int, long long unsigned int> >, std::less<long long unsigned int>, std::allocator<std::pair<const long long unsigned int, long long unsigned int> > >::const_iterator' changed in GCC 7.1
 2459 |       _Rb_tree<_Key, _Val, _KeyOfValue, _Compare, _Alloc>::
      |       ^~~~~~~~~~~~~~~~~~~~~~~~~~~~~~~~~~~~~~~~~~~~~~~~~~~
In file included from /home/staszek/.platformio/packages/toolchain-gccarmnoneeabi/arm-none-eabi/include/c++/12.3.1/map:61:
In member function 'std::map<_Key, _Tp, _Compare, _Alloc>::mapped_type& std::map<_Key, _Tp, _Compare, _Alloc>::operator[](const key_type&) [with _Key = long long unsigned int; _Tp = long long unsigned int; _Compare = std::less<long long unsigned int>; _Alloc = std::allocator<std::pair<const long long unsigned int, long long unsigned int> >]',
    inlined from 'void meshroute::Node::_ZN9meshroute4Node24seed_seen_origin_on_leafEhhht.part.0(uint8_t, uint8_t, uint8_t, uint16_t)' at lib/core/node_mac_rx.cpp:2951:38:
/home/staszek/.platformio/packages/toolchain-gccarmnoneeabi/arm-none-eabi/include/c++/12.3.1/bits/stl_map.h:511:44: note: parameter passing for argument of type 'std::_Rb_tree<long long unsigned int, std::pair<const long long unsigned int, long long unsigned int>, std::_Select1st<std::pair<const long long unsigned int, long long unsigned int> >, std::less<long long unsigned int>, std::allocator<std::pair<const long long unsigned int, long long unsigned int> > >::const_iterator' changed in GCC 7.1
  511 |           __i = _M_t._M_emplace_hint_unique(__i, std::piecewise_construct,
      |                 ~~~~~~~~~~~~~~~~~~~~~~~~~~~^~~~~~~~~~~~~~~~~~~~~~~~~~~~~~~
  512 |                                             std::tuple<const key_type&>(__k),
      |                                             ~~~~~~~~~~~~~~~~~~~~~~~~~~~~~~~~~
  513 |                                             std::tuple<>());
      |                                             ~~~~~~~~~~~~~~~
In member function 'std::map<_Key, _Tp, _Compare, _Alloc>::mapped_type& std::map<_Key, _Tp, _Compare, _Alloc>::operator[](const key_type&) [with _Key = long long unsigned int; _Tp = long long unsigned int; _Compare = std::less<long long unsigned int>; _Alloc = std::allocator<std::pair<const long long unsigned int, long long unsigned int> >]',
    inlined from 'void meshroute::Node::record_seen_origin(uint64_t, uint8_t, uint64_t)' at lib/core/node_mac_rx.cpp:1017:33:
/home/staszek/.platformio/packages/toolchain-gccarmnoneeabi/arm-none-eabi/include/c++/12.3.1/bits/stl_map.h:511:44: note: parameter passing for argument of type 'std::_Rb_tree<long long unsigned int, std::pair<const long long unsigned int, long long unsigned int>, std::_Select1st<std::pair<const long long unsigned int, long long unsigned int> >, std::less<long long unsigned int>, std::allocator<std::pair<const long long unsigned int, long long unsigned int> > >::const_iterator' changed in GCC 7.1
  511 |           __i = _M_t._M_emplace_hint_unique(__i, std::piecewise_construct,
      |                 ~~~~~~~~~~~~~~~~~~~~~~~~~~~^~~~~~~~~~~~~~~~~~~~~~~~~~~~~~~
  512 |                                             std::tuple<const key_type&>(__k),
      |                                             ~~~~~~~~~~~~~~~~~~~~~~~~~~~~~~~~~
  513 |                                             std::tuple<>());
      |                                             ~~~~~~~~~~~~~~~
Compiling .pio/build/xiao_mobile/lib6da/core/node_mobile.cpp.o
lib/core/node_mobile.cpp: In member function 'void meshroute::Node::mobile_admission_rejected(TxAdmission, const char*)':
lib/core/node_mobile.cpp:147:67: warning: unused parameter 'site' [-Wunused-parameter]
  147 | void Node::mobile_admission_rejected(TxAdmission why, const char* site) {
      |                                                       ~~~~~~~~~~~~^~~~
lib/core/node_mobile.cpp: In member function 'void meshroute::Node::presence_claim_unconfirmed(const char*)':
lib/core/node_mobile.cpp:411:51: warning: unused parameter 'why' [-Wunused-parameter]
  411 | void Node::presence_claim_unconfirmed(const char* why) {
      |                                       ~~~~~~~~~~~~^~~
Compiling .pio/build/xiao_mobile/lib6da/core/node_query.cpp.o
Compiling .pio/build/xiao_mobile/lib6da/core/node_route_discovery.cpp.o
Compiling .pio/build/xiao_mobile/lib6da/core/node_routing.cpp.o
lib/core/node_routing.cpp: In member function 'void meshroute::Node::record_peer_rts_timeout(uint8_t, uint8_t, bool)':
lib/core/node_routing.cpp:748:61: warning: unused parameter 'ctr_lo' [-Wunused-parameter]
  748 | void Node::record_peer_rts_timeout(uint8_t node_id, uint8_t ctr_lo, bool team_plane) {
      |                                                     ~~~~~~~~^~~~~~
Compiling .pio/build/xiao_mobile/lib6da/core/remote_client.cpp.o
Archiving .pio/build/xiao_mobile/lib6da/libcore.a
Indexing .pio/build/xiao_mobile/lib6da/libcore.a
Linking .pio/build/xiao_mobile/firmware.elf
/home/staszek/.platformio/packages/toolchain-gccarmnoneeabi/bin/../lib/gcc/arm-none-eabi/12.3.1/../../../../arm-none-eabi/bin/ld: /home/staszek/.platformio/packages/toolchain-gccarmnoneeabi/bin/../lib/gcc/arm-none-eabi/12.3.1/../../../../arm-none-eabi/lib/thumb/v7e-m+fp/hard/libc_nano.a(libc_a-closer.o): in function `_close_r':
(.text._close_r+0xc): warning: _close is not implemented and will always fail
/home/staszek/.platformio/packages/toolchain-gccarmnoneeabi/bin/../lib/gcc/arm-none-eabi/12.3.1/../../../../arm-none-eabi/bin/ld: /home/staszek/.platformio/packages/toolchain-gccarmnoneeabi/bin/../lib/gcc/arm-none-eabi/12.3.1/../../../../arm-none-eabi/lib/thumb/v7e-m+fp/hard/libc_nano.a(libc_a-fstatr.o): in function `_fstat_r':
(.text._fstat_r+0xe): warning: _fstat is not implemented and will always fail
/home/staszek/.platformio/packages/toolchain-gccarmnoneeabi/bin/../lib/gcc/arm-none-eabi/12.3.1/../../../../arm-none-eabi/bin/ld: /home/staszek/.platformio/packages/toolchain-gccarmnoneeabi/bin/../lib/gcc/arm-none-eabi/12.3.1/../../../../arm-none-eabi/lib/thumb/v7e-m+fp/hard/libc_nano.a(libc_a-signalr.o): in function `_getpid_r':
(.text._getpid_r+0x0): warning: _getpid is not implemented and will always fail
/home/staszek/.platformio/packages/toolchain-gccarmnoneeabi/bin/../lib/gcc/arm-none-eabi/12.3.1/../../../../arm-none-eabi/bin/ld: /home/staszek/.platformio/packages/toolchain-gccarmnoneeabi/bin/../lib/gcc/arm-none-eabi/12.3.1/../../../../arm-none-eabi/lib/thumb/v7e-m+fp/hard/libc_nano.a(libc_a-isattyr.o): in function `_isatty_r':
(.text._isatty_r+0xc): warning: _isatty is not implemented and will always fail
/home/staszek/.platformio/packages/toolchain-gccarmnoneeabi/bin/../lib/gcc/arm-none-eabi/12.3.1/../../../../arm-none-eabi/bin/ld: /home/staszek/.platformio/packages/toolchain-gccarmnoneeabi/bin/../lib/gcc/arm-none-eabi/12.3.1/../../../../arm-none-eabi/lib/thumb/v7e-m+fp/hard/libc_nano.a(libc_a-signalr.o): in function `_kill_r':
(.text._kill_r+0xe): warning: _kill is not implemented and will always fail
/home/staszek/.platformio/packages/toolchain-gccarmnoneeabi/bin/../lib/gcc/arm-none-eabi/12.3.1/../../../../arm-none-eabi/bin/ld: /home/staszek/.platformio/packages/toolchain-gccarmnoneeabi/bin/../lib/gcc/arm-none-eabi/12.3.1/../../../../arm-none-eabi/lib/thumb/v7e-m+fp/hard/libc_nano.a(libc_a-lseekr.o): in function `_lseek_r':
(.text._lseek_r+0x10): warning: _lseek is not implemented and will always fail
/home/staszek/.platformio/packages/toolchain-gccarmnoneeabi/bin/../lib/gcc/arm-none-eabi/12.3.1/../../../../arm-none-eabi/bin/ld: /home/staszek/.platformio/packages/toolchain-gccarmnoneeabi/bin/../lib/gcc/arm-none-eabi/12.3.1/../../../../arm-none-eabi/lib/thumb/v7e-m+fp/hard/libc_nano.a(libc_a-readr.o): in function `_read_r':
(.text._read_r+0x10): warning: _read is not implemented and will always fail
Building .pio/build/xiao_mobile/firmware.hex
make_uf2([".pio/build/xiao_mobile/firmware.hex"], [".pio/build/xiao_mobile/firmware.elf"])
"/home/staszek/.platformio/penv/bin/python" "/home/staszek/.platformio/packages/framework-arduinoadafruitnrf52/tools/uf2conv/uf2conv.py" -c -f 0xADA52840 -o "/tmp/mr-s8ac-r4-b1edsao2/board-gate/.pio/build/xiao_mobile/firmware.uf2" "/tmp/mr-s8ac-r4-b1edsao2/board-gate/.pio/build/xiao_mobile/firmware.hex"
Converting to uf2, output size: 1394176, start address: 0x27000
Wrote 1394176 bytes to /tmp/mr-s8ac-r4-b1edsao2/board-gate/.pio/build/xiao_mobile/firmware.uf2.
uf2_postbuild: wrote /tmp/mr-s8ac-r4-b1edsao2/board-gate/.pio/build/xiao_mobile/firmware.uf2 — double-tap RESET, then drag this onto the XIAO-SENSE drive
Building .pio/build/xiao_mobile/firmware.zip
Zip created at .pio/build/xiao_mobile/firmware.zip
Checking size .pio/build/xiao_mobile/firmware.elf
Advanced Memory Usage is available via "PlatformIO Home > Project Inspect"
RAM:   [=======   ]  75.0% (used 176604 bytes from 235520 bytes)
Flash: [========= ]  85.9% (used 696940 bytes from 811008 bytes)
========================= [SUCCESS] Took 46.42 seconds =========================

Environment    Status    Duration
-------------  --------  ------------
xiao_mobile    SUCCESS   00:00:46.417
========================= 1 succeeded in 00:00:46.417 =========================
