================================================================================================
== ARM: accept  (independently compiled; own defines, own objects, own outputs)
================================================================================================
== §CUSTODY-D inbox-verb wiring probe (real dispatch() + real handle_clear_inbox, host-linked) ==
executor symbol ownership: accept PASS
== §CUSTODY-D inbox-verb wiring probe (REAL dispatch() + REAL handle_clear_inbox, host-linked) ==
  ok   W1  dispatch() OWNS `clear_inbox` (the router reaches the verb at all)
  ok   W1b ...and routed it to NO other verb's handler (saw '')
  ok   W2  bare `clear_inbox` answers EXACTLY the needs_confirm line [{"ack":"clear_inbox","result":"needs_confirm"}
]
  ok   W2b ...and NEITHER store was wiped (dm=0 ch=0)
  ok   W2c ...and the clear was not even ENTERED (no high-water persist ran)
  ok   W2d ...and every record is still there (dm=3 ch=2)
  ok   W3  `clear_inbox confirm extra` (a SECOND token) -> needs_confirm, INERT
  ok   W3  `clear_inbox confirmation` (a longer word starting with it) -> needs_confirm, INERT
  ok   W3  `clear_inbox confirmX` (trailing junk) -> needs_confirm, INERT
  ok   W3  `clear_inbox confirm ` (a trailing space) -> needs_confirm, INERT
  ok   W3  `clear_inbox CONFIRM` (the wrong case) -> needs_confirm, INERT
  ok   W3  `clear_inbox yes` (a different word) -> needs_confirm, INERT
  ok   W3  `clear_inbox   ` (spaces only) -> needs_confirm, INERT
  ok   W4  dispatch() owns `clear_inbox confirm`
  ok   W4b ...and the ack is EXACTLY the cleared line [{"ack":"clear_inbox","result":"cleared","epoch":2,"dm_seq":3,"chan_seq":2}
]
  ok   W4c ...both stores wiped exactly once (dm=1 ch=1)
  ok   W4d ...and both are empty afterwards
  ok   W4e ...the high-water was persisted BEFORE the erase (both stores)
  ok   W4f ...and both read cursors are reset
  ok   W4g ...and no other verb's handler ran (saw '')
  ok   W4h ...and the PRODUCTION g_inbox_dm/g_inbox_ch stores were not touched (0)
  ok   W5  a DM-store failure answers EXACTLY the io_error line [{"ack":"clear_inbox","result":"io_error","warning":"messages_may_remain","epoch":1,"dm_seq":3,"chan_seq":2}
]
  ok   W5b ...and the word `cleared` appears NOWHERE in a failed clear's ack
  ok   W5c ...BOTH wipes were still attempted — no short-circuit (dm=1 ch=1)
  ok   W5d ...and the healthy store WAS erased (a partial clear erases what it can)
  ok   W6  a CHANNEL-store failure answers io_error + the warning, never cleared [{"ack":"clear_inbox","result":"io_error","warning":"messages_may_remain","epoch":2,"dm_seq":3,"chan_seq":2}
]
  ok   W6b ...the DM half completed and the channel half did not (dm=0 ch=2)
  ok   W7  a high-water that will not persist answers io_error [{"ack":"clear_inbox","result":"io_error","warning":"messages_may_remain","epoch":1,"dm_seq":3,"chan_seq":2}
]
  ok   W7b ...and NEITHER store was erased (dm=0 ch=0) — the records are still the only witness
  ok   W7c ...so every record survives a refused clear
  ok   W8  `clear_inboxx confirm` is NOT owned by the router (no prefix match)
  ok   W8b ...and it produced no ack and no clear
  ok   W8c `clear_inbo` (short) is not owned either
  ok   W8d nor the bare word `clear`
  ok   W9  the same router serves a SECOND (BLE-shaped) sink byte-identically [{"ack":"clear_inbox","result":"needs_confirm"}
]
  ok   W9b ...and that transport's refusal is inert too
  ok   W10  `del_msg` still reaches its own REAL handler [{"ack":"del_msg","kind":"dm","seq":1,"result":"erased"}
]
  ok   W10b `mark_read` still reaches its own REAL handler [{"ack":"mark_read","kind":"dm","seq":1,"result":"marked"}
]
  ok   W10c `pull_inbox` still reaches its own REAL handler [{"ev":"inbox_dm","seq":1,"origin":5,"layer_id":0,"ctr":100,"sender_hash":0,"rx_ms":1000,"body":"m"}
{"ev":"inbox_channel","seq":1,"origin":7,"layer_id":0,"channel_id":3,"channel_msg_id":117440512,"rx_ms":2000,"body":"c"}
{"ev":"inbox_end","dm_seq":1,"chan_seq":1,"epoch":1,"count":2,"now_ms":0}
]
  ok   R1  dispatch() OWNS `regen` on a BLE-shaped LineSink
  ok   R2  a REFUSED /mrid save answers EXACTLY the error line on the SUPPLIED sink [> regen err nv_save_failed
]
  ok   R3  ...and NOT ONE byte reached the global console (0 B on Serial)
  ok   R4  ...no success prefix and no identity line accompany the failure
  ok   R5  ...the installed identity is UNCHANGED (0x4BD6D935)
  ok   R6  ...and NO crypto identity was installed (crypto_ready=0)
  ok   R7  ...exactly ONE write was attempted and refused (writes=1)
  ok   R8  ...and /mrid still holds EXACTLY the pre-command record — a refused write retained NOTHING
  ok   R9  the SAME failure through `mrcon` is byte-identical on USB [> regen err nv_save_failed
]
  ok   R10 ...and the BLE sink received nothing during the USB drive (0 B)
  ok   R11 dispatch() owns `regen` on the success path too
  ok   R12 the BLE sink receives EXACTLY the success line [> regen ok  key_hash32= 0xB12D4983  name="probe-node"
]
  ok   R13 ...and NOT ONE byte leaked to the global console (0 B on Serial)
  ok   R14 ...the key_hash32 field is exactly EIGHT UPPERCASE hex digits
  ok   R15 ...g_identity was re-derived from the FRESH seed (0xB12D4983)
  ok   R16 ...the node's ROUTING identity was re-installed with it
  ok   R17 ...and the E2E crypto identity was installed (crypto_ready false -> true)
  ok   R18 exactly ONE /mrid write was made (writes=1)
  ok   R19 ...the saved record re-loads and carries the same magic/version
  ok   R20 ...its seed is the FRESH draw, not the one it replaced
  ok   R21 ...and the operator name was PRESERVED across the mint
  ok   R22 the medium retained EXACTLY the record production wrote (name/magic/version kept, seed fresh)
  ok   R23 the USB console receives BYTE-IDENTICAL bytes through `mrcon` [> regen ok  key_hash32= 0xB12D4983  name="probe-node"
]
  ok   R24 ...and the BLE sink stayed empty during the USB drive (0 B)
  ok   R25 a record with NO name emits no `name=` segment, and still nothing on USB [> regen ok  key_hash32= 0xB12D4983
]
  ok   R26 a MAXIMUM-length (32 B) name is emitted in full, and still nothing on USB [> regen ok  key_hash32= 0xB12D4983  name="ABCDEFGHIJKLMNOPQRSTUVWXYZ012345"
]
  ok   R27 `regen ` (a trailing space) is NOT owned as `regen` — no output, no NV write, no identity change
  ok   R28 `regenerate` (a longer word starting with it) is NOT owned as `regen` — no output, no NV write, no identity change
  ok   R29 `REGEN` (the wrong case) is NOT owned as `regen` — no output, no NV write, no identity change
  ok   R30 `rege` (a short prefix) is NOT owned as `regen` — no output, no NV write, no identity change
  ok   R31 the canonical formatter emits the boot banner line through the sink it is GIVEN [  key_hash32= 0xB12D4983  name="probe-node"
]
  ok   R32 ...and nothing reached the BLE sink (0 B)
  ok   X1  router-owned `whoami` on the TEXT arm streams to the supplied sink, 0 B cross-sink [75/0]
  ok   X2  ...and on the JSON arm it streams through the REAL LineSink, NEVER the 256-B direct buffer [ret=0 buf0=0 usb=0]
  ok   X3  parser-owned `send` on the TEXT arm renders the TEXT envelope only [> queued ctr=1 depth=1
]
  ok   X4  ...and on the JSON arm exactly ex.n buffered bytes, 0 streamed, 0 USB [{"ack":"queued","ctr":2,"qd":2,"dh":0,"lp":0}
]
  ok   X5  the two envelopes never cross: no `> ` in the JSON reply and no JSON on the USB sink
  ok   X6  each seam call executes the command EXACTLY ONCE (peer ctr 0->1->2)
  ok   X7  `peerkey` on the TEXT arm reaches handle_peerkey (ack + exactly one /mrpeers write) [{"ev":"peerkey_set","hash":1144201745,"pinned":true}
]
  ok   X8  ...and on the JSON arm identically, into the reply buffer [{"ev":"peerkey_set","hash":1144241066,"pinned":true}
]
  ok   X8b re-pasting the SAME key is `unchanged` and costs ZERO flash writes (writes=0)
  ok   X9  `peername` on the TEXT arm reaches handle_peername [{"ev":"peer_name_set","hash":1144201745,"name":"bob"}
]
  ok   X10 ...and on the JSON arm identically [{"ev":"peer_name_set","hash":1144201745,"name":"bob"}
]
  ok   X11 an ACCEPTED `reqpubkey` keeps its BLE-specific reqpubkey_sent event [{"ev":"reqpubkey_sent","hash":287454020,"plane":"static"}
]
  ok   X12 ...while the TEXT arm keeps the plain result line and no JSON event [> queued ctr=0 depth=2 dh=0x287454020 plane=static
]
  ok   X13 a refused `reqpubkey` prints the USB remedy line and NEVER puts prose in the JSON ack [{"ack":"err_unsupported","ctr":0,"qd":2,"dh":2972535171,"lp":0,"plane":"static"}
]
  ok   X14 a whitespace-only line is `empty` on BOTH arms and emits NOTHING anywhere
  ok   X15 an unknown line is `unmatched`+unknown_verb on BOTH arms, with NO bytes written by the seam
  ok   X16 a MALFORMED parser-owned line is `unmatched`+bad_args — the named envelope stays the caller's
  ok   X17 the ROUTER arm writes ONLY to the Print& it is handed — a third sink receives it, `mrcon` gets 0 B [0]
  ok   X18 ...and so does the TEXT RENDERING itself — the `> …` result line lands on the supplied sink, `mrcon` gets 0 B [0]
  ok   X19 the rendered reply is a COPY: overwriting the input line after the call changes nothing
  ok   X20 `help` reaching the seam DOES stream the whole index (471 B) — which is why BLE refuses it first
  ok   Z1  the shipped decoder still ACCEPTS a well-formed 64-hex token (the grammar did not move)
  ok   Z2  the decode performs EXACTLY ONE 32-byte crypto_wipe (saw 1)
  ok   Z3  ...over the SCRATCH that held the decoded key material (content matched 1)
  ok   Z4  ...and the storage READ BACK ALL-ZERO while the frame was still alive (1)
  ok   Z5  a malformed token is still REFUSED (the output-on-failure did not move)
  ok   Z6  ...and its scratch is wiped ON THE REFUSAL PATH too (1 wipe(s), 1 zeroed)
  ok   Z7  a NULL input allocates no scratch and performs NO wipe (0)
  ok   Z8  the interposer is LINKED and observes the REAL crypto_wipe (n=1)
  ok   R30 `admin-id show` is OWNED by the real dispatch()
  ok   R30b `acl list` is OWNED by the real dispatch()
  ok   R30c `admin-key show self` (Slice 4's CONTROLLER verb) is NOT owned — zero bytes emitted
  ok   R30d `aclx` is NOT owned — zero bytes emitted
  ok   R31 an absent /mradmid answers `absent` with 0 writes and 0 draws [w=0 d=0]
  ok   R31b an absent /mracl lists as EMPTY with 0 writes [> acl end count=0 owners=0 operators=0
]
  ok   R32 `admin-id generate` costs EXACTLY ONE durable write [w=1] 
  ok   R32b ...into namespace `mr`, key `admid`, exactly sizeof(AdminIdBlob)=40 bytes
  ok   R32c ...and NO unrelated slot was written (/mrid, /mrcfg, /mrpeers, /mracl all absent)
  ok   R32d ...and the stored record is a VALID v1 'MRA1' header with a NON-ZERO seed
  ok   R32e a reload reproduces the SAME fingerprint and public key
  ok   R32g the seed AND the ten prepared epochs came from EXACTLY 28 platform draws (32/4 + 10 x 8/4) [28]
  ok   R32h ★ §radmin-5: the generated pair is INSTALLED into the running Node (root_present=1)
  ok   R32i ...and readiness is still `disabled` with 0 slots — a root alone is not an accepting node
  ok   R32f ⛔ the SEED never appears in any console line
  ok   R33 a second `generate` refuses `already_present` — 0 writes, 0 draws
  ok   R34 `admin-id rotate` -> bad_args
  ok   R34 `admin-id rotate confirmm` -> bad_args
  ok   R34 `admin-id rotate confirm x` -> bad_args
  ok   R34 `admin-id reset` -> bad_args
  ok   R34 `admin-id reset yes` -> bad_args
  ok   R34b ...and the whole confirm-refusal set cost 0 writes and 0 entropy draws
  ok   R35 `acl add owner <key>` seeds an ABSENT /mracl and adds the row in ONE write [> acl added slot=0 role=owner fp=aaaa226d59875f1c pub=1111111111111111111111111111111111111111111111111111111111111111
]
  ok   R35b ...into namespace `mr`, key `acl`, exactly sizeof(AclBlob)=368 bytes
  ok   R35c a second owner lands in slot 1 [> acl added slot=1 role=owner fp=7542389f7290cc83 pub=2222222222222222222222222222222222222222222222222222222222222222
]
  ok   R35d `acl set 1 operator` updates [> acl updated slot=1 role=operator
]
  ok   R35e ...and repeating it costs ⛔ ZERO writes and says `unchanged`
  ok   R35f ⛔ the LAST OWNER cannot be removed — 0 writes [> acl err last_owner
]
  ok   R35g `acl list` renders both rows and the end line [> acl slot=0 role=owner fp=aaaa226d59875f1c pub=1111111111111111111111111111111111111111111111111111111111111111
> acl slot=1 role=operator fp=7542389f7290cc83 pub=2222222222222222222222222222222222222222222222222222222222222222
> acl end count=2 owners=1 operators=1
]
  ok   R35h an operator IS removable [> acl removed slot=1
]
  ok   R36 a first owner cannot be granted without a valid root — 0 writes [> acl err identity_absent
]
  ok   R37 ★ an all-zero platform draw REFUSES (`entropy_failed`) — it ASKED (8 draws) and wrote NOTHING [> admin-id err entropy_failed
]
  ok   R37b ...and ⛔ no record was minted from the dead source
  ok   R38 a refused medium answers `nv_save_failed` after EXACTLY ONE attempt [> admin-id err nv_save_failed
]
  ok   R39 a wrong-version /mracl reads as `store_invalid` [> acl err store_invalid
]
  ok   R39b ⛔ an ordinary `acl add` over a corrupt record costs ZERO writes
  ok   R39c `acl reset confirm` recovers it in ONE write [> acl recovered count=0 owners=0 operators=0
]
  ok   R40 the boot report writes NOTHING and draws NOTHING [w=0 d=0]
  ok   R40b ...and reports BOTH stores' states on the console
  ok   R40c ...with ⛔ no key byte and no fingerprint on any boot line
  ok   R42 a dead NVS makes /mradmid `io_failed` — ⛔ never the fresh-device `absent`
  ok   R42b ...and /mracl likewise
  ok   R42c the console names it `store_io_failed` [> admin-id err store_io_failed
]
  ok   R42d ...on the ACL family too [> acl err store_io_failed
]
  ok   R42e ⛔⛔ EVEN THE CONFIRM-GATED RECOVERY REFUSES over an unreadable store — 0 writes [> admin-id err store_io_failed
]
  ok   R42f ...and so does the ACL recovery [> acl err store_io_failed
]
  ok   R42g the BOOT report says `io_failed` and still writes nothing
  ok   S5-1a a root and a first OWNER are provisioned [> acl added slot=0 role=owner fp=aaaa226d59875f1c pub=1111111111111111111111111111111111111111111111111111111111111111
]
  ok   S5-1b ★ the ACL add ACTIVATED the running session: ready, 1 slot, a NON-ZERO epoch
  ok   S5-1c ★ the BOOT line reports the installed state exactly [> admin-id boot state=ok
> acl boot state=ok count=1 owners=1 operators=0
> admin-session boot state=ready slots=1
]
  ok   S5-1d ...and the boot install writes NOTHING
  ok   S5-1e ...with ⛔ no key byte, fingerprint or epoch on the session line
  ok   S5-1f ...and the node is STILL ready afterwards (a re-read installs the same image)
  ok   S5-2a a second controller is granted [> acl added slot=1 role=operator fp=7542389f7290cc83 pub=2222222222222222222222222222222222222222222222222222222222222222
]
  ok   S5-2b ★ the ADD minted a fresh epoch for the NEW slot and left slot 0's EXACTLY as it was
  ok   S5-2c a role change on slot 1 succeeds [> acl updated slot=1 role=owner
]
  ok   S5-2d ★★ SLOT-LOCAL invalidation: slot 1's epoch rotated, slot 0's did NOT
  ok   S5-2e the administration ROOT rotates [> admin-id rotated fp=df53104751b6fb30 pub=ead496efc6494564d964222c61e89d21d4700100f944bb936069e78fbdf2863e
]
  ok   S5-2f ★★ ROOT-WIDE invalidation: BOTH epochs rotated and the ACL SURVIVED
  ok   S5-3a ★★ a refused epoch draw answers `runtime_unavailable` [> acl err runtime_unavailable
]
  ok   S5-3b ...at ZERO durable writes — the preparation ran BEFORE the save
  ok   S5-3c ...and the RUNNING image is untouched (2 slots, slot 0's epoch exact)
  ok   S5-4a a refused medium answers `nv_save_failed` [> acl err nv_save_failed
]
  ok   S5-4b ★★ the plan was DISCARDED: the running ACL, epochs and pair are EXACTLY as before
  ok   S5-5 ★★ `regen` rotates the MESSAGING identity and leaves the ADMINISTRATION root and every session epoch EXACTLY as they were — two secrets, two lifetimes []
  ok   S5-7a a root is provisioned with no ACL yet [> admin-id generated fp=b6cc40f580224ade pub=83492db121e635845423212bd90a5394b3d1446d413e5769b06b75da4a40b679
]
  ok   S5-7b ...and the boot correctly reports `disabled` (no ACL) [> admin-id boot state=ok
> acl boot state=absent count=0 owners=0 operators=0
> admin-session boot state=disabled slots=0
]
  ok   S5-7c ★★ [[B341]]: the VALID ROOT HALF IS INSTALLED across the boot — before the fix this was 0 and every durable success below described state the node did not hold
  ok   S5-7d the first owner is granted [> acl added slot=0 role=owner fp=aaaa226d59875f1c pub=1111111111111111111111111111111111111111111111111111111111111111
]
  ok   S5-7e ★★★ THE PROPERTY: a durable success ACTIVATED the running node — ready, 1 slot
  ok   S5-7f ...and a fresh boot on the same medium installs EXACTLY that [> admin-id boot state=ok
> acl boot state=ok count=1 owners=1 operators=0
> admin-session boot state=ready slots=1
]
  ok   S5-8a a root and an owner are provisioned [> acl added slot=0 role=owner fp=aaaa226d59875f1c pub=1111111111111111111111111111111111111111111111111111111111111111
]
  ok   S5-8b the root record now reads `store_invalid` [> admin-id err store_invalid
]
  ok   S5-8c ...and the boot correctly reports `disabled` (no usable root) [> admin-id boot state=invalid
> acl boot state=ok count=1 owners=1 operators=0
> admin-session boot state=disabled slots=0
]
  ok   S5-8d ★★ [[B341]]: the BAD half is CLEARED and the VALID ACL HALF IS INSTALLED with a prepared epoch — before the fix `acl_occupied` was 0
  ok   S5-8e the operator recovers the root [> admin-id recovered fp=e38833f8fbea2b5e pub=ddc28a6c4067ae0cc6300cc93fb9dfd7b97024dd21941963811aa46451b56bcc
]
  ok   S5-8f ★★★ THE PROPERTY: the recovery ACTIVATED the node and the ACL SURVIVED it
  ok   S5-6a an unprovisioned node boots `disabled slots=0` [> admin-id boot state=absent
> acl boot state=absent count=0 owners=0 operators=0
> admin-session boot state=disabled slots=0
]
  ok   S5-6b ★★ …and the RUNNING image was CLEARED — ⛔ no stale live ACL survives a bad record
  ok   R41 the whole response lands on the SUPPLIED sink; `mrcon` gets 0 B [0] and BLE 0 B [0]
  ok   Y1 validator refuses embedded_nul before parsing (format=0)
  ok   Y2 exact bad-line envelope, only on the supplied output (format=0)
  ok   Y3 bad bytes execute no Node command or router handler
  ok   Y1 validator refuses embedded_cr before parsing (format=0)
  ok   Y2 exact bad-line envelope, only on the supplied output (format=0)
  ok   Y3 bad bytes execute no Node command or router handler
  ok   Y1 validator refuses embedded_lf before parsing (format=0)
  ok   Y2 exact bad-line envelope, only on the supplied output (format=0)
  ok   Y3 bad bytes execute no Node command or router handler
  ok   Y4 inclusive bound 1023 reaches the real Node once (format=0); not an RF-admission claim
  ok   Y5 cap+1 refuses before execution (1023, format=0)
  ok   Y4 inclusive bound 274 reaches the real Node once (format=0); not an RF-admission claim
  ok   Y5 cap+1 refuses before execution (274, format=0)
  ok   Y4 inclusive bound 201 reaches the real Node once (format=0); not an RF-admission claim
  ok   Y5 cap+1 refuses before execution (201, format=0)
  ok   Y6 remote authority 1 admission for status (format=0)
  ok   Y8 only prepared admitted requests can schedule; a missing transcript fails internally
  ok   Y6 remote authority 1 admission for status x (format=0)
  ok   Y7 remote refusal has zero output, Node calls, handler calls and NV/store changes
  ok   Y8 only prepared admitted requests can schedule; a missing transcript fails internally
  ok   Y6 remote authority 1 admission for version (format=0)
  ok   Y7 remote refusal has zero output, Node calls, handler calls and NV/store changes
  ok   Y8 only prepared admitted requests can schedule; a missing transcript fails internally
  ok   Y6 remote authority 1 admission for factory_reset confirm (format=0)
  ok   Y7 remote refusal has zero output, Node calls, handler calls and NV/store changes
  ok   Y8 only prepared admitted requests can schedule; a missing transcript fails internally
  ok   Y6 remote authority 1 admission for acl list (format=0)
  ok   Y7 remote refusal has zero output, Node calls, handler calls and NV/store changes
  ok   Y8 only prepared admitted requests can schedule; a missing transcript fails internally
  ok   Y6 remote authority 1 admission for acl reset confirm (format=0)
  ok   Y7 remote refusal has zero output, Node calls, handler calls and NV/store changes
  ok   Y8 only prepared admitted requests can schedule; a missing transcript fails internally
  ok   Y6 remote authority 1 admission for admin-key list (format=0)
  ok   Y7 remote refusal has zero output, Node calls, handler calls and NV/store changes
  ok   Y8 only prepared admitted requests can schedule; a missing transcript fails internally
  ok   Y6 remote authority 1 admission for rcmd 1 status (format=0)
  ok   Y7 remote refusal has zero output, Node calls, handler calls and NV/store changes
  ok   Y8 only prepared admitted requests can schedule; a missing transcript fails internally
  ok   Y6 remote authority 1 admission for unknown-verb (format=0)
  ok   Y7 remote refusal has zero output, Node calls, handler calls and NV/store changes
  ok   Y8 only prepared admitted requests can schedule; a missing transcript fails internally
  ok   Y9 remote validation refusal also writes nothing (authority=1 format=0)
  ok   Y6 remote authority 2 admission for status (format=0)
  ok   Y8 only prepared admitted requests can schedule; a missing transcript fails internally
  ok   Y6 remote authority 2 admission for status x (format=0)
  ok   Y8 only prepared admitted requests can schedule; a missing transcript fails internally
  ok   Y6 remote authority 2 admission for version (format=0)
  ok   Y8 only prepared admitted requests can schedule; a missing transcript fails internally
  ok   Y6 remote authority 2 admission for factory_reset confirm (format=0)
  ok   Y7 remote refusal has zero output, Node calls, handler calls and NV/store changes
  ok   Y8 only prepared admitted requests can schedule; a missing transcript fails internally
  ok   Y6 remote authority 2 admission for acl list (format=0)
  ok   Y7 remote refusal has zero output, Node calls, handler calls and NV/store changes
  ok   Y8 only prepared admitted requests can schedule; a missing transcript fails internally
  ok   Y6 remote authority 2 admission for acl reset confirm (format=0)
  ok   Y7 remote refusal has zero output, Node calls, handler calls and NV/store changes
  ok   Y8 only prepared admitted requests can schedule; a missing transcript fails internally
  ok   Y6 remote authority 2 admission for admin-key list (format=0)
  ok   Y7 remote refusal has zero output, Node calls, handler calls and NV/store changes
  ok   Y8 only prepared admitted requests can schedule; a missing transcript fails internally
  ok   Y6 remote authority 2 admission for rcmd 1 status (format=0)
  ok   Y7 remote refusal has zero output, Node calls, handler calls and NV/store changes
  ok   Y8 only prepared admitted requests can schedule; a missing transcript fails internally
  ok   Y6 remote authority 2 admission for unknown-verb (format=0)
  ok   Y7 remote refusal has zero output, Node calls, handler calls and NV/store changes
  ok   Y8 only prepared admitted requests can schedule; a missing transcript fails internally
  ok   Y9 remote validation refusal also writes nothing (authority=2 format=0)
  ok   Y6 remote authority 3 admission for status (format=0)
  ok   Y8 only prepared admitted requests can schedule; a missing transcript fails internally
  ok   Y6 remote authority 3 admission for status x (format=0)
  ok   Y8 only prepared admitted requests can schedule; a missing transcript fails internally
  ok   Y6 remote authority 3 admission for version (format=0)
  ok   Y8 only prepared admitted requests can schedule; a missing transcript fails internally
  ok   Y6 remote authority 3 admission for factory_reset confirm (format=0)
  ok   Y7 remote refusal has zero output, Node calls, handler calls and NV/store changes
  ok   Y8 only prepared admitted requests can schedule; a missing transcript fails internally
  ok   Y6 remote authority 3 admission for acl list (format=0)
  ok   Y8 only prepared admitted requests can schedule; a missing transcript fails internally
  ok   Y6 remote authority 3 admission for acl reset confirm (format=0)
  ok   Y7 remote refusal has zero output, Node calls, handler calls and NV/store changes
  ok   Y8 only prepared admitted requests can schedule; a missing transcript fails internally
  ok   Y6 remote authority 3 admission for admin-key list (format=0)
  ok   Y7 remote refusal has zero output, Node calls, handler calls and NV/store changes
  ok   Y8 only prepared admitted requests can schedule; a missing transcript fails internally
  ok   Y6 remote authority 3 admission for rcmd 1 status (format=0)
  ok   Y7 remote refusal has zero output, Node calls, handler calls and NV/store changes
  ok   Y8 only prepared admitted requests can schedule; a missing transcript fails internally
  ok   Y6 remote authority 3 admission for unknown-verb (format=0)
  ok   Y7 remote refusal has zero output, Node calls, handler calls and NV/store changes
  ok   Y8 only prepared admitted requests can schedule; a missing transcript fails internally
  ok   Y9 remote validation refusal also writes nothing (authority=3 format=0)
  ok   Y1 validator refuses embedded_nul before parsing (format=1)
  ok   Y2 exact bad-line envelope, only on the supplied output (format=1)
  ok   Y3 bad bytes execute no Node command or router handler
  ok   Y1 validator refuses embedded_cr before parsing (format=1)
  ok   Y2 exact bad-line envelope, only on the supplied output (format=1)
  ok   Y3 bad bytes execute no Node command or router handler
  ok   Y1 validator refuses embedded_lf before parsing (format=1)
  ok   Y2 exact bad-line envelope, only on the supplied output (format=1)
  ok   Y3 bad bytes execute no Node command or router handler
  ok   Y4 inclusive bound 1023 reaches the real Node once (format=1); not an RF-admission claim
  ok   Y5 cap+1 refuses before execution (1023, format=1)
  ok   Y4 inclusive bound 274 reaches the real Node once (format=1); not an RF-admission claim
  ok   Y5 cap+1 refuses before execution (274, format=1)
  ok   Y4 inclusive bound 201 reaches the real Node once (format=1); not an RF-admission claim
  ok   Y5 cap+1 refuses before execution (201, format=1)
  ok   Y6 remote authority 1 admission for status (format=1)
  ok   Y8 only prepared admitted requests can schedule; a missing transcript fails internally
  ok   Y6 remote authority 1 admission for status x (format=1)
  ok   Y7 remote refusal has zero output, Node calls, handler calls and NV/store changes
  ok   Y8 only prepared admitted requests can schedule; a missing transcript fails internally
  ok   Y6 remote authority 1 admission for version (format=1)
  ok   Y7 remote refusal has zero output, Node calls, handler calls and NV/store changes
  ok   Y8 only prepared admitted requests can schedule; a missing transcript fails internally
  ok   Y6 remote authority 1 admission for factory_reset confirm (format=1)
  ok   Y7 remote refusal has zero output, Node calls, handler calls and NV/store changes
  ok   Y8 only prepared admitted requests can schedule; a missing transcript fails internally
  ok   Y6 remote authority 1 admission for acl list (format=1)
  ok   Y7 remote refusal has zero output, Node calls, handler calls and NV/store changes
  ok   Y8 only prepared admitted requests can schedule; a missing transcript fails internally
  ok   Y6 remote authority 1 admission for acl reset confirm (format=1)
  ok   Y7 remote refusal has zero output, Node calls, handler calls and NV/store changes
  ok   Y8 only prepared admitted requests can schedule; a missing transcript fails internally
  ok   Y6 remote authority 1 admission for admin-key list (format=1)
  ok   Y7 remote refusal has zero output, Node calls, handler calls and NV/store changes
  ok   Y8 only prepared admitted requests can schedule; a missing transcript fails internally
  ok   Y6 remote authority 1 admission for rcmd 1 status (format=1)
  ok   Y7 remote refusal has zero output, Node calls, handler calls and NV/store changes
  ok   Y8 only prepared admitted requests can schedule; a missing transcript fails internally
  ok   Y6 remote authority 1 admission for unknown-verb (format=1)
  ok   Y7 remote refusal has zero output, Node calls, handler calls and NV/store changes
  ok   Y8 only prepared admitted requests can schedule; a missing transcript fails internally
  ok   Y9 remote validation refusal also writes nothing (authority=1 format=1)
  ok   Y6 remote authority 2 admission for status (format=1)
  ok   Y8 only prepared admitted requests can schedule; a missing transcript fails internally
  ok   Y6 remote authority 2 admission for status x (format=1)
  ok   Y8 only prepared admitted requests can schedule; a missing transcript fails internally
  ok   Y6 remote authority 2 admission for version (format=1)
  ok   Y8 only prepared admitted requests can schedule; a missing transcript fails internally
  ok   Y6 remote authority 2 admission for factory_reset confirm (format=1)
  ok   Y7 remote refusal has zero output, Node calls, handler calls and NV/store changes
  ok   Y8 only prepared admitted requests can schedule; a missing transcript fails internally
  ok   Y6 remote authority 2 admission for acl list (format=1)
  ok   Y7 remote refusal has zero output, Node calls, handler calls and NV/store changes
  ok   Y8 only prepared admitted requests can schedule; a missing transcript fails internally
  ok   Y6 remote authority 2 admission for acl reset confirm (format=1)
  ok   Y7 remote refusal has zero output, Node calls, handler calls and NV/store changes
  ok   Y8 only prepared admitted requests can schedule; a missing transcript fails internally
  ok   Y6 remote authority 2 admission for admin-key list (format=1)
  ok   Y7 remote refusal has zero output, Node calls, handler calls and NV/store changes
  ok   Y8 only prepared admitted requests can schedule; a missing transcript fails internally
  ok   Y6 remote authority 2 admission for rcmd 1 status (format=1)
  ok   Y7 remote refusal has zero output, Node calls, handler calls and NV/store changes
  ok   Y8 only prepared admitted requests can schedule; a missing transcript fails internally
  ok   Y6 remote authority 2 admission for unknown-verb (format=1)
  ok   Y7 remote refusal has zero output, Node calls, handler calls and NV/store changes
  ok   Y8 only prepared admitted requests can schedule; a missing transcript fails internally
  ok   Y9 remote validation refusal also writes nothing (authority=2 format=1)
  ok   Y6 remote authority 3 admission for status (format=1)
  ok   Y8 only prepared admitted requests can schedule; a missing transcript fails internally
  ok   Y6 remote authority 3 admission for status x (format=1)
  ok   Y8 only prepared admitted requests can schedule; a missing transcript fails internally
  ok   Y6 remote authority 3 admission for version (format=1)
  ok   Y8 only prepared admitted requests can schedule; a missing transcript fails internally
  ok   Y6 remote authority 3 admission for factory_reset confirm (format=1)
  ok   Y7 remote refusal has zero output, Node calls, handler calls and NV/store changes
  ok   Y8 only prepared admitted requests can schedule; a missing transcript fails internally
  ok   Y6 remote authority 3 admission for acl list (format=1)
  ok   Y8 only prepared admitted requests can schedule; a missing transcript fails internally
  ok   Y6 remote authority 3 admission for acl reset confirm (format=1)
  ok   Y7 remote refusal has zero output, Node calls, handler calls and NV/store changes
  ok   Y8 only prepared admitted requests can schedule; a missing transcript fails internally
  ok   Y6 remote authority 3 admission for admin-key list (format=1)
  ok   Y7 remote refusal has zero output, Node calls, handler calls and NV/store changes
  ok   Y8 only prepared admitted requests can schedule; a missing transcript fails internally
  ok   Y6 remote authority 3 admission for rcmd 1 status (format=1)
  ok   Y7 remote refusal has zero output, Node calls, handler calls and NV/store changes
  ok   Y8 only prepared admitted requests can schedule; a missing transcript fails internally
  ok   Y6 remote authority 3 admission for unknown-verb (format=1)
  ok   Y7 remote refusal has zero output, Node calls, handler calls and NV/store changes
  ok   Y8 only prepared admitted requests can schedule; a missing transcript fails internally
  ok   Y9 remote validation refusal also writes nothing (authority=3 format=1)
  ok   Y10 real panel executor refuses NUL without parsing or executing
  ok   Y11 panel success proves the real Node command counter discriminates
  ok   A7-1 config record keeps its size across the padding append
  ok   A7-2 actual wrapper stores the same-size v24 fixture
  ok   A7-3 actual loader rejects v24 padding
  ok   A7-4 actual wrapper stores v25
  ok   A7-5 actual loader accepts v25
  ok   A7-6 activation raw field survives typed reload
  ok   A7-7 actual wrapper stores the future-version fixture
  ok   A7-8 actual loader rejects v26
  ok   R7-I1 real private DM stored
  ok   R7-I2 real delivery receipt stored
  ok   R7-I3 custody fixture uses real codec
  ok   R7-I4 real custody report stored
  ok   R7-I5 real channel post stored
  ok   R7-I6 local router owns inbox pull
  ok   R7-I7 full medium yields all four local records and end
  ok   R7-I8 oversize fake append refuses atomically rather than clamping
  ok   R7-I9 remote inbox handler completes (role=2)
  ok   R7-I10 private application DM hidden (role=2)
  ok   R7-I11 delivery receipt preserved (role=2)
  ok   R7-I12 custody diagnostic preserved (role=2)
  ok   R7-I13 channel preserved (role=2)
  ok   R7-I14 end counts visible rows only (role=2)
  ok   R7-I15 shared private cursor untouched (role=2)
  ok   R7-I17 context restored; local inbox bytes unchanged (role=2)
  ok   R7-I9 remote inbox handler completes (role=3)
  ok   R7-I10 private application DM hidden (role=3)
  ok   R7-I11 delivery receipt preserved (role=3)
  ok   R7-I12 custody diagnostic preserved (role=3)
  ok   R7-I13 channel preserved (role=3)
  ok   R7-I14 end counts visible rows only (role=3)
  ok   R7-I15 shared private cursor untouched (role=3)
  ok   R7-I16 owner cannot delete a private record through remote context
  ok   R7-I17 context restored; local inbox bytes unchanged (role=3)
  ok   R7-A1 fake radio initialized through real device adapter
  ok   R7-A2 real Node initializes
  ok   R7-A3 administration identity seeded through typed writer
  ok   R7-A4 ACL seeded through typed writer
  ok   R7-A5 real boot binding installed session
  ok   R7-A7 controller ECDH
  ok   R7-A8 ordered base KDF
  ok   R7-A9 session KDF
  ok   R7-A10 controller encodes request with its real security domain
  ok   R7-A11 real DATA packer
  ok   R7-A6 HAL queue really drained to fake radio
  ok   R7-A6 HAL queue really drained to fake radio
  ok   R7-A6 HAL queue really drained to fake radio
  ok   R7-A28 authenticated flight actually admits status
  ok   R7-A12 main-loop completion releases ingress
  ok   R7-A7 controller ECDH
  ok   R7-A8 ordered base KDF
  ok   R7-A9 session KDF
  ok   R7-A6 HAL queue really drained to fake radio
  ok   R7-A6 HAL queue really drained to fake radio
  ok   R7-A29 actual response RTS precedes controller CTS
  ok   R7-A6 HAL queue really drained to fake radio
  ok   R7-A6 HAL queue really drained to fake radio
  ok   R7-A30 actual DATA hop ACK finishes the response flight
  ok   R7-A13 response has valid real carrier
  ok   R7-A14 air source is target identity
  ok   R7-A15 controller decodes sealed frame
  ok   R7-A16 request and sequence match
  ok   R7-A6 HAL queue really drained to fake radio
  ok   R7-A6 HAL queue really drained to fake radio
  ok   R7-A6 HAL queue really drained to fake radio
  ok   R7-A29 actual response RTS precedes controller CTS
  ok   R7-A6 HAL queue really drained to fake radio
  ok   R7-A6 HAL queue really drained to fake radio
  ok   R7-A30 actual DATA hop ACK finishes the response flight
  ok   R7-A13 response has valid real carrier
  ok   R7-A14 air source is target identity
  ok   R7-A15 controller decodes sealed frame
  ok   R7-A16 request and sequence match
  ok   R7-A6 HAL queue really drained to fake radio
  ok   R7-A6 HAL queue really drained to fake radio
  ok   R7-A6 HAL queue really drained to fake radio
  ok   R7-A29 actual response RTS precedes controller CTS
  ok   R7-A6 HAL queue really drained to fake radio
  ok   R7-A6 HAL queue really drained to fake radio
  ok   R7-A30 actual DATA hop ACK finishes the response flight
  ok   R7-A13 response has valid real carrier
  ok   R7-A14 air source is target identity
  ok   R7-A15 controller decodes sealed frame
  ok   R7-A16 request and sequence match
  ok   R7-A6 HAL queue really drained to fake radio
  ok   R7-A6 HAL queue really drained to fake radio
  ok   R7-A6 HAL queue really drained to fake radio
  ok   R7-A29 actual response RTS precedes controller CTS
  ok   R7-A6 HAL queue really drained to fake radio
  ok   R7-A6 HAL queue really drained to fake radio
  ok   R7-A30 actual DATA hop ACK finishes the response flight
  ok   R7-A13 response has valid real carrier
  ok   R7-A14 air source is target identity
  ok   R7-A15 controller decodes sealed frame
  ok   R7-A16 request and sequence match
  ok   R7-A6 HAL queue really drained to fake radio
  ok   R7-A6 HAL queue really drained to fake radio
  ok   R7-A6 HAL queue really drained to fake radio
  ok   R7-A29 actual response RTS precedes controller CTS
  ok   R7-A6 HAL queue really drained to fake radio
  ok   R7-A6 HAL queue really drained to fake radio
  ok   R7-A30 actual DATA hop ACK finishes the response flight
  ok   R7-A13 response has valid real carrier
  ok   R7-A14 air source is target identity
  ok   R7-A15 controller decodes sealed frame
  ok   R7-A16 request and sequence match
  ok   R7-A17 typed terminal matches 0
  ok   R7-A18 exactly one mandatory terminal aired
  ok   R7-A19 real remote status bytes equal local dispatch at execution time
  ok   R7-A21 only scheduled scalar metadata may reach the local console
  ok   R7-A7 controller ECDH
  ok   R7-A8 ordered base KDF
  ok   R7-A9 session KDF
  ok   R7-A10 controller encodes request with its real security domain
  ok   R7-A11 real DATA packer
  ok   R7-A6 HAL queue really drained to fake radio
  ok   R7-A6 HAL queue really drained to fake radio
  ok   R7-A6 HAL queue really drained to fake radio
  ok   R7-A22 response ACK releases transcript, retains tombstone, and consumes no ingress/reply
  ok   R7-A7 controller ECDH
  ok   R7-A8 ordered base KDF
  ok   R7-A9 session KDF
  ok   R7-A10 controller encodes request with its real security domain
  ok   R7-A11 real DATA packer
  ok   R7-A6 HAL queue really drained to fake radio
  ok   R7-A6 HAL queue really drained to fake radio
  ok   R7-A6 HAL queue really drained to fake radio
  ok   R7-A28 authenticated flight actually admits version
  ok   R7-A12 main-loop completion releases ingress
  ok   R7-A7 controller ECDH
  ok   R7-A8 ordered base KDF
  ok   R7-A9 session KDF
  ok   R7-A6 HAL queue really drained to fake radio
  ok   R7-A6 HAL queue really drained to fake radio
  ok   R7-A6 HAL queue really drained to fake radio
  ok   R7-A6 HAL queue really drained to fake radio
  ok   R7-A29 actual response RTS precedes controller CTS
  ok   R7-A6 HAL queue really drained to fake radio
  ok   R7-A6 HAL queue really drained to fake radio
  ok   R7-A30 actual DATA hop ACK finishes the response flight
  ok   R7-A13 response has valid real carrier
  ok   R7-A14 air source is target identity
  ok   R7-A15 controller decodes sealed frame
  ok   R7-A16 request and sequence match
  ok   R7-A6 HAL queue really drained to fake radio
  ok   R7-A6 HAL queue really drained to fake radio
  ok   R7-A6 HAL queue really drained to fake radio
  ok   R7-A29 actual response RTS precedes controller CTS
  ok   R7-A6 HAL queue really drained to fake radio
  ok   R7-A6 HAL queue really drained to fake radio
  ok   R7-A30 actual DATA hop ACK finishes the response flight
  ok   R7-A13 response has valid real carrier
  ok   R7-A14 air source is target identity
  ok   R7-A15 controller decodes sealed frame
  ok   R7-A16 request and sequence match
  ok   R7-A17 typed terminal matches 0
  ok   R7-A18 exactly one mandatory terminal aired
  ok   R7-A19 real remote version bytes equal local dispatch at execution time
  ok   R7-A21 only scheduled scalar metadata may reach the local console
  ok   R7-A7 controller ECDH
  ok   R7-A8 ordered base KDF
  ok   R7-A9 session KDF
  ok   R7-A10 controller encodes request with its real security domain
  ok   R7-A11 real DATA packer
  ok   R7-A6 HAL queue really drained to fake radio
  ok   R7-A6 HAL queue really drained to fake radio
  ok   R7-A6 HAL queue really drained to fake radio
  ok   R7-A22 response ACK releases transcript, retains tombstone, and consumes no ingress/reply
  ok   R7-A7 controller ECDH
  ok   R7-A8 ordered base KDF
  ok   R7-A9 session KDF
  ok   R7-A10 controller encodes request with its real security domain
  ok   R7-A11 real DATA packer
  ok   R7-A6 HAL queue really drained to fake radio
  ok   R7-A6 HAL queue really drained to fake radio
  ok   R7-A6 HAL queue really drained to fake radio
  ok   R7-A28 authenticated flight actually admits unknown-verb
  ok   R7-A12 main-loop completion releases ingress
  ok   R7-A7 controller ECDH
  ok   R7-A8 ordered base KDF
  ok   R7-A9 session KDF
  ok   R7-A6 HAL queue really drained to fake radio
  ok   R7-A6 HAL queue really drained to fake radio
  ok   R7-A6 HAL queue really drained to fake radio
  ok   R7-A6 HAL queue really drained to fake radio
  ok   R7-A29 actual response RTS precedes controller CTS
  ok   R7-A6 HAL queue really drained to fake radio
  ok   R7-A6 HAL queue really drained to fake radio
  ok   R7-A30 actual DATA hop ACK finishes the response flight
  ok   R7-A13 response has valid real carrier
  ok   R7-A14 air source is target identity
  ok   R7-A15 controller decodes sealed frame
  ok   R7-A16 request and sequence match
  ok   R7-A17 typed terminal matches 2
  ok   R7-A18 exactly one mandatory terminal aired
  ok   R7-A20 refusal never calls Node/handler
  ok   R7-A21 only scheduled scalar metadata may reach the local console
  ok   R7-A7 controller ECDH
  ok   R7-A8 ordered base KDF
  ok   R7-A9 session KDF
  ok   R7-A10 controller encodes request with its real security domain
  ok   R7-A11 real DATA packer
  ok   R7-A6 HAL queue really drained to fake radio
  ok   R7-A6 HAL queue really drained to fake radio
  ok   R7-A6 HAL queue really drained to fake radio
  ok   R7-A22 response ACK releases transcript, retains tombstone, and consumes no ingress/reply
  ok   R7-A7 controller ECDH
  ok   R7-A8 ordered base KDF
  ok   R7-A9 session KDF
  ok   R7-A10 controller encodes request with its real security domain
  ok   R7-A11 real DATA packer
  ok   R7-A6 HAL queue really drained to fake radio
  ok   R7-A6 HAL queue really drained to fake radio
  ok   R7-A6 HAL queue really drained to fake radio
  ok   R7-A28 authenticated flight actually admits factory_reset confirm
  ok   R7-A12 main-loop completion releases ingress
  ok   R7-A7 controller ECDH
  ok   R7-A8 ordered base KDF
  ok   R7-A9 session KDF
  ok   R7-A6 HAL queue really drained to fake radio
  ok   R7-A6 HAL queue really drained to fake radio
  ok   R7-A6 HAL queue really drained to fake radio
  ok   R7-A6 HAL queue really drained to fake radio
  ok   R7-A29 actual response RTS precedes controller CTS
  ok   R7-A6 HAL queue really drained to fake radio
  ok   R7-A6 HAL queue really drained to fake radio
  ok   R7-A30 actual DATA hop ACK finishes the response flight
  ok   R7-A13 response has valid real carrier
  ok   R7-A14 air source is target identity
  ok   R7-A15 controller decodes sealed frame
  ok   R7-A16 request and sequence match
  ok   R7-A17 typed terminal matches 3
  ok   R7-A18 exactly one mandatory terminal aired
  ok   R7-A20 refusal never calls Node/handler
  ok   R7-A21 only scheduled scalar metadata may reach the local console
  ok   R7-A7 controller ECDH
  ok   R7-A8 ordered base KDF
  ok   R7-A9 session KDF
  ok   R7-A10 controller encodes request with its real security domain
  ok   R7-A11 real DATA packer
  ok   R7-A6 HAL queue really drained to fake radio
  ok   R7-A6 HAL queue really drained to fake radio
  ok   R7-A6 HAL queue really drained to fake radio
  ok   R7-A22 response ACK releases transcript, retains tombstone, and consumes no ingress/reply
  ok   R7-A7 controller ECDH
  ok   R7-A8 ordered base KDF
  ok   R7-A9 session KDF
  ok   R7-A10 controller encodes request with its real security domain
  ok   R7-A11 real DATA packer
  ok   R7-A6 HAL queue really drained to fake radio
  ok   R7-A6 HAL queue really drained to fake radio
  ok   R7-A6 HAL queue really drained to fake radio
  ok   R7-A28 authenticated flight actually admits reboot
  ok   R7-A12 main-loop completion releases ingress
  ok   R7-A7 controller ECDH
  ok   R7-A8 ordered base KDF
  ok   R7-A9 session KDF
  ok   R7-A6 HAL queue really drained to fake radio
  ok   R7-A6 HAL queue really drained to fake radio
  ok   R7-A6 HAL queue really drained to fake radio
  ok   R7-A6 HAL queue really drained to fake radio
  ok   R7-A29 actual response RTS precedes controller CTS
  ok   R7-A6 HAL queue really drained to fake radio
  ok   R7-A6 HAL queue really drained to fake radio
  ok   R7-A30 actual DATA hop ACK finishes the response flight
  ok   R7-A13 response has valid real carrier
  ok   R7-A14 air source is target identity
  ok   R7-A15 controller decodes sealed frame
  ok   R7-A16 request and sequence match
  ok   R7-A17 typed terminal matches 1
  ok   R7-A18 exactly one mandatory terminal aired
  ok   R7-A21 only scheduled scalar metadata may reach the local console
  ok   R7-A7 controller ECDH
  ok   R7-A8 ordered base KDF
  ok   R7-A9 session KDF
  ok   R7-A10 controller encodes request with its real security domain
  ok   R7-A11 real DATA packer
  ok   R7-A6 HAL queue really drained to fake radio
  ok   R7-A6 HAL queue really drained to fake radio
  ok   R7-A6 HAL queue really drained to fake radio
  ok   R7-A22 response ACK releases transcript, retains tombstone, and consumes no ingress/reply
  ok   R7-A23 remote refused commands write no NV
  ok   R7-A7 controller ECDH
  ok   R7-A8 ordered base KDF
  ok   R7-A9 session KDF
  ok   R7-A10 controller encodes request with its real security domain
  ok   R7-A11 real DATA packer
  ok   R7-A6 HAL queue really drained to fake radio
  ok   R7-A6 HAL queue really drained to fake radio
  ok   R7-A6 HAL queue really drained to fake radio
  ok   R7-A28 authenticated flight actually admits acl remove 1 confirm
  ok   R7-A12 main-loop completion releases ingress
  ok   R7-A7 controller ECDH
  ok   R7-A8 ordered base KDF
  ok   R7-A9 session KDF
  ok   R7-A6 HAL queue really drained to fake radio
  ok   R7-A6 HAL queue really drained to fake radio
  ok   R7-A6 HAL queue really drained to fake radio
  ok   R7-A6 HAL queue really drained to fake radio
  ok   R7-A29 actual response RTS precedes controller CTS
  ok   R7-A6 HAL queue really drained to fake radio
  ok   R7-A6 HAL queue really drained to fake radio
  ok   R7-A30 actual DATA hop ACK finishes the response flight
  ok   R7-A13 response has valid real carrier
  ok   R7-A14 air source is target identity
  ok   R7-A15 controller decodes sealed frame
  ok   R7-A16 request and sequence match
  ok   R7-A6 HAL queue really drained to fake radio
  ok   R7-A6 HAL queue really drained to fake radio
  ok   R7-A6 HAL queue really drained to fake radio
  ok   R7-A29 actual response RTS precedes controller CTS
  ok   R7-A6 HAL queue really drained to fake radio
  ok   R7-A6 HAL queue really drained to fake radio
  ok   R7-A30 actual DATA hop ACK finishes the response flight
  ok   R7-A13 response has valid real carrier
  ok   R7-A14 air source is target identity
  ok   R7-A15 controller decodes sealed frame
  ok   R7-A16 request and sequence match
  ok   R7-A17 typed terminal matches 0
  ok   R7-A18 exactly one mandatory terminal aired
  ok   R7-A21 only scheduled scalar metadata may reach the local console
  ok   R7-A7 controller ECDH
  ok   R7-A8 ordered base KDF
  ok   R7-A9 session KDF
  ok   R7-A10 controller encodes request with its real security domain
  ok   R7-A11 real DATA packer
  ok   R7-A6 HAL queue really drained to fake radio
  ok   R7-A6 HAL queue really drained to fake radio
  ok   R7-A6 HAL queue really drained to fake radio
  ok   R7-A22 response ACK releases transcript, retains tombstone, and consumes no ingress/reply
  ok   R7-A24 real remote actor cannot remove itself
  ok   R7-A7 controller ECDH
  ok   R7-A8 ordered base KDF
  ok   R7-A9 session KDF
  ok   R7-A10 controller encodes request with its real security domain
  ok   R7-A11 real DATA packer
  ok   R7-A6 HAL queue really drained to fake radio
  ok   R7-A6 HAL queue really drained to fake radio
  ok   R7-A6 HAL queue really drained to fake radio
  ok   R7-A28 authenticated flight actually admits acl set 1 operator
  ok   R7-A12 main-loop completion releases ingress
  ok   R7-A7 controller ECDH
  ok   R7-A8 ordered base KDF
  ok   R7-A9 session KDF
  ok   R7-A6 HAL queue really drained to fake radio
  ok   R7-A6 HAL queue really drained to fake radio
  ok   R7-A6 HAL queue really drained to fake radio
  ok   R7-A6 HAL queue really drained to fake radio
  ok   R7-A29 actual response RTS precedes controller CTS
  ok   R7-A6 HAL queue really drained to fake radio
  ok   R7-A6 HAL queue really drained to fake radio
  ok   R7-A30 actual DATA hop ACK finishes the response flight
  ok   R7-A13 response has valid real carrier
  ok   R7-A14 air source is target identity
  ok   R7-A15 controller decodes sealed frame
  ok   R7-A16 request and sequence match
  ok   R7-A6 HAL queue really drained to fake radio
  ok   R7-A6 HAL queue really drained to fake radio
  ok   R7-A6 HAL queue really drained to fake radio
  ok   R7-A29 actual response RTS precedes controller CTS
  ok   R7-A6 HAL queue really drained to fake radio
  ok   R7-A6 HAL queue really drained to fake radio
  ok   R7-A30 actual DATA hop ACK finishes the response flight
  ok   R7-A13 response has valid real carrier
  ok   R7-A14 air source is target identity
  ok   R7-A15 controller decodes sealed frame
  ok   R7-A16 request and sequence match
  ok   R7-A17 typed terminal matches 0
  ok   R7-A18 exactly one mandatory terminal aired
  ok   R7-A21 only scheduled scalar metadata may reach the local console
  ok   R7-A7 controller ECDH
  ok   R7-A8 ordered base KDF
  ok   R7-A9 session KDF
  ok   R7-A10 controller encodes request with its real security domain
  ok   R7-A11 real DATA packer
  ok   R7-A6 HAL queue really drained to fake radio
  ok   R7-A6 HAL queue really drained to fake radio
  ok   R7-A6 HAL queue really drained to fake radio
  ok   R7-A22 response ACK releases transcript, retains tombstone, and consumes no ingress/reply
  ok   R7-A25 real remote actor cannot demote itself
  ok   R7-A7 controller ECDH
  ok   R7-A8 ordered base KDF
  ok   R7-A9 session KDF
  ok   R7-A10 controller encodes request with its real security domain
  ok   R7-A11 real DATA packer
  ok   R7-A6 HAL queue really drained to fake radio
  ok   R7-A6 HAL queue really drained to fake radio
  ok   R7-A6 HAL queue really drained to fake radio
  ok   R7-A28 authenticated flight actually admits acl remove 0 confirm
  ok   R7-A12 main-loop completion releases ingress
  ok   R7-A7 controller ECDH
  ok   R7-A8 ordered base KDF
  ok   R7-A9 session KDF
  ok   R7-A6 HAL queue really drained to fake radio
  ok   R7-A6 HAL queue really drained to fake radio
  ok   R7-A6 HAL queue really drained to fake radio
  ok   R7-A6 HAL queue really drained to fake radio
  ok   R7-A29 actual response RTS precedes controller CTS
  ok   R7-A6 HAL queue really drained to fake radio
  ok   R7-A6 HAL queue really drained to fake radio
  ok   R7-A30 actual DATA hop ACK finishes the response flight
  ok   R7-A13 response has valid real carrier
  ok   R7-A14 air source is target identity
  ok   R7-A15 controller decodes sealed frame
  ok   R7-A16 request and sequence match
  ok   R7-A6 HAL queue really drained to fake radio
  ok   R7-A6 HAL queue really drained to fake radio
  ok   R7-A6 HAL queue really drained to fake radio
  ok   R7-A29 actual response RTS precedes controller CTS
  ok   R7-A6 HAL queue really drained to fake radio
  ok   R7-A6 HAL queue really drained to fake radio
  ok   R7-A30 actual DATA hop ACK finishes the response flight
  ok   R7-A13 response has valid real carrier
  ok   R7-A14 air source is target identity
  ok   R7-A15 controller decodes sealed frame
  ok   R7-A16 request and sequence match
  ok   R7-A17 typed terminal matches 0
  ok   R7-A18 exactly one mandatory terminal aired
  ok   R7-A21 only scheduled scalar metadata may reach the local console
  ok   R7-A7 controller ECDH
  ok   R7-A8 ordered base KDF
  ok   R7-A9 session KDF
  ok   R7-A10 controller encodes request with its real security domain
  ok   R7-A11 real DATA packer
  ok   R7-A6 HAL queue really drained to fake radio
  ok   R7-A6 HAL queue really drained to fake radio
  ok   R7-A6 HAL queue really drained to fake radio
  ok   R7-A22 response ACK releases transcript, retains tombstone, and consumes no ingress/reply
  ok   R7-A26 real remote actor may remove another owner
  ok   R7-A27 local behavior retains last-owner protection
  ok   R7-A1 fake radio initialized through real device adapter
  ok   R7-A2 real Node initializes
  ok   R7-A3 administration identity seeded through typed writer
  ok   R7-A4 ACL seeded through typed writer
  ok   R7-A5 real boot binding installed session
  ok   R7-A10 controller encodes request with its real security domain
  ok   R7-A11 real DATA packer
  ok   R7-A6 HAL queue really drained to fake radio
  ok   R7-A6 HAL queue really drained to fake radio
  ok   R7-A6 HAL queue really drained to fake radio
  ok   R72-O1 open radio request owns only independent staging
  ok   R72-O2 real seam completed the open capture
  ok   R7-A6 HAL queue really drained to fake radio
  ok   R7-A6 HAL queue really drained to fake radio
  ok   R7-A6 HAL queue really drained to fake radio
  ok   R7-A29 actual response RTS precedes controller CTS
  ok   R7-A6 HAL queue really drained to fake radio
  ok   R7-A6 HAL queue really drained to fake radio
  ok   R7-A30 actual DATA hop ACK finishes the response flight
  ok   R72-O3 actual open return carrier parses
  ok   R72-O4 actual carrier uses target source identity
  ok   R72-O5 actual response decodes WITHOUT a key
  ok   R72-O6 open sentinel ID sequence
  ok   R7-A6 HAL queue really drained to fake radio
  ok   R7-A6 HAL queue really drained to fake radio
  ok   R7-A6 HAL queue really drained to fake radio
  ok   R7-A29 actual response RTS precedes controller CTS
  ok   R7-A6 HAL queue really drained to fake radio
  ok   R7-A6 HAL queue really drained to fake radio
  ok   R7-A30 actual DATA hop ACK finishes the response flight
  ok   R72-O3 actual open return carrier parses
  ok   R72-O4 actual carrier uses target source identity
  ok   R72-O5 actual response decodes WITHOUT a key
  ok   R72-O6 open sentinel ID sequence
  ok   R7-A6 HAL queue really drained to fake radio
  ok   R7-A6 HAL queue really drained to fake radio
  ok   R7-A6 HAL queue really drained to fake radio
  ok   R7-A29 actual response RTS precedes controller CTS
  ok   R7-A6 HAL queue really drained to fake radio
  ok   R7-A6 HAL queue really drained to fake radio
  ok   R7-A30 actual DATA hop ACK finishes the response flight
  ok   R72-O3 actual open return carrier parses
  ok   R72-O4 actual carrier uses target source identity
  ok   R72-O5 actual response decodes WITHOUT a key
  ok   R72-O6 open sentinel ID sequence
  ok   R7-A6 HAL queue really drained to fake radio
  ok   R7-A6 HAL queue really drained to fake radio
  ok   R7-A6 HAL queue really drained to fake radio
  ok   R7-A29 actual response RTS precedes controller CTS
  ok   R7-A6 HAL queue really drained to fake radio
  ok   R7-A6 HAL queue really drained to fake radio
  ok   R7-A30 actual DATA hop ACK finishes the response flight
  ok   R72-O3 actual open return carrier parses
  ok   R72-O4 actual carrier uses target source identity
  ok   R72-O5 actual response decodes WITHOUT a key
  ok   R72-O6 open sentinel ID sequence
  ok   R72-O7 typed open terminal
  ok   R72-O8 exactly one open terminal
  ok   R72-O9 open status is byte-identical to local at the execution snapshot
  ok   R72-O12 successful open dispatch is not an inbound refusal
  ok   R72-O13 open path writes no NV
  ok   R72-O14 terminal wipes capture, retains cooldown
  ok   R72-O15 open transcript cannot leak to USB/BLE
  ok   R72-O16 real command context restored after open service
  ok   R72-S1 exact five counters and empty action status at seed 0
  ok   R72-S2 each scalar label appears exactly once: radmin_inbound_refusal=
  ok   R72-S2 each scalar label appears exactly once: radmin_open_rate_refusal=
  ok   R72-S2 each scalar label appears exactly once: radmin_transcript_exhaustion=
  ok   R72-S2 each scalar label appears exactly once: radmin_response_enqueue_failure=
  ok   R72-S2 each scalar label appears exactly once: radmin_response_seal_failure=
  ok   R7-A10 controller encodes request with its real security domain
  ok   R7-A11 real DATA packer
  ok   R7-A6 HAL queue really drained to fake radio
  ok   R7-A6 HAL queue really drained to fake radio
  ok   R7-A6 HAL queue really drained to fake radio
  ok   R72-O1 open radio request owns only independent staging
  ok   R72-O2 real seam completed the open capture
  ok   R7-A6 HAL queue really drained to fake radio
  ok   R7-A6 HAL queue really drained to fake radio
  ok   R7-A6 HAL queue really drained to fake radio
  ok   R7-A6 HAL queue really drained to fake radio
  ok   R7-A29 actual response RTS precedes controller CTS
  ok   R7-A6 HAL queue really drained to fake radio
  ok   R7-A6 HAL queue really drained to fake radio
  ok   R7-A30 actual DATA hop ACK finishes the response flight
  ok   R72-O3 actual open return carrier parses
  ok   R72-O4 actual carrier uses target source identity
  ok   R72-O5 actual response decodes WITHOUT a key
  ok   R72-O6 open sentinel ID sequence
  ok   R7-A6 HAL queue really drained to fake radio
  ok   R7-A6 HAL queue really drained to fake radio
  ok   R7-A6 HAL queue really drained to fake radio
  ok   R7-A29 actual response RTS precedes controller CTS
  ok   R7-A6 HAL queue really drained to fake radio
  ok   R7-A6 HAL queue really drained to fake radio
  ok   R7-A30 actual DATA hop ACK finishes the response flight
  ok   R72-O3 actual open return carrier parses
  ok   R72-O4 actual carrier uses target source identity
  ok   R72-O5 actual response decodes WITHOUT a key
  ok   R72-O6 open sentinel ID sequence
  ok   R7-A6 HAL queue really drained to fake radio
  ok   R7-A6 HAL queue really drained to fake radio
  ok   R7-A6 HAL queue really drained to fake radio
  ok   R7-A29 actual response RTS precedes controller CTS
  ok   R7-A6 HAL queue really drained to fake radio
  ok   R7-A6 HAL queue really drained to fake radio
  ok   R7-A30 actual DATA hop ACK finishes the response flight
  ok   R72-O3 actual open return carrier parses
  ok   R72-O4 actual carrier uses target source identity
  ok   R72-O5 actual response decodes WITHOUT a key
  ok   R72-O6 open sentinel ID sequence
  ok   R7-A6 HAL queue really drained to fake radio
  ok   R7-A6 HAL queue really drained to fake radio
  ok   R7-A6 HAL queue really drained to fake radio
  ok   R7-A29 actual response RTS precedes controller CTS
  ok   R7-A6 HAL queue really drained to fake radio
  ok   R7-A6 HAL queue really drained to fake radio
  ok   R7-A30 actual DATA hop ACK finishes the response flight
  ok   R72-O3 actual open return carrier parses
  ok   R72-O4 actual carrier uses target source identity
  ok   R72-O5 actual response decodes WITHOUT a key
  ok   R72-O6 open sentinel ID sequence
  ok   R72-O7 typed open terminal
  ok   R72-O8 exactly one open terminal
  ok   R72-O9 open status is byte-identical to local at the execution snapshot
  ok   R72-O12 successful open dispatch is not an inbound refusal
  ok   R72-O13 open path writes no NV
  ok   R72-O14 terminal wipes capture, retains cooldown
  ok   R72-O15 open transcript cannot leak to USB/BLE
  ok   R72-O16 real command context restored after open service
  ok   R72-S1 exact five counters and empty action status at seed 11
  ok   R72-S2 each scalar label appears exactly once: radmin_inbound_refusal=
  ok   R72-S2 each scalar label appears exactly once: radmin_open_rate_refusal=
  ok   R72-S2 each scalar label appears exactly once: radmin_transcript_exhaustion=
  ok   R72-S2 each scalar label appears exactly once: radmin_response_enqueue_failure=
  ok   R72-S2 each scalar label appears exactly once: radmin_response_seal_failure=
  ok   R7-A10 controller encodes request with its real security domain
  ok   R7-A11 real DATA packer
  ok   R7-A6 HAL queue really drained to fake radio
  ok   R7-A6 HAL queue really drained to fake radio
  ok   R7-A6 HAL queue really drained to fake radio
  ok   R72-O1 open radio request owns only independent staging
  ok   R72-O2 real seam completed the open capture
  ok   R7-A6 HAL queue really drained to fake radio
  ok   R7-A6 HAL queue really drained to fake radio
  ok   R7-A6 HAL queue really drained to fake radio
  ok   R7-A6 HAL queue really drained to fake radio
  ok   R7-A29 actual response RTS precedes controller CTS
  ok   R7-A6 HAL queue really drained to fake radio
  ok   R7-A6 HAL queue really drained to fake radio
  ok   R7-A30 actual DATA hop ACK finishes the response flight
  ok   R72-O3 actual open return carrier parses
  ok   R72-O4 actual carrier uses target source identity
  ok   R72-O5 actual response decodes WITHOUT a key
  ok   R72-O6 open sentinel ID sequence
  ok   R7-A6 HAL queue really drained to fake radio
  ok   R7-A6 HAL queue really drained to fake radio
  ok   R7-A6 HAL queue really drained to fake radio
  ok   R7-A29 actual response RTS precedes controller CTS
  ok   R7-A6 HAL queue really drained to fake radio
  ok   R7-A6 HAL queue really drained to fake radio
  ok   R7-A30 actual DATA hop ACK finishes the response flight
  ok   R72-O3 actual open return carrier parses
  ok   R72-O4 actual carrier uses target source identity
  ok   R72-O5 actual response decodes WITHOUT a key
  ok   R72-O6 open sentinel ID sequence
  ok   R7-A6 HAL queue really drained to fake radio
  ok   R7-A6 HAL queue really drained to fake radio
  ok   R7-A6 HAL queue really drained to fake radio
  ok   R7-A29 actual response RTS precedes controller CTS
  ok   R7-A6 HAL queue really drained to fake radio
  ok   R7-A6 HAL queue really drained to fake radio
  ok   R7-A30 actual DATA hop ACK finishes the response flight
  ok   R72-O3 actual open return carrier parses
  ok   R72-O4 actual carrier uses target source identity
  ok   R72-O5 actual response decodes WITHOUT a key
  ok   R72-O6 open sentinel ID sequence
  ok   R7-A6 HAL queue really drained to fake radio
  ok   R7-A6 HAL queue really drained to fake radio
  ok   R7-A6 HAL queue really drained to fake radio
  ok   R7-A29 actual response RTS precedes controller CTS
  ok   R7-A6 HAL queue really drained to fake radio
  ok   R7-A6 HAL queue really drained to fake radio
  ok   R7-A30 actual DATA hop ACK finishes the response flight
  ok   R72-O3 actual open return carrier parses
  ok   R72-O4 actual carrier uses target source identity
  ok   R72-O5 actual response decodes WITHOUT a key
  ok   R72-O6 open sentinel ID sequence
  ok   R72-O7 typed open terminal
  ok   R72-O8 exactly one open terminal
  ok   R72-O9 open status is byte-identical to local at the execution snapshot
  ok   R72-O12 successful open dispatch is not an inbound refusal
  ok   R72-O13 open path writes no NV
  ok   R72-O14 terminal wipes capture, retains cooldown
  ok   R72-O15 open transcript cannot leak to USB/BLE
  ok   R72-O16 real command context restored after open service
  ok   R72-S1 exact five counters and empty action status at seed 65535
  ok   R72-S2 each scalar label appears exactly once: radmin_inbound_refusal=
  ok   R72-S2 each scalar label appears exactly once: radmin_open_rate_refusal=
  ok   R72-S2 each scalar label appears exactly once: radmin_transcript_exhaustion=
  ok   R72-S2 each scalar label appears exactly once: radmin_response_enqueue_failure=
  ok   R72-S2 each scalar label appears exactly once: radmin_response_seal_failure=
  ok   R7-A10 controller encodes request with its real security domain
  ok   R7-A11 real DATA packer
  ok   R7-A6 HAL queue really drained to fake radio
  ok   R7-A6 HAL queue really drained to fake radio
  ok   R7-A6 HAL queue really drained to fake radio
  ok   R72-O1 open radio request owns only independent staging
  ok   R72-O2 real seam completed the open capture
  ok   R7-A6 HAL queue really drained to fake radio
  ok   R7-A6 HAL queue really drained to fake radio
  ok   R7-A6 HAL queue really drained to fake radio
  ok   R7-A6 HAL queue really drained to fake radio
  ok   R7-A29 actual response RTS precedes controller CTS
  ok   R7-A6 HAL queue really drained to fake radio
  ok   R7-A6 HAL queue really drained to fake radio
  ok   R7-A30 actual DATA hop ACK finishes the response flight
  ok   R72-O3 actual open return carrier parses
  ok   R72-O4 actual carrier uses target source identity
  ok   R72-O5 actual response decodes WITHOUT a key
  ok   R72-O6 open sentinel ID sequence
  ok   R7-A6 HAL queue really drained to fake radio
  ok   R7-A6 HAL queue really drained to fake radio
  ok   R7-A6 HAL queue really drained to fake radio
  ok   R7-A29 actual response RTS precedes controller CTS
  ok   R7-A6 HAL queue really drained to fake radio
  ok   R7-A6 HAL queue really drained to fake radio
  ok   R7-A30 actual DATA hop ACK finishes the response flight
  ok   R72-O3 actual open return carrier parses
  ok   R72-O4 actual carrier uses target source identity
  ok   R72-O5 actual response decodes WITHOUT a key
  ok   R72-O6 open sentinel ID sequence
  ok   R72-O7 typed open terminal
  ok   R72-O8 exactly one open terminal
  ok   R72-O9 open routes is byte-identical to local at the execution snapshot
  ok   R72-O12 successful open dispatch is not an inbound refusal
  ok   R72-O13 open path writes no NV
  ok   R72-O14 terminal wipes capture, retains cooldown
  ok   R72-O15 open transcript cannot leak to USB/BLE
  ok   R72-O16 real command context restored after open service
  ok   R7-A10 controller encodes request with its real security domain
  ok   R7-A11 real DATA packer
  ok   R7-A6 HAL queue really drained to fake radio
  ok   R7-A6 HAL queue really drained to fake radio
  ok   R7-A6 HAL queue really drained to fake radio
  ok   R72-O1 open radio request owns only independent staging
  ok   R72-O2 real seam completed the open capture
  ok   R7-A6 HAL queue really drained to fake radio
  ok   R7-A6 HAL queue really drained to fake radio
  ok   R7-A6 HAL queue really drained to fake radio
  ok   R7-A29 actual response RTS precedes controller CTS
  ok   R7-A6 HAL queue really drained to fake radio
  ok   R7-A6 HAL queue really drained to fake radio
  ok   R7-A30 actual DATA hop ACK finishes the response flight
  ok   R72-O3 actual open return carrier parses
  ok   R72-O4 actual carrier uses target source identity
  ok   R72-O5 actual response decodes WITHOUT a key
  ok   R72-O6 open sentinel ID sequence
  ok   R72-O7 typed open terminal
  ok   R72-O8 exactly one open terminal
  ok   R72-O10 open refusal never calls a handler
  ok   R72-O11 one staged refusal, counted once
  ok   R72-O13 open path writes no NV
  ok   R72-O14 terminal wipes capture, retains cooldown
  ok   R72-O15 open transcript cannot leak to USB/BLE
  ok   R72-O16 real command context restored after open service
  ok   R7-A10 controller encodes request with its real security domain
  ok   R7-A11 real DATA packer
  ok   R7-A6 HAL queue really drained to fake radio
  ok   R7-A6 HAL queue really drained to fake radio
  ok   R7-A6 HAL queue really drained to fake radio
  ok   R72-O1 open radio request owns only independent staging
  ok   R72-O2 real seam completed the open capture
  ok   R7-A6 HAL queue really drained to fake radio
  ok   R7-A6 HAL queue really drained to fake radio
  ok   R7-A6 HAL queue really drained to fake radio
  ok   R7-A6 HAL queue really drained to fake radio
  ok   R7-A29 actual response RTS precedes controller CTS
  ok   R7-A6 HAL queue really drained to fake radio
  ok   R7-A6 HAL queue really drained to fake radio
  ok   R7-A30 actual DATA hop ACK finishes the response flight
  ok   R72-O3 actual open return carrier parses
  ok   R72-O4 actual carrier uses target source identity
  ok   R72-O5 actual response decodes WITHOUT a key
  ok   R72-O6 open sentinel ID sequence
  ok   R72-O7 typed open terminal
  ok   R72-O8 exactly one open terminal
  ok   R72-O10 open refusal never calls a handler
  ok   R72-O11 one staged refusal, counted once
  ok   R72-O13 open path writes no NV
  ok   R72-O14 terminal wipes capture, retains cooldown
  ok   R72-O15 open transcript cannot leak to USB/BLE
  ok   R72-O16 real command context restored after open service
  ok   R7-A10 controller encodes request with its real security domain
  ok   R7-A11 real DATA packer
  ok   R7-A6 HAL queue really drained to fake radio
  ok   R7-A6 HAL queue really drained to fake radio
  ok   R7-A6 HAL queue really drained to fake radio
  ok   R72-O1 open radio request owns only independent staging
  ok   R72-O2 real seam completed the open capture
  ok   R7-A6 HAL queue really drained to fake radio
  ok   R7-A6 HAL queue really drained to fake radio
  ok   R7-A6 HAL queue really drained to fake radio
  ok   R7-A6 HAL queue really drained to fake radio
  ok   R7-A29 actual response RTS precedes controller CTS
  ok   R7-A6 HAL queue really drained to fake radio
  ok   R7-A6 HAL queue really drained to fake radio
  ok   R7-A30 actual DATA hop ACK finishes the response flight
  ok   R72-O3 actual open return carrier parses
  ok   R72-O4 actual carrier uses target source identity
  ok   R72-O5 actual response decodes WITHOUT a key
  ok   R72-O6 open sentinel ID sequence
  ok   R72-O7 typed open terminal
  ok   R72-O8 exactly one open terminal
  ok   R72-O10 open refusal never calls a handler
  ok   R72-O11 one staged refusal, counted once
  ok   R72-O13 open path writes no NV
  ok   R72-O14 terminal wipes capture, retains cooldown
  ok   R72-O15 open transcript cannot leak to USB/BLE
  ok   R72-O16 real command context restored after open service
  ok   R7-A10 controller encodes request with its real security domain
  ok   R7-A11 real DATA packer
  ok   R7-A6 HAL queue really drained to fake radio
  ok   R7-A6 HAL queue really drained to fake radio
  ok   R7-A6 HAL queue really drained to fake radio
  ok   R72-O1 open radio request owns only independent staging
  ok   R72-O2 real seam completed the open capture
  ok   R7-A6 HAL queue really drained to fake radio
  ok   R7-A6 HAL queue really drained to fake radio
  ok   R7-A6 HAL queue really drained to fake radio
  ok   R7-A6 HAL queue really drained to fake radio
  ok   R7-A29 actual response RTS precedes controller CTS
  ok   R7-A6 HAL queue really drained to fake radio
  ok   R7-A6 HAL queue really drained to fake radio
  ok   R7-A30 actual DATA hop ACK finishes the response flight
  ok   R72-O3 actual open return carrier parses
  ok   R72-O4 actual carrier uses target source identity
  ok   R72-O5 actual response decodes WITHOUT a key
  ok   R72-O6 open sentinel ID sequence
  ok   R72-O7 typed open terminal
  ok   R72-O8 exactly one open terminal
  ok   R72-O10 open refusal never calls a handler
  ok   R72-O11 one staged refusal, counted once
  ok   R72-O13 open path writes no NV
  ok   R72-O14 terminal wipes capture, retains cooldown
  ok   R72-O15 open transcript cannot leak to USB/BLE
  ok   R72-O16 real command context restored after open service
  ok   R7-A10 controller encodes request with its real security domain
  ok   R7-A11 real DATA packer
  ok   R7-A6 HAL queue really drained to fake radio
  ok   R7-A6 HAL queue really drained to fake radio
  ok   R7-A6 HAL queue really drained to fake radio
  ok   R72-O1 open radio request owns only independent staging
  ok   R72-O2 real seam completed the open capture
  ok   R7-A6 HAL queue really drained to fake radio
  ok   R7-A6 HAL queue really drained to fake radio
  ok   R7-A6 HAL queue really drained to fake radio
  ok   R7-A6 HAL queue really drained to fake radio
  ok   R7-A29 actual response RTS precedes controller CTS
  ok   R7-A6 HAL queue really drained to fake radio
  ok   R7-A6 HAL queue really drained to fake radio
  ok   R7-A30 actual DATA hop ACK finishes the response flight
  ok   R72-O3 actual open return carrier parses
  ok   R72-O4 actual carrier uses target source identity
  ok   R72-O5 actual response decodes WITHOUT a key
  ok   R72-O6 open sentinel ID sequence
  ok   R72-O7 typed open terminal
  ok   R72-O8 exactly one open terminal
  ok   R72-O10 open refusal never calls a handler
  ok   R72-O11 one staged refusal, counted once
  ok   R72-O13 open path writes no NV
  ok   R72-O14 terminal wipes capture, retains cooldown
  ok   R72-O15 open transcript cannot leak to USB/BLE
  ok   R72-O16 real command context restored after open service
  ok   R7-A10 controller encodes request with its real security domain
  ok   R7-A11 real DATA packer
  ok   R7-A6 HAL queue really drained to fake radio
  ok   R7-A6 HAL queue really drained to fake radio
  ok   R7-A6 HAL queue really drained to fake radio
  ok   R72-O1 open radio request owns only independent staging
  ok   R72-O2 real seam completed the open capture
  ok   R7-A6 HAL queue really drained to fake radio
  ok   R7-A6 HAL queue really drained to fake radio
  ok   R7-A6 HAL queue really drained to fake radio
  ok   R7-A29 actual response RTS precedes controller CTS
  ok   R7-A6 HAL queue really drained to fake radio
  ok   R7-A6 HAL queue really drained to fake radio
  ok   R7-A30 actual DATA hop ACK finishes the response flight
  ok   R72-O3 actual open return carrier parses
  ok   R72-O4 actual carrier uses target source identity
  ok   R72-O5 actual response decodes WITHOUT a key
  ok   R72-O6 open sentinel ID sequence
  ok   R72-O7 typed open terminal
  ok   R72-O8 exactly one open terminal
  ok   R72-O10 open refusal never calls a handler
  ok   R72-O11 one staged refusal, counted once
  ok   R72-O13 open path writes no NV
  ok   R72-O14 terminal wipes capture, retains cooldown
  ok   R72-O15 open transcript cannot leak to USB/BLE
  ok   R72-O16 real command context restored after open service
  ok   R7-A10 controller encodes request with its real security domain
  ok   R7-A11 real DATA packer
  ok   R7-A6 HAL queue really drained to fake radio
  ok   R7-A6 HAL queue really drained to fake radio
  ok   R7-A6 HAL queue really drained to fake radio
  ok   R72-O1 open radio request owns only independent staging
  ok   R72-O2 real seam completed the open capture
  ok   R7-A6 HAL queue really drained to fake radio
  ok   R7-A6 HAL queue really drained to fake radio
  ok   R7-A6 HAL queue really drained to fake radio
  ok   R7-A6 HAL queue really drained to fake radio
  ok   R7-A29 actual response RTS precedes controller CTS
  ok   R7-A6 HAL queue really drained to fake radio
  ok   R7-A6 HAL queue really drained to fake radio
  ok   R7-A30 actual DATA hop ACK finishes the response flight
  ok   R72-O3 actual open return carrier parses
  ok   R72-O4 actual carrier uses target source identity
  ok   R72-O5 actual response decodes WITHOUT a key
  ok   R72-O6 open sentinel ID sequence
  ok   R72-O7 typed open terminal
  ok   R72-O8 exactly one open terminal
  ok   R72-O10 open refusal never calls a handler
  ok   R72-O11 one staged refusal, counted once
  ok   R72-O13 open path writes no NV
  ok   R72-O14 terminal wipes capture, retains cooldown
  ok   R72-O15 open transcript cannot leak to USB/BLE
  ok   R72-O16 real command context restored after open service
  ok   R7-A10 controller encodes request with its real security domain
  ok   R7-A11 real DATA packer
  ok   R7-A6 HAL queue really drained to fake radio
  ok   R7-A6 HAL queue really drained to fake radio
  ok   R7-A6 HAL queue really drained to fake radio
  ok   R72-O1 open radio request owns only independent staging
  ok   R72-O2 real seam completed the open capture
  ok   R7-A6 HAL queue really drained to fake radio
  ok   R7-A6 HAL queue really drained to fake radio
  ok   R7-A6 HAL queue really drained to fake radio
  ok   R7-A6 HAL queue really drained to fake radio
  ok   R7-A29 actual response RTS precedes controller CTS
  ok   R7-A6 HAL queue really drained to fake radio
  ok   R7-A6 HAL queue really drained to fake radio
  ok   R7-A30 actual DATA hop ACK finishes the response flight
  ok   R72-O3 actual open return carrier parses
  ok   R72-O4 actual carrier uses target source identity
  ok   R72-O5 actual response decodes WITHOUT a key
  ok   R72-O6 open sentinel ID sequence
  ok   R72-O7 typed open terminal
  ok   R72-O8 exactly one open terminal
  ok   R72-O10 open refusal never calls a handler
  ok   R72-O11 one staged refusal, counted once
  ok   R72-O13 open path writes no NV
  ok   R72-O14 terminal wipes capture, retains cooldown
  ok   R72-O15 open transcript cannot leak to USB/BLE
  ok   R72-O16 real command context restored after open service
  ok   R7-A10 controller encodes request with its real security domain
  ok   R7-A11 real DATA packer
  ok   R7-A6 HAL queue really drained to fake radio
  ok   R7-A6 HAL queue really drained to fake radio
  ok   R7-A6 HAL queue really drained to fake radio
  ok   R72-O1 open radio request owns only independent staging
  ok   R72-O2 real seam completed the open capture
  ok   R7-A6 HAL queue really drained to fake radio
  ok   R7-A6 HAL queue really drained to fake radio
  ok   R7-A6 HAL queue really drained to fake radio
  ok   R7-A6 HAL queue really drained to fake radio
  ok   R7-A29 actual response RTS precedes controller CTS
  ok   R7-A6 HAL queue really drained to fake radio
  ok   R7-A6 HAL queue really drained to fake radio
  ok   R7-A30 actual DATA hop ACK finishes the response flight
  ok   R72-O3 actual open return carrier parses
  ok   R72-O4 actual carrier uses target source identity
  ok   R72-O5 actual response decodes WITHOUT a key
  ok   R72-O6 open sentinel ID sequence
  ok   R72-O7 typed open terminal
  ok   R72-O8 exactly one open terminal
  ok   R72-O10 open refusal never calls a handler
  ok   R72-O11 one staged refusal, counted once
  ok   R72-O13 open path writes no NV
  ok   R72-O14 terminal wipes capture, retains cooldown
  ok   R72-O15 open transcript cannot leak to USB/BLE
  ok   R72-O16 real command context restored after open service
  ok   R7-A10 controller encodes request with its real security domain
  ok   R7-A11 real DATA packer
  ok   R7-A6 HAL queue really drained to fake radio
  ok   R7-A6 HAL queue really drained to fake radio
  ok   R7-A6 HAL queue really drained to fake radio
  ok   R72-O1 open radio request owns only independent staging
  ok   R72-O2 real seam completed the open capture
  ok   R7-A6 HAL queue really drained to fake radio
  ok   R7-A6 HAL queue really drained to fake radio
  ok   R7-A6 HAL queue really drained to fake radio
  ok   R7-A6 HAL queue really drained to fake radio
  ok   R7-A29 actual response RTS precedes controller CTS
  ok   R7-A6 HAL queue really drained to fake radio
  ok   R7-A6 HAL queue really drained to fake radio
  ok   R7-A30 actual DATA hop ACK finishes the response flight
  ok   R72-O3 actual open return carrier parses
  ok   R72-O4 actual carrier uses target source identity
  ok   R72-O5 actual response decodes WITHOUT a key
  ok   R72-O6 open sentinel ID sequence
  ok   R72-O7 typed open terminal
  ok   R72-O8 exactly one open terminal
  ok   R72-O10 open refusal never calls a handler
  ok   R72-O11 one staged refusal, counted once
  ok   R72-O13 open path writes no NV
  ok   R72-O14 terminal wipes capture, retains cooldown
  ok   R72-O15 open transcript cannot leak to USB/BLE
  ok   R72-O16 real command context restored after open service
  ok   R7-A10 controller encodes request with its real security domain
  ok   R7-A11 real DATA packer
  ok   R7-A6 HAL queue really drained to fake radio
  ok   R7-A6 HAL queue really drained to fake radio
  ok   R7-A6 HAL queue really drained to fake radio
  ok   R72-O1 open radio request owns only independent staging
  ok   R72-O2 real seam completed the open capture
  ok   R7-A6 HAL queue really drained to fake radio
  ok   R7-A6 HAL queue really drained to fake radio
  ok   R7-A6 HAL queue really drained to fake radio
  ok   R7-A6 HAL queue really drained to fake radio
  ok   R7-A29 actual response RTS precedes controller CTS
  ok   R7-A6 HAL queue really drained to fake radio
  ok   R7-A6 HAL queue really drained to fake radio
  ok   R7-A30 actual DATA hop ACK finishes the response flight
  ok   R72-O3 actual open return carrier parses
  ok   R72-O4 actual carrier uses target source identity
  ok   R72-O5 actual response decodes WITHOUT a key
  ok   R72-O6 open sentinel ID sequence
  ok   R72-O7 typed open terminal
  ok   R72-O8 exactly one open terminal
  ok   R72-O10 open refusal never calls a handler
  ok   R72-O11 one staged refusal, counted once
  ok   R72-O13 open path writes no NV
  ok   R72-O14 terminal wipes capture, retains cooldown
  ok   R72-O15 open transcript cannot leak to USB/BLE
  ok   R72-O16 real command context restored after open service
  ok   R7-A10 controller encodes request with its real security domain
  ok   R7-A11 real DATA packer
  ok   R7-A6 HAL queue really drained to fake radio
  ok   R7-A6 HAL queue really drained to fake radio
  ok   R7-A6 HAL queue really drained to fake radio
  ok   R72-O1 open radio request owns only independent staging
  ok   R72-O2 real seam completed the open capture
  ok   R7-A6 HAL queue really drained to fake radio
  ok   R7-A6 HAL queue really drained to fake radio
  ok   R7-A6 HAL queue really drained to fake radio
  ok   R7-A6 HAL queue really drained to fake radio
  ok   R7-A29 actual response RTS precedes controller CTS
  ok   R7-A6 HAL queue really drained to fake radio
  ok   R7-A6 HAL queue really drained to fake radio
  ok   R7-A30 actual DATA hop ACK finishes the response flight
  ok   R72-O3 actual open return carrier parses
  ok   R72-O4 actual carrier uses target source identity
  ok   R72-O5 actual response decodes WITHOUT a key
  ok   R72-O6 open sentinel ID sequence
  ok   R72-O7 typed open terminal
  ok   R72-O8 exactly one open terminal
  ok   R72-O10 open refusal never calls a handler
  ok   R72-O11 one staged refusal, counted once
  ok   R72-O13 open path writes no NV
  ok   R72-O14 terminal wipes capture, retains cooldown
  ok   R72-O15 open transcript cannot leak to USB/BLE
  ok   R72-O16 real command context restored after open service
  ok   R7-A7 controller ECDH
  ok   R7-A8 ordered base KDF
  ok   R7-A9 session KDF
  ok   R7-A10 controller encodes request with its real security domain
  ok   R7-A11 real DATA packer
  ok   R7-A6 HAL queue really drained to fake radio
  ok   R7-A6 HAL queue really drained to fake radio
  ok   R7-A6 HAL queue really drained to fake radio
  ok   R7-A6 HAL queue really drained to fake radio
  ok   R7-A6 HAL queue really drained to fake radio
  ok   R7-A6 HAL queue really drained to fake radio
  ok   R7-A6 HAL queue really drained to fake radio
  ok   R7-A29 actual response RTS precedes controller CTS
  ok   R7-A6 HAL queue really drained to fake radio
  ok   R7-A6 HAL queue really drained to fake radio
  ok   R7-A30 actual DATA hop ACK finishes the response flight
  ok   R72-C1 actual firmware service consumes control with one eight-byte draw
  ok   R72-C2 actual firmware control writes no NV and releases its ingress
  ok   R72-C3 control leaves no command context published
checks: 1374   failures: 0
PASS

== negative controls (each MUST turn the probe RED) ==
  ok   a real SIGSEGV classifies as UNUSABLE, and 1/3 red · 0/0 passes · 1/0 silent still discriminate
  ok   C1  the `clear_inbox` DISPATCH ARM is deleted (the verb is unreachable) -> RED (21 check(s) failed: W1 W2 W3 W3 W3 W3 W3 W3 W3 W4 W4b W4c W4d W4e W5 W5c W5d W6 W6b W7 W9 )
  ok   C2  the dispatch arm off-by-one (`line[11]` -> `line[10]`, `+ 11` -> `+ 10`) -> RED (18 check(s) failed: W3 W3 W3 W3 W3 W3 W3 W4 W4b W4c W4d W4e W5 W5c W5d W6 W6b W7 )
  ok   C3  the confirmation check is BYPASSED (`!parse_confirm_token(...)` -> `false`) -> RED (13 check(s) failed: W2 W2b W2c W2d W3 W3 W3 W3 W3 W3 W3 W9 W9b )
  ok   C4  the refusal early `return` is REMOVED (it refuses AND clears) -> RED (13 check(s) failed: W2 W2b W2c W2d W3 W3 W3 W3 W3 W3 W3 W9 W9b )
  ok   C5  the verdict is forced TRUE into `inbox_clear_result()` (failure prints `cleared`) -> RED (4 check(s) failed: W5 W5b W6 W7 )
  ok   C22 the §RADMIN target-store DISPATCH ARM is deleted (both families unreachable) -> RED (64 check(s) failed: R30 R30b R31 R31b R32 R32b R32d R32e R32g R32h R33 R34 R34 R34 R34 R34 R35 R35b R35c R35d R35e R35f R35g R35h R36 R37 R38 R39 R39c R42c R42d R42e R42f S5-1a S5-1b S5-1c S5-1f S5-2a S5-2b S5-2c S5-2d S5-2e S5-2f S5-3a S5-3c S5-4a S5-7a S5-7c S5-7d S5-7e S5-7f S5-8a S5-8b S5-8d S5-8e S5-8f R41 R7-A17 R7-A24 R7-A17 R7-A25 R7-A17 R7-A26 R7-A27 )
  ok   C23 ★ the seed binding STOPS DRAWING from the platform (answers true, fills nothing) -> RED (39 check(s) failed: R32 R32b R32d R32e R32g R32h R33 R35 R35b R35c R35d R35e R35f R35g R35h R37 R38 S5-1a S5-1b S5-1c S5-1f S5-2a S5-2b S5-2c S5-2d S5-2e S5-2f S5-3a S5-3c S5-4a S5-7a S5-7c S5-7d S5-7e S5-7f S5-8a S5-8d S5-8e S5-8f )
  ok   C24 the admin-identity store binding stops reading the record it was bound to -> RED (33 check(s) failed: R32e R33 R35 R35b R35c R35d R35e R35f R35g R35h R42c R42e S5-1a S5-1b S5-1c S5-1f S5-2a S5-2b S5-2c S5-2d S5-2e S5-2f S5-3a S5-3c S5-4a S5-7d S5-7e S5-7f S5-8a S5-8b S5-8d S5-8e S5-8f )
  ok   C25 the target-store Print adapter writes to `mrcon` instead of the SUPPLIED sink ([[B279]] shape) -> RED (45 check(s) failed: R31 R31b R32 R32e R33 R34 R34 R34 R34 R34 R35 R35c R35d R35e R35f R35g R35h R36 R37 R38 R39 R39c R42c R42d R42e R42f S5-1a S5-2a S5-2c S5-2e S5-3a S5-4a S5-7a S5-7d S5-8a S5-8b S5-8e R41 R7-A21 R7-A24 R7-A21 R7-A25 R7-A21 R7-A26 R7-A27 )
  ok   C27 ★ `load_acl` stops asking the primitive for SlotIo — a DEAD store reads as a fresh device -> RED (3 check(s) failed: R42b R42d R42f )
  ok   C28 ★★ `save_acl` WRITES THE WRONG SLOT — an ACL update lands on the administration root -> RED (154 check(s) failed: R35b R35c R35d R35e R35f R35g R35h S5-1c S5-1f S5-2a S5-2b S5-2c S5-2d S5-2e S5-2f S5-3a S5-3c S5-4a S5-7f S5-8d S5-8f R7-A5 R7-A28 R7-A18 R7-A19 R7-A22 R7-A28 R7-A18 R7-A19 R7-A22 R7-A28 R7-A18 R7-A22 R7-A28 R7-A18 R7-A22 R7-A28 R7-A18 R7-A21 R7-A22 R7-A28 R7-A18 R7-A22 R7-A24 R7-A28 R7-A18 R7-A22 R7-A25 R7-A28 R7-A18 R7-A22 R7-A26 R7-A27 R7-A5 R72-O1 R72-O2 R72-O8 R72-O9 R72-O14 R72-S1 R72-S2 R72-S2 R72-S2 R72-S2 R72-S2 R72-O1 R72-O2 R72-O8 R72-O9 R72-O14 R72-S1 R72-S2 R72-S2 R72-S2 R72-S2 R72-S2 R72-O1 R72-O2 R72-O8 R72-O9 R72-O14 R72-S1 R72-S2 R72-S2 R72-S2 R72-S2 R72-S2 R72-O1 R72-O2 R72-O8 R72-O9 R72-O14 R72-O1 R72-O2 R72-O8 R72-O11 R72-O14 R72-O1 R72-O2 R72-O8 R72-O11 R72-O14 R72-O1 R72-O2 R72-O8 R72-O11 R72-O14 R72-O1 R72-O2 R72-O8 R72-O11 R72-O14 R72-O1 R72-O2 R72-O8 R72-O11 R72-O14 R72-O1 R72-O2 R72-O8 R72-O11 R72-O14 R72-O1 R72-O2 R72-O8 R72-O11 R72-O14 R72-O1 R72-O2 R72-O8 R72-O11 R72-O14 R72-O1 R72-O2 R72-O8 R72-O11 R72-O14 R72-O1 R72-O2 R72-O8 R72-O11 R72-O14 R72-O1 R72-O2 R72-O8 R72-O11 R72-O14 R72-O1 R72-O2 R72-O8 R72-O11 R72-O14 R7-A29 R72-C1 )
  ok   C29 ★★ `load_admin_id` READS THE WRONG SLOT — the ACL bytes are classified as an administration root -> RED (166 check(s) failed: R32d R32e R33 R35 R35b R35c R35d R35e R35f R35g R35h S5-1a S5-1b S5-1c S5-1f S5-2a S5-2b S5-2c S5-2d S5-2e S5-2f S5-3a S5-3c S5-4a S5-7c S5-7d S5-7e S5-7f S5-8a S5-8b S5-8d S5-8e S5-8f R7-A5 R7-A28 R7-A18 R7-A19 R7-A22 R7-A28 R7-A18 R7-A19 R7-A22 R7-A28 R7-A18 R7-A22 R7-A28 R7-A18 R7-A22 R7-A28 R7-A18 R7-A21 R7-A22 R7-A28 R7-A18 R7-A22 R7-A24 R7-A28 R7-A18 R7-A22 R7-A25 R7-A28 R7-A18 R7-A22 R7-A26 R7-A27 R7-A5 R72-O1 R72-O2 R72-O8 R72-O9 R72-O14 R72-S1 R72-S2 R72-S2 R72-S2 R72-S2 R72-S2 R72-O1 R72-O2 R72-O8 R72-O9 R72-O14 R72-S1 R72-S2 R72-S2 R72-S2 R72-S2 R72-S2 R72-O1 R72-O2 R72-O8 R72-O9 R72-O14 R72-S1 R72-S2 R72-S2 R72-S2 R72-S2 R72-S2 R72-O1 R72-O2 R72-O8 R72-O9 R72-O14 R72-O1 R72-O2 R72-O8 R72-O11 R72-O14 R72-O1 R72-O2 R72-O8 R72-O11 R72-O14 R72-O1 R72-O2 R72-O8 R72-O11 R72-O14 R72-O1 R72-O2 R72-O8 R72-O11 R72-O14 R72-O1 R72-O2 R72-O8 R72-O11 R72-O14 R72-O1 R72-O2 R72-O8 R72-O11 R72-O14 R72-O1 R72-O2 R72-O8 R72-O11 R72-O14 R72-O1 R72-O2 R72-O8 R72-O11 R72-O14 R72-O1 R72-O2 R72-O8 R72-O11 R72-O14 R72-O1 R72-O2 R72-O8 R72-O11 R72-O14 R72-O1 R72-O2 R72-O8 R72-O11 R72-O14 R72-O1 R72-O2 R72-O8 R72-O11 R72-O14 R7-A29 R72-C1 )
  ok   C26 the READ-ONLY boot report starts WRITING (an auto-seed on a fresh device) -> RED (151 check(s) failed: R40 R42g S5-1c S5-1d S5-1f S5-2a S5-2b S5-2c S5-2d S5-2f S5-3a S5-3c S5-4a S5-7d S5-7e S5-7f S5-8d S5-8f R7-A5 R7-A28 R7-A18 R7-A19 R7-A22 R7-A28 R7-A18 R7-A19 R7-A22 R7-A28 R7-A18 R7-A22 R7-A28 R7-A18 R7-A22 R7-A28 R7-A18 R7-A21 R7-A22 R7-A28 R7-A18 R7-A22 R7-A24 R7-A28 R7-A18 R7-A22 R7-A25 R7-A28 R7-A18 R7-A22 R7-A26 R7-A27 R7-A5 R72-O1 R72-O2 R72-O8 R72-O9 R72-O14 R72-S1 R72-S2 R72-S2 R72-S2 R72-S2 R72-S2 R72-O1 R72-O2 R72-O8 R72-O9 R72-O14 R72-S1 R72-S2 R72-S2 R72-S2 R72-S2 R72-S2 R72-O1 R72-O2 R72-O8 R72-O9 R72-O14 R72-S1 R72-S2 R72-S2 R72-S2 R72-S2 R72-S2 R72-O1 R72-O2 R72-O8 R72-O9 R72-O14 R72-O1 R72-O2 R72-O8 R72-O11 R72-O14 R72-O1 R72-O2 R72-O8 R72-O11 R72-O14 R72-O1 R72-O2 R72-O8 R72-O11 R72-O14 R72-O1 R72-O2 R72-O8 R72-O11 R72-O14 R72-O1 R72-O2 R72-O8 R72-O11 R72-O14 R72-O1 R72-O2 R72-O8 R72-O11 R72-O14 R72-O1 R72-O2 R72-O8 R72-O11 R72-O14 R72-O1 R72-O2 R72-O8 R72-O11 R72-O14 R72-O1 R72-O2 R72-O8 R72-O11 R72-O14 R72-O1 R72-O2 R72-O8 R72-O11 R72-O14 R72-O1 R72-O2 R72-O8 R72-O11 R72-O14 R72-O1 R72-O2 R72-O8 R72-O11 R72-O14 R7-A29 R72-C1 )
  ok   C6  `ib.clear()` is replaced by an unconditional success (the ack claims a clear that never ran) -> RED (11 check(s) failed: W4b W4c W4d W4e W5 W5b W5c W5d W6 W6b W7 )
  ok   C7  the dispatch arm routes `clear_inbox` to `handle_del_msg` instead -> RED (19 check(s) failed: W2 W3 W3 W3 W3 W3 W3 W3 W4b W4c W4d W4e W5 W5c W5d W6 W6b W7 W9 )
  ok   C8  the dispatch arm hands `do_regen` the GLOBAL console instead of its supplied `out` ([[B279]] restored) -> RED (7 check(s) failed: R2 R3 R12 R13 R14 R25 R26 )
  ok   C9  `do_regen`'s own success/error writes are routed back to `mrcon` -> RED (6 check(s) failed: R2 R3 R12 R13 R25 R26 )
  ok   C10 `print_identity`'s body is routed back to `mrcon` (the identity tail leaks, the prefix does not) -> RED (5 check(s) failed: R12 R13 R14 R25 R26 )
  ok   C11 the production `LineSink` never ships (neither on newline nor on flush) -> RED (7 check(s) failed: R2 R12 R14 R25 R26 X2 X20 )
  ok   C12 the NV fake RETAINS the record while reporting the write FAILED (dishonest storage) -> RED (1 check(s) failed: R8 )
  ok   C13 the NV fake reports a SUCCESSFUL write while retaining nothing (dishonest storage) -> RED (177 check(s) failed: R8 R12 R19 R20 R21 R22 R23 R26 R31 X8b R32b R32d R32e R33 R35 R35b R35c R35d R35e R35f R35g R35h S5-1a S5-1b S5-1c S5-1f S5-2a S5-2b S5-2c S5-2d S5-2e S5-2f S5-3a S5-3c S5-4a S5-7c S5-7d S5-7e S5-7f S5-8a S5-8d S5-8f A7-5 A7-6 R7-A5 R7-A28 R7-A18 R7-A19 R7-A22 R7-A28 R7-A18 R7-A19 R7-A22 R7-A28 R7-A18 R7-A22 R7-A28 R7-A18 R7-A22 R7-A28 R7-A18 R7-A21 R7-A22 R7-A28 R7-A18 R7-A22 R7-A24 R7-A28 R7-A18 R7-A22 R7-A25 R7-A28 R7-A18 R7-A22 R7-A26 R7-A27 R7-A5 R72-O1 R72-O2 R72-O8 R72-O9 R72-O14 R72-S1 R72-S2 R72-S2 R72-S2 R72-S2 R72-S2 R72-O1 R72-O2 R72-O8 R72-O9 R72-O14 R72-S1 R72-S2 R72-S2 R72-S2 R72-S2 R72-S2 R72-O1 R72-O2 R72-O8 R72-O9 R72-O14 R72-S1 R72-S2 R72-S2 R72-S2 R72-S2 R72-S2 R72-O1 R72-O2 R72-O8 R72-O9 R72-O14 R72-O1 R72-O2 R72-O8 R72-O11 R72-O14 R72-O1 R72-O2 R72-O8 R72-O11 R72-O14 R72-O1 R72-O2 R72-O8 R72-O11 R72-O14 R72-O1 R72-O2 R72-O8 R72-O11 R72-O14 R72-O1 R72-O2 R72-O8 R72-O11 R72-O14 R72-O1 R72-O2 R72-O8 R72-O11 R72-O14 R72-O1 R72-O2 R72-O8 R72-O11 R72-O14 R72-O1 R72-O2 R72-O8 R72-O11 R72-O14 R72-O1 R72-O2 R72-O8 R72-O11 R72-O14 R72-O1 R72-O2 R72-O8 R72-O11 R72-O14 R72-O1 R72-O2 R72-O8 R72-O11 R72-O14 R72-O1 R72-O2 R72-O8 R72-O11 R72-O14 R7-A29 R72-C1 )
  ok   C14 the seam renders each transport in the OTHER format (`fmt == json` -> `fmt == text`) -> RED (18 check(s) failed: X3 X4 X7 X8 X8b X9 X10 X11 X12 X13 X18 X19 Y2 Y2 Y2 Y2 Y2 Y2 )
  ok   C15 `peerkey` is executed as a bare Node command instead of through handle_peerkey -> RED (2 check(s) failed: X8 X8b )
  ok   C16 an accepted `reqpubkey` loses its reqpubkey_sent event (falls back to write_ack) -> RED (1 check(s) failed: X11 )
  ok   C17 the TEXT arm drops print_reqpubkey_hint (a refusal names the wall but not the way round it) -> RED (1 check(s) failed: X13 )
  ok   C18 the TEXT arm writes to the global `mrcon` instead of the sink it was handed ([[B279]] shape) -> RED (4 check(s) failed: X18 Y2 Y2 Y2 )
  ok   C19 the `empty` completion is collapsed into `unmatched` (a bare Enter would answer an error) -> RED (1 check(s) failed: X14 )
  ok   C20 a router response is reported as `buffered` instead of `streamed` (the caller would not flush) -> RED (4 check(s) failed: X1 X2 X17 X20 )
  ok   C21 the TEXT arm executes the Node command TWICE (two ctrs burned, one answer printed) -> RED (4 check(s) failed: X6 Y4 Y4 Y4 )
    source match count 1
  ok   S6-C1 seam validator bypassed -> RED (33 check(s) failed: Y1 Y2 Y3 Y1 Y2 Y3 Y1 Y2 Y3 Y5 Y5 Y5 Y9 Y9 Y9 Y1 Y2 Y3 Y1 Y2 Y3 Y1 Y2 Y3 Y5 Y5 Y5 Y9 Y9 Y9 R72-O7 R72-O7 R72-O7 )
    source match count 1
  ok   S6-C2 remote policy bypassed -> RED (91 check(s) failed: Y6 Y7 Y6 Y7 Y6 Y7 Y6 Y7 Y6 Y7 Y6 Y7 Y6 Y7 Y6 Y7 Y6 Y7 Y6 Y7 Y6 Y7 Y6 Y7 Y6 Y7 Y6 Y7 Y6 Y7 Y8 Y6 Y7 Y6 Y7 Y6 Y7 Y6 Y7 Y6 Y7 Y6 Y7 Y6 Y7 Y6 Y7 Y6 Y7 Y6 Y7 Y6 Y7 Y6 Y7 Y6 Y7 Y6 Y7 Y6 Y7 Y6 Y7 Y6 Y7 Y6 Y7 Y6 Y7 Y8 Y6 Y7 Y6 Y7 Y6 Y7 Y6 Y7 R7-A17 R7-A20 R7-A17 R7-A21 R72-O7 R72-O7 R72-O7 R72-O7 R72-O10 R72-O11 R72-O7 R72-O10 R72-O11 )
    source match count 1
  ok   S6-C3 local contexts consult the remote table -> RED (93 check(s) failed: X14 X15 Y6 Y7 Y6 Y7 Y6 Y7 Y6 Y7 Y6 Y7 Y6 Y7 Y6 Y7 Y6 Y7 Y6 Y7 Y6 Y7 Y6 Y7 Y6 Y7 Y6 Y7 Y6 Y7 Y6 Y7 Y8 Y6 Y7 Y6 Y7 Y6 Y7 Y6 Y7 Y6 Y7 Y6 Y7 Y6 Y7 Y6 Y7 Y6 Y7 Y6 Y7 Y6 Y7 Y6 Y7 Y6 Y7 Y6 Y7 Y6 Y7 Y6 Y7 Y6 Y7 Y6 Y7 Y6 Y7 Y8 Y6 Y7 Y6 Y7 Y6 Y7 Y6 Y7 R7-A17 R7-A20 R7-A17 R7-A21 R72-O7 R72-O7 R72-O7 R72-O7 R72-O10 R72-O11 R72-O7 R72-O10 R72-O11 )
    source match count 1
  ok   S6-C4 remote admission inverted -> RED (145 check(s) failed: Y6 Y6 Y7 Y6 Y7 Y6 Y8 Y6 Y7 Y6 Y7 Y6 Y7 Y6 Y7 Y6 Y6 Y6 Y6 Y8 Y6 Y7 Y6 Y7 Y6 Y7 Y6 Y7 Y6 Y6 Y6 Y6 Y8 Y6 Y6 Y7 Y6 Y7 Y6 Y7 Y6 Y6 Y7 Y6 Y7 Y6 Y8 Y6 Y7 Y6 Y7 Y6 Y7 Y6 Y7 Y6 Y6 Y6 Y6 Y8 Y6 Y7 Y6 Y7 Y6 Y7 Y6 Y7 Y6 Y6 Y6 Y6 Y8 Y6 Y6 Y7 Y6 Y7 Y6 Y7 R7-I9 R7-I11 R7-I12 R7-I13 R7-I14 R7-I15 R7-I9 R7-I11 R7-I12 R7-I13 R7-I14 R7-I15 R7-I16 R7-A17 R7-A19 R7-A17 R7-A19 R7-A17 R7-A21 R7-A17 R7-A21 R7-A17 R7-A24 R7-A17 R7-A25 R7-A17 R7-A26 R7-A27 R72-O7 R72-O9 R72-O12 R72-S1 R72-S2 R72-S2 R72-S2 R72-S2 R72-S2 R72-O7 R72-O9 R72-O12 R72-S1 R72-S2 R72-S2 R72-S2 R72-S2 R72-S2 R72-O7 R72-O9 R72-S1 R72-S2 R72-S2 R72-S2 R72-S2 R72-S2 R72-O7 R72-O9 R72-O12 R72-O7 R72-O7 R72-O7 R72-O7 R72-O11 R72-O7 R72-O10 R72-O11 )
    source match count 1
  ok   S6-C5 remote refusal emits local bytes -> RED (46 check(s) failed: Y7 Y7 Y7 Y7 Y7 Y7 Y7 Y7 Y7 Y7 Y7 Y7 Y7 Y7 Y7 Y7 Y7 Y7 Y7 Y7 Y7 Y7 Y7 Y7 Y7 Y7 Y7 Y7 Y7 Y7 Y7 Y7 Y7 Y7 Y7 Y7 R7-A20 R7-A20 R72-O10 R72-O10 R72-O10 R72-O10 R72-O10 R72-O10 R72-O10 R72-O10 )
    source match count 1
  ok   S6-C6 real panel validator bypassed -> RED (2 check(s) failed: Y10 Y11 )
    source match count 1
  ok   S6-C7 parser success loses its typed completed outcome -> RED (6 check(s) failed: Y4 Y4 Y4 Y4 Y4 Y4 )
    source match count 1
  ok   S6-C8 JSON bad_line envelope changes its reason domain -> RED (3 check(s) failed: Y2 Y2 Y2 )
    source match count 1
  ok   S6-C9 remote byte-validation refusal emits a local envelope -> RED (9 check(s) failed: Y9 Y9 Y9 Y9 Y9 Y9 R72-O10 R72-O10 R72-O10 )
  ok   R7-C1 B372 eight-byte truncation restored in medium (positive contents must fail) -> RED (9 check(s) failed: R7-I7 R7-I11 R7-I12 R7-I13 R7-I14 R7-I11 R7-I12 R7-I13 R7-I14 )
  ok   R7-C2 private DM filter bypassed -> RED (4 check(s) failed: R7-I10 R7-I14 R7-I10 R7-I14 )
  ok   R7-C3 blanket DM-kind filter wrongly hides both diagnostics -> RED (6 check(s) failed: R7-I11 R7-I12 R7-I14 R7-I11 R7-I12 R7-I14 )
  ok   R7-C4 remote mark_read changes shared DM cursor -> RED (2 check(s) failed: R7-I15 R7-I15 )
  ok   R7-C5 remote del_msg deletes private DM -> RED (2 check(s) failed: R7-I16 R7-I17 )
  ok   R7-C6 seam stops publishing authenticated context -> RED (20 check(s) failed: R7-I10 R7-I14 R7-I15 R7-I10 R7-I14 R7-I15 R7-I16 R7-I17 R7-A18 R7-A22 R7-A24 R7-A28 R7-A18 R7-A22 R7-A25 R7-A28 R7-A18 R7-A22 R7-A26 R7-A27 )
  ok   R7-C7 transcript Print adapter leaks to local console -> RED (36 check(s) failed: R7-A19 R7-A21 R7-A19 R7-A21 R7-A21 R7-A24 R7-A21 R7-A25 R7-A21 R7-A26 R72-O9 R72-O15 R72-S1 R72-S2 R72-S2 R72-S2 R72-S2 R72-S2 R72-O9 R72-O15 R72-S1 R72-S2 R72-S2 R72-S2 R72-S2 R72-S2 R72-O9 R72-O15 R72-S1 R72-S2 R72-S2 R72-S2 R72-S2 R72-S2 R72-O9 R72-O15 )
  ok   R7-C8 firmware binding never services executor -> RED (123 check(s) failed: R7-A12 R7-A18 R7-A19 R7-A22 R7-A28 R7-A12 R7-A18 R7-A19 R7-A22 R7-A28 R7-A12 R7-A18 R7-A22 R7-A28 R7-A12 R7-A18 R7-A22 R7-A28 R7-A12 R7-A18 R7-A21 R7-A22 R7-A28 R7-A12 R7-A18 R7-A22 R7-A24 R7-A28 R7-A12 R7-A18 R7-A22 R7-A25 R7-A28 R7-A12 R7-A18 R7-A22 R7-A26 R7-A27 R72-O2 R72-O8 R72-O9 R72-O14 R72-S1 R72-S2 R72-S2 R72-S2 R72-S2 R72-S2 R72-O2 R72-O8 R72-O9 R72-O14 R72-S1 R72-S2 R72-S2 R72-S2 R72-S2 R72-S2 R72-O2 R72-O8 R72-O9 R72-O14 R72-S1 R72-S2 R72-S2 R72-S2 R72-S2 R72-S2 R72-O2 R72-O8 R72-O9 R72-O14 R72-O2 R72-O8 R72-O11 R72-O14 R72-O2 R72-O8 R72-O11 R72-O14 R72-O2 R72-O8 R72-O11 R72-O14 R72-O2 R72-O8 R72-O11 R72-O14 R72-O2 R72-O8 R72-O11 R72-O14 R72-O2 R72-O8 R72-O11 R72-O14 R72-O2 R72-O8 R72-O11 R72-O14 R72-O2 R72-O8 R72-O11 R72-O14 R72-O2 R72-O8 R72-O11 R72-O14 R72-O2 R72-O8 R72-O11 R72-O14 R72-O2 R72-O8 R72-O11 R72-O14 R72-O2 R72-O8 R72-O11 R72-O14 R7-A29 R72-C1 R72-C2 )
  ok   R7-C9 authenticated actor slot lost before real ACL handler -> RED (14 check(s) failed: R7-A17 R7-A21 R7-A18 R7-A22 R7-A24 R7-A28 R7-A18 R7-A22 R7-A25 R7-A28 R7-A18 R7-A22 R7-A26 R7-A27 )
  ok   A7-C1 config loader floor lowered, same-size v24 loads -> RED (1 check(s) failed: A7-3 )
  ok   A7-C2 config loader floor raised, current v25 refuses -> RED (1 check(s) failed: A7-5 )
    source match count 1
  ok   R72-C1 control binding bypassed -> RED (3 check(s) failed: R7-A29 R72-C1 R72-C2 )
    source match count 1
  ok   R72-C2 open admission binding bypassed -> RED (82 check(s) failed: R72-O2 R72-O8 R72-O9 R72-O14 R72-S1 R72-S2 R72-S2 R72-S2 R72-S2 R72-S2 R72-O2 R72-O8 R72-O9 R72-O14 R72-S1 R72-S2 R72-S2 R72-S2 R72-S2 R72-S2 R72-O2 R72-O8 R72-O9 R72-O14 R72-S1 R72-S2 R72-S2 R72-S2 R72-S2 R72-S2 R72-O2 R72-O8 R72-O9 R72-O14 R72-O2 R72-O8 R72-O11 R72-O14 R72-O2 R72-O8 R72-O11 R72-O14 R72-O2 R72-O8 R72-O11 R72-O14 R72-O2 R72-O8 R72-O11 R72-O14 R72-O2 R72-O8 R72-O11 R72-O14 R72-O2 R72-O8 R72-O11 R72-O14 R72-O2 R72-O8 R72-O11 R72-O14 R72-O2 R72-O8 R72-O11 R72-O14 R72-O2 R72-O8 R72-O11 R72-O14 R72-O2 R72-O8 R72-O11 R72-O14 R72-O2 R72-O8 R72-O11 R72-O14 R72-O2 R72-O8 R72-O11 R72-O14 )
    source match count 1
  ok   R72-C3 open sender binding bypassed -> RED (246 check(s) failed: R7-A29 R7-A29 R7-A29 R7-A29 R7-A29 R7-A29 R7-A29 R7-A29 R7-A29 R7-A29 R7-A29 R7-A29 R72-O8 R72-O9 R72-O14 R72-S1 R72-S2 R72-S2 R72-S2 R72-S2 R72-S2 R7-A29 R7-A29 R7-A29 R7-A29 R7-A29 R7-A29 R7-A29 R7-A29 R7-A29 R7-A29 R7-A29 R7-A29 R72-O8 R72-O9 R72-O14 R72-S1 R72-S2 R72-S2 R72-S2 R72-S2 R72-S2 R7-A29 R7-A29 R7-A29 R7-A29 R7-A29 R7-A29 R7-A29 R7-A29 R7-A29 R7-A29 R7-A29 R7-A29 R72-O8 R72-O9 R72-O14 R72-S1 R72-S2 R72-S2 R72-S2 R72-S2 R72-S2 R7-A29 R7-A29 R7-A29 R7-A29 R7-A29 R7-A29 R7-A29 R7-A29 R7-A29 R7-A29 R7-A29 R7-A29 R72-O8 R72-O9 R72-O14 R7-A29 R7-A29 R7-A29 R7-A29 R7-A29 R7-A29 R7-A29 R7-A29 R7-A29 R7-A29 R7-A29 R7-A29 R72-O8 R72-O14 R7-A29 R7-A29 R7-A29 R7-A29 R7-A29 R7-A29 R7-A29 R7-A29 R7-A29 R7-A29 R7-A29 R7-A29 R72-O8 R72-O14 R7-A29 R7-A29 R7-A29 R7-A29 R7-A29 R7-A29 R7-A29 R7-A29 R7-A29 R7-A29 R7-A29 R7-A29 R72-O8 R72-O14 R7-A29 R7-A29 R7-A29 R7-A29 R7-A29 R7-A29 R7-A29 R7-A29 R7-A29 R7-A29 R7-A29 R7-A29 R72-O8 R72-O14 R7-A29 R7-A29 R7-A29 R7-A29 R7-A29 R7-A29 R7-A29 R7-A29 R7-A29 R7-A29 R7-A29 R7-A29 R72-O8 R72-O14 R7-A29 R7-A29 R7-A29 R7-A29 R7-A29 R7-A29 R7-A29 R7-A29 R7-A29 R7-A29 R7-A29 R7-A29 R72-O8 R72-O14 R7-A29 R7-A29 R7-A29 R7-A29 R7-A29 R7-A29 R7-A29 R7-A29 R7-A29 R7-A29 R7-A29 R7-A29 R72-O8 R72-O14 R7-A29 R7-A29 R7-A29 R7-A29 R7-A29 R7-A29 R7-A29 R7-A29 R7-A29 R7-A29 R7-A29 R7-A29 R72-O8 R72-O14 R7-A29 R7-A29 R7-A29 R7-A29 R7-A29 R7-A29 R7-A29 R7-A29 R7-A29 R7-A29 R7-A29 R7-A29 R72-O8 R72-O14 R7-A29 R7-A29 R7-A29 R7-A29 R7-A29 R7-A29 R7-A29 R7-A29 R7-A29 R7-A29 R7-A29 R7-A29 R72-O8 R72-O14 R7-A29 R7-A29 R7-A29 R7-A29 R7-A29 R7-A29 R7-A29 R7-A29 R7-A29 R7-A29 R7-A29 R7-A29 R72-O8 R72-O14 R7-A29 R7-A29 R7-A29 R7-A29 R7-A29 R7-A29 R7-A29 R7-A29 R7-A29 R7-A29 R7-A29 R7-A29 R72-O8 R72-O14 )
    source match count 1
  ok   R72-C4 open sink binding bypassed -> RED (22 check(s) failed: R72-O9 R72-S1 R72-S2 R72-S2 R72-S2 R72-S2 R72-S2 R72-O9 R72-S1 R72-S2 R72-S2 R72-S2 R72-S2 R72-S2 R72-O9 R72-S1 R72-S2 R72-S2 R72-S2 R72-S2 R72-S2 R72-O9 )
    source match count 1
  ok   R72-C5 open terminal binding changes outcome -> RED (28 check(s) failed: R72-O7 R72-O7 R72-O7 R72-O7 R72-O7 R72-O11 R72-O7 R72-O11 R72-O7 R72-O11 R72-O7 R72-O11 R72-O7 R72-O11 R72-O7 R72-O11 R72-O7 R72-O11 R72-O7 R72-O11 R72-O7 R72-O11 R72-O7 R72-O11 R72-O7 R72-O11 R72-O7 R72-O11 )
    source match count 1
  ok   R72-C6 status inbound_refusal loses its measured value -> RED (2 check(s) failed: R72-S1 R72-S1 )
    source match count 1
  ok   R72-C6 status open_rate_refusal loses its measured value -> RED (2 check(s) failed: R72-S1 R72-S1 )
    source match count 1
  ok   R72-C6 status transcript_exhaustion loses its measured value -> RED (2 check(s) failed: R72-S1 R72-S1 )
    source match count 1
  ok   R72-C6 status response_enqueue_failure loses its measured value -> RED (2 check(s) failed: R72-S1 R72-S1 )
    source match count 1
  ok   R72-C6 status response_seal_failure loses its measured value -> RED (2 check(s) failed: R72-S1 R72-S1 )

tree unchanged: the real sources' md5 is identical before and after (e730ceadba0ee2ecd3a265f30766309c)
probe: 1374 checks against the REAL dispatch()+handle_clear_inbox, 0 failed (pin 1374)
controls: 60 verified / 0 unusable (pin 60)
PASS
================================================================================================
== ARM: client  (independently compiled; own defines, own objects, own outputs)
================================================================================================
== §CUSTODY-D inbox-verb wiring probe (real dispatch() + real handle_clear_inbox, host-linked) ==
executor symbol ownership: client PASS
== §CUSTODY-D inbox-verb wiring probe (REAL dispatch() + REAL handle_clear_inbox, host-linked) ==
  ok   W1  dispatch() OWNS `clear_inbox` (the router reaches the verb at all)
  ok   W1b ...and routed it to NO other verb's handler (saw '')
  ok   W2  bare `clear_inbox` answers EXACTLY the needs_confirm line [{"ack":"clear_inbox","result":"needs_confirm"}
]
  ok   W2b ...and NEITHER store was wiped (dm=0 ch=0)
  ok   W2c ...and the clear was not even ENTERED (no high-water persist ran)
  ok   W2d ...and every record is still there (dm=3 ch=2)
  ok   W3  `clear_inbox confirm extra` (a SECOND token) -> needs_confirm, INERT
  ok   W3  `clear_inbox confirmation` (a longer word starting with it) -> needs_confirm, INERT
  ok   W3  `clear_inbox confirmX` (trailing junk) -> needs_confirm, INERT
  ok   W3  `clear_inbox confirm ` (a trailing space) -> needs_confirm, INERT
  ok   W3  `clear_inbox CONFIRM` (the wrong case) -> needs_confirm, INERT
  ok   W3  `clear_inbox yes` (a different word) -> needs_confirm, INERT
  ok   W3  `clear_inbox   ` (spaces only) -> needs_confirm, INERT
  ok   W4  dispatch() owns `clear_inbox confirm`
  ok   W4b ...and the ack is EXACTLY the cleared line [{"ack":"clear_inbox","result":"cleared","epoch":2,"dm_seq":3,"chan_seq":2}
]
  ok   W4c ...both stores wiped exactly once (dm=1 ch=1)
  ok   W4d ...and both are empty afterwards
  ok   W4e ...the high-water was persisted BEFORE the erase (both stores)
  ok   W4f ...and both read cursors are reset
  ok   W4g ...and no other verb's handler ran (saw '')
  ok   W4h ...and the PRODUCTION g_inbox_dm/g_inbox_ch stores were not touched (0)
  ok   W5  a DM-store failure answers EXACTLY the io_error line [{"ack":"clear_inbox","result":"io_error","warning":"messages_may_remain","epoch":1,"dm_seq":3,"chan_seq":2}
]
  ok   W5b ...and the word `cleared` appears NOWHERE in a failed clear's ack
  ok   W5c ...BOTH wipes were still attempted — no short-circuit (dm=1 ch=1)
  ok   W5d ...and the healthy store WAS erased (a partial clear erases what it can)
  ok   W6  a CHANNEL-store failure answers io_error + the warning, never cleared [{"ack":"clear_inbox","result":"io_error","warning":"messages_may_remain","epoch":2,"dm_seq":3,"chan_seq":2}
]
  ok   W6b ...the DM half completed and the channel half did not (dm=0 ch=2)
  ok   W7  a high-water that will not persist answers io_error [{"ack":"clear_inbox","result":"io_error","warning":"messages_may_remain","epoch":1,"dm_seq":3,"chan_seq":2}
]
  ok   W7b ...and NEITHER store was erased (dm=0 ch=0) — the records are still the only witness
  ok   W7c ...so every record survives a refused clear
  ok   W8  `clear_inboxx confirm` is NOT owned by the router (no prefix match)
  ok   W8b ...and it produced no ack and no clear
  ok   W8c `clear_inbo` (short) is not owned either
  ok   W8d nor the bare word `clear`
  ok   W9  the same router serves a SECOND (BLE-shaped) sink byte-identically [{"ack":"clear_inbox","result":"needs_confirm"}
]
  ok   W9b ...and that transport's refusal is inert too
  ok   W10  `del_msg` still reaches its own REAL handler [{"ack":"del_msg","kind":"dm","seq":1,"result":"erased"}
]
  ok   W10b `mark_read` still reaches its own REAL handler [{"ack":"mark_read","kind":"dm","seq":1,"result":"marked"}
]
  ok   W10c `pull_inbox` still reaches its own REAL handler [{"ev":"inbox_dm","seq":1,"origin":5,"layer_id":0,"ctr":100,"sender_hash":0,"rx_ms":1000,"body":"m"}
{"ev":"inbox_channel","seq":1,"origin":7,"layer_id":0,"channel_id":3,"channel_msg_id":117440512,"rx_ms":2000,"body":"c"}
{"ev":"inbox_end","dm_seq":1,"chan_seq":1,"epoch":1,"count":2,"now_ms":0}
]
  ok   R1  dispatch() OWNS `regen` on a BLE-shaped LineSink
  ok   R2  a REFUSED /mrid save answers EXACTLY the error line on the SUPPLIED sink [> regen err nv_save_failed
]
  ok   R3  ...and NOT ONE byte reached the global console (0 B on Serial)
  ok   R4  ...no success prefix and no identity line accompany the failure
  ok   R5  ...the installed identity is UNCHANGED (0x4BD6D935)
  ok   R6  ...and NO crypto identity was installed (crypto_ready=0)
  ok   R7  ...exactly ONE write was attempted and refused (writes=1)
  ok   R8  ...and /mrid still holds EXACTLY the pre-command record — a refused write retained NOTHING
  ok   R9  the SAME failure through `mrcon` is byte-identical on USB [> regen err nv_save_failed
]
  ok   R10 ...and the BLE sink received nothing during the USB drive (0 B)
  ok   R11 dispatch() owns `regen` on the success path too
  ok   R12 the BLE sink receives EXACTLY the success line [> regen ok  key_hash32= 0xB12D4983  name="probe-node"
> regen note old self ACL grants do not follow the new key; dedicated keys and targets preserved
]
  ok   R13 ...and NOT ONE byte leaked to the global console (0 B on Serial)
  ok   R14 ...the key_hash32 field is exactly EIGHT UPPERCASE hex digits
  ok   R15 ...g_identity was re-derived from the FRESH seed (0xB12D4983)
  ok   R16 ...the node's ROUTING identity was re-installed with it
  ok   R17 ...and the E2E crypto identity was installed (crypto_ready false -> true)
  ok   R18 exactly ONE /mrid write was made (writes=1)
  ok   R19 ...the saved record re-loads and carries the same magic/version
  ok   R20 ...its seed is the FRESH draw, not the one it replaced
  ok   R21 ...and the operator name was PRESERVED across the mint
  ok   R22 the medium retained EXACTLY the record production wrote (name/magic/version kept, seed fresh)
  ok   R23 the USB console receives BYTE-IDENTICAL bytes through `mrcon` [> regen ok  key_hash32= 0xB12D4983  name="probe-node"
> regen note old self ACL grants do not follow the new key; dedicated keys and targets preserved
]
  ok   R24 ...and the BLE sink stayed empty during the USB drive (0 B)
  ok   R25 a record with NO name emits no `name=` segment, and still nothing on USB [> regen ok  key_hash32= 0xB12D4983
> regen note old self ACL grants do not follow the new key; dedicated keys and targets preserved
]
  ok   R26 a MAXIMUM-length (32 B) name is emitted in full, and still nothing on USB [> regen ok  key_hash32= 0xB12D4983  name="ABCDEFGHIJKLMNOPQRSTUVWXYZ012345"
> regen note old self ACL grants do not follow the new key; dedicated keys and targets preserved
]
  ok   R27 `regen ` (a trailing space) is NOT owned as `regen` — no output, no NV write, no identity change
  ok   R28 `regenerate` (a longer word starting with it) is NOT owned as `regen` — no output, no NV write, no identity change
  ok   R29 `REGEN` (the wrong case) is NOT owned as `regen` — no output, no NV write, no identity change
  ok   R30 `rege` (a short prefix) is NOT owned as `regen` — no output, no NV write, no identity change
  ok   R31 the canonical formatter emits the boot banner line through the sink it is GIVEN [  key_hash32= 0xB12D4983  name="probe-node"
]
  ok   R32 ...and nothing reached the BLE sink (0 B)
  ok   X1  router-owned `whoami` on the TEXT arm streams to the supplied sink, 0 B cross-sink [75/0]
  ok   X2  ...and on the JSON arm it streams through the REAL LineSink, NEVER the 256-B direct buffer [ret=0 buf0=0 usb=0]
  ok   X3  parser-owned `send` on the TEXT arm renders the TEXT envelope only [> queued ctr=1 depth=1
]
  ok   X4  ...and on the JSON arm exactly ex.n buffered bytes, 0 streamed, 0 USB [{"ack":"queued","ctr":2,"qd":2,"dh":0,"lp":0}
]
  ok   X5  the two envelopes never cross: no `> ` in the JSON reply and no JSON on the USB sink
  ok   X6  each seam call executes the command EXACTLY ONCE (peer ctr 0->1->2)
  ok   X7  `peerkey` on the TEXT arm reaches handle_peerkey (ack + exactly one /mrpeers write) [{"ev":"peerkey_set","hash":1144201745,"pinned":true}
]
  ok   X8  ...and on the JSON arm identically, into the reply buffer [{"ev":"peerkey_set","hash":1144241066,"pinned":true}
]
  ok   X8b re-pasting the SAME key is `unchanged` and costs ZERO flash writes (writes=0)
  ok   X9  `peername` on the TEXT arm reaches handle_peername [{"ev":"peer_name_set","hash":1144201745,"name":"bob"}
]
  ok   X10 ...and on the JSON arm identically [{"ev":"peer_name_set","hash":1144201745,"name":"bob"}
]
  ok   X11 an ACCEPTED `reqpubkey` keeps its BLE-specific reqpubkey_sent event [{"ev":"reqpubkey_sent","hash":287454020,"plane":"static"}
]
  ok   X12 ...while the TEXT arm keeps the plain result line and no JSON event [> queued ctr=0 depth=2 dh=0x287454020 plane=static
]
  ok   X13 a refused `reqpubkey` prints the USB remedy line and NEVER puts prose in the JSON ack [{"ack":"err_unsupported","ctr":0,"qd":2,"dh":2972535171,"lp":0,"plane":"static"}
]
  ok   X14 a whitespace-only line is `empty` on BOTH arms and emits NOTHING anywhere
  ok   X15 an unknown line is `unmatched`+unknown_verb on BOTH arms, with NO bytes written by the seam
  ok   X16 a MALFORMED parser-owned line is `unmatched`+bad_args — the named envelope stays the caller's
  ok   X17 the ROUTER arm writes ONLY to the Print& it is handed — a third sink receives it, `mrcon` gets 0 B [0]
  ok   X18 ...and so does the TEXT RENDERING itself — the `> …` result line lands on the supplied sink, `mrcon` gets 0 B [0]
  ok   X19 the rendered reply is a COPY: overwriting the input line after the call changes nothing
  ok   X20 `help` reaching the seam DOES stream the whole index (457 B) — which is why BLE refuses it first
  ok   Z1  the shipped decoder still ACCEPTS a well-formed 64-hex token (the grammar did not move)
  ok   Z2  the decode performs EXACTLY ONE 32-byte crypto_wipe (saw 1)
  ok   Z3  ...over the SCRATCH that held the decoded key material (content matched 1)
  ok   Z4  ...and the storage READ BACK ALL-ZERO while the frame was still alive (1)
  ok   Z5  a malformed token is still REFUSED (the output-on-failure did not move)
  ok   Z6  ...and its scratch is wiped ON THE REFUSAL PATH too (1 wipe(s), 1 zeroed)
  ok   Z7  a NULL input allocates no scratch and performs NO wipe (0)
  ok   Z8  the interposer is LINKED and observes the REAL crypto_wipe (n=1)
  ok   Q1  `admin-key list` is OWNED by the real dispatch()
  ok   Q1b `admin-target list` is OWNED by the real dispatch()
  ok   Q1c `acl list` (the TARGET family) is NOT owned on a CLIENT build — 0 bytes
  ok   Q1d `admin-id show` is NOT owned on a CLIENT build — 0 bytes
  ok   Q1e `admin-keys` is NOT owned — the token boundary holds in the real router
  ok   Q1f `admin-targetx` is NOT owned — the token boundary holds in the real router
  ok   Q2  `show self` prints THIS node's live identity, byte for byte [> admin-key self fp=cddbc003e492d564 pub=e6fad7d51592680162b38b1515752ffc06dd15c84244764cd7142176f1c10967
]
  ok   Q2b ...and it reads NO record and draws NO entropy (reads=0 draws=0)
  ok   Q3  `generate key0` succeeds through the REAL binding [> admin-key generated key0 fp=b6cc40f580224ade pub=83492db121e635845423212bd90a5394b3d1446d413e5769b06b75da4a40b679
]
  ok   Q3b ...at EXACTLY one write and one full 32-byte draw (writes=1 draws=8)
  ok   Q3c ...and the record landed on the `/mrmkeys` backend key
  ok   Q3d ...⛔ and NOT on /mradmid (design §6.4's crossing) nor on /mrtargets
  ok   Q3e ...the record re-loads through the typed wrapper as a valid one-key ring
  ok   Q4  a DEAD (all-zero) platform draw answers `entropy_failed` [> admin-key err entropy_failed
]
  ok   Q4b ...having ASKED the platform for a FULL 32-byte draw (draws=8)
  ok   Q4c ...and having written NOTHING (writes=0)
  ok   Q5  a refused medium answers `nv_save_failed` [> admin-key err nv_save_failed
]
  ok   Q5b ...after EXACTLY one attempt (writes=1)
  ok   Q6  `import key2 <hex>` succeeds through the REAL binding [> admin-key imported key2 fp=7b09ce9cab3ba5d3 pub=2ecee23e8b0caf58e5e6b4ae20201cd32e32808efdbc6b8acecba0ba5ab4f333
]
  ok   Q6b `export key2` returns EXACTLY the imported seed [> admin-key exported key2 seed=3333333333333333333333333333333333333333333333333333333333333333
]
  ok   Q6c ...and writes nothing (writes=0)
  ok   Q7  `admin-key` is OWNED and answers a typed refusal [> admin-key err bad_args
]
  ok   Q7b `admin-key` costs ZERO writes and ZERO draws (writes=0 draws=0)
  ok   Q7c `admin-key` reaches NO foreign handler and no global sink (0/0 B)
  ok   Q7  `admin-key bogus` is OWNED and answers a typed refusal [> admin-key err bad_args
]
  ok   Q7b `admin-key bogus` costs ZERO writes and ZERO draws (writes=0 draws=0)
  ok   Q7c `admin-key bogus` reaches NO foreign handler and no global sink (0/0 B)
  ok   Q7  `admin-key show key9` is OWNED and answers a typed refusal [> admin-key err not_found
]
  ok   Q7b `admin-key show key9` costs ZERO writes and ZERO draws (writes=0 draws=0)
  ok   Q7c `admin-key show key9` reaches NO foreign handler and no global sink (0/0 B)
  ok   Q7  `admin-key remove key0` is OWNED and answers a typed refusal [> admin-key err needs_confirm
]
  ok   Q7b `admin-key remove key0` costs ZERO writes and ZERO draws (writes=0 draws=0)
  ok   Q7c `admin-key remove key0` reaches NO foreign handler and no global sink (0/0 B)
  ok   Q7  `admin-key reset` is OWNED and answers a typed refusal [> admin-key err needs_confirm
]
  ok   Q7b `admin-key reset` costs ZERO writes and ZERO draws (writes=0 draws=0)
  ok   Q7c `admin-key reset` reaches NO foreign handler and no global sink (0/0 B)
  ok   Q7  `admin-target` is OWNED and answers a typed refusal [> admin-target err bad_args
]
  ok   Q7b `admin-target` costs ZERO writes and ZERO draws (writes=0 draws=0)
  ok   Q7c `admin-target` reaches NO foreign handler and no global sink (0/0 B)
  ok   Q7  `admin-target bogus` is OWNED and answers a typed refusal [> admin-target err bad_args
]
  ok   Q7b `admin-target bogus` costs ZERO writes and ZERO draws (writes=0 draws=0)
  ok   Q7c `admin-target bogus` reaches NO foreign handler and no global sink (0/0 B)
  ok   Q7  `admin-target show label=nope` is OWNED and answers a typed refusal [> admin-target err not_found
]
  ok   Q7b `admin-target show label=nope` costs ZERO writes and ZERO draws (writes=0 draws=0)
  ok   Q7c `admin-target show label=nope` reaches NO foreign handler and no global sink (0/0 B)
  ok   Q7  `admin-target remove label=nope confirm` is OWNED and answers a typed refusal [> admin-target err not_found
]
  ok   Q7b `admin-target remove label=nope confirm` costs ZERO writes and ZERO draws (writes=0 draws=0)
  ok   Q7c `admin-target remove label=nope confirm` reaches NO foreign handler and no global sink (0/0 B)
  ok   Q7  `admin-target reset` is OWNED and answers a typed refusal [> admin-target err needs_confirm
]
  ok   Q7b `admin-target reset` costs ZERO writes and ZERO draws (writes=0 draws=0)
  ok   Q7c `admin-target reset` reaches NO foreign handler and no global sink (0/0 B)
  ok   Q8  `admin-target add` succeeds through the REAL binding [> admin-target added slot=0 fp=7542389f7290cc83 pub=2222222222222222222222222222222222222222222222222222222222222222
]
  ok   Q8b ...at EXACTLY one write (writes=1)
  ok   Q8c ...and the record landed on `/mrtargets`, ⛔ not on the keyring's key
  ok   Q8d two identical listings over the ONE resident scratch agree byte for byte
  ok   Q8e ...and the row carries the stored hint and path verbatim [> admin-target slot=0 label=alpha fp=7542389f7290cc83 pub=2222222222222222222222222222222222222222222222222222222222222222 hash=0xDEADBEEF layer=1,2,3
> admin-target end page=0 count=1
]
  ok   Q8f `remove label=… confirm` succeeds [> admin-target removed slot=0
]
  ok   Q8g ...at EXACTLY one write (writes=1)
  ok   Q9  the CLIENT boot report prints EXACTLY the two ruled lines on `mrcon` [> admin-key boot state=absent count=0
> admin-target boot state=absent count=0
]
  ok   Q9b ...writing nothing and drawing nothing (writes=0 draws=0)
  ok   Q9c ...and carrying NO key, seed or fingerprint byte
  ok   Q9d ...and nothing reached the BLE sink (0 B)
  ok   Q10 a DEAD backend is `store_io_failed`, ⛔ never the fresh-device `absent` [> admin-key err store_io_failed
]
  ok   Q10b ...on the book too [> admin-target err store_io_failed
]
  ok   Q10c ⛔ EVEN THE CONFIRM-GATED RECOVERY refuses — nothing is known, so nothing may be written
  ok   Q10d ...and on the book too
  ok   Q10e the boot report NAMES the state and still writes nothing [> admin-key boot state=io_failed count=0
> admin-target boot state=io_failed count=0
]
  ok   Q10f ...and not one write was attempted anywhere (writes=0)
  ok   Q11 the whole response lands on the SUPPLIED sink; `mrcon` 0 B [0], BLE 0 B [0]
  ok   Q12 both controller records are provisioned before the rotation
  ok   Q12b `regen` still succeeds on a CLIENT build [> regen ok  key_hash32= 0xB12D4983  name="probe-node"
> regen note old self ACL grants do not follow the new key; dedicated keys and targets preserved
]
  ok   Q12c ...and the ruled WARNING follows the success line on the SAME sink [> regen ok  key_hash32= 0xB12D4983  name="probe-node"
> regen note old self ACL grants do not follow the new key; dedicated keys and targets preserved
]
  ok   Q12d ...with NOT ONE byte on the global console (0 B)
  ok   Q12e ...and EXACTLY ONE record was written — /mrid (writes=1)
  ok   Q12f ★ the KEYRING is byte-identical across the rotation
  ok   Q12g ★ the TARGET BOOK is byte-identical across the rotation
  ok   Q12h a REFUSED /mrid save prints the error and ⛔ NO warning [> regen err nv_save_failed
]
  ok   Q12i ...the CLIENT warning is ABSENT on the failure path
  ok   Y1 validator refuses embedded_nul before parsing (format=0)
  ok   Y2 exact bad-line envelope, only on the supplied output (format=0)
  ok   Y3 bad bytes execute no Node command or router handler
  ok   Y1 validator refuses embedded_cr before parsing (format=0)
  ok   Y2 exact bad-line envelope, only on the supplied output (format=0)
  ok   Y3 bad bytes execute no Node command or router handler
  ok   Y1 validator refuses embedded_lf before parsing (format=0)
  ok   Y2 exact bad-line envelope, only on the supplied output (format=0)
  ok   Y3 bad bytes execute no Node command or router handler
  ok   Y4 inclusive bound 1023 reaches the real Node once (format=0); not an RF-admission claim
  ok   Y5 cap+1 refuses before execution (1023, format=0)
  ok   Y4 inclusive bound 274 reaches the real Node once (format=0); not an RF-admission claim
  ok   Y5 cap+1 refuses before execution (274, format=0)
  ok   Y4 inclusive bound 201 reaches the real Node once (format=0); not an RF-admission claim
  ok   Y5 cap+1 refuses before execution (201, format=0)
  ok   Y6 remote authority 1 admission for status (format=0)
  ok   Y8 only prepared admitted requests can schedule; a missing transcript fails internally
  ok   Y6 remote authority 1 admission for status x (format=0)
  ok   Y7 remote refusal has zero output, Node calls, handler calls and NV/store changes
  ok   Y8 only prepared admitted requests can schedule; a missing transcript fails internally
  ok   Y6 remote authority 1 admission for version (format=0)
  ok   Y7 remote refusal has zero output, Node calls, handler calls and NV/store changes
  ok   Y8 only prepared admitted requests can schedule; a missing transcript fails internally
  ok   Y6 remote authority 1 admission for factory_reset confirm (format=0)
  ok   Y7 remote refusal has zero output, Node calls, handler calls and NV/store changes
  ok   Y8 only prepared admitted requests can schedule; a missing transcript fails internally
  ok   Y6 remote authority 1 admission for acl list (format=0)
  ok   Y7 remote refusal has zero output, Node calls, handler calls and NV/store changes
  ok   Y8 only prepared admitted requests can schedule; a missing transcript fails internally
  ok   Y6 remote authority 1 admission for acl reset confirm (format=0)
  ok   Y7 remote refusal has zero output, Node calls, handler calls and NV/store changes
  ok   Y8 only prepared admitted requests can schedule; a missing transcript fails internally
  ok   Y6 remote authority 1 admission for admin-key list (format=0)
  ok   Y7 remote refusal has zero output, Node calls, handler calls and NV/store changes
  ok   Y8 only prepared admitted requests can schedule; a missing transcript fails internally
  ok   Y6 remote authority 1 admission for rcmd 1 status (format=0)
  ok   Y7 remote refusal has zero output, Node calls, handler calls and NV/store changes
  ok   Y8 only prepared admitted requests can schedule; a missing transcript fails internally
  ok   Y6 remote authority 1 admission for unknown-verb (format=0)
  ok   Y7 remote refusal has zero output, Node calls, handler calls and NV/store changes
  ok   Y8 only prepared admitted requests can schedule; a missing transcript fails internally
  ok   Y9 remote validation refusal also writes nothing (authority=1 format=0)
  ok   Y6 remote authority 2 admission for status (format=0)
  ok   Y8 only prepared admitted requests can schedule; a missing transcript fails internally
  ok   Y6 remote authority 2 admission for status x (format=0)
  ok   Y8 only prepared admitted requests can schedule; a missing transcript fails internally
  ok   Y6 remote authority 2 admission for version (format=0)
  ok   Y8 only prepared admitted requests can schedule; a missing transcript fails internally
  ok   Y6 remote authority 2 admission for factory_reset confirm (format=0)
  ok   Y7 remote refusal has zero output, Node calls, handler calls and NV/store changes
  ok   Y8 only prepared admitted requests can schedule; a missing transcript fails internally
  ok   Y6 remote authority 2 admission for acl list (format=0)
  ok   Y7 remote refusal has zero output, Node calls, handler calls and NV/store changes
  ok   Y8 only prepared admitted requests can schedule; a missing transcript fails internally
  ok   Y6 remote authority 2 admission for acl reset confirm (format=0)
  ok   Y7 remote refusal has zero output, Node calls, handler calls and NV/store changes
  ok   Y8 only prepared admitted requests can schedule; a missing transcript fails internally
  ok   Y6 remote authority 2 admission for admin-key list (format=0)
  ok   Y7 remote refusal has zero output, Node calls, handler calls and NV/store changes
  ok   Y8 only prepared admitted requests can schedule; a missing transcript fails internally
  ok   Y6 remote authority 2 admission for rcmd 1 status (format=0)
  ok   Y7 remote refusal has zero output, Node calls, handler calls and NV/store changes
  ok   Y8 only prepared admitted requests can schedule; a missing transcript fails internally
  ok   Y6 remote authority 2 admission for unknown-verb (format=0)
  ok   Y7 remote refusal has zero output, Node calls, handler calls and NV/store changes
  ok   Y8 only prepared admitted requests can schedule; a missing transcript fails internally
  ok   Y9 remote validation refusal also writes nothing (authority=2 format=0)
  ok   Y6 remote authority 3 admission for status (format=0)
  ok   Y8 only prepared admitted requests can schedule; a missing transcript fails internally
  ok   Y6 remote authority 3 admission for status x (format=0)
  ok   Y8 only prepared admitted requests can schedule; a missing transcript fails internally
  ok   Y6 remote authority 3 admission for version (format=0)
  ok   Y8 only prepared admitted requests can schedule; a missing transcript fails internally
  ok   Y6 remote authority 3 admission for factory_reset confirm (format=0)
  ok   Y7 remote refusal has zero output, Node calls, handler calls and NV/store changes
  ok   Y8 only prepared admitted requests can schedule; a missing transcript fails internally
  ok   Y6 remote authority 3 admission for acl list (format=0)
  ok   Y8 only prepared admitted requests can schedule; a missing transcript fails internally
  ok   Y6 remote authority 3 admission for acl reset confirm (format=0)
  ok   Y7 remote refusal has zero output, Node calls, handler calls and NV/store changes
  ok   Y8 only prepared admitted requests can schedule; a missing transcript fails internally
  ok   Y6 remote authority 3 admission for admin-key list (format=0)
  ok   Y7 remote refusal has zero output, Node calls, handler calls and NV/store changes
  ok   Y8 only prepared admitted requests can schedule; a missing transcript fails internally
  ok   Y6 remote authority 3 admission for rcmd 1 status (format=0)
  ok   Y7 remote refusal has zero output, Node calls, handler calls and NV/store changes
  ok   Y8 only prepared admitted requests can schedule; a missing transcript fails internally
  ok   Y6 remote authority 3 admission for unknown-verb (format=0)
  ok   Y7 remote refusal has zero output, Node calls, handler calls and NV/store changes
  ok   Y8 only prepared admitted requests can schedule; a missing transcript fails internally
  ok   Y9 remote validation refusal also writes nothing (authority=3 format=0)
  ok   Y1 validator refuses embedded_nul before parsing (format=1)
  ok   Y2 exact bad-line envelope, only on the supplied output (format=1)
  ok   Y3 bad bytes execute no Node command or router handler
  ok   Y1 validator refuses embedded_cr before parsing (format=1)
  ok   Y2 exact bad-line envelope, only on the supplied output (format=1)
  ok   Y3 bad bytes execute no Node command or router handler
  ok   Y1 validator refuses embedded_lf before parsing (format=1)
  ok   Y2 exact bad-line envelope, only on the supplied output (format=1)
  ok   Y3 bad bytes execute no Node command or router handler
  ok   Y4 inclusive bound 1023 reaches the real Node once (format=1); not an RF-admission claim
  ok   Y5 cap+1 refuses before execution (1023, format=1)
  ok   Y4 inclusive bound 274 reaches the real Node once (format=1); not an RF-admission claim
  ok   Y5 cap+1 refuses before execution (274, format=1)
  ok   Y4 inclusive bound 201 reaches the real Node once (format=1); not an RF-admission claim
  ok   Y5 cap+1 refuses before execution (201, format=1)
  ok   Y6 remote authority 1 admission for status (format=1)
  ok   Y8 only prepared admitted requests can schedule; a missing transcript fails internally
  ok   Y6 remote authority 1 admission for status x (format=1)
  ok   Y7 remote refusal has zero output, Node calls, handler calls and NV/store changes
  ok   Y8 only prepared admitted requests can schedule; a missing transcript fails internally
  ok   Y6 remote authority 1 admission for version (format=1)
  ok   Y7 remote refusal has zero output, Node calls, handler calls and NV/store changes
  ok   Y8 only prepared admitted requests can schedule; a missing transcript fails internally
  ok   Y6 remote authority 1 admission for factory_reset confirm (format=1)
  ok   Y7 remote refusal has zero output, Node calls, handler calls and NV/store changes
  ok   Y8 only prepared admitted requests can schedule; a missing transcript fails internally
  ok   Y6 remote authority 1 admission for acl list (format=1)
  ok   Y7 remote refusal has zero output, Node calls, handler calls and NV/store changes
  ok   Y8 only prepared admitted requests can schedule; a missing transcript fails internally
  ok   Y6 remote authority 1 admission for acl reset confirm (format=1)
  ok   Y7 remote refusal has zero output, Node calls, handler calls and NV/store changes
  ok   Y8 only prepared admitted requests can schedule; a missing transcript fails internally
  ok   Y6 remote authority 1 admission for admin-key list (format=1)
  ok   Y7 remote refusal has zero output, Node calls, handler calls and NV/store changes
  ok   Y8 only prepared admitted requests can schedule; a missing transcript fails internally
  ok   Y6 remote authority 1 admission for rcmd 1 status (format=1)
  ok   Y7 remote refusal has zero output, Node calls, handler calls and NV/store changes
  ok   Y8 only prepared admitted requests can schedule; a missing transcript fails internally
  ok   Y6 remote authority 1 admission for unknown-verb (format=1)
  ok   Y7 remote refusal has zero output, Node calls, handler calls and NV/store changes
  ok   Y8 only prepared admitted requests can schedule; a missing transcript fails internally
  ok   Y9 remote validation refusal also writes nothing (authority=1 format=1)
  ok   Y6 remote authority 2 admission for status (format=1)
  ok   Y8 only prepared admitted requests can schedule; a missing transcript fails internally
  ok   Y6 remote authority 2 admission for status x (format=1)
  ok   Y8 only prepared admitted requests can schedule; a missing transcript fails internally
  ok   Y6 remote authority 2 admission for version (format=1)
  ok   Y8 only prepared admitted requests can schedule; a missing transcript fails internally
  ok   Y6 remote authority 2 admission for factory_reset confirm (format=1)
  ok   Y7 remote refusal has zero output, Node calls, handler calls and NV/store changes
  ok   Y8 only prepared admitted requests can schedule; a missing transcript fails internally
  ok   Y6 remote authority 2 admission for acl list (format=1)
  ok   Y7 remote refusal has zero output, Node calls, handler calls and NV/store changes
  ok   Y8 only prepared admitted requests can schedule; a missing transcript fails internally
  ok   Y6 remote authority 2 admission for acl reset confirm (format=1)
  ok   Y7 remote refusal has zero output, Node calls, handler calls and NV/store changes
  ok   Y8 only prepared admitted requests can schedule; a missing transcript fails internally
  ok   Y6 remote authority 2 admission for admin-key list (format=1)
  ok   Y7 remote refusal has zero output, Node calls, handler calls and NV/store changes
  ok   Y8 only prepared admitted requests can schedule; a missing transcript fails internally
  ok   Y6 remote authority 2 admission for rcmd 1 status (format=1)
  ok   Y7 remote refusal has zero output, Node calls, handler calls and NV/store changes
  ok   Y8 only prepared admitted requests can schedule; a missing transcript fails internally
  ok   Y6 remote authority 2 admission for unknown-verb (format=1)
  ok   Y7 remote refusal has zero output, Node calls, handler calls and NV/store changes
  ok   Y8 only prepared admitted requests can schedule; a missing transcript fails internally
  ok   Y9 remote validation refusal also writes nothing (authority=2 format=1)
  ok   Y6 remote authority 3 admission for status (format=1)
  ok   Y8 only prepared admitted requests can schedule; a missing transcript fails internally
  ok   Y6 remote authority 3 admission for status x (format=1)
  ok   Y8 only prepared admitted requests can schedule; a missing transcript fails internally
  ok   Y6 remote authority 3 admission for version (format=1)
  ok   Y8 only prepared admitted requests can schedule; a missing transcript fails internally
  ok   Y6 remote authority 3 admission for factory_reset confirm (format=1)
  ok   Y7 remote refusal has zero output, Node calls, handler calls and NV/store changes
  ok   Y8 only prepared admitted requests can schedule; a missing transcript fails internally
  ok   Y6 remote authority 3 admission for acl list (format=1)
  ok   Y8 only prepared admitted requests can schedule; a missing transcript fails internally
  ok   Y6 remote authority 3 admission for acl reset confirm (format=1)
  ok   Y7 remote refusal has zero output, Node calls, handler calls and NV/store changes
  ok   Y8 only prepared admitted requests can schedule; a missing transcript fails internally
  ok   Y6 remote authority 3 admission for admin-key list (format=1)
  ok   Y7 remote refusal has zero output, Node calls, handler calls and NV/store changes
  ok   Y8 only prepared admitted requests can schedule; a missing transcript fails internally
  ok   Y6 remote authority 3 admission for rcmd 1 status (format=1)
  ok   Y7 remote refusal has zero output, Node calls, handler calls and NV/store changes
  ok   Y8 only prepared admitted requests can schedule; a missing transcript fails internally
  ok   Y6 remote authority 3 admission for unknown-verb (format=1)
  ok   Y7 remote refusal has zero output, Node calls, handler calls and NV/store changes
  ok   Y8 only prepared admitted requests can schedule; a missing transcript fails internally
  ok   Y9 remote validation refusal also writes nothing (authority=3 format=1)
  ok   Y10 real panel executor refuses NUL without parsing or executing
  ok   Y11 panel success proves the real Node command counter discriminates
  ok   A7-1 config record keeps its size across the padding append
  ok   A7-2 actual wrapper stores the same-size v24 fixture
  ok   A7-3 actual loader rejects v24 padding
  ok   A7-4 actual wrapper stores v25
  ok   A7-5 actual loader accepts v25
  ok   A7-6 activation raw field survives typed reload
  ok   A7-7 actual wrapper stores the future-version fixture
  ok   A7-8 actual loader rejects v26
  ok   R7-I1 real private DM stored
  ok   R7-I2 real delivery receipt stored
  ok   R7-I3 custody fixture uses real codec
  ok   R7-I4 real custody report stored
  ok   R7-I5 real channel post stored
  ok   R7-I6 local router owns inbox pull
  ok   R7-I7 full medium yields all four local records and end
  ok   R7-I8 oversize fake append refuses atomically rather than clamping
  ok   R72-S3 CLIENT status still dispatches locally
  ok   R72-S4 CLIENT status has no target field: radmin_inbound_refusal=
  ok   R72-S4 CLIENT status has no target field: radmin_open_rate_refusal=
  ok   R72-S4 CLIENT status has no target field: radmin_transcript_exhaustion=
  ok   R72-S4 CLIENT status has no target field: radmin_response_enqueue_failure=
  ok   R72-S4 CLIENT status has no target field: radmin_response_seal_failure=
checks: 384   failures: 0
PASS

== negative controls (each MUST turn the probe RED) ==
  ok   a real SIGSEGV classifies as UNUSABLE, and 1/3 red · 0/0 passes · 1/0 silent still discriminate
  ok   C1  the `clear_inbox` DISPATCH ARM is deleted (the verb is unreachable) -> RED (21 check(s) failed: W1 W2 W3 W3 W3 W3 W3 W3 W3 W4 W4b W4c W4d W4e W5 W5c W5d W6 W6b W7 W9 )
  ok   C2  the dispatch arm off-by-one (`line[11]` -> `line[10]`, `+ 11` -> `+ 10`) -> RED (18 check(s) failed: W3 W3 W3 W3 W3 W3 W3 W4 W4b W4c W4d W4e W5 W5c W5d W6 W6b W7 )
  ok   C3  the confirmation check is BYPASSED (`!parse_confirm_token(...)` -> `false`) -> RED (13 check(s) failed: W2 W2b W2c W2d W3 W3 W3 W3 W3 W3 W3 W9 W9b )
  ok   C4  the refusal early `return` is REMOVED (it refuses AND clears) -> RED (13 check(s) failed: W2 W2b W2c W2d W3 W3 W3 W3 W3 W3 W3 W9 W9b )
  ok   C5  the verdict is forced TRUE into `inbox_clear_result()` (failure prints `cleared`) -> RED (4 check(s) failed: W5 W5b W6 W7 )
  ok   C30 the §RADMIN controller DISPATCH ARM is deleted (both families unreachable) -> RED (37 check(s) failed: Q1 Q1b Q2 Q3 Q3b Q3c Q3e Q4 Q4b Q5 Q5b Q6 Q6b Q7 Q7 Q7 Q7 Q7 Q7 Q7 Q7 Q7 Q7 Q8 Q8b Q8c Q8e Q8f Q8g Q10 Q10b Q10c Q10d Q11 Q12 Q12f Q12g )
  ok   C31 ★ the controller seed binding STOPS DRAWING from the platform (answers true, fills nothing) -> RED (7 check(s) failed: Q3 Q3b Q3c Q3e Q4b Q5 Q5b )
  ok   C32 the keyring store binding stops reading the record it was bound to (every list reads a fresh device) -> RED (4 check(s) failed: Q6b Q10 Q10c Q10e )
  ok   C33 the controller Print adapter writes to `mrcon` instead of the SUPPLIED sink ([[B279]] shape) -> RED (40 check(s) failed: R12 R13 R25 R26 Q2 Q3 Q4 Q5 Q6 Q6b Q7 Q7c Q7 Q7c Q7 Q7c Q7 Q7c Q7 Q7c Q7 Q7c Q7 Q7c Q7 Q7c Q7 Q7c Q7 Q7c Q8 Q8e Q8f Q10 Q10b Q10c Q10d Q11 Q12c Q12d )
  ok   C34 the READ-ONLY controller boot report starts WRITING (an auto-generate on a fresh controller) -> RED (2 check(s) failed: Q9b Q10f )
  ok   C35 ★★ do_regen REWRITES the keyring — the ruled `keys and targets preserved` warning becomes a LIE -> RED (3 check(s) failed: R18 Q12e Q12f )
  ok   C36 the CLIENT regen WARNING is emitted on the FAILURE path too (a rotation that did not happen is warned about) -> RED (4 check(s) failed: R2 R9 Q12h Q12i )
  ok   C37 ★ `load_mgmt_keys` stops asking the primitive for SlotIo — a DEAD store reads as a fresh device -> RED (3 check(s) failed: Q10 Q10c Q10e )
  ok   C38 ★★ `save_targets` WRITES THE WRONG SLOT — a book update lands on the management keyring -> RED (7 check(s) failed: Q8c Q8e Q8f Q8g Q12 Q12f Q12g )
  ok   C39 ★★★ `load_mgmt_keys` READS THE TARGET-SIDE `/mradmid` SLOT — design §6.4's two seeds CROSS -> RED (5 check(s) failed: Q3e Q6b Q12 Q12f Q12g )
  ok   C40 ★★ [[B321]]: the shared decoder's SECRET-SCRATCH guard is DELETED — the key material is left on the stack -> RED (4 check(s) failed: Z2 Z3 Z4 Z6 )
  ok   C6  `ib.clear()` is replaced by an unconditional success (the ack claims a clear that never ran) -> RED (11 check(s) failed: W4b W4c W4d W4e W5 W5b W5c W5d W6 W6b W7 )
  ok   C7  the dispatch arm routes `clear_inbox` to `handle_del_msg` instead -> RED (19 check(s) failed: W2 W3 W3 W3 W3 W3 W3 W3 W4b W4c W4d W4e W5 W5c W5d W6 W6b W7 W9 )
  ok   C8  the dispatch arm hands `do_regen` the GLOBAL console instead of its supplied `out` ([[B279]] restored) -> RED (11 check(s) failed: R2 R3 R12 R13 R14 R25 R26 Q12b Q12c Q12d Q12h )
  ok   C9  `do_regen`'s own success/error writes are routed back to `mrcon` -> RED (9 check(s) failed: R2 R3 R12 R13 R25 R26 Q12b Q12d Q12h )
  ok   C10 `print_identity`'s body is routed back to `mrcon` (the identity tail leaks, the prefix does not) -> RED (6 check(s) failed: R12 R13 R14 R25 R26 Q12d )
  ok   C11 the production `LineSink` never ships (neither on newline nor on flush) -> RED (10 check(s) failed: R2 R12 R14 R25 R26 X2 X20 Q12b Q12c Q12h )
  ok   C12 the NV fake RETAINS the record while reporting the write FAILED (dishonest storage) -> RED (1 check(s) failed: R8 )
  ok   C13 the NV fake reports a SUCCESSFUL write while retaining nothing (dishonest storage) -> RED (22 check(s) failed: R8 R12 R19 R20 R21 R22 R23 R26 R31 X8b Q3c Q3e Q6b Q8c Q8e Q8f Q8g Q12 Q12f Q12g A7-5 A7-6 )
  ok   C14 the seam renders each transport in the OTHER format (`fmt == json` -> `fmt == text`) -> RED (18 check(s) failed: X3 X4 X7 X8 X8b X9 X10 X11 X12 X13 X18 X19 Y2 Y2 Y2 Y2 Y2 Y2 )
  ok   C15 `peerkey` is executed as a bare Node command instead of through handle_peerkey -> RED (2 check(s) failed: X8 X8b )
  ok   C16 an accepted `reqpubkey` loses its reqpubkey_sent event (falls back to write_ack) -> RED (1 check(s) failed: X11 )
  ok   C17 the TEXT arm drops print_reqpubkey_hint (a refusal names the wall but not the way round it) -> RED (1 check(s) failed: X13 )
  ok   C18 the TEXT arm writes to the global `mrcon` instead of the sink it was handed ([[B279]] shape) -> RED (4 check(s) failed: X18 Y2 Y2 Y2 )
  ok   C19 the `empty` completion is collapsed into `unmatched` (a bare Enter would answer an error) -> RED (1 check(s) failed: X14 )
  ok   C20 a router response is reported as `buffered` instead of `streamed` (the caller would not flush) -> RED (4 check(s) failed: X1 X2 X17 X20 )
  ok   C21 the TEXT arm executes the Node command TWICE (two ctrs burned, one answer printed) -> RED (4 check(s) failed: X6 Y4 Y4 Y4 )
    source match count 1
  ok   S6-C1 seam validator bypassed -> RED (30 check(s) failed: Y1 Y2 Y3 Y1 Y2 Y3 Y1 Y2 Y3 Y5 Y5 Y5 Y9 Y9 Y9 Y1 Y2 Y3 Y1 Y2 Y3 Y1 Y2 Y3 Y5 Y5 Y5 Y9 Y9 Y9 )
    source match count 1
  ok   S6-C2 remote policy bypassed -> RED (76 check(s) failed: Y6 Y7 Y6 Y7 Y6 Y7 Y6 Y7 Y6 Y7 Y6 Y7 Y6 Y7 Y6 Y7 Y6 Y7 Y6 Y7 Y6 Y7 Y6 Y7 Y6 Y7 Y6 Y7 Y6 Y7 Y6 Y7 Y6 Y7 Y6 Y7 Y6 Y7 Y6 Y7 Y6 Y7 Y6 Y7 Y6 Y7 Y6 Y7 Y6 Y7 Y6 Y7 Y6 Y7 Y6 Y7 Y6 Y7 Y6 Y7 Y6 Y7 Y6 Y7 Y6 Y7 Y6 Y7 Y6 Y7 Y6 Y7 Y6 Y7 Y6 Y7 )
    source match count 1
  ok   S6-C3 local contexts consult the remote table -> RED (78 check(s) failed: X14 X15 Y6 Y7 Y6 Y7 Y6 Y7 Y6 Y7 Y6 Y7 Y6 Y7 Y6 Y7 Y6 Y7 Y6 Y7 Y6 Y7 Y6 Y7 Y6 Y7 Y6 Y7 Y6 Y7 Y6 Y7 Y6 Y7 Y6 Y7 Y6 Y7 Y6 Y7 Y6 Y7 Y6 Y7 Y6 Y7 Y6 Y7 Y6 Y7 Y6 Y7 Y6 Y7 Y6 Y7 Y6 Y7 Y6 Y7 Y6 Y7 Y6 Y7 Y6 Y7 Y6 Y7 Y6 Y7 Y6 Y7 Y6 Y7 Y6 Y7 Y6 Y7 )
    source match count 1
  ok   S6-C4 remote admission inverted -> RED (68 check(s) failed: Y6 Y6 Y7 Y6 Y7 Y6 Y7 Y6 Y7 Y6 Y7 Y6 Y7 Y6 Y6 Y6 Y6 Y7 Y6 Y7 Y6 Y7 Y6 Y7 Y6 Y6 Y6 Y6 Y6 Y7 Y6 Y7 Y6 Y7 Y6 Y6 Y7 Y6 Y7 Y6 Y7 Y6 Y7 Y6 Y7 Y6 Y7 Y6 Y6 Y6 Y6 Y7 Y6 Y7 Y6 Y7 Y6 Y7 Y6 Y6 Y6 Y6 Y6 Y7 Y6 Y7 Y6 Y7 )
    source match count 1
  ok   S6-C5 remote refusal emits local bytes -> RED (36 check(s) failed: Y7 Y7 Y7 Y7 Y7 Y7 Y7 Y7 Y7 Y7 Y7 Y7 Y7 Y7 Y7 Y7 Y7 Y7 Y7 Y7 Y7 Y7 Y7 Y7 Y7 Y7 Y7 Y7 Y7 Y7 Y7 Y7 Y7 Y7 Y7 Y7 )
    source match count 1
  ok   S6-C6 real panel validator bypassed -> RED (2 check(s) failed: Y10 Y11 )
    source match count 1
  ok   S6-C7 parser success loses its typed completed outcome -> RED (6 check(s) failed: Y4 Y4 Y4 Y4 Y4 Y4 )
    source match count 1
  ok   S6-C8 JSON bad_line envelope changes its reason domain -> RED (3 check(s) failed: Y2 Y2 Y2 )
    source match count 1
  ok   S6-C9 remote byte-validation refusal emits a local envelope -> RED (6 check(s) failed: Y9 Y9 Y9 Y9 Y9 Y9 )
  ok   R7-C1 B372 eight-byte truncation restored in medium (positive contents must fail) -> RED (1 check(s) failed: R7-I7 )
  ok   A7-C1 config loader floor lowered, same-size v24 loads -> RED (1 check(s) failed: A7-3 )
  ok   A7-C2 config loader floor raised, current v25 refuses -> RED (1 check(s) failed: A7-5 )

tree unchanged: the real sources' md5 is identical before and after (e730ceadba0ee2ecd3a265f30766309c)
probe: 384 checks against the REAL dispatch()+handle_clear_inbox, 0 failed (pin 384)
controls: 45 verified / 0 unusable (pin 45)
PASS

BOTH ARMS PASS
