path	line	symbols
src/firmware_config_service.h	29	UiState
src/firmware_join_profiles.h	9	Screen
src/firmware_ui.cpp	20	FrameGate
src/firmware_ui.cpp	37	UiState
src/firmware_ui.cpp	56	UiChrome
src/firmware_ui.cpp	58	draw_rail
src/firmware_ui.cpp	61	kBodyX
src/firmware_ui.cpp	132	draw_status_screen
src/firmware_ui.cpp	181	UiSnapshot
src/firmware_ui.cpp	182	settings_rows
src/firmware_ui.cpp	341	UiSnapshot,UiState
src/firmware_ui.cpp	375	UiState
src/firmware_ui.cpp	377	UiState
src/firmware_ui.cpp	382	UiState
src/firmware_ui.cpp	390	UiState
src/firmware_ui.cpp	391	UiSnapshot
src/firmware_ui.cpp	396	UiState
src/firmware_ui.cpp	401	UiChrome
src/firmware_ui.cpp	404	FrameGate
src/firmware_ui.cpp	480	kBodyCols
src/firmware_ui.cpp	709	UiSnapshot
src/firmware_ui.cpp	721	UiSnapshot
src/firmware_ui.cpp	722	UiSnapshot
src/firmware_ui.cpp	725	FrameGate
src/firmware_ui.cpp	895	UiSnapshot
src/firmware_ui.cpp	925	draw_status_screen
src/firmware_ui.cpp	951	UiSnapshot
src/firmware_ui.cpp	985	freeze_settings
src/firmware_ui.cpp	1001	kBodyCols,kBodyX
src/firmware_ui.cpp	1035	kBodyX
src/firmware_ui.cpp	1037	kBodyX
src/firmware_ui.cpp	1038	kBodyCols
src/firmware_ui.cpp	1039	kBodyX
src/firmware_ui.cpp	1040	kBodyCols
src/firmware_ui.cpp	1041	kBodyCols
src/firmware_ui.cpp	1047	kBodyCols
src/firmware_ui.cpp	1052	kBodyCols
src/firmware_ui.cpp	1053	kBodyCols
src/firmware_ui.cpp	1068	kBodyX
src/firmware_ui.cpp	1077	kBodyX
src/firmware_ui.cpp	1080	kBodyX,kStatusMark
src/firmware_ui.cpp	1081	kStatusMark
src/firmware_ui.cpp	1082	kStatusMark
src/firmware_ui.cpp	1083	kStatusMark
src/firmware_ui.cpp	1086	kStatusMark
src/firmware_ui.cpp	1090	kBodyCols
src/firmware_ui.cpp	1092	kStatusMark
src/firmware_ui.cpp	1098	kStatusMark
src/firmware_ui.cpp	1124	list_first
src/firmware_ui.cpp	1131	draw_settings_screen
src/firmware_ui.cpp	1136	kListBackText
src/firmware_ui.cpp	1256	UiChrome
src/firmware_ui.cpp	1313	kBodyX
src/firmware_ui.cpp	1348	UiState
src/firmware_ui.cpp	1354	UiChrome,draw_rail
src/firmware_ui.cpp	1374	draw_settings_screen
src/firmware_ui.cpp	1384	freeze_settings
src/firmware_ui.cpp	1415	UiSnapshot,draw_status_screen
src/firmware_ui.cpp	1419	kStatusMark
src/firmware_ui.cpp	1421	ui_status_team
src/firmware_ui.cpp	1422	ui_status_me
src/firmware_ui.cpp	1423	ui_status_known
src/firmware_ui.cpp	1424	ui_status_unread_home
src/firmware_ui.cpp	1433	ui_status_location
src/firmware_ui.cpp	1438	screen_is_entered
src/firmware_ui.cpp	1441	UiSnapshot,UiState,draw_team_screen
src/firmware_ui.cpp	1442	screen_is_entered
src/firmware_ui.cpp	1454	draw_inbox_screen
src/firmware_ui.cpp	1460	list_first
src/firmware_ui.cpp	1462	list_first
src/firmware_ui.cpp	1509	kBodyCols
src/firmware_ui.cpp	1524	draw_team_screen
src/firmware_ui.cpp	1525	UiSnapshot,UiState,draw_inbox_screen
src/firmware_ui.cpp	1527	screen_is_entered
src/firmware_ui.cpp	1556	list_first
src/firmware_ui.cpp	1558	list_first
src/firmware_ui.cpp	1562	draw_team_screen
src/firmware_ui.cpp	1564	draw_team_screen
src/firmware_ui.cpp	1590	FrameGate
src/firmware_ui.cpp	1596	UiState
src/firmware_ui.cpp	1651	ProvBlock
src/firmware_ui.cpp	1661	draw_settings_screen,settings_rows
src/firmware_ui.cpp	1683	UiSnapshot,UiState
src/firmware_ui.cpp	1690	list_first
src/firmware_ui.cpp	1749	draw_settings_screen
src/firmware_ui.cpp	1758	list_first
src/firmware_ui.cpp	1792	UiState
src/firmware_ui.cpp	1833	list_first
src/firmware_ui.cpp	1848	list_first
src/firmware_ui.cpp	1917	list_first
src/firmware_ui.cpp	2028	list_first
src/firmware_ui.cpp	2126	Settings::provisioning
src/firmware_ui.cpp	2138	UiState,draw_settings_tail
src/firmware_ui.cpp	2144	UiSnapshot,UiState,draw_settings_screen
src/firmware_ui.cpp	2148	ui_nav_slot
src/firmware_ui.cpp	2149	Settings::provisioning
src/firmware_ui.cpp	2160	draw_settings_tail
src/firmware_ui.cpp	2165	Settings::closed
src/firmware_ui.cpp	2166	kSettingsEnterText
src/firmware_ui.cpp	2168	draw_settings_tail
src/firmware_ui.cpp	2181	settings_rows
src/firmware_ui.cpp	2182	list_first
src/firmware_ui.cpp	2190	Settings::editing
src/firmware_ui.cpp	2191	settings_row_label
src/firmware_ui.cpp	2192	settings_row_label
src/firmware_ui.cpp	2194	settings_row_label
src/firmware_ui.cpp	2198	draw_settings_tail
src/firmware_ui.cpp	2204	draw_send_screen
src/firmware_ui.cpp	2227	UiSnapshot,draw_compose
src/firmware_ui.cpp	2237	UiState,draw_compose
src/firmware_ui.cpp	2314	UiSnapshot,UiState,draw_compose
src/firmware_ui.cpp	2328	draw_compose
src/firmware_ui.cpp	2349	list_first
src/firmware_ui.cpp	2458	UiSnapshot,UiState
src/firmware_ui.cpp	2459	UiChrome
src/firmware_ui.cpp	2466	draw_rail
src/firmware_ui.cpp	2470	draw_compose
src/firmware_ui.cpp	2476	Screen,draw_status_screen
src/firmware_ui.cpp	2477	Screen,draw_team_screen
src/firmware_ui.cpp	2478	Screen,draw_inbox_screen
src/firmware_ui.cpp	2479	Screen,draw_send_screen
src/firmware_ui.cpp	2480	Screen,draw_settings_screen
src/firmware_ui.cpp	2481	Screen
src/firmware_ui.cpp	2530	UiSnapshot
src/firmware_ui.cpp	2535	FrameGate,on_page
src/firmware_ui.cpp	2552	UiState
src/firmware_ui.cpp	2558	FrameGate
src/firmware_ui.cpp	2560	UiState
src/firmware_ui.cpp	2568	FrameGate
src/firmware_ui.cpp	2572	FrameGate
src/firmware_ui.cpp	2573	UiChrome
src/firmware_ui.cpp	2574	ChromeCfg
src/firmware_ui.cpp	2575	ui_chrome_invalidate
src/firmware_ui.cpp	2579	FrameGate
src/firmware_ui.cpp	2588	FrameGate
src/firmware_ui.cpp	2607	freeze_settings
src/firmware_ui.cpp	2619	on_page
src/firmware_ui.cpp	2630	FrameGate
src/firmware_ui.cpp	2727	FrameGate
src/firmware_ui_chrome.h	146	UiChrome
src/firmware_ui_chrome.h	217	UiSnapshot
src/firmware_ui_chrome.h	325	UiState,ui_nav_slot
src/firmware_ui_chrome.h	332	UiState
src/firmware_ui_chrome.h	335	UiState
src/firmware_ui_chrome.h	348	Screen
src/firmware_ui_chrome.h	351	UiState
src/firmware_ui_chrome.h	359	Screen,sync_settings
src/firmware_ui_chrome.h	362	Settings::browsing
src/firmware_ui_chrome.h	363	Settings::editing
src/firmware_ui_chrome.h	365	settings_follow_screen
src/firmware_ui_chrome.h	368	Settings::provisioning
src/firmware_ui_chrome.h	369	Settings::closed
src/firmware_ui_chrome.h	372	Screen
src/firmware_ui_chrome.h	373	Screen
src/firmware_ui_chrome.h	374	Screen
src/firmware_ui_chrome.h	375	Screen
src/firmware_ui_chrome.h	376	Screen
src/firmware_ui_chrome.h	379	Screen
src/firmware_ui_chrome.h	381	settings_row_label
src/firmware_ui_chrome.h	404	ChromeCfg
src/firmware_ui_chrome.h	406	ChromeCfg
src/firmware_ui_chrome.h	407	ChromeCfg
src/firmware_ui_chrome.h	429	UiChrome
src/firmware_ui_chrome.h	443	UiSnapshot
src/firmware_ui_chrome.h	448	UiState
src/firmware_ui_chrome.h	457	UiChrome
src/firmware_ui_chrome.h	464	UiChrome,ui_chrome_equal
src/firmware_ui_chrome.h	492	FrameGate
src/firmware_ui_chrome.h	513	UiChrome,ui_chrome_invalidate
src/firmware_ui_chrome.h	514	ui_chrome_equal
src/firmware_ui_chrome.h	519	ui_nav_slot
src/firmware_ui_chrome.h	534	ChromeCfg
src/firmware_ui_chrome.h	536	ChromeCfg,UiChrome,UiSnapshot,UiState
src/firmware_ui_chrome.h	537	UiChrome
src/firmware_ui_chrome.h	587	ui_nav_slot
src/firmware_ui_chrome.h	590	next_screen
src/firmware_ui_geo.h	77	UiSnapshot
src/firmware_ui_geo.h	80	UiSnapshot
src/firmware_ui_icons.h	36	draw_status_screen
src/firmware_ui_invite.h	47	UiSnapshot,UiState
src/firmware_ui_invite.h	207	UiState
src/firmware_ui_invite.h	297	enter_provision
src/firmware_ui_join.h	40	UiState
src/firmware_ui_join.h	45	UiState
src/firmware_ui_join.h	53	UiState
src/firmware_ui_join.h	54	UiState
src/firmware_ui_model.h	23	FrameGate
src/firmware_ui_model.h	28	FrameGate
src/firmware_ui_model.h	33	UiState
src/firmware_ui_model.h	44	FrameGate
src/firmware_ui_model.h	46	Screen
src/firmware_ui_model.h	47	settings_rows
src/firmware_ui_model.h	51	sync_settings
src/firmware_ui_model.h	56	ProvBlock
src/firmware_ui_model.h	65	settings_rows
src/firmware_ui_model.h	75	kSettingsEnterText
src/firmware_ui_model.h	77	sync_settings
src/firmware_ui_model.h	83	ListView
src/firmware_ui_model.h	84	kListBackText
src/firmware_ui_model.h	86	screen_is_entered
src/firmware_ui_model.h	87	ListView,list_view_reset_on_leave
src/firmware_ui_model.h	91	team_key_note_ack_landed
src/firmware_ui_model.h	121	UiSnapshot
src/firmware_ui_model.h	170	UiState
src/firmware_ui_model.h	173	UiState
src/firmware_ui_model.h	180	UiSnapshot
src/firmware_ui_model.h	181	UiState
src/firmware_ui_model.h	186	UiSnapshot
src/firmware_ui_model.h	187	UiState
src/firmware_ui_model.h	193	UiState
src/firmware_ui_model.h	196	UiState
src/firmware_ui_model.h	244	next_screen
src/firmware_ui_model.h	246	Screen
src/firmware_ui_model.h	255	sync_settings
src/firmware_ui_model.h	256	kSettingsEnterText
src/firmware_ui_model.h	263	Screen
src/firmware_ui_model.h	276	list_view_reset_on_leave
src/firmware_ui_model.h	278	ListView
src/firmware_ui_model.h	286	list_activate
src/firmware_ui_model.h	292	advance_or_next
src/firmware_ui_model.h	299	CfgRow::back,settings_row_label
src/firmware_ui_model.h	303	kListBackText
src/firmware_ui_model.h	310	list_len_of
src/firmware_ui_model.h	327	list_activate
src/firmware_ui_model.h	345	list_activate
src/firmware_ui_model.h	357	advance_or_next
src/firmware_ui_model.h	363	ListView,list_view_reset_on_leave
src/firmware_ui_model.h	364	ListView
src/firmware_ui_model.h	365	ListView
src/firmware_ui_model.h	369	ListView
src/firmware_ui_model.h	370	ListView
src/firmware_ui_model.h	375	Screen
src/firmware_ui_model.h	376	Screen
src/firmware_ui_model.h	377	ListView,Screen,screen_is_entered
src/firmware_ui_model.h	379	Screen
src/firmware_ui_model.h	380	ListView,Screen
src/firmware_ui_model.h	381	Screen,Settings::closed
src/firmware_ui_model.h	382	Screen
src/firmware_ui_model.h	383	Screen
src/firmware_ui_model.h	384	Screen
src/firmware_ui_model.h	396	close_provisioning,enter_provision
src/firmware_ui_model.h	398	Settings::provisioning
src/firmware_ui_model.h	412	UiState
src/firmware_ui_model.h	417	UiState
src/firmware_ui_model.h	428	UiState
src/firmware_ui_model.h	435	UiState
src/firmware_ui_model.h	439	UiState
src/firmware_ui_model.h	448	UiState
src/firmware_ui_model.h	482	UiState
src/firmware_ui_model.h	503	enter_provision
src/firmware_ui_model.h	509	enter_provision
src/firmware_ui_model.h	569	ProvBlock
src/firmware_ui_model.h	572	settings_follow_screen
src/firmware_ui_model.h	588	close_provisioning,enter_provision,settings_follow_screen
src/firmware_ui_model.h	604	settings_activate
src/firmware_ui_model.h	642	settings_rows
src/firmware_ui_model.h	652	CfgRow::back
src/firmware_ui_model.h	665	CfgRow::back
src/firmware_ui_model.h	676	draw_settings_screen
src/firmware_ui_model.h	680	settings_row_label
src/firmware_ui_model.h	690	CfgRow::back
src/firmware_ui_model.h	747	settings_rows
src/firmware_ui_model.h	759	settings_rows
src/firmware_ui_model.h	799	settings_rows
src/firmware_ui_model.h	1015	enter_provision
src/firmware_ui_model.h	1122	UiState
src/firmware_ui_model.h	1130	UiState
src/firmware_ui_model.h	1170	enter_provision
src/firmware_ui_model.h	1183	enter_provision
src/firmware_ui_model.h	1383	settings_row_label
src/firmware_ui_model.h	1384	draw_settings_screen
src/firmware_ui_model.h	1385	kSettingsEnterText
src/firmware_ui_model.h	1394	kBodyCols,kBodyX
src/firmware_ui_model.h	1412	UiState
src/firmware_ui_model.h	1528	kBodyCols
src/firmware_ui_model.h	1529	draw_send_screen
src/firmware_ui_model.h	1540	kBodyCols
src/firmware_ui_model.h	1567	UiSnapshot
src/firmware_ui_model.h	1638	UiSnapshot
src/firmware_ui_model.h	1657	UiSnapshot
src/firmware_ui_model.h	1785	UiSnapshot
src/firmware_ui_model.h	1787	UiSnapshot
src/firmware_ui_model.h	1828	UiSnapshot
src/firmware_ui_model.h	1848	settings_rows
src/firmware_ui_model.h	1861	UiSnapshot,UiState
src/firmware_ui_model.h	1865	UiSnapshot
src/firmware_ui_model.h	1867	UiState
src/firmware_ui_model.h	1875	UiSnapshot
src/firmware_ui_model.h	1919	UiSnapshot
src/firmware_ui_model.h	1921	UiSnapshot
src/firmware_ui_model.h	1922	UiSnapshot
src/firmware_ui_model.h	1939	draw_status_screen
src/firmware_ui_model.h	1942	UiSnapshot
src/firmware_ui_model.h	1956	UiSnapshot
src/firmware_ui_model.h	1959	UiSnapshot
src/firmware_ui_model.h	1972	UiSnapshot
src/firmware_ui_model.h	1992	UiSnapshot
src/firmware_ui_model.h	2022	UiSnapshot
src/firmware_ui_model.h	2043	UiState
src/firmware_ui_model.h	2049	UiSnapshot
src/firmware_ui_model.h	2053	UiSnapshot
src/firmware_ui_model.h	2075	UiSnapshot
src/firmware_ui_model.h	2080	UiSnapshot
src/firmware_ui_model.h	2091	UiState
src/firmware_ui_model.h	2101	UiSnapshot
src/firmware_ui_model.h	2110	UiSnapshot
src/firmware_ui_model.h	2118	UiState
src/firmware_ui_model.h	2119	UiState
src/firmware_ui_model.h	2130	UiSnapshot
src/firmware_ui_model.h	2133	UiSnapshot
src/firmware_ui_model.h	2141	FrameGate
src/firmware_ui_model.h	2163	FrameGate,on_page
src/firmware_ui_model.h	2172	UiSnapshot
src/firmware_ui_model.h	2233	UiSnapshot
src/firmware_ui_model.h	2447	UiState
src/firmware_ui_model.h	2448	Screen
src/firmware_ui_model.h	2460	UiState
src/firmware_ui_model.h	2479	UiState
src/firmware_ui_model.h	2482	UiState
src/firmware_ui_model.h	2485	UiState
src/firmware_ui_model.h	2486	UiSnapshot
src/firmware_ui_model.h	2488	UiSnapshot
src/firmware_ui_model.h	2502	draw_compose
src/firmware_ui_model.h	2505	UiState
src/firmware_ui_model.h	2513	UiState
src/firmware_ui_model.h	2514	UiState
src/firmware_ui_model.h	2538	UiState
src/firmware_ui_model.h	2539	Settings::closed
src/firmware_ui_model.h	2544	list_view_reset_on_leave
src/firmware_ui_model.h	2545	UiState
src/firmware_ui_model.h	2546	ListView
src/firmware_ui_model.h	2559	Settings::provisioning
src/firmware_ui_model.h	2564	UiState
src/firmware_ui_model.h	2567	clear_settings_note
src/firmware_ui_model.h	2571	ProvBlock
src/firmware_ui_model.h	2577	enter_provision
src/firmware_ui_model.h	2581	UiState
src/firmware_ui_model.h	2583	UiSnapshot
src/firmware_ui_model.h	2586	UiSnapshot
src/firmware_ui_model.h	2597	UiState
src/firmware_ui_model.h	2598	UiSnapshot
src/firmware_ui_model.h	2604	UiSnapshot
src/firmware_ui_model.h	2605	UiState
src/firmware_ui_model.h	2606	UiState
src/firmware_ui_model.h	2611	FrameGate
src/firmware_ui_model.h	2618	UiSnapshot
src/firmware_ui_model.h	2629	UiState
src/firmware_ui_model.h	2633	UiState
src/firmware_ui_model.h	2644	UiState
src/firmware_ui_model.h	2658	enter_provision
src/firmware_ui_model.h	2660	UiState
src/firmware_ui_model.h	2671	enter_provision
src/firmware_ui_model.h	2685	enter_provision
src/firmware_ui_model.h	2691	enter_provision
src/firmware_ui_model.h	2693	UiSnapshot
src/firmware_ui_model.h	2698	UiState
src/firmware_ui_model.h	2713	UiState
src/firmware_ui_model.h	2726	UiState
src/firmware_ui_model.h	2733	ProvBlock
src/firmware_ui_model.h	2734	ProvBlock
src/firmware_ui_model.h	2735	ProvBlock
src/firmware_ui_model.h	2758	UiSnapshot
src/firmware_ui_model.h	2763	emergency_gesture,unblank
src/firmware_ui_model.h	2765	unblank
src/firmware_ui_model.h	2780	emergency_gesture
src/firmware_ui_model.h	2818	sync_settings
src/firmware_ui_model.h	2829	Settings::provisioning
src/firmware_ui_model.h	2830	Settings::editing
src/firmware_ui_model.h	2831	sync_settings
src/firmware_ui_model.h	2834	list_follow_screen
src/firmware_ui_model.h	2838	advance_or_next,list_follow_screen
src/firmware_ui_model.h	2840	settings_follow_screen
src/firmware_ui_model.h	2841	clear_settings_note
src/firmware_ui_model.h	2845	UiSnapshot
src/firmware_ui_model.h	2860	close_compose
src/firmware_ui_model.h	2874	close_compose
src/firmware_ui_model.h	2888	emergency_gesture
src/firmware_ui_model.h	2891	advance_or_next
src/firmware_ui_model.h	2914	unblank
src/firmware_ui_model.h	2916	FrameGate
src/firmware_ui_model.h	2926	unblank
src/firmware_ui_model.h	2927	blank_due
src/firmware_ui_model.h	2931	blank_due
src/firmware_ui_model.h	2943	FrameGate
src/firmware_ui_model.h	2957	FrameGate
src/firmware_ui_model.h	2965	list_view_reset_on_leave
src/firmware_ui_model.h	2966	settings_follow_screen
src/firmware_ui_model.h	2968	list_follow_screen
src/firmware_ui_model.h	2974	FrameGate
src/firmware_ui_model.h	2988	sync_settings
src/firmware_ui_model.h	2990	blank_due
src/firmware_ui_model.h	2998	enter_provision
src/firmware_ui_model.h	3007	leave_grant_chain
src/firmware_ui_model.h	3014	enter_provision
src/firmware_ui_model.h	3016	enter_provision
src/firmware_ui_model.h	3026	UiState
src/firmware_ui_model.h	3055	GrantOrigin
src/firmware_ui_model.h	3057	enter_provision
src/firmware_ui_model.h	3059	GrantOrigin
src/firmware_ui_model.h	3060	enter_provision
src/firmware_ui_model.h	3062	GrantOrigin
src/firmware_ui_model.h	3063	enter_provision
src/firmware_ui_model.h	3087	unblank
src/firmware_ui_model.h	3093	team_key_note_ack_landed
src/firmware_ui_model.h	3097	enter_provision
src/firmware_ui_model.h	3124	unblank
src/firmware_ui_model.h	3181	enter_provision
src/firmware_ui_model.h	3192	UiSnapshot
src/firmware_ui_model.h	3193	settings_rows
src/firmware_ui_model.h	3199	UiSnapshot
src/firmware_ui_model.h	3216	blank_due
src/firmware_ui_model.h	3227	unblank
src/firmware_ui_model.h	3238	unblank
src/firmware_ui_model.h	3273	UiState
src/firmware_ui_model.h	3412	UiSnapshot
src/firmware_ui_model.h	3653	FrameGate
src/firmware_ui_model.h	3667	unblank
src/firmware_ui_model.h	3671	unblank
src/firmware_ui_model.h	3701	FrameGate
src/firmware_ui_model.h	3734	UiState
src/firmware_ui_model.h	3829	UiState
src/firmware_ui_model.h	3843	UiSnapshot,UiState
src/firmware_ui_model.h	3847	UiState
src/firmware_ui_model.h	3848	UiState
src/firmware_ui_model.h	3865	sync_settings
src/firmware_ui_model.h	3868	CfgRow::back
src/firmware_ui_model.h	3897	GrantOrigin
src/firmware_ui_model.h	3899	GrantOrigin
src/firmware_ui_model.h	3904	UiState
src/firmware_ui_model.h	3907	UiSnapshot,advance_or_next
src/firmware_ui_model.h	3911	close_provisioning
src/firmware_ui_model.h	3914	Screen,Settings::browsing
src/firmware_ui_model.h	3924	screen_is_entered
src/firmware_ui_model.h	3925	next_screen
src/firmware_ui_model.h	3940	UiSnapshot
src/firmware_ui_model.h	3942	list_activate
src/firmware_ui_model.h	3948	Screen
src/firmware_ui_model.h	3949	Screen
src/firmware_ui_model.h	3952	list_activate,screen_is_entered
src/firmware_ui_model.h	3960	close_provisioning
src/firmware_ui_model.h	3966	Screen
src/firmware_ui_model.h	3976	UiState
src/firmware_ui_model.h	3984	Screen
src/firmware_ui_model.h	3987	Screen
src/firmware_ui_model.h	3997	list_activate
src/firmware_ui_model.h	4006	Screen
src/firmware_ui_model.h	4008	settings_activate
src/firmware_ui_model.h	4011	draw_settings_screen
src/firmware_ui_model.h	4018	freeze_settings
src/firmware_ui_model.h	4019	Settings::closed
src/firmware_ui_model.h	4023	settings_activate
src/firmware_ui_model.h	4039	sync_settings
src/firmware_ui_model.h	4040	sync_settings
src/firmware_ui_model.h	4046	advance_or_next
src/firmware_ui_model.h	4049	settings_follow_screen
src/firmware_ui_model.h	4050	Screen
src/firmware_ui_model.h	4051	Settings::closed
src/firmware_ui_model.h	4057	advance_or_next
src/firmware_ui_model.h	4068	close_provisioning,enter_provision
src/firmware_ui_model.h	4069	sync_settings
src/firmware_ui_model.h	4070	enter_provision
src/firmware_ui_model.h	4074	Settings::browsing
src/firmware_ui_model.h	4077	Settings::closed
src/firmware_ui_model.h	4085	sync_settings
src/firmware_ui_model.h	4094	UiSnapshot
src/firmware_ui_model.h	4095	ListView
src/firmware_ui_model.h	4098	UiSnapshot
src/firmware_ui_model.h	4099	ListView
src/firmware_ui_model.h	4103	settings_follow_screen
src/firmware_ui_model.h	4104	list_view_reset_on_leave
src/firmware_ui_model.h	4107	list_follow_screen
src/firmware_ui_model.h	4108	Screen
src/firmware_ui_model.h	4109	list_view_reset_on_leave
src/firmware_ui_model.h	4111	UiSnapshot,sync_settings
src/firmware_ui_model.h	4112	settings_follow_screen
src/firmware_ui_model.h	4113	Screen
src/firmware_ui_model.h	4117	ensure_config_open
src/firmware_ui_model.h	4119	Settings::browsing
src/firmware_ui_model.h	4126	Settings::closed
src/firmware_ui_model.h	4143	Settings::provisioning
src/firmware_ui_model.h	4152	CfgRow::back
src/firmware_ui_model.h	4156	UiSnapshot
src/firmware_ui_model.h	4157	sync_settings
src/firmware_ui_model.h	4160	Settings::provisioning
src/firmware_ui_model.h	4169	Screen,Settings::browsing
src/firmware_ui_model.h	4179	UiSnapshot
src/firmware_ui_model.h	4181	Settings::browsing
src/firmware_ui_model.h	4186	Settings::browsing
src/firmware_ui_model.h	4193	UiSnapshot,settings_activate
src/firmware_ui_model.h	4194	clear_settings_note
src/firmware_ui_model.h	4206	provision_admit
src/firmware_ui_model.h	4208	Settings::editing
src/firmware_ui_model.h	4227	ProvBlock
src/firmware_ui_model.h	4229	provision_admit
src/firmware_ui_model.h	4232	enter_provision,provision_admit
src/firmware_ui_model.h	4251	CfgRow::back
src/firmware_ui_model.h	4264	settings_follow_screen
src/firmware_ui_model.h	4276	ensure_config_open
src/firmware_ui_model.h	4286	provision_admit
src/firmware_ui_model.h	4287	ensure_config_open
src/firmware_ui_model.h	4289	ProvBlock
src/firmware_ui_model.h	4290	ProvBlock
src/firmware_ui_model.h	4296	clear_settings_note
src/firmware_ui_model.h	4297	ProvBlock
src/firmware_ui_model.h	4301	Settings::provisioning
src/firmware_ui_model.h	4303	enter_provision
src/firmware_ui_model.h	4311	enter_provision
src/firmware_ui_model.h	4312	Settings::provisioning
src/firmware_ui_model.h	4326	close_provisioning
src/firmware_ui_model.h	4348	UiState
src/firmware_ui_model.h	4353	sync_settings
src/firmware_ui_model.h	4357	close_provisioning
src/firmware_ui_model.h	4358	Settings::browsing
src/firmware_ui_model.h	4365	advance_or_next
src/firmware_ui_model.h	4372	UiSnapshot
src/firmware_ui_model.h	4381	enter_provision
src/firmware_ui_model.h	4392	enter_provision
src/firmware_ui_model.h	4395	enter_provision
src/firmware_ui_model.h	4399	team_key_note_ack_landed
src/firmware_ui_model.h	4404	enter_provision,team_key_note_ack_landed
src/firmware_ui_model.h	4426	enter_provision
src/firmware_ui_model.h	4440	leave_grant_chain
src/firmware_ui_model.h	4443	leave_grant_chain
src/firmware_ui_model.h	4448	leave_grant_chain
src/firmware_ui_model.h	4449	Settings::provisioning
src/firmware_ui_model.h	4452	close_provisioning
src/firmware_ui_model.h	4455	UiSnapshot
src/firmware_ui_model.h	4466	enter_provision
src/firmware_ui_model.h	4468	enter_provision
src/firmware_ui_model.h	4477	enter_provision
src/firmware_ui_model.h	4486	enter_provision
src/firmware_ui_model.h	4499	enter_provision
src/firmware_ui_model.h	4510	enter_provision
src/firmware_ui_model.h	4511	close_provisioning
src/firmware_ui_model.h	4532	enter_provision
src/firmware_ui_model.h	4552	enter_provision
src/firmware_ui_model.h	4576	enter_provision
src/firmware_ui_model.h	4578	enter_provision
src/firmware_ui_model.h	4581	enter_provision
src/firmware_ui_model.h	4591	UiSnapshot
src/firmware_ui_model.h	4593	enter_provision
src/firmware_ui_model.h	4602	UiSnapshot
src/firmware_ui_model.h	4625	enter_provision
src/firmware_ui_model.h	4634	enter_provision
src/firmware_ui_model.h	4646	UiSnapshot
src/firmware_ui_model.h	4650	close_provisioning
src/firmware_ui_model.h	4656	enter_provision
src/firmware_ui_model.h	4669	enter_provision
src/firmware_ui_model.h	4672	enter_provision
src/firmware_ui_model.h	4675	enter_provision
src/firmware_ui_model.h	4688	enter_provision
src/firmware_ui_model.h	4714	enter_provision
src/firmware_ui_model.h	4735	screen_is_entered
src/firmware_ui_model.h	4738	list_follow_screen,settings_follow_screen
src/firmware_ui_model.h	4739	list_view_reset_on_leave
src/firmware_ui_model.h	4741	FrameGate,settings_follow_screen
src/firmware_ui_model.h	4743	settings_follow_screen
src/firmware_ui_model.h	4744	list_follow_screen
src/firmware_ui_model.h	4746	Settings::provisioning
src/firmware_ui_model.h	4747	list_view_reset_on_leave
src/firmware_ui_model.h	4748	settings_follow_screen
src/firmware_ui_model.h	4749	enter_provision
src/firmware_ui_model.h	4750	close_provisioning
src/firmware_ui_model.h	4754	team_key_note_ack_landed
src/firmware_ui_model.h	4756	Screen
src/firmware_ui_model.h	4758	settings_follow_screen
src/firmware_ui_model.h	4759	list_follow_screen
src/firmware_ui_model.h	4768	team_key_note_ack_landed
src/firmware_ui_model.h	4787	enter_provision
src/firmware_ui_model.h	4812	team_key_note_ack_landed
src/firmware_ui_model.h	4813	team_key_note_ack_landed
src/firmware_ui_model.h	4820	enter_provision
src/firmware_ui_model.h	4840	enter_provision
src/firmware_ui_model.h	4843	enter_provision
src/firmware_ui_model.h	4858	enter_provision
src/firmware_ui_model.h	4886	enter_provision
src/firmware_ui_model.h	4919	enter_provision
src/firmware_ui_model.h	4929	enter_provision
src/firmware_ui_model.h	4931	enter_provision
src/firmware_ui_model.h	4947	enter_provision
src/firmware_ui_model.h	4971	enter_provision
src/firmware_ui_model.h	4983	enter_provision
src/firmware_ui_model.h	4997	UiSnapshot
src/firmware_ui_model.h	5002	enter_provision
src/firmware_ui_model.h	5013	UiSnapshot
src/firmware_ui_model.h	5024	enter_provision
src/firmware_ui_model.h	5031	GrantOrigin
src/firmware_ui_model.h	5035	enter_provision
src/firmware_ui_model.h	5041	UiSnapshot
src/firmware_ui_model.h	5049	enter_provision
src/firmware_ui_model.h	5059	UiSnapshot
src/firmware_ui_model.h	5061	leave_grant_chain
src/firmware_ui_model.h	5072	enter_provision
src/firmware_ui_model.h	5085	UiSnapshot
src/firmware_ui_model.h	5087	leave_grant_chain
src/firmware_ui_model.h	5096	enter_provision
src/firmware_ui_model.h	5110	enter_provision
src/firmware_ui_model.h	5117	UiSnapshot
src/firmware_ui_model.h	5120	enter_provision
src/firmware_ui_model.h	5135	Screen,draw_settings_screen
src/firmware_ui_model.h	5136	settings_follow_screen
src/firmware_ui_model.h	5138	draw_team_screen
src/firmware_ui_model.h	5152	UiSnapshot
src/firmware_ui_model.h	5157	GrantOrigin
src/firmware_ui_model.h	5158	close_compose
src/firmware_ui_model.h	5161	Screen
src/firmware_ui_model.h	5162	list_follow_screen
src/firmware_ui_model.h	5175	enter_provision
src/firmware_ui_model.h	5183	UiSnapshot,leave_grant_chain
src/firmware_ui_model.h	5187	GrantOrigin
src/firmware_ui_model.h	5188	enter_provision
src/firmware_ui_model.h	5190	GrantOrigin
src/firmware_ui_model.h	5191	enter_provision
src/firmware_ui_model.h	5193	GrantOrigin
src/firmware_ui_model.h	5201	UiSnapshot
src/firmware_ui_model.h	5202	Screen
src/firmware_ui_model.h	5203	settings_follow_screen
src/firmware_ui_model.h	5204	ListView
src/firmware_ui_model.h	5223	Screen
src/firmware_ui_model.h	5228	UiSnapshot
src/firmware_ui_model.h	5232	Screen
src/firmware_ui_model.h	5256	UiSnapshot
src/firmware_ui_model.h	5257	Screen
src/firmware_ui_model.h	5258	ListView
src/firmware_ui_model.h	5279	UiState
src/firmware_ui_model.h	5282	UiSnapshot
src/firmware_ui_model.h	5283	Screen
src/firmware_ui_model.h	5301	UiSnapshot
src/firmware_ui_model.h	5302	Screen
src/firmware_ui_model.h	5303	ListView
src/firmware_ui_model.h	5325	UiSnapshot
src/firmware_ui_model.h	5377	unblank
src/firmware_ui_model.h	5391	blank_due
src/firmware_ui_model.h	5416	blank_due
src/firmware_ui_model.h	5428	UiSnapshot,blank_due
src/firmware_ui_model.h	5459	UiSnapshot
src/firmware_ui_model.h	5475	close_compose
src/firmware_ui_model.h	5487	close_compose
src/firmware_ui_model.h	5502	close_compose
src/firmware_ui_model.h	5535	clear_settings_note
src/firmware_ui_model.h	5539	close_compose
src/firmware_ui_model.h	5551	UiSnapshot
src/firmware_ui_model.h	5555	advance_or_next
src/firmware_ui_model.h	5560	UiSnapshot
src/firmware_ui_model.h	5561	screen_is_entered
src/firmware_ui_model.h	5563	advance_or_next
src/firmware_ui_model.h	5564	Screen,list_len_of
src/firmware_ui_model.h	5565	Screen,list_len_of
src/firmware_ui_model.h	5569	Screen
src/firmware_ui_model.h	5572	Screen,UiSnapshot,next_screen
src/firmware_ui_model.h	5573	Screen
src/firmware_ui_model.h	5574	Screen
src/firmware_ui_model.h	5577	Screen
src/firmware_ui_model.h	5579	Screen
src/firmware_ui_model.h	5582	UiSnapshot,emergency_gesture
src/firmware_ui_model.h	5583	UiSnapshot
src/firmware_ui_model.h	5589	UiSnapshot,emergency_gesture
src/firmware_ui_model.h	5627	Settings::provisioning,close_provisioning
src/firmware_ui_model.h	5628	Settings::browsing,Settings::editing
src/firmware_ui_model.h	5644	close_compose
src/firmware_ui_model.h	5645	close_compose
src/firmware_ui_model.h	5650	UiSnapshot
src/firmware_ui_model.h	5720	FrameGate
src/firmware_ui_model.h	5724	on_page
src/firmware_ui_model.h	5725	UiSnapshot
src/firmware_ui_model.h	5747	UiState
src/firmware_ui_model.h	5749	Screen
src/firmware_ui_model.h	5766	on_page
src/firmware_ui_model.h	5799	FrameGate
src/firmware_ui_model.h	5802	FrameGate
src/firmware_ui_model.h	5814	FrameGate
src/firmware_ui_model.h	5815	on_page
src/firmware_ui_model.h	5818	FrameGate
src/firmware_ui_nearby.h	43	UiState
src/firmware_ui_nearby.h	44	UiSnapshot,UiState
src/firmware_ui_nearby.h	73	UiSnapshot
src/firmware_ui_nearby_row.h	12	UiSnapshot
src/firmware_ui_nearby_row.h	13	UiState
src/firmware_ui_nearby_row.h	93	UiState
src/firmware_ui_preset_verbs.h	43	UiSnapshot,UiState
src/firmware_ui_presets.h	84	UiSnapshot
src/firmware_ui_status.h	6	draw_status_screen
src/firmware_ui_status.h	38	UiSnapshot
src/firmware_ui_status.h	39	UiSnapshot
src/firmware_ui_status.h	41	UiState
src/firmware_ui_status.h	52	UiSnapshot
src/firmware_ui_status.h	83	UiSnapshot,ui_status_team
src/firmware_ui_status.h	96	UiSnapshot,ui_status_me
src/firmware_ui_status.h	125	UiSnapshot,ui_status_known
src/firmware_ui_status.h	155	UiSnapshot,ui_status_unread_home
src/firmware_ui_status.h	178	UiSnapshot
src/firmware_ui_status.h	204	UiSnapshot,ui_status_location
src/firmware_ui_team.h	6	draw_team_screen
src/firmware_ui_team.h	21	kBodyCols
src/firmware_ui_team.h	62	UiSnapshot
src/firmware_ui_team.h	65	UiSnapshot
src/firmware_ui_team.h	70	UiState
src/firmware_ui_team.h	80	Screen,UiSnapshot
src/firmware_ui_team.h	91	kBodyCols
src/firmware_ui_team.h	129	UiSnapshot
src/firmware_ui_team.h	150	UiState,draw_team_screen
src/firmware_ui_team.h	174	FrameGate
src/firmware_ui_team.h	175	ui_chrome_invalidate
src/firmware_ui_team.h	181	FrameGate
src/firmware_ui_team.h	185	FrameGate
src/firmware_ui_team.h	231	UiSnapshot
src/firmware_ui_team.h	235	UiSnapshot
src/firmware_ui_team.h	256	Screen
src/firmware_ui_team.h	266	Screen
src/firmware_ui_team.h	270	Screen
src/firmware_ui_team.h	277	UiSnapshot
test/test_custody_internal_c.cpp	65	UiSnapshot
test/test_custody_internal_c.cpp	68	UiSnapshot
test/test_custody_internal_c.cpp	224	UiSnapshot
test/test_custody_internal_c.cpp	249	UiSnapshot
test/test_custody_internal_c.cpp	267	UiSnapshot
test/test_custody_internal_c.cpp	294	UiSnapshot
test/test_custody_internal_c.cpp	314	UiSnapshot
test/test_custody_internal_c.cpp	342	UiSnapshot
test/test_custody_internal_c.cpp	575	UiSnapshot
test/test_custody_internal_c.cpp	649	UiSnapshot
test/test_custody_internal_c.cpp	708	UiSnapshot
test/test_custody_internal_d.cpp	700	UiSnapshot
test/test_custody_internal_d.cpp	703	UiSnapshot
test/test_custody_internal_d.cpp	718	UiSnapshot
test/test_firmware_ui_chrome.cpp	8	UiChrome
test/test_firmware_ui_chrome.cpp	27	UiSnapshot
test/test_firmware_ui_chrome.cpp	28	UiSnapshot
test/test_firmware_ui_chrome.cpp	36	UiChrome,UiSnapshot,UiState
test/test_firmware_ui_chrome.cpp	37	ChromeCfg
test/test_firmware_ui_chrome.cpp	208	UiSnapshot
test/test_firmware_ui_chrome.cpp	209	UiChrome
test/test_firmware_ui_chrome.cpp	278	UiSnapshot
test/test_firmware_ui_chrome.cpp	281	UiSnapshot
test/test_firmware_ui_chrome.cpp	300	UiSnapshot
test/test_firmware_ui_chrome.cpp	303	UiChrome
test/test_firmware_ui_chrome.cpp	311	UiSnapshot
test/test_firmware_ui_chrome.cpp	314	UiChrome
test/test_firmware_ui_chrome.cpp	326	UiSnapshot
test/test_firmware_ui_chrome.cpp	327	UiChrome
test/test_firmware_ui_chrome.cpp	365	UiSnapshot
test/test_firmware_ui_chrome.cpp	370	UiChrome
test/test_firmware_ui_chrome.cpp	377	UiSnapshot
test/test_firmware_ui_chrome.cpp	386	UiSnapshot
test/test_firmware_ui_chrome.cpp	405	UiSnapshot
test/test_firmware_ui_chrome.cpp	406	UiChrome
test/test_firmware_ui_chrome.cpp	426	UiSnapshot
test/test_firmware_ui_chrome.cpp	427	UiChrome
test/test_firmware_ui_chrome.cpp	434	UiSnapshot
test/test_firmware_ui_chrome.cpp	552	UiSnapshot
test/test_firmware_ui_chrome.cpp	733	UiSnapshot
test/test_firmware_ui_chrome.cpp	734	ChromeCfg
test/test_firmware_ui_chrome.cpp	735	UiState
test/test_firmware_ui_chrome.cpp	739	ChromeCfg
test/test_firmware_ui_chrome.cpp	749	Screen
test/test_firmware_ui_chrome.cpp	750	Screen
test/test_firmware_ui_chrome.cpp	751	Screen
test/test_firmware_ui_chrome.cpp	752	Screen
test/test_firmware_ui_chrome.cpp	753	Screen
test/test_firmware_ui_chrome.cpp	754	Screen
test/test_firmware_ui_chrome.cpp	757	UiState
test/test_firmware_ui_chrome.cpp	758	ui_nav_slot
test/test_firmware_ui_chrome.cpp	761	Screen,UiState
test/test_firmware_ui_chrome.cpp	762	ui_nav_slot
test/test_firmware_ui_chrome.cpp	769	Screen,UiState
test/test_firmware_ui_chrome.cpp	770	ui_nav_slot
test/test_firmware_ui_chrome.cpp	776	Screen,UiState
test/test_firmware_ui_chrome.cpp	777	ui_nav_slot
test/test_firmware_ui_chrome.cpp	778	ui_nav_slot
test/test_firmware_ui_chrome.cpp	779	Screen,UiState
test/test_firmware_ui_chrome.cpp	780	ui_nav_slot
test/test_firmware_ui_chrome.cpp	784	UiState
test/test_firmware_ui_chrome.cpp	799	Screen
test/test_firmware_ui_chrome.cpp	800	UiState
test/test_firmware_ui_chrome.cpp	801	ui_nav_slot
test/test_firmware_ui_chrome.cpp	804	Settings::browsing,Settings::editing
test/test_firmware_ui_chrome.cpp	805	Screen,UiState
test/test_firmware_ui_chrome.cpp	806	ui_nav_slot
test/test_firmware_ui_chrome.cpp	819	Screen,UiState
test/test_firmware_ui_chrome.cpp	820	ui_nav_slot
test/test_firmware_ui_chrome.cpp	821	ui_nav_slot
test/test_firmware_ui_chrome.cpp	826	Screen,UiState
test/test_firmware_ui_chrome.cpp	827	ui_nav_slot
test/test_firmware_ui_chrome.cpp	830	Screen
test/test_firmware_ui_chrome.cpp	832	UiState
test/test_firmware_ui_chrome.cpp	833	Screen,UiState
test/test_firmware_ui_chrome.cpp	834	ui_nav_slot
test/test_firmware_ui_chrome.cpp	841	UiSnapshot
test/test_firmware_ui_chrome.cpp	849	Screen
test/test_firmware_ui_chrome.cpp	853	ui_nav_slot
test/test_firmware_ui_chrome.cpp	854	Screen
test/test_firmware_ui_chrome.cpp	861	ui_nav_slot
test/test_firmware_ui_chrome.cpp	864	ui_nav_slot
test/test_firmware_ui_chrome.cpp	867	ui_nav_slot
test/test_firmware_ui_chrome.cpp	874	Screen
test/test_firmware_ui_chrome.cpp	875	UiState
test/test_firmware_ui_chrome.cpp	876	ui_nav_slot
test/test_firmware_ui_chrome.cpp	878	Screen,UiState
test/test_firmware_ui_chrome.cpp	879	ui_nav_slot
test/test_firmware_ui_chrome.cpp	881	UiSnapshot
test/test_firmware_ui_chrome.cpp	882	UiChrome
test/test_firmware_ui_chrome.cpp	889	Screen,UiState
test/test_firmware_ui_chrome.cpp	890	ui_nav_slot
test/test_firmware_ui_chrome.cpp	894	draw_rail
test/test_firmware_ui_chrome.cpp	916	UiSnapshot
test/test_firmware_ui_chrome.cpp	917	UiChrome
test/test_firmware_ui_chrome.cpp	927	UiSnapshot
test/test_firmware_ui_chrome.cpp	928	UiChrome
test/test_firmware_ui_chrome.cpp	948	UiSnapshot
test/test_firmware_ui_chrome.cpp	950	ui_nav_slot
test/test_firmware_ui_chrome.cpp	952	Screen
test/test_firmware_ui_chrome.cpp	953	ui_nav_slot
test/test_firmware_ui_chrome.cpp	957	Screen
test/test_firmware_ui_chrome.cpp	959	ui_nav_slot
test/test_firmware_ui_chrome.cpp	970	UiSnapshot
test/test_firmware_ui_chrome.cpp	975	ui_chrome_equal
test/test_firmware_ui_chrome.cpp	980	ui_chrome_equal
test/test_firmware_ui_chrome.cpp	987	ui_chrome_equal
test/test_firmware_ui_chrome.cpp	994	ui_chrome_equal
test/test_firmware_ui_chrome.cpp	1002	ui_chrome_equal
test/test_firmware_ui_chrome.cpp	1006	ui_chrome_equal
test/test_firmware_ui_chrome.cpp	1012	UiState,ui_chrome_equal
test/test_firmware_ui_chrome.cpp	1013	UiState
test/test_firmware_ui_chrome.cpp	1017	UiSnapshot
test/test_firmware_ui_chrome.cpp	1023	UiChrome
test/test_firmware_ui_chrome.cpp	1024	ui_chrome_equal
test/test_firmware_ui_chrome.cpp	1026	UiSnapshot,ui_chrome_equal
test/test_firmware_ui_chrome.cpp	1027	UiSnapshot,ui_chrome_equal
test/test_firmware_ui_chrome.cpp	1028	UiSnapshot
test/test_firmware_ui_chrome.cpp	1029	ui_chrome_equal
test/test_firmware_ui_chrome.cpp	1030	UiSnapshot,ui_chrome_equal
test/test_firmware_ui_chrome.cpp	1031	UiSnapshot,ui_chrome_equal
test/test_firmware_ui_chrome.cpp	1032	UiSnapshot,ui_chrome_equal
test/test_firmware_ui_chrome.cpp	1033	UiSnapshot,ui_chrome_equal
test/test_firmware_ui_chrome.cpp	1034	UiSnapshot,ui_chrome_equal
test/test_firmware_ui_chrome.cpp	1035	UiSnapshot,ui_chrome_equal
test/test_firmware_ui_chrome.cpp	1036	UiSnapshot,ui_chrome_equal
test/test_firmware_ui_chrome.cpp	1039	UiSnapshot,ui_chrome_equal
test/test_firmware_ui_chrome.cpp	1040	UiSnapshot,ui_chrome_equal
test/test_firmware_ui_chrome.cpp	1041	UiSnapshot,ui_chrome_equal
test/test_firmware_ui_chrome.cpp	1042	UiSnapshot,ui_chrome_equal
test/test_firmware_ui_chrome.cpp	1043	UiSnapshot,ui_chrome_equal
test/test_firmware_ui_chrome.cpp	1044	ChromeCfg
test/test_firmware_ui_chrome.cpp	1045	UiState,ui_chrome_equal
test/test_firmware_ui_chrome.cpp	1046	Screen,UiState
test/test_firmware_ui_chrome.cpp	1047	ui_chrome_equal
test/test_firmware_ui_chrome.cpp	1048	UiState,ui_chrome_equal
test/test_firmware_ui_chrome.cpp	1053	UiChrome
test/test_firmware_ui_chrome.cpp	1054	UiChrome
test/test_firmware_ui_chrome.cpp	1060	UiSnapshot
test/test_firmware_ui_chrome.cpp	1065	UiChrome
test/test_firmware_ui_chrome.cpp	1067	UiChrome
test/test_firmware_ui_chrome.cpp	1069	UiChrome
test/test_firmware_ui_chrome.cpp	1079	ui_chrome_equal
test/test_firmware_ui_chrome.cpp	1080	ui_chrome_equal
test/test_firmware_ui_chrome.cpp	1083	UiChrome
test/test_firmware_ui_chrome.cpp	1086	ui_chrome_equal
test/test_firmware_ui_chrome.cpp	1087	UiChrome
test/test_firmware_ui_chrome.cpp	1116	unblank
test/test_firmware_ui_chrome.cpp	1125	FrameGate
test/test_firmware_ui_chrome.cpp	1126	on_page
test/test_firmware_ui_chrome.cpp	1130	FrameGate,UiSnapshot
test/test_firmware_ui_chrome.cpp	1132	on_page
test/test_firmware_ui_chrome.cpp	1137	FrameGate
test/test_firmware_ui_chrome.cpp	1138	UiSnapshot
test/test_firmware_ui_chrome.cpp	1140	UiChrome
test/test_firmware_ui_chrome.cpp	1142	FrameGate
test/test_firmware_ui_chrome.cpp	1143	UiSnapshot
test/test_firmware_ui_chrome.cpp	1144	UiChrome
test/test_firmware_ui_chrome.cpp	1145	ui_chrome_equal
test/test_firmware_ui_chrome.cpp	1146	ui_chrome_invalidate
test/test_firmware_ui_chrome.cpp	1154	FrameGate
test/test_firmware_ui_chrome.cpp	1155	UiSnapshot
test/test_firmware_ui_chrome.cpp	1157	UiChrome
test/test_firmware_ui_chrome.cpp	1158	ui_chrome_invalidate
test/test_firmware_ui_chrome.cpp	1164	ui_chrome_invalidate
test/test_firmware_ui_chrome.cpp	1169	FrameGate
test/test_firmware_ui_chrome.cpp	1170	UiSnapshot
test/test_firmware_ui_chrome.cpp	1174	UiChrome
test/test_firmware_ui_chrome.cpp	1178	UiSnapshot
test/test_firmware_ui_chrome.cpp	1180	UiChrome
test/test_firmware_ui_chrome.cpp	1181	ui_chrome_equal
test/test_firmware_ui_chrome.cpp	1182	ui_chrome_invalidate
test/test_firmware_ui_chrome.cpp	1191	FrameGate
test/test_firmware_ui_chrome.cpp	1192	UiSnapshot
test/test_firmware_ui_chrome.cpp	1195	UiChrome
test/test_firmware_ui_chrome.cpp	1199	UiSnapshot
test/test_firmware_ui_chrome.cpp	1200	UiChrome
test/test_firmware_ui_chrome.cpp	1201	ui_chrome_equal
test/test_firmware_ui_chrome.cpp	1202	ui_chrome_invalidate
test/test_firmware_ui_chrome.cpp	1212	UiSnapshot
test/test_firmware_ui_chrome.cpp	1213	UiChrome
test/test_firmware_ui_chrome.cpp	1214	ui_chrome_equal
test/test_firmware_ui_chrome.cpp	1215	ui_chrome_invalidate
test/test_firmware_ui_chrome.cpp	1218	on_page
test/test_firmware_ui_chrome.cpp	1222	UiSnapshot
test/test_firmware_ui_chrome.cpp	1223	UiChrome
test/test_firmware_ui_chrome.cpp	1224	UiSnapshot
test/test_firmware_ui_chrome.cpp	1225	UiChrome
test/test_firmware_ui_chrome.cpp	1226	ui_chrome_equal
test/test_firmware_ui_chrome.cpp	1227	ui_chrome_invalidate
test/test_firmware_ui_chrome.cpp	1231	unblank
test/test_firmware_ui_chrome.cpp	1232	FrameGate
test/test_firmware_ui_chrome.cpp	1233	UiSnapshot
test/test_firmware_ui_chrome.cpp	1239	FrameGate
test/test_firmware_ui_chrome.cpp	1242	UiChrome
test/test_firmware_ui_chrome.cpp	1243	UiSnapshot
test/test_firmware_ui_chrome.cpp	1244	UiChrome
test/test_firmware_ui_chrome.cpp	1246	unblank
test/test_firmware_ui_chrome.cpp	1248	ui_chrome_invalidate
test/test_firmware_ui_chrome.cpp	1260	UiChrome
test/test_firmware_ui_chrome.cpp	1261	ui_chrome_equal
test/test_firmware_ui_chrome.cpp	1265	FrameGate
test/test_firmware_ui_chrome.cpp	1266	UiSnapshot
test/test_firmware_ui_chrome.cpp	1268	UiChrome
test/test_firmware_ui_chrome.cpp	1274	on_page
test/test_firmware_ui_chrome.cpp	1275	UiSnapshot
test/test_firmware_ui_chrome.cpp	1276	UiChrome
test/test_firmware_ui_chrome.cpp	1281	ui_chrome_invalidate
test/test_firmware_ui_chrome.cpp	1293	UiChrome,UiSnapshot
test/test_firmware_ui_chrome.cpp	1305	UiSnapshot
test/test_firmware_ui_invite.cpp	468	enter_provision
test/test_firmware_ui_model.cpp	37	UiSnapshot
test/test_firmware_ui_model.cpp	40	UiSnapshot
test/test_firmware_ui_model.cpp	41	UiSnapshot
test/test_firmware_ui_model.cpp	52	UiSnapshot
test/test_firmware_ui_model.cpp	53	UiSnapshot
test/test_firmware_ui_model.cpp	69	UiSnapshot
test/test_firmware_ui_model.cpp	74	UiSnapshot
test/test_firmware_ui_model.cpp	90	Screen
test/test_firmware_ui_model.cpp	91	Screen
test/test_firmware_ui_model.cpp	92	Screen
test/test_firmware_ui_model.cpp	95	Screen
test/test_firmware_ui_model.cpp	96	Screen
test/test_firmware_ui_model.cpp	99	Screen
test/test_firmware_ui_model.cpp	100	Screen
test/test_firmware_ui_model.cpp	101	Screen
test/test_firmware_ui_model.cpp	106	Screen
test/test_firmware_ui_model.cpp	107	Screen
test/test_firmware_ui_model.cpp	125	Screen
test/test_firmware_ui_model.cpp	171	Screen
test/test_firmware_ui_model.cpp	183	Screen
test/test_firmware_ui_model.cpp	184	Screen
test/test_firmware_ui_model.cpp	187	Screen
test/test_firmware_ui_model.cpp	188	Screen
test/test_firmware_ui_model.cpp	213	Screen
test/test_firmware_ui_model.cpp	216	Screen
test/test_firmware_ui_model.cpp	218	Screen
test/test_firmware_ui_model.cpp	238	Screen
test/test_firmware_ui_model.cpp	253	Screen
test/test_firmware_ui_model.cpp	254	Screen
test/test_firmware_ui_model.cpp	255	Screen
test/test_firmware_ui_model.cpp	256	Screen
test/test_firmware_ui_model.cpp	258	Screen
test/test_firmware_ui_model.cpp	266	Screen
test/test_firmware_ui_model.cpp	287	Screen
test/test_firmware_ui_model.cpp	462	Screen
test/test_firmware_ui_model.cpp	468	Screen
test/test_firmware_ui_model.cpp	469	ListView
test/test_firmware_ui_model.cpp	472	Screen
test/test_firmware_ui_model.cpp	479	Screen
test/test_firmware_ui_model.cpp	497	Screen
test/test_firmware_ui_model.cpp	575	Screen
test/test_firmware_ui_model.cpp	665	Screen
test/test_firmware_ui_model.cpp	666	UiSnapshot
test/test_firmware_ui_model.cpp	687	UiSnapshot
test/test_firmware_ui_model.cpp	691	Screen
test/test_firmware_ui_model.cpp	694	Screen
test/test_firmware_ui_model.cpp	698	Screen
test/test_firmware_ui_model.cpp	702	Screen
test/test_firmware_ui_model.cpp	1405	FrameGate
test/test_firmware_ui_model.cpp	1416	Screen
test/test_firmware_ui_model.cpp	1505	Screen
test/test_firmware_ui_model.cpp	1533	Screen
test/test_firmware_ui_model.cpp	1571	FrameGate,UiSnapshot
test/test_firmware_ui_model.cpp	1575	on_page
test/test_firmware_ui_model.cpp	1580	FrameGate,UiSnapshot
test/test_firmware_ui_model.cpp	1589	on_page
test/test_firmware_ui_model.cpp	1605	FrameGate,UiSnapshot
test/test_firmware_ui_model.cpp	1607	on_page
test/test_firmware_ui_model.cpp	1609	Screen
test/test_firmware_ui_model.cpp	1617	FrameGate,UiSnapshot
test/test_firmware_ui_model.cpp	1621	on_page
test/test_firmware_ui_model.cpp	1629	FrameGate,UiSnapshot
test/test_firmware_ui_model.cpp	1631	on_page
test/test_firmware_ui_model.cpp	1644	FrameGate,UiSnapshot
test/test_firmware_ui_model.cpp	1648	on_page
test/test_firmware_ui_model.cpp	1655	FrameGate,UiSnapshot
test/test_firmware_ui_model.cpp	1657	on_page
test/test_firmware_ui_model.cpp	1665	on_page
test/test_firmware_ui_model.cpp	1673	FrameGate,UiSnapshot
test/test_firmware_ui_model.cpp	1675	on_page
test/test_firmware_ui_model.cpp	1679	on_page
test/test_firmware_ui_model.cpp	1700	Screen
test/test_firmware_ui_model.cpp	1706	Screen
test/test_firmware_ui_model.cpp	1723	Screen
test/test_firmware_ui_model.cpp	1741	Screen
test/test_firmware_ui_model.cpp	1797	FrameGate
test/test_firmware_ui_model.cpp	1799	UiSnapshot
test/test_firmware_ui_model.cpp	1809	on_page
test/test_firmware_ui_model.cpp	1819	Screen
test/test_firmware_ui_model.cpp	1981	Screen
test/test_firmware_ui_model.cpp	2010	Screen
test/test_firmware_ui_model.cpp	2041	UiSnapshot
test/test_firmware_ui_model.cpp	2057	UiSnapshot
test/test_firmware_ui_model.cpp	2075	UiSnapshot
test/test_firmware_ui_model.cpp	2092	UiSnapshot
test/test_firmware_ui_model.cpp	2098	UiSnapshot
test/test_firmware_ui_model.cpp	2112	UiSnapshot
test/test_firmware_ui_model.cpp	2120	UiSnapshot
test/test_firmware_ui_model.cpp	2182	UiSnapshot
test/test_firmware_ui_model.cpp	2208	UiSnapshot
test/test_firmware_ui_model.cpp	2223	UiSnapshot
test/test_firmware_ui_model.cpp	2231	UiSnapshot
test/test_firmware_ui_model.cpp	2243	FrameGate
test/test_firmware_ui_model.cpp	2250	UiSnapshot
test/test_firmware_ui_model.cpp	2267	UiSnapshot
test/test_firmware_ui_model.cpp	2281	Screen
test/test_firmware_ui_model.cpp	2293	UiSnapshot
test/test_firmware_ui_model.cpp	2302	UiSnapshot
test/test_firmware_ui_model.cpp	2335	UiSnapshot
test/test_firmware_ui_model.cpp	2437	UiState
test/test_firmware_ui_model.cpp	2833	Screen
test/test_firmware_ui_model.cpp	2874	Screen
test/test_firmware_ui_model.cpp	2903	UiSnapshot
test/test_firmware_ui_model.cpp	2925	UiSnapshot
test/test_firmware_ui_model.cpp	2941	UiSnapshot
test/test_firmware_ui_model.cpp	2958	Screen
test/test_firmware_ui_model.cpp	3069	FrameGate
test/test_firmware_ui_model.cpp	3073	on_page
test/test_firmware_ui_model.cpp	3074	FrameGate
test/test_firmware_ui_model.cpp	3078	FrameGate
test/test_firmware_ui_model.cpp	3085	UiSnapshot
test/test_firmware_ui_model.cpp	3110	UiSnapshot
test/test_firmware_ui_model.cpp	3112	UiSnapshot
test/test_firmware_ui_model.cpp	3135	UiSnapshot
test/test_firmware_ui_model.cpp	3140	on_page
test/test_firmware_ui_model.cpp	3141	on_page
test/test_firmware_ui_model.cpp	3343	FrameGate
test/test_firmware_ui_model.cpp	3351	on_page
test/test_firmware_ui_model.cpp	3352	on_page
test/test_firmware_ui_model.cpp	3361	on_page
test/test_firmware_ui_model.cpp	3362	on_page
test/test_firmware_ui_model.cpp	3422	UiSnapshot
test/test_firmware_ui_model.cpp	3423	Screen
test/test_firmware_ui_model.cpp	3425	sync_settings
test/test_firmware_ui_model.cpp	3438	UiSnapshot
test/test_firmware_ui_model.cpp	3440	Settings::closed
test/test_firmware_ui_model.cpp	3445	sync_settings
test/test_firmware_ui_model.cpp	3446	FrameGate
test/test_firmware_ui_model.cpp	3448	UiSnapshot
test/test_firmware_ui_model.cpp	3459	UiSnapshot
test/test_firmware_ui_model.cpp	3463	Screen,Settings::closed
test/test_firmware_ui_model.cpp	3466	Screen,Settings::browsing
test/test_firmware_ui_model.cpp	3472	UiSnapshot
test/test_firmware_ui_model.cpp	3473	UiSnapshot
test/test_firmware_ui_model.cpp	3485	settings_rows
test/test_firmware_ui_model.cpp	3494	CfgRow::back
test/test_firmware_ui_model.cpp	3502	settings_rows
test/test_firmware_ui_model.cpp	3515	settings_rows
test/test_firmware_ui_model.cpp	3518	settings_rows
test/test_firmware_ui_model.cpp	3541	CfgRow::back
test/test_firmware_ui_model.cpp	3548	settings_row_label
test/test_firmware_ui_model.cpp	3549	settings_row_label
test/test_firmware_ui_model.cpp	3550	settings_row_label
test/test_firmware_ui_model.cpp	3551	settings_row_label
test/test_firmware_ui_model.cpp	3552	settings_row_label
test/test_firmware_ui_model.cpp	3553	settings_row_label
test/test_firmware_ui_model.cpp	3554	settings_row_label
test/test_firmware_ui_model.cpp	3555	CfgRow::back,settings_row_label
test/test_firmware_ui_model.cpp	3556	settings_row_label
test/test_firmware_ui_model.cpp	3557	settings_row_label
test/test_firmware_ui_model.cpp	3588	Screen
test/test_firmware_ui_model.cpp	3589	Settings::browsing
test/test_firmware_ui_model.cpp	3595	Screen
test/test_firmware_ui_model.cpp	3602	Screen
test/test_firmware_ui_model.cpp	3603	Settings::closed
test/test_firmware_ui_model.cpp	3606	Screen
test/test_firmware_ui_model.cpp	3607	Settings::closed
test/test_firmware_ui_model.cpp	3617	draw_settings_screen
test/test_firmware_ui_model.cpp	3622	Screen
test/test_firmware_ui_model.cpp	3623	Settings::closed
test/test_firmware_ui_model.cpp	3628	Screen
test/test_firmware_ui_model.cpp	3629	Settings::closed
test/test_firmware_ui_model.cpp	3635	Screen
test/test_firmware_ui_model.cpp	3638	Screen
test/test_firmware_ui_model.cpp	3639	Screen
test/test_firmware_ui_model.cpp	3649	Settings::closed
test/test_firmware_ui_model.cpp	3651	Settings::browsing
test/test_firmware_ui_model.cpp	3652	Screen
test/test_firmware_ui_model.cpp	3666	kSettingsEnterText
test/test_firmware_ui_model.cpp	3667	draw_settings_screen
test/test_firmware_ui_model.cpp	3668	kSettingsEnterText
test/test_firmware_ui_model.cpp	3669	kSettingsEnterText
test/test_firmware_ui_model.cpp	3675	Settings::closed
test/test_firmware_ui_model.cpp	3686	Settings::closed
test/test_firmware_ui_model.cpp	3693	Settings::closed
test/test_firmware_ui_model.cpp	3702	CfgRow::back
test/test_firmware_ui_model.cpp	3704	Settings::closed
test/test_firmware_ui_model.cpp	3710	Settings::closed
test/test_firmware_ui_model.cpp	3714	UiState
test/test_firmware_ui_model.cpp	3715	draw_settings_tail
test/test_firmware_ui_model.cpp	3723	CfgRow::back
test/test_firmware_ui_model.cpp	3725	Screen
test/test_firmware_ui_model.cpp	3726	Settings::closed
test/test_firmware_ui_model.cpp	3730	Settings::browsing
test/test_firmware_ui_model.cpp	3736	Settings::browsing
test/test_firmware_ui_model.cpp	3738	Screen
test/test_firmware_ui_model.cpp	3739	Settings::closed
test/test_firmware_ui_model.cpp	3743	Screen
test/test_firmware_ui_model.cpp	3744	Settings::closed
test/test_firmware_ui_model.cpp	3755	Settings::editing
test/test_firmware_ui_model.cpp	3760	Screen
test/test_firmware_ui_model.cpp	3771	Settings::browsing
test/test_firmware_ui_model.cpp	3799	Settings::editing
test/test_firmware_ui_model.cpp	3956	CfgRow::back
test/test_firmware_ui_model.cpp	3958	Screen
test/test_firmware_ui_model.cpp	3959	Settings::closed
test/test_firmware_ui_model.cpp	3962	Screen
test/test_firmware_ui_model.cpp	3972	Screen
test/test_firmware_ui_model.cpp	4024	UiSnapshot
test/test_firmware_ui_model.cpp	4026	UiSnapshot
test/test_firmware_ui_model.cpp	4034	UiSnapshot
test/test_firmware_ui_model.cpp	4038	Settings::provisioning
test/test_firmware_ui_model.cpp	4041	UiSnapshot
test/test_firmware_ui_model.cpp	4047	UiSnapshot
test/test_firmware_ui_model.cpp	4124	Settings::provisioning
test/test_firmware_ui_model.cpp	4126	UiState
test/test_firmware_ui_model.cpp	4127	Settings::closed
test/test_firmware_ui_model.cpp	4130	ProvBlock
test/test_firmware_ui_model.cpp	4137	Settings::provisioning
test/test_firmware_ui_model.cpp	4139	Screen
test/test_firmware_ui_model.cpp	4156	ProvBlock
test/test_firmware_ui_model.cpp	4158	Settings::browsing
test/test_firmware_ui_model.cpp	4168	ProvBlock
test/test_firmware_ui_model.cpp	4183	ProvBlock
test/test_firmware_ui_model.cpp	4188	Settings::browsing
test/test_firmware_ui_model.cpp	4211	ProvBlock
test/test_firmware_ui_model.cpp	4222	settings_activate
test/test_firmware_ui_model.cpp	4232	Settings::closed
test/test_firmware_ui_model.cpp	4234	ProvBlock
test/test_firmware_ui_model.cpp	4240	Settings::closed
test/test_firmware_ui_model.cpp	4242	ProvBlock
test/test_firmware_ui_model.cpp	4257	Screen
test/test_firmware_ui_model.cpp	4263	Settings::browsing
test/test_firmware_ui_model.cpp	4265	Screen
test/test_firmware_ui_model.cpp	4278	Screen
test/test_firmware_ui_model.cpp	4287	Settings::closed
test/test_firmware_ui_model.cpp	4294	Settings::browsing
test/test_firmware_ui_model.cpp	4307	Settings::provisioning
test/test_firmware_ui_model.cpp	4325	ProvBlock
test/test_firmware_ui_model.cpp	4326	Settings::browsing
test/test_firmware_ui_model.cpp	4344	ProvBlock
test/test_firmware_ui_model.cpp	4345	Settings::browsing
test/test_firmware_ui_model.cpp	4367	ProvBlock
test/test_firmware_ui_model.cpp	4393	ProvBlock
test/test_firmware_ui_model.cpp	4397	Settings::provisioning
test/test_firmware_ui_model.cpp	4398	ProvBlock
test/test_firmware_ui_model.cpp	4410	Settings::browsing
test/test_firmware_ui_model.cpp	4412	Screen
test/test_firmware_ui_model.cpp	4413	sync_settings
test/test_firmware_ui_model.cpp	4435	advance_or_next
test/test_firmware_ui_model.cpp	4437	Screen
test/test_firmware_ui_model.cpp	4438	Settings::provisioning
test/test_firmware_ui_model.cpp	4455	UiState
test/test_firmware_ui_model.cpp	4458	enter_provision
test/test_firmware_ui_model.cpp	4479	settings_follow_screen
test/test_firmware_ui_model.cpp	4550	sync_settings
test/test_firmware_ui_model.cpp	4557	Settings::provisioning
test/test_firmware_ui_model.cpp	4561	Settings::browsing
test/test_firmware_ui_model.cpp	4574	Settings::browsing
test/test_firmware_ui_model.cpp	4575	CfgRow::back
test/test_firmware_ui_model.cpp	4577	Screen
test/test_firmware_ui_model.cpp	4578	Settings::closed
test/test_firmware_ui_model.cpp	4581	Screen
test/test_firmware_ui_model.cpp	4599	Settings::browsing
test/test_firmware_ui_model.cpp	4698	Settings::provisioning
test/test_firmware_ui_model.cpp	4706	Settings::provisioning
test/test_firmware_ui_model.cpp	4833	UiSnapshot
test/test_firmware_ui_model.cpp	4847	Settings::provisioning
test/test_firmware_ui_model.cpp	4848	enter_provision
test/test_firmware_ui_model.cpp	4872	Settings::provisioning
test/test_firmware_ui_model.cpp	4881	Settings::browsing
test/test_firmware_ui_model.cpp	5004	Settings::browsing
test/test_firmware_ui_model.cpp	5078	UiSnapshot
test/test_firmware_ui_model.cpp	5085	UiSnapshot
test/test_firmware_ui_model.cpp	5092	UiSnapshot
test/test_firmware_ui_model.cpp	5122	Settings::provisioning
test/test_firmware_ui_model.cpp	5139	ProvBlock
test/test_firmware_ui_model.cpp	5215	enter_provision
test/test_firmware_ui_model.cpp	5424	FrameGate
test/test_firmware_ui_model.cpp	5473	Settings::browsing
test/test_firmware_ui_model.cpp	5514	Settings::editing
test/test_firmware_ui_model.cpp	5519	Settings::browsing
test/test_firmware_ui_model.cpp	5523	Settings::browsing
test/test_firmware_ui_model.cpp	5538	Settings::editing
test/test_firmware_ui_model.cpp	5542	Settings::browsing
test/test_firmware_ui_model.cpp	5557	Settings::browsing
test/test_firmware_ui_model.cpp	5566	draw_settings_screen
test/test_firmware_ui_model.cpp	5571	settings_activate
test/test_firmware_ui_model.cpp	5579	Screen
test/test_firmware_ui_model.cpp	5581	Settings::closed
test/test_firmware_ui_model.cpp	5584	Settings::closed
test/test_firmware_ui_model.cpp	5585	Screen
test/test_firmware_ui_model.cpp	5587	Settings::closed
test/test_firmware_ui_model.cpp	5594	Screen
test/test_firmware_ui_model.cpp	5595	Settings::closed
test/test_firmware_ui_model.cpp	5601	Screen
test/test_firmware_ui_model.cpp	5603	Settings::closed
test/test_firmware_ui_model.cpp	5605	Settings::closed
test/test_firmware_ui_model.cpp	5608	Screen
test/test_firmware_ui_model.cpp	5652	settings_row_label
test/test_firmware_ui_model.cpp	5665	UiState
test/test_firmware_ui_model.cpp	5675	ProvBlock
test/test_firmware_ui_model.cpp	5678	ProvBlock
test/test_firmware_ui_model.cpp	5788	UiState
test/test_firmware_ui_model.cpp	5809	ProvBlock
test/test_firmware_ui_model.cpp	5810	ProvBlock
test/test_firmware_ui_model.cpp	5853	CfgRow::back
test/test_firmware_ui_model.cpp	6018	FrameGate
test/test_firmware_ui_model.cpp	6023	UiState
test/test_firmware_ui_model.cpp	6028	UiSnapshot
test/test_firmware_ui_model.cpp	6029	UiSnapshot
test/test_firmware_ui_model.cpp	6033	FrameGate
test/test_firmware_ui_model.cpp	6042	FrameGate
test/test_firmware_ui_model.cpp	6043	UiSnapshot
test/test_firmware_ui_model.cpp	6055	FrameGate
test/test_firmware_ui_model.cpp	6078	FrameGate
test/test_firmware_ui_model.cpp	6079	UiSnapshot
test/test_firmware_ui_model.cpp	6083	on_page
test/test_firmware_ui_model.cpp	6084	on_page
test/test_firmware_ui_model.cpp	6094	on_page
test/test_firmware_ui_model.cpp	6098	on_page
test/test_firmware_ui_model.cpp	6109	FrameGate
test/test_firmware_ui_model.cpp	6110	UiSnapshot
test/test_firmware_ui_model.cpp	6111	FrameGate
test/test_firmware_ui_model.cpp	6114	FrameGate
test/test_firmware_ui_model.cpp	6116	UiSnapshot
test/test_firmware_ui_model.cpp	6119	on_page
test/test_firmware_ui_model.cpp	6143	kListBackText
test/test_firmware_ui_model.cpp	6146	CfgRow::back,kListBackText,settings_row_label
test/test_firmware_ui_model.cpp	6147	kListBackText
test/test_firmware_ui_model.cpp	6149	kListBackText
test/test_firmware_ui_model.cpp	6150	kListBackText
test/test_firmware_ui_model.cpp	6166	ListView,Screen,Settings::browsing,screen_is_entered
test/test_firmware_ui_model.cpp	6167	ListView,Screen,Settings::browsing,screen_is_entered
test/test_firmware_ui_model.cpp	6168	ListView
test/test_firmware_ui_model.cpp	6169	ListView,Screen,Settings::closed,screen_is_entered
test/test_firmware_ui_model.cpp	6170	ListView,Screen,Settings::closed,screen_is_entered
test/test_firmware_ui_model.cpp	6171	ListView,Screen,Settings::closed,screen_is_entered
test/test_firmware_ui_model.cpp	6172	ListView,Screen,Settings::closed,screen_is_entered
test/test_firmware_ui_model.cpp	6174	ListView,Screen,Settings::closed,screen_is_entered
test/test_firmware_ui_model.cpp	6175	ListView,Screen,Settings::browsing,screen_is_entered
test/test_firmware_ui_model.cpp	6176	ListView,Screen,Settings::editing,screen_is_entered
test/test_firmware_ui_model.cpp	6177	ListView,Screen,Settings::provisioning,screen_is_entered
test/test_firmware_ui_model.cpp	6178	ListView,Screen,Settings::browsing,screen_is_entered
test/test_firmware_ui_model.cpp	6185	ListView
test/test_firmware_ui_model.cpp	6186	list_view_reset_on_leave
test/test_firmware_ui_model.cpp	6187	ListView
test/test_firmware_ui_model.cpp	6188	list_view_reset_on_leave
test/test_firmware_ui_model.cpp	6189	ListView
test/test_firmware_ui_model.cpp	6190	ListView
test/test_firmware_ui_model.cpp	6191	list_view_reset_on_leave
test/test_firmware_ui_model.cpp	6197	Screen
test/test_firmware_ui_model.cpp	6198	ListView
test/test_firmware_ui_model.cpp	6201	Screen
test/test_firmware_ui_model.cpp	6202	ListView
test/test_firmware_ui_model.cpp	6204	Screen
test/test_firmware_ui_model.cpp	6213	ListView
test/test_firmware_ui_model.cpp	6214	Screen
test/test_firmware_ui_model.cpp	6224	Screen
test/test_firmware_ui_model.cpp	6225	ListView
test/test_firmware_ui_model.cpp	6227	ListView
test/test_firmware_ui_model.cpp	6243	Screen
test/test_firmware_ui_model.cpp	6245	Screen
test/test_firmware_ui_model.cpp	6255	Screen
test/test_firmware_ui_model.cpp	6268	Screen
test/test_firmware_ui_model.cpp	6269	ListView
test/test_firmware_ui_model.cpp	6274	Screen
test/test_firmware_ui_model.cpp	6277	Screen
test/test_firmware_ui_model.cpp	6278	ListView
test/test_firmware_ui_model.cpp	6286	Screen
test/test_firmware_ui_model.cpp	6288	ListView
test/test_firmware_ui_model.cpp	6292	Screen
test/test_firmware_ui_model.cpp	6294	ListView
test/test_firmware_ui_model.cpp	6298	Screen
test/test_firmware_ui_model.cpp	6300	ListView
test/test_firmware_ui_model.cpp	6302	ListView
test/test_firmware_ui_model.cpp	6321	ListView
test/test_firmware_ui_model.cpp	6338	ListView
test/test_firmware_ui_model.cpp	6353	ListView
test/test_firmware_ui_model.cpp	6356	ListView
test/test_firmware_ui_model.cpp	6488	UiSnapshot
test/test_firmware_ui_model.cpp	6549	ListView
test/test_firmware_ui_model.cpp	6552	ListView
test/test_firmware_ui_model.cpp	6559	ListView
test/test_firmware_ui_model.cpp	6572	Screen
test/test_firmware_ui_model.cpp	6573	ListView
test/test_firmware_ui_model.cpp	6584	ListView
test/test_firmware_ui_model.cpp	6596	Screen
test/test_firmware_ui_model.cpp	6597	ListView
test/test_firmware_ui_model.cpp	6611	list_len_of
test/test_firmware_ui_model.cpp	6612	list_len_of
test/test_firmware_ui_model.cpp	6613	list_len_of
test/test_firmware_ui_model.cpp	6614	list_len_of
test/test_firmware_ui_model.cpp	6615	list_len_of
test/test_firmware_ui_model.cpp	6616	list_len_of
test/test_firmware_ui_model.cpp	6621	list_activate
test/test_firmware_ui_model.cpp	6622	list_activate
test/test_firmware_ui_model.cpp	6623	list_activate
test/test_firmware_ui_model.cpp	6625	list_activate
test/test_firmware_ui_model.cpp	6626	list_activate
test/test_firmware_ui_model.cpp	6627	list_activate
test/test_firmware_ui_model.cpp	6628	list_activate
test/test_firmware_ui_model.cpp	6632	list_activate
test/test_firmware_ui_model.cpp	6633	list_activate
test/test_firmware_ui_model.cpp	6634	list_activate
test/test_firmware_ui_model.cpp	6636	list_activate
test/test_firmware_ui_model.cpp	6739	Screen
test/test_firmware_ui_model.cpp	6740	ListView
test/test_firmware_ui_model.cpp	6744	UiState
test/test_firmware_ui_model.cpp	6784	blank_due
test/test_firmware_ui_model.cpp	6810	FrameGate
test/test_firmware_ui_model.cpp	6846	unblank
test/test_firmware_ui_model.cpp	6891	UiSnapshot
test/test_firmware_ui_model.cpp	6892	UiSnapshot
test/test_firmware_ui_model.cpp	6904	UiSnapshot
test/test_firmware_ui_model.cpp	6948	Settings::provisioning
test/test_firmware_ui_model.cpp	7016	close_provisioning
test/test_firmware_ui_model.cpp	7027	Screen
test/test_firmware_ui_model.cpp	7032	Settings::provisioning
test/test_firmware_ui_model.cpp	7088	Settings::browsing
test/test_firmware_ui_model.cpp	7113	UiSnapshot
test/test_firmware_ui_model.cpp	7133	enter_provision
test/test_firmware_ui_model.cpp	7136	Settings::provisioning
test/test_firmware_ui_model.cpp	7174	enter_provision
test/test_firmware_ui_model.cpp	7204	Settings::provisioning
test/test_firmware_ui_model.cpp	7236	enter_provision
test/test_firmware_ui_model.cpp	7353	UiSnapshot
test/test_firmware_ui_model.cpp	7376	Settings::provisioning
test/test_firmware_ui_model.cpp	7377	enter_provision
test/test_firmware_ui_model.cpp	7440	Settings::provisioning
test/test_firmware_ui_model.cpp	7613	UiSnapshot
test/test_firmware_ui_model.cpp	7614	UiSnapshot
test/test_firmware_ui_model.cpp	7626	UiSnapshot
test/test_firmware_ui_model.cpp	7639	UiSnapshot
test/test_firmware_ui_model.cpp	7645	UiSnapshot
test/test_firmware_ui_model.cpp	7650	UiSnapshot
test/test_firmware_ui_model.cpp	7660	UiSnapshot
test/test_firmware_ui_model.cpp	7665	UiSnapshot
test/test_firmware_ui_model.cpp	7710	Settings::provisioning
test/test_firmware_ui_model.cpp	7770	UiSnapshot
test/test_firmware_ui_model.cpp	7799	GrantOrigin
test/test_firmware_ui_model.cpp	7807	UiSnapshot
test/test_firmware_ui_model.cpp	7836	UiSnapshot
test/test_firmware_ui_model.cpp	7931	UiSnapshot
test/test_firmware_ui_model.cpp	7956	UiSnapshot
test/test_firmware_ui_model.cpp	7981	Screen
test/test_firmware_ui_model.cpp	8035	UiSnapshot
test/test_firmware_ui_model.cpp	8132	UiSnapshot
test/test_firmware_ui_model.cpp	8198	UiState
test/test_firmware_ui_model.cpp	8204	UiState
test/test_firmware_ui_model.cpp	8209	UiState
test/test_firmware_ui_model.cpp	8212	UiSnapshot
test/test_firmware_ui_model.cpp	8215	UiState
test/test_firmware_ui_model.cpp	8220	UiSnapshot
test/test_firmware_ui_model.cpp	8334	close_provisioning
test/test_firmware_ui_model.cpp	8369	UiSnapshot
test/test_firmware_ui_model.cpp	8382	UiSnapshot
test/test_firmware_ui_model.cpp	8420	Settings::browsing
test/test_firmware_ui_model.cpp	8442	UiSnapshot
test/test_firmware_ui_model.cpp	8443	UiSnapshot
test/test_firmware_ui_model.cpp	8450	UiSnapshot
test/test_firmware_ui_model.cpp	8458	UiSnapshot
test/test_firmware_ui_model.cpp	8470	UiSnapshot
test/test_firmware_ui_model.cpp	8478	UiSnapshot
test/test_firmware_ui_model.cpp	8479	ListView,Screen
test/test_firmware_ui_model.cpp	8485	Screen
test/test_firmware_ui_model.cpp	8490	UiSnapshot
test/test_firmware_ui_model.cpp	8492	Settings::provisioning
test/test_firmware_ui_model.cpp	8496	Settings::browsing
test/test_firmware_ui_model.cpp	8497	CfgRow::back
test/test_firmware_ui_model.cpp	8510	Screen
test/test_firmware_ui_model.cpp	8511	ListView
test/test_firmware_ui_model.cpp	8520	UiSnapshot
test/test_firmware_ui_model.cpp	8541	Settings::provisioning
test/test_firmware_ui_model.cpp	8542	Screen
test/test_firmware_ui_model.cpp	8570	Screen
test/test_firmware_ui_model.cpp	8611	Screen
test/test_firmware_ui_model.cpp	8612	Settings::closed
test/test_firmware_ui_model.cpp	8614	ListView
test/test_firmware_ui_model.cpp	8634	Screen
test/test_firmware_ui_model.cpp	8635	ListView
test/test_firmware_ui_model.cpp	8636	Settings::closed
test/test_firmware_ui_model.cpp	8642	Screen
test/test_firmware_ui_model.cpp	8652	Screen
test/test_firmware_ui_model.cpp	8654	Settings::closed
test/test_firmware_ui_model.cpp	8741	Screen
test/test_firmware_ui_model.cpp	8770	UiSnapshot
test/test_firmware_ui_model.cpp	8825	Screen
test/test_firmware_ui_model.cpp	8826	Settings::closed
test/test_firmware_ui_model.cpp	8828	ListView
test/test_firmware_ui_model.cpp	8850	Screen
test/test_firmware_ui_model.cpp	8851	Settings::closed
test/test_firmware_ui_model.cpp	8853	ListView
test/test_firmware_ui_model.cpp	8866	Screen
test/test_firmware_ui_model.cpp	8867	ListView
test/test_firmware_ui_model.cpp	8881	Screen
test/test_firmware_ui_model.cpp	8890	UiSnapshot
test/test_firmware_ui_model.cpp	8893	Screen
test/test_firmware_ui_model.cpp	8894	Settings::closed
test/test_firmware_ui_model.cpp	8896	ListView
test/test_firmware_ui_model.cpp	8905	UiSnapshot
test/test_firmware_ui_model.cpp	8908	Screen
test/test_firmware_ui_model.cpp	8909	Settings::closed
test/test_firmware_ui_model.cpp	8911	ListView
test/test_firmware_ui_model.cpp	8956	Screen
test/test_firmware_ui_model.cpp	8972	Screen
test/test_firmware_ui_model.cpp	8983	UiSnapshot
test/test_firmware_ui_model.cpp	8994	Screen
test/test_firmware_ui_model.cpp	8995	Settings::closed
test/test_firmware_ui_model.cpp	8997	ListView
test/test_firmware_ui_model.cpp	9010	UiSnapshot
test/test_firmware_ui_model.cpp	9013	Screen
test/test_firmware_ui_model.cpp	9014	ListView
test/test_firmware_ui_model.cpp	9031	Screen
test/test_firmware_ui_model.cpp	9032	ListView
test/test_firmware_ui_model.cpp	9034	Screen
test/test_firmware_ui_model.cpp	9037	GrantOrigin
test/test_firmware_ui_model.cpp	9039	UiSnapshot
test/test_firmware_ui_model.cpp	9042	UiSnapshot
test/test_firmware_ui_model.cpp	9049	Screen
test/test_firmware_ui_model.cpp	9050	Settings::provisioning
test/test_firmware_ui_model.cpp	9067	Settings::browsing
test/test_firmware_ui_model.cpp	9072	UiSnapshot
test/test_firmware_ui_model.cpp	9076	Screen
test/test_firmware_ui_model.cpp	9079	Screen
test/test_firmware_ui_model.cpp	9080	ListView
test/test_firmware_ui_model.cpp	9090	Settings::browsing
test/test_firmware_ui_model.cpp	9093	UiSnapshot
test/test_firmware_ui_model.cpp	9097	Screen
test/test_firmware_ui_model.cpp	9099	GrantOrigin
test/test_firmware_ui_model.cpp	9100	UiSnapshot
test/test_firmware_ui_model.cpp	9102	UiSnapshot
test/test_firmware_ui_model.cpp	9108	Screen
test/test_firmware_ui_model.cpp	9113	UiSnapshot
test/test_firmware_ui_model.cpp	9119	Screen
test/test_firmware_ui_model.cpp	9120	Settings::provisioning
test/test_firmware_ui_model.cpp	9141	UiSnapshot
test/test_firmware_ui_model.cpp	9142	UiSnapshot
test/test_firmware_ui_model.cpp	9143	UiSnapshot
test/test_firmware_ui_model.cpp	9144	UiSnapshot
test/test_firmware_ui_model.cpp	9145	UiSnapshot
test/test_firmware_ui_model.cpp	9146	UiSnapshot
test/test_firmware_ui_model.cpp	9148	UiState
test/test_firmware_ui_model.cpp	9149	UiState
test/test_firmware_ui_model.cpp	9154	UiState
test/test_firmware_ui_model.cpp	9157	UiState
test/test_firmware_ui_model.cpp	9159	UiState
test/test_firmware_ui_model.cpp	9160	UiState
test/test_firmware_ui_model.cpp	9161	UiState
test/test_firmware_ui_model.cpp	9162	UiState
test/test_firmware_ui_model.cpp	9183	Screen
test/test_firmware_ui_model.cpp	9202	enter_provision
test/test_firmware_ui_model.cpp	9209	enter_provision
test/test_firmware_ui_model.cpp	9215	Screen
test/test_firmware_ui_model.cpp	9216	Settings::closed
test/test_firmware_ui_model.cpp	9218	ListView
test/test_firmware_ui_model.cpp	9236	UiSnapshot
test/test_firmware_ui_model.cpp	9245	UiSnapshot
test/test_firmware_ui_model.cpp	9256	Screen
test/test_firmware_ui_model.cpp	9257	Settings::closed
test/test_firmware_ui_model.cpp	9259	ListView
test/test_firmware_ui_model.cpp	9280	Screen
test/test_firmware_ui_model.cpp	9281	Settings::provisioning
test/test_firmware_ui_model.cpp	9330	Screen
test/test_firmware_ui_model.cpp	9331	Settings::provisioning
test/test_firmware_ui_model.cpp	9351	Screen
test/test_firmware_ui_model.cpp	9361	Screen
test/test_firmware_ui_model.cpp	9373	Screen
test/test_firmware_ui_model.cpp	9384	Screen
test/test_firmware_ui_model.cpp	9449	UiState
test/test_firmware_ui_model.cpp	9464	UiState
test/test_firmware_ui_model.cpp	9467	UiState
test/test_firmware_ui_model.cpp	9473	UiSnapshot
test/test_firmware_ui_model.cpp	9474	UiState
test/test_firmware_ui_model.cpp	9475	UiState
test/test_firmware_ui_model.cpp	9491	UiSnapshot
test/test_firmware_ui_model.cpp	9507	UiSnapshot
test/test_firmware_ui_model.cpp	9515	UiSnapshot
test/test_firmware_ui_model.cpp	9595	enter_provision
test/test_firmware_ui_model.cpp	9903	UiSnapshot
test/test_firmware_ui_model.cpp	9904	UiSnapshot
test/test_firmware_ui_model.cpp	9905	UiSnapshot
test/test_firmware_ui_model.cpp	9914	UiState
test/test_firmware_ui_model.cpp	9917	UiState
test/test_firmware_ui_model.cpp	9918	UiState
test/test_firmware_ui_model.cpp	9919	UiState
test/test_firmware_ui_model.cpp	9920	UiState
test/test_firmware_ui_model.cpp	9921	UiState
test/test_firmware_ui_model.cpp	9940	Screen
test/test_firmware_ui_model.cpp	10010	Screen
test/test_firmware_ui_model.cpp	10073	UiSnapshot
test/test_firmware_ui_model.cpp	10074	UiSnapshot
test/test_firmware_ui_model.cpp	10340	UiSnapshot
test/test_firmware_ui_model.cpp	10343	UiSnapshot
test/test_firmware_ui_model.cpp	10399	UiSnapshot,UiState
test/test_firmware_ui_model.cpp	10411	UiSnapshot
test/test_firmware_ui_model.cpp	10412	UiSnapshot
test/test_firmware_ui_model.cpp	10413	UiSnapshot
test/test_firmware_ui_model.cpp	10414	UiSnapshot
test/test_firmware_ui_model.cpp	10417	UiState
test/test_firmware_ui_model.cpp	10419	UiState
test/test_firmware_ui_model.cpp	10428	UiState
test/test_firmware_ui_model.cpp	10429	UiState
test/test_firmware_ui_send.cpp	315	UiSnapshot
test/test_firmware_ui_send.cpp	386	UiSnapshot
test/test_firmware_ui_send.cpp	402	UiSnapshot
test/test_firmware_ui_send.cpp	464	UiSnapshot
test/test_firmware_ui_send.cpp	524	UiSnapshot
test/test_firmware_ui_send.cpp	541	UiSnapshot
test/test_firmware_ui_send.cpp	734	UiSnapshot
test/test_firmware_ui_send.cpp	752	UiSnapshot
test/test_firmware_ui_send.cpp	754	FrameGate,UiSnapshot
test/test_firmware_ui_send.cpp	756	Screen
test/test_firmware_ui_send.cpp	758	on_page
test/test_firmware_ui_send.cpp	786	UiSnapshot
test/test_firmware_ui_send.cpp	787	UiSnapshot
test/test_firmware_ui_send.cpp	790	UiSnapshot
test/test_firmware_ui_send.cpp	793	Screen
test/test_firmware_ui_send.cpp	797	FrameGate
test/test_firmware_ui_send.cpp	798	UiSnapshot
test/test_firmware_ui_send.cpp	800	on_page
test/test_firmware_ui_send.cpp	810	FrameGate
test/test_firmware_ui_send.cpp	811	UiSnapshot
test/test_firmware_ui_send.cpp	818	on_page
test/test_firmware_ui_send.cpp	823	on_page
test/test_firmware_ui_send.cpp	825	on_page
test/test_firmware_ui_send.cpp	834	on_page
test/test_firmware_ui_send.cpp	841	FrameGate
test/test_firmware_ui_send.cpp	842	UiSnapshot
test/test_firmware_ui_send.cpp	851	on_page
test/test_firmware_ui_send.cpp	855	on_page
test/test_firmware_ui_send.cpp	857	on_page
test/test_firmware_ui_send.cpp	863	FrameGate
test/test_firmware_ui_send.cpp	864	UiSnapshot
test/test_firmware_ui_send.cpp	870	Screen
test/test_firmware_ui_send.cpp	872	on_page
test/test_firmware_ui_send.cpp	877	FrameGate
test/test_firmware_ui_send.cpp	878	UiSnapshot
test/test_firmware_ui_send.cpp	883	Screen
test/test_firmware_ui_send.cpp	888	on_page
test/test_firmware_ui_send.cpp	893	FrameGate
test/test_firmware_ui_send.cpp	894	UiSnapshot
test/test_firmware_ui_send.cpp	905	FrameGate
test/test_firmware_ui_send.cpp	906	UiSnapshot
test/test_firmware_ui_send.cpp	915	FrameGate
test/test_firmware_ui_send.cpp	918	UiSnapshot
test/test_firmware_ui_send.cpp	919	Screen
test/test_firmware_ui_send.cpp	921	on_page
test/test_firmware_ui_send.cpp	941	FrameGate,UiSnapshot
test/test_firmware_ui_send.cpp	943	on_page
test/test_firmware_ui_send.cpp	946	on_page
test/test_firmware_ui_send.cpp	952	FrameGate
test/test_firmware_ui_send.cpp	955	UiSnapshot
test/test_firmware_ui_send.cpp	960	Screen
test/test_firmware_ui_send.cpp	971	FrameGate
test/test_firmware_ui_send.cpp	973	UiSnapshot
test/test_firmware_ui_send.cpp	975	on_page
test/test_firmware_ui_send.cpp	978	on_page
test/test_firmware_ui_send.cpp	985	FrameGate
test/test_firmware_ui_send.cpp	987	UiSnapshot
test/test_firmware_ui_send.cpp	989	on_page
test/test_firmware_ui_send.cpp	1002	FrameGate
test/test_firmware_ui_send.cpp	1004	UiSnapshot
test/test_firmware_ui_send.cpp	1019	FrameGate
test/test_firmware_ui_send.cpp	1020	UiSnapshot
test/test_firmware_ui_send.cpp	1022	Screen
test/test_firmware_ui_send.cpp	1026	Screen
test/test_firmware_ui_send.cpp	1036	FrameGate,UiState
test/test_firmware_ui_send.cpp	1046	FrameGate
test/test_firmware_ui_send.cpp	1069	FrameGate,UiSnapshot
test/test_firmware_ui_send.cpp	1072	on_page
test/test_firmware_ui_send.cpp	1077	FrameGate,UiSnapshot
test/test_firmware_ui_send.cpp	1088	FrameGate
test/test_firmware_ui_send.cpp	1090	UiSnapshot
test/test_firmware_ui_send.cpp	1126	FrameGate
test/test_firmware_ui_send.cpp	1128	UiSnapshot
test/test_firmware_ui_send.cpp	1152	FrameGate
test/test_firmware_ui_send.cpp	1153	UiSnapshot
test/test_firmware_ui_send.cpp	1178	FrameGate
test/test_firmware_ui_send.cpp	1180	UiSnapshot
test/test_firmware_ui_send.cpp	1202	FrameGate
test/test_firmware_ui_send.cpp	1204	UiSnapshot
test/test_firmware_ui_send.cpp	1267	UiSnapshot
test/test_firmware_ui_send.cpp	1268	UiSnapshot
test/test_firmware_ui_send.cpp	1641	UiSnapshot
test/test_firmware_ui_send.cpp	1643	Screen
test/test_firmware_ui_send.cpp	1784	UiSnapshot
test/test_firmware_ui_send.cpp	1829	UiSnapshot
test/test_firmware_ui_send.cpp	2043	UiSnapshot
test/test_firmware_ui_send.cpp	2289	UiSnapshot
test/test_firmware_ui_send.cpp	2428	UiSnapshot
test/test_firmware_ui_send.cpp	2429	UiSnapshot
test/test_firmware_ui_send.cpp	2437	UiSnapshot
test/test_firmware_ui_send.cpp	2438	UiSnapshot
test/test_firmware_ui_send.cpp	2487	UiSnapshot
test/test_firmware_ui_send.cpp	2488	UiSnapshot
test/test_firmware_ui_send.cpp	2504	UiSnapshot
test/test_firmware_ui_send.cpp	2505	Screen
test/test_firmware_ui_send.cpp	2509	Screen
test/test_firmware_ui_send.cpp	2510	Settings::closed
test/test_firmware_ui_send.cpp	2511	Settings::browsing
test/test_firmware_ui_send.cpp	2518	Settings::provisioning
test/test_firmware_ui_send.cpp	2520	Settings::provisioning
test/test_firmware_ui_send.cpp	2554	UiSnapshot
test/test_firmware_ui_send.cpp	2578	UiSnapshot
test/test_firmware_ui_send.cpp	2586	UiSnapshot
test/test_firmware_ui_send.cpp	2598	UiSnapshot
test/test_firmware_ui_send.cpp	2612	UiSnapshot
test/test_firmware_ui_send.cpp	2689	UiState
test/test_firmware_ui_send.cpp	2693	UiState
test/test_firmware_ui_send.cpp	2726	UiState
test/test_firmware_ui_send.cpp	2729	UiState
test/test_firmware_ui_status.cpp	23	UiSnapshot
test/test_firmware_ui_status.cpp	35	UiSnapshot
test/test_firmware_ui_status.cpp	36	UiSnapshot
test/test_firmware_ui_status.cpp	51	UiSnapshot
test/test_firmware_ui_status.cpp	57	UiSnapshot
test/test_firmware_ui_status.cpp	61	ui_status_location
test/test_firmware_ui_status.cpp	69	UiSnapshot
test/test_firmware_ui_status.cpp	70	ui_status_team
test/test_firmware_ui_status.cpp	77	ui_status_team
test/test_firmware_ui_status.cpp	80	ui_status_team
test/test_firmware_ui_status.cpp	87	ui_status_team
test/test_firmware_ui_status.cpp	95	UiSnapshot
test/test_firmware_ui_status.cpp	96	ui_status_me
test/test_firmware_ui_status.cpp	101	ui_status_me
test/test_firmware_ui_status.cpp	108	ui_status_me
test/test_firmware_ui_status.cpp	115	ui_status_me
test/test_firmware_ui_status.cpp	124	UiSnapshot
test/test_firmware_ui_status.cpp	125	ui_status_known
test/test_firmware_ui_status.cpp	133	ui_status_known
test/test_firmware_ui_status.cpp	136	ui_status_known
test/test_firmware_ui_status.cpp	139	ui_status_known
test/test_firmware_ui_status.cpp	143	ui_status_known
test/test_firmware_ui_status.cpp	150	UiSnapshot
test/test_firmware_ui_status.cpp	153	ui_status_known
test/test_firmware_ui_status.cpp	159	ui_status_known
test/test_firmware_ui_status.cpp	165	ui_status_known
test/test_firmware_ui_status.cpp	173	ui_status_known
test/test_firmware_ui_status.cpp	181	UiSnapshot
test/test_firmware_ui_status.cpp	182	ui_status_unread_home
test/test_firmware_ui_status.cpp	187	ui_status_unread_home
test/test_firmware_ui_status.cpp	192	ui_status_unread_home
test/test_firmware_ui_status.cpp	195	ui_status_unread_home
test/test_firmware_ui_status.cpp	198	ui_status_unread_home
test/test_firmware_ui_status.cpp	203	ui_status_unread_home
test/test_firmware_ui_status.cpp	211	UiSnapshot
test/test_firmware_ui_status.cpp	215	ui_status_unread_home
test/test_firmware_ui_status.cpp	224	ui_status_unread_home
test/test_firmware_ui_status.cpp	230	ui_status_unread_home
test/test_firmware_ui_status.cpp	235	ui_status_unread_home
test/test_firmware_ui_status.cpp	284	UiSnapshot
test/test_firmware_ui_status.cpp	291	ui_status_location
test/test_firmware_ui_status.cpp	294	ui_status_location
test/test_firmware_ui_status.cpp	299	ui_status_location
test/test_firmware_ui_status.cpp	302	ui_status_location
test/test_firmware_ui_status.cpp	349	UiSnapshot
test/test_firmware_ui_status.cpp	350	ui_status_team
test/test_firmware_ui_status.cpp	352	ui_status_me
test/test_firmware_ui_status.cpp	354	ui_status_known
test/test_firmware_ui_status.cpp	356	ui_status_unread_home
test/test_firmware_ui_status.cpp	364	UiSnapshot
test/test_firmware_ui_status.cpp	369	ui_status_team
test/test_firmware_ui_status.cpp	370	ui_status_me
test/test_firmware_ui_status.cpp	371	ui_status_known
test/test_firmware_ui_status.cpp	372	ui_status_unread_home
test/test_firmware_ui_status.cpp	380	UiSnapshot
test/test_firmware_ui_status.cpp	382	ui_status_team
test/test_firmware_ui_status.cpp	383	ui_status_me
test/test_firmware_ui_status.cpp	384	ui_status_known
test/test_firmware_ui_status.cpp	385	ui_status_unread_home
test/test_firmware_ui_team.cpp	86	UiSnapshot
test/test_firmware_ui_team.cpp	87	UiSnapshot
test/test_firmware_ui_team.cpp	103	UiState
test/test_firmware_ui_team.cpp	105	FrameGate,UiSnapshot
test/test_firmware_ui_team.cpp	108	Screen
test/test_firmware_ui_team.cpp	109	on_page
test/test_firmware_ui_team.cpp	125	draw_team_screen
test/test_firmware_ui_team.cpp	290	draw_team_screen
test/test_firmware_ui_team.cpp	292	kListBackText
test/test_firmware_ui_team.cpp	293	kListBackText
test/test_firmware_ui_team.cpp	365	FrameGate
test/test_firmware_ui_team.cpp	366	UiSnapshot
test/test_firmware_ui_team.cpp	368	UiSnapshot
test/test_firmware_ui_team.cpp	371	UiSnapshot
test/test_firmware_ui_team.cpp	381	FrameGate
test/test_firmware_ui_team.cpp	382	UiSnapshot
test/test_firmware_ui_team.cpp	384	UiSnapshot
test/test_firmware_ui_team.cpp	388	UiSnapshot
test/test_firmware_ui_team.cpp	398	FrameGate
test/test_firmware_ui_team.cpp	399	UiSnapshot
test/test_firmware_ui_team.cpp	410	UiSnapshot
test/test_firmware_ui_team.cpp	416	FrameGate
test/test_firmware_ui_team.cpp	417	UiSnapshot
test/test_firmware_ui_team.cpp	422	Screen
test/test_firmware_ui_team.cpp	423	FrameGate
test/test_firmware_ui_team.cpp	426	UiSnapshot
test/test_firmware_ui_team.cpp	427	on_page
test/test_firmware_ui_team.cpp	429	UiSnapshot
test/test_firmware_ui_team.cpp	443	Screen
test/test_firmware_ui_team.cpp	444	Screen
test/test_firmware_ui_team.cpp	445	Screen
test/test_firmware_ui_team.cpp	446	Screen
test/test_firmware_ui_team.cpp	447	Screen
test/test_firmware_ui_team.cpp	448	Screen
test/test_firmware_ui_team.cpp	449	Screen
test/test_firmware_ui_team.cpp	450	Screen
test/test_firmware_ui_team.cpp	451	Screen
test/test_firmware_ui_team.cpp	452	Screen
test/test_firmware_ui_team.cpp	453	Screen
test/test_firmware_ui_team.cpp	462	FrameGate
test/test_firmware_ui_team.cpp	463	UiSnapshot
test/test_firmware_ui_team.cpp	468	Screen
test/test_firmware_ui_team.cpp	471	UiSnapshot
test/test_firmware_ui_team.cpp	476	unblank
test/test_firmware_ui_team.cpp	477	FrameGate
test/test_firmware_ui_team.cpp	478	UiSnapshot
test/test_firmware_ui_team.cpp	484	UiSnapshot
test/test_firmware_ui_team.cpp	485	UiSnapshot
test/test_firmware_ui_team.cpp	512	FrameGate
test/test_firmware_ui_team.cpp	513	UiSnapshot
test/test_firmware_ui_team.cpp	522	UiSnapshot
test/test_firmware_ui_team.cpp	525	UiSnapshot
test/test_firmware_ui_team.cpp	539	FrameGate
test/test_firmware_ui_team.cpp	540	UiSnapshot
test/test_firmware_ui_team.cpp	548	UiSnapshot
test/test_firmware_ui_team.cpp	555	UiSnapshot
test/test_firmware_ui_team.cpp	560	UiSnapshot
test/test_firmware_ui_team.cpp	565	UiSnapshot
test/test_firmware_ui_team.cpp	569	UiSnapshot
test/test_firmware_ui_team.cpp	576	FrameGate
test/test_firmware_ui_team.cpp	577	UiSnapshot
test/test_firmware_ui_team.cpp	583	UiSnapshot
test/test_firmware_ui_team.cpp	587	UiSnapshot
test/test_firmware_ui_team.cpp	608	FrameGate
test/test_firmware_ui_team.cpp	609	UiSnapshot
test/test_firmware_ui_team.cpp	612	UiSnapshot
test/test_firmware_ui_team.cpp	613	UiSnapshot
test/test_firmware_ui_team.cpp	621	UiSnapshot
test/test_firmware_ui_team.cpp	622	UiSnapshot
test/test_firmware_ui_team.cpp	631	FrameGate
test/test_firmware_ui_team.cpp	632	UiSnapshot
test/test_firmware_ui_team.cpp	636	UiSnapshot
test/test_firmware_ui_team.cpp	644	UiSnapshot
test/test_firmware_ui_team.cpp	651	UiSnapshot
test/test_remote_codec.cpp	6538	on_message
test/test_remote_codec.cpp	6604	on_message
test/test_remote_codec.cpp	6657	on_message
test/test_remote_codec.cpp	6664	on_message
test/test_remote_codec.cpp	6715	on_message
test/test_remote_codec.cpp	6749	on_message
tools/probe_board_abi.py	7	UiState
tools/probe_board_abi.py	33	UiState
tools/probe_board_abi.py	53	UiState
tools/probe_board_abi.py	170	UiState
tools/probe_board_abi.py	171	UiSnapshot
tools/probe_board_abi.py	173	UiChrome
tools/probe_board_abi.py	232	UiState
tools/probe_board_abi.py	312	UiState
tools/probe_board_abi.py	313	UiSnapshot
tools/probe_board_abi.py	315	UiChrome
tools/probe_board_abi.py	344	UiState
tools/probe_board_abi.py	345	UiSnapshot
tools/probe_board_abi.py	347	UiChrome
tools/probe_board_abi.py	379	UiState
tools/probe_board_abi.py	380	UiSnapshot
tools/probe_board_abi.py	382	UiChrome
tools/probe_board_ui/run.sh	201	on_page
tools/probe_board_ui/run.sh	286	FrameGate
tools/probe_board_ui/run.sh	290	on_page
tools/probe_board_ui/run.sh	291	FrameGate
tools/probe_board_ui/run.sh	292	on_page
tools/probe_board_ui/run.sh	294	FrameGate
tools/probe_board_ui/run.sh	298	on_page
tools/probe_board_ui/run.sh	299	FrameGate,on_page
tools/probe_board_ui/run.sh	309	on_page
tools/probe_board_ui/run.sh	317	FrameGate
tools/probe_board_ui/run.sh	362	UiState
tools/probe_board_ui/run.sh	371	kBodyX
tools/probe_board_ui/run.sh	819	FrameGate
tools/probe_board_ui/run.sh	826	FrameGate
tools/probe_board_ui/run.sh	1019	ui_chrome_invalidate
tools/probe_board_ui/run.sh	1024	ui_chrome_invalidate
tools/probe_board_ui/run.sh	1026	ui_chrome_invalidate
tools/probe_board_ui/run.sh	1050	kBodyX
tools/probe_board_ui/run.sh	1057	kBodyX
tools/probe_board_ui/run.sh	1058	kBodyX
tools/probe_board_ui/run.sh	1060	kBodyX
tools/probe_board_ui/run.sh	1062	kBodyX
tools/probe_board_ui/run.sh	1063	kBodyX
tools/probe_board_ui/run.sh	1065	kBodyCols
tools/probe_board_ui/run.sh	1071	kBodyCols
tools/probe_board_ui/run.sh	1072	kBodyCols
tools/probe_board_ui/run.sh	1074	kBodyCols
tools/probe_board_ui/run.sh	1075	kBodyCols
tools/probe_firmware_ui/probe_main.cpp	14	FrameGate
tools/probe_firmware_ui/probe_main.cpp	325	on_page
tools/probe_firmware_ui/probe_main.cpp	332	on_page
tools/probe_firmware_ui/probe_main.cpp	414	on_page
tools/probe_firmware_ui/probe_main.cpp	427	on_page
tools/probe_firmware_ui/probe_main.cpp	437	on_page
tools/probe_firmware_ui/probe_main.cpp	471	kBodyX
tools/probe_firmware_ui/probe_main.cpp	475	kBodyX
tools/probe_firmware_ui/probe_main.cpp	479	kStatusMark
tools/probe_firmware_ui/probe_main.cpp	480	kStatusMark
tools/probe_firmware_ui/probe_main.cpp	1274	kBodyX
tools/probe_firmware_ui/probe_main.cpp	1275	kBodyX
tools/probe_firmware_ui/probe_main.cpp	1298	kBodyX
tools/probe_firmware_ui/probe_main.cpp	1371	kSettingsEnterText
tools/probe_firmware_ui/probe_main.cpp	1383	kSettingsEnterText
tools/probe_firmware_ui/probe_main.cpp	1486	FrameGate
tools/probe_firmware_ui/probe_main.cpp	1501	draw_settings_screen
tools/probe_firmware_ui/probe_main.cpp	1521	kSettingsEnterText
tools/probe_firmware_ui/probe_main.cpp	1909	kSettingsEnterText
tools/probe_firmware_ui/probe_main.cpp	1943	settings_rows
tools/probe_firmware_ui/probe_main.cpp	2047	FrameGate
tools/probe_firmware_ui/probe_main.cpp	2470	on_page
tools/probe_firmware_ui/probe_main.cpp	2474	on_page
tools/probe_firmware_ui/probe_main.cpp	2545	FrameGate
tools/probe_firmware_ui/probe_main.cpp	2574	unblank
tools/probe_firmware_ui/probe_main.cpp	2596	unblank
tools/probe_firmware_ui/probe_main.cpp	2647	on_page
tools/probe_firmware_ui/probe_main.cpp	2704	on_page
tools/probe_firmware_ui/probe_main.cpp	2709	on_page
tools/probe_firmware_ui/probe_main.cpp	2710	on_page
tools/probe_firmware_ui/probe_main.cpp	2714	on_page
tools/probe_firmware_ui/probe_main.cpp	2715	on_page
tools/probe_firmware_ui/probe_main.cpp	2721	on_page
tools/probe_firmware_ui/probe_main.cpp	2725	on_page
tools/probe_firmware_ui/probe_main.cpp	2730	kStatusMark
tools/probe_firmware_ui/probe_main.cpp	2731	kStatusMark
tools/probe_firmware_ui/probe_main.cpp	2735	on_page
tools/probe_firmware_ui/probe_main.cpp	2737	kBodyX
tools/probe_firmware_ui/probe_main.cpp	2753	on_page
tools/probe_firmware_ui/probe_main.cpp	2778	Screen
tools/probe_firmware_ui/probe_main.cpp	2808	kBodyX
tools/probe_firmware_ui/probe_main.cpp	2830	on_page
tools/probe_firmware_ui/probe_main.cpp	2831	on_page
tools/probe_firmware_ui/probe_main.cpp	2833	kBodyX
tools/probe_firmware_ui/probe_main.cpp	2859	kBodyX
tools/probe_firmware_ui/probe_main.cpp	2865	kBodyX
tools/probe_firmware_ui/probe_main.cpp	2875	kBodyX
tools/probe_firmware_ui/probe_main.cpp	2876	kBodyX
tools/probe_firmware_ui/probe_main.cpp	2884	kBodyX
tools/probe_firmware_ui/probe_main.cpp	2890	kBodyX
tools/probe_firmware_ui/probe_main.cpp	2918	ChromeCfg
tools/probe_firmware_ui/probe_main.cpp	2976	kSettingsEnterText
tools/probe_firmware_ui/probe_main.cpp	2989	kSettingsEnterText
tools/probe_firmware_ui/probe_main.cpp	2998	kSettingsEnterText
tools/probe_firmware_ui/probe_main.cpp	3009	kSettingsEnterText
tools/probe_firmware_ui/probe_main.cpp	3017	draw_status_screen
tools/probe_firmware_ui/probe_main.cpp	3059	UiChrome,UiSnapshot
tools/probe_firmware_ui/probe_main.cpp	3084	kBodyX
tools/probe_firmware_ui/probe_main.cpp	3091	draw_status_screen
tools/probe_firmware_ui/probe_main.cpp	3106	kBodyX
tools/probe_firmware_ui/probe_main.cpp	3116	kBodyX
tools/probe_firmware_ui/probe_main.cpp	3121	kBodyX
tools/probe_firmware_ui/probe_main.cpp	3122	kBodyX
tools/probe_firmware_ui/probe_main.cpp	3164	draw_team_screen
tools/probe_firmware_ui/probe_main.cpp	3297	kBodyX
tools/probe_firmware_ui/probe_main.cpp	3305	kBodyX
tools/probe_firmware_ui/probe_main.cpp	3319	FrameGate
tools/probe_firmware_ui/probe_main.cpp	3337	FrameGate
tools/probe_firmware_ui/probe_main.cpp	3364	FrameGate
tools/probe_firmware_ui/probe_main.cpp	3559	draw_team_screen
tools/probe_firmware_ui/probe_main.cpp	3571	kBodyX
tools/probe_firmware_ui/probe_main.cpp	3579	kBodyX
tools/probe_firmware_ui/probe_main.cpp	3879	on_page
tools/probe_firmware_ui/probe_main.cpp	3885	FrameGate
tools/probe_firmware_ui/probe_main.cpp	4660	UiState
tools/probe_firmware_ui/probe_main.cpp	6737	UiSnapshot
tools/probe_firmware_ui/probe_main.cpp	7146	kSettingsEnterText
tools/probe_firmware_ui/run.sh	503	FrameGate
tools/probe_firmware_ui/run.sh	508	on_page
tools/probe_firmware_ui/run.sh	514	on_page
tools/probe_firmware_ui/run.sh	516	FrameGate
tools/probe_firmware_ui/run.sh	616	UiState
tools/probe_firmware_ui/run.sh	619	Screen,draw_settings_screen
tools/probe_firmware_ui/run.sh	622	UiState
tools/probe_firmware_ui/run.sh	625	UiState
tools/probe_firmware_ui/run.sh	639	settings_row_label
tools/probe_firmware_ui/run.sh	642	ui_status_location
tools/probe_firmware_ui/run.sh	649	ui_status_location
tools/probe_firmware_ui/run.sh	656	FrameGate
tools/probe_firmware_ui/run.sh	668	ui_chrome_invalidate
tools/probe_firmware_ui/run.sh	774	FrameGate
tools/probe_firmware_ui/run.sh	779	ui_chrome_invalidate
tools/probe_firmware_ui/run.sh	785	ui_chrome_invalidate
tools/probe_firmware_ui/run.sh	832	ui_chrome_invalidate
tools/probe_firmware_ui/run.sh	836	UiChrome
tools/probe_firmware_ui/run.sh	866	draw_rail
tools/probe_firmware_ui/run.sh	873	UiState
tools/probe_firmware_ui/run.sh	886	kBodyX
tools/probe_firmware_ui/run.sh	887	kBodyX
tools/probe_firmware_ui/run.sh	890	kBodyX
tools/probe_firmware_ui/run.sh	891	kBodyX
tools/probe_firmware_ui/run.sh	902	ui_status_me,ui_status_team
tools/probe_firmware_ui/run.sh	912	ui_status_me
tools/probe_firmware_ui/run.sh	926	kBodyX
tools/probe_firmware_ui/run.sh	946	draw_settings_screen
tools/probe_firmware_ui/run.sh	951	Settings::closed
tools/probe_firmware_ui/run.sh	956	draw_settings_tail
tools/probe_firmware_ui/run.sh	960	kSettingsEnterText
tools/probe_firmware_ui/run.sh	965	draw_inbox_screen,draw_team_screen
tools/probe_firmware_ui/run.sh	971	screen_is_entered
tools/probe_firmware_ui/run.sh	973	screen_is_entered
tools/probe_firmware_ui/run.sh	994	kStatusMark
tools/probe_firmware_ui/run.sh	1000	kBodyX
tools/probe_firmware_ui/run.sh	1005	ui_status_unread_home
tools/probe_firmware_ui/run.sh	1011	kStatusMark
tools/probe_firmware_ui/run.sh	1018	ui_status_known
tools/probe_firmware_ui/run.sh	1020	ui_status_known
tools/probe_firmware_ui/run.sh	1026	UiSnapshot,ui_status_location
tools/probe_firmware_ui/run.sh	1090	draw_team_screen
tools/probe_firmware_ui/run.sh	1151	kStatusMark
tools/probe_firmware_ui/run.sh	1157	kStatusMark
tools/probe_firmware_ui/run.sh	1158	on_page
tools/probe_firmware_ui/run.sh	1164	kStatusMark
tools/probe_firmware_ui/run.sh	1169	kStatusMark
tools/probe_ui_model_mutations.py	199	UiSnapshot,UiState
tools/probe_ui_model_mutations.py	1522	UiSnapshot
tools/probe_ui_model_mutations.py	1611	UiState
tools/probe_ui_model_mutations.py	1612	UiState
tools/probe_ui_model_mutations.py	1720	UiState
tools/probe_ui_model_mutations.py	2020	UiState
tools/probe_ui_model_mutations.py	2373	unblank
tools/probe_ui_model_mutations.py	2382	UiSnapshot
tools/probe_ui_model_mutations.py	2496	Screen
tools/probe_ui_model_mutations.py	3120	Screen
tools/probe_ui_model_mutations.py	3121	Screen
tools/probe_ui_model_mutations.py	3137	Screen
tools/probe_ui_model_mutations.py	3138	Screen
tools/probe_ui_model_mutations.py	3144	Screen
tools/probe_ui_model_mutations.py	3147	Settings::editing
tools/probe_ui_model_mutations.py	3150	Settings::browsing,Settings::editing
tools/probe_ui_model_mutations.py	3151	Settings::browsing,Settings::editing
tools/probe_ui_model_mutations.py	3153	Settings::browsing,Settings::editing
tools/probe_ui_model_mutations.py	3186	clear_settings_note
tools/probe_ui_model_mutations.py	3194	Settings::editing
tools/probe_ui_model_mutations.py	3195	Settings::editing
tools/probe_ui_model_mutations.py	3198	settings_activate
tools/probe_ui_model_mutations.py	3206	UiSnapshot
tools/probe_ui_model_mutations.py	3215	kBodyCols
tools/probe_ui_model_mutations.py	3239	settings_follow_screen
tools/probe_ui_model_mutations.py	3245	Settings::browsing
tools/probe_ui_model_mutations.py	3247	Settings::browsing
tools/probe_ui_model_mutations.py	3251	provision_admit
tools/probe_ui_model_mutations.py	3256	ProvBlock
tools/probe_ui_model_mutations.py	3257	ProvBlock
tools/probe_ui_model_mutations.py	3258	ProvBlock
tools/probe_ui_model_mutations.py	3259	ProvBlock
tools/probe_ui_model_mutations.py	3261	ProvBlock
tools/probe_ui_model_mutations.py	3264	ProvBlock
tools/probe_ui_model_mutations.py	3267	ProvBlock
tools/probe_ui_model_mutations.py	3268	ProvBlock
tools/probe_ui_model_mutations.py	3269	ProvBlock
tools/probe_ui_model_mutations.py	3270	ProvBlock
tools/probe_ui_model_mutations.py	3272	ProvBlock
tools/probe_ui_model_mutations.py	3286	Settings::provisioning
tools/probe_ui_model_mutations.py	3289	Settings::provisioning
tools/probe_ui_model_mutations.py	3296	Settings::provisioning,close_provisioning
tools/probe_ui_model_mutations.py	3302	enter_provision
tools/probe_ui_model_mutations.py	3317	enter_provision
tools/probe_ui_model_mutations.py	3320	enter_provision
tools/probe_ui_model_mutations.py	3328	enter_provision
tools/probe_ui_model_mutations.py	3366	enter_provision
tools/probe_ui_model_mutations.py	3367	enter_provision
tools/probe_ui_model_mutations.py	3369	enter_provision
tools/probe_ui_model_mutations.py	3374	enter_provision
tools/probe_ui_model_mutations.py	3376	enter_provision
tools/probe_ui_model_mutations.py	3379	enter_provision
tools/probe_ui_model_mutations.py	3383	enter_provision
tools/probe_ui_model_mutations.py	3387	enter_provision
tools/probe_ui_model_mutations.py	3388	enter_provision
tools/probe_ui_model_mutations.py	3390	Settings::provisioning,close_provisioning
tools/probe_ui_model_mutations.py	3391	Settings::provisioning,close_provisioning
tools/probe_ui_model_mutations.py	3396	enter_provision
tools/probe_ui_model_mutations.py	3407	enter_provision
tools/probe_ui_model_mutations.py	3409	enter_provision
tools/probe_ui_model_mutations.py	3455	sync_settings
tools/probe_ui_model_mutations.py	3457	Settings::closed
tools/probe_ui_model_mutations.py	3458	Settings::browsing,Settings::closed
tools/probe_ui_model_mutations.py	3460	advance_or_next
tools/probe_ui_model_mutations.py	3465	Screen
tools/probe_ui_model_mutations.py	3466	Screen
tools/probe_ui_model_mutations.py	3469	Settings::closed
tools/probe_ui_model_mutations.py	3474	draw_settings_screen
tools/probe_ui_model_mutations.py	3484	ensure_config_open,sync_settings
tools/probe_ui_model_mutations.py	3488	ensure_config_open
tools/probe_ui_model_mutations.py	3489	Settings::closed,ensure_config_open
tools/probe_ui_model_mutations.py	3491	Screen,Settings::browsing
tools/probe_ui_model_mutations.py	3495	Screen,settings_follow_screen
tools/probe_ui_model_mutations.py	3499	Settings::closed
tools/probe_ui_model_mutations.py	3500	Settings::closed
tools/probe_ui_model_mutations.py	3502	kSettingsEnterText
tools/probe_ui_model_mutations.py	3503	kSettingsEnterText
tools/probe_ui_model_mutations.py	3514	Screen
tools/probe_ui_model_mutations.py	3515	ListView,Screen
tools/probe_ui_model_mutations.py	3533	next_screen
tools/probe_ui_model_mutations.py	3534	list_follow_screen
tools/probe_ui_model_mutations.py	3536	screen_is_entered
tools/probe_ui_model_mutations.py	3541	ListView
tools/probe_ui_model_mutations.py	3542	ListView
tools/probe_ui_model_mutations.py	3560	ListView,Screen
tools/probe_ui_model_mutations.py	3561	ListView,Screen
tools/probe_ui_model_mutations.py	3597	ListView
tools/probe_ui_model_mutations.py	3599	ListView
tools/probe_ui_model_mutations.py	3612	close_compose
tools/probe_ui_model_mutations.py	3623	close_compose
tools/probe_ui_model_mutations.py	3634	blank_due
tools/probe_ui_model_mutations.py	3635	blank_due
tools/probe_ui_model_mutations.py	3638	blank_due
tools/probe_ui_model_mutations.py	3639	blank_due
tools/probe_ui_model_mutations.py	3662	blank_due
tools/probe_ui_model_mutations.py	3669	unblank
tools/probe_ui_model_mutations.py	3670	unblank
tools/probe_ui_model_mutations.py	3671	blank_due
tools/probe_ui_model_mutations.py	3691	blank_due
tools/probe_ui_model_mutations.py	3697	unblank
tools/probe_ui_model_mutations.py	3726	unblank
tools/probe_ui_model_mutations.py	3728	unblank
tools/probe_ui_model_mutations.py	3729	unblank
tools/probe_ui_model_mutations.py	3730	unblank
tools/probe_ui_model_mutations.py	3733	Screen
tools/probe_ui_model_mutations.py	3765	list_follow_screen
tools/probe_ui_model_mutations.py	3766	team_key_note_ack_landed
tools/probe_ui_model_mutations.py	3772	list_follow_screen
tools/probe_ui_model_mutations.py	3774	list_follow_screen
tools/probe_ui_model_mutations.py	3780	enter_provision
tools/probe_ui_model_mutations.py	3786	enter_provision
tools/probe_ui_model_mutations.py	3790	enter_provision
tools/probe_ui_model_mutations.py	3798	enter_provision
tools/probe_ui_model_mutations.py	3810	enter_provision
tools/probe_ui_model_mutations.py	3812	enter_provision
tools/probe_ui_model_mutations.py	3821	enter_provision
tools/probe_ui_model_mutations.py	3822	enter_provision
tools/probe_ui_model_mutations.py	3827	enter_provision
tools/probe_ui_model_mutations.py	3851	UiSnapshot
tools/probe_ui_model_mutations.py	3853	UiSnapshot
tools/probe_ui_model_mutations.py	3870	enter_provision
tools/probe_ui_model_mutations.py	3874	enter_provision
tools/probe_ui_model_mutations.py	3877	enter_provision
tools/probe_ui_model_mutations.py	3918	enter_provision
tools/probe_ui_model_mutations.py	3921	enter_provision
tools/probe_ui_model_mutations.py	3928	enter_provision
tools/probe_ui_model_mutations.py	3931	enter_provision
tools/probe_ui_model_mutations.py	3933	enter_provision
tools/probe_ui_model_mutations.py	3936	enter_provision
tools/probe_ui_model_mutations.py	3938	enter_provision
tools/probe_ui_model_mutations.py	3942	enter_provision
tools/probe_ui_model_mutations.py	3948	enter_provision
tools/probe_ui_model_mutations.py	3950	enter_provision
tools/probe_ui_model_mutations.py	3960	enter_provision
tools/probe_ui_model_mutations.py	3965	UiSnapshot
tools/probe_ui_model_mutations.py	3967	UiSnapshot
tools/probe_ui_model_mutations.py	3973	leave_grant_chain
tools/probe_ui_model_mutations.py	3974	leave_grant_chain
tools/probe_ui_model_mutations.py	3980	enter_provision
tools/probe_ui_model_mutations.py	3999	enter_provision
tools/probe_ui_model_mutations.py	4002	enter_provision
tools/probe_ui_model_mutations.py	4013	enter_provision
tools/probe_ui_model_mutations.py	4018	unblank
tools/probe_ui_model_mutations.py	4041	enter_provision
tools/probe_ui_model_mutations.py	4058	enter_provision
tools/probe_ui_model_mutations.py	4060	enter_provision
tools/probe_ui_model_mutations.py	4065	enter_provision
tools/probe_ui_model_mutations.py	4099	Screen
tools/probe_ui_model_mutations.py	4102	enter_provision
tools/probe_ui_model_mutations.py	4111	team_key_note_ack_landed
tools/probe_ui_model_mutations.py	4121	enter_provision
tools/probe_ui_model_mutations.py	4126	enter_provision
tools/probe_ui_model_mutations.py	4127	enter_provision
tools/probe_ui_model_mutations.py	4137	enter_provision
tools/probe_ui_model_mutations.py	4148	enter_provision
tools/probe_ui_model_mutations.py	4151	enter_provision
tools/probe_ui_model_mutations.py	4198	enter_provision
tools/probe_ui_model_mutations.py	4201	enter_provision
tools/probe_ui_model_mutations.py	4213	enter_provision
tools/probe_ui_model_mutations.py	4260	GrantOrigin
tools/probe_ui_model_mutations.py	4264	GrantOrigin
tools/probe_ui_model_mutations.py	4265	GrantOrigin
tools/probe_ui_model_mutations.py	4268	GrantOrigin
tools/probe_ui_model_mutations.py	4271	GrantOrigin
tools/probe_ui_model_mutations.py	4272	enter_provision
tools/probe_ui_model_mutations.py	4276	GrantOrigin
tools/probe_ui_model_mutations.py	4277	enter_provision
tools/probe_ui_model_mutations.py	4279	GrantOrigin
tools/probe_ui_model_mutations.py	4282	GrantOrigin
tools/probe_ui_model_mutations.py	4284	GrantOrigin
tools/probe_ui_model_mutations.py	4285	enter_provision
tools/probe_ui_model_mutations.py	4287	GrantOrigin
tools/probe_ui_model_mutations.py	4288	enter_provision
tools/probe_ui_model_mutations.py	4292	settings_follow_screen
tools/probe_ui_model_mutations.py	4293	ListView
tools/probe_ui_model_mutations.py	4294	settings_follow_screen
tools/probe_ui_model_mutations.py	4295	ListView
tools/probe_ui_model_mutations.py	4298	settings_follow_screen
tools/probe_ui_model_mutations.py	4315	GrantOrigin
tools/probe_ui_model_mutations.py	4316	enter_provision
tools/probe_ui_model_mutations.py	4318	GrantOrigin
tools/probe_ui_model_mutations.py	4319	enter_provision
tools/probe_ui_model_mutations.py	4323	GrantOrigin
tools/probe_ui_model_mutations.py	4324	enter_provision
tools/probe_ui_model_mutations.py	4326	GrantOrigin
tools/probe_ui_model_mutations.py	4327	enter_provision
tools/probe_ui_model_mutations.py	4331	GrantOrigin
tools/probe_ui_model_mutations.py	4333	GrantOrigin
tools/probe_ui_model_mutations.py	4338	GrantOrigin
tools/probe_ui_model_mutations.py	4340	GrantOrigin
tools/probe_ui_model_mutations.py	4351	GrantOrigin
tools/probe_ui_model_mutations.py	4657	ui_chrome_equal
tools/probe_ui_model_mutations.py	4658	ui_chrome_equal
tools/probe_ui_model_mutations.py	4660	ui_chrome_equal
tools/probe_ui_model_mutations.py	4661	ui_chrome_equal
tools/probe_ui_model_mutations.py	4665	draw_rail
tools/probe_ui_model_mutations.py	6504	Screen
tools/test_probe_board_abi.py	193	UiState
tools/test_probe_board_abi.py	209	UiState
tools/test_probe_board_abi.py	215	UiState
tools/test_probe_board_abi.py	317	UiState
lib/core/node_beacon.cpp	287	on_page
