TRANSCRIPT factory_reset 3e20666163746f72795f726573657420574950455320414c4c20666c6173682028636f6e666967202b206964656e74697479202b207065657273202b20696e626f782920616e64207265626f6f747320746f20666163746f72792e20547970652027666163746f72795f726573657420636f6e6669726d2720746f2070726f636565642e0d0a  0 0 0 0
TRANSCRIPT factory_reset confirm  3e20666163746f72795f726573657420574950455320414c4c20666c6173682028636f6e666967202b206964656e74697479202b207065657273202b20696e626f782920616e64207265626f6f747320746f20666163746f72792e20547970652027666163746f72795f726573657420636f6e6669726d2720746f2070726f636565642e0d0a  0 0 0 0
TRANSCRIPT factory_reset Confirm 3e20666163746f72795f726573657420574950455320414c4c20666c6173682028636f6e666967202b206964656e74697479202b207065657273202b20696e626f782920616e64207265626f6f747320746f20666163746f72792e20547970652027666163746f72795f726573657420636f6e6669726d2720746f2070726f636565642e0d0a  0 0 0 0
TRANSCRIPT factory_reset confirmx 3e20666163746f72795f726573657420574950455320414c4c20666c6173682028636f6e666967202b206964656e74697479202b207065657273202b20696e626f782920616e64207265626f6f747320746f20666163746f72792e20547970652027666163746f72795f726573657420636f6e6669726d2720746f2070726f636565642e0d0a  0 0 0 0
TRANSCRIPT factory:0 3e20666163746f727920726573657420e280942065726173696e6720616c6c204e562c207265626f6f74696e67e280a60d0a3e20666163746f72795f7265736574205741524e3a20696e626f7820657261736520696e636f6d706c65746520286d65737361676573206d61792072656d61696e206f6e20666c617368290d0a3e20666163746f72795f7265736574205741524e3a20616e204e5620736c6f7420646964206e6f742065726173652028626f6f742072652d64656661756c7473206974290d0a 3e207265626f6f74696e670d0a 0 0 129 33 [wipe-dm] [wipe-dm] [wipe-dm] [wipe-dm] [wipe-dm] [wipe-dm] [wipe-dm] [wipe-dm] [wipe-dm] [wipe-dm] [wipe-dm] [wipe-dm] [wipe-dm] [wipe-dm] [wipe-dm] [wipe-dm] [wipe-dm] [wipe-dm] [wipe-dm] [wipe-dm] [wipe-dm] [wipe-dm] [wipe-dm] [wipe-dm] [wipe-dm] [wipe-dm] [wipe-dm] [wipe-dm] [wipe-dm] [wipe-dm] [wipe-dm] [wipe-dm] [wipe-dm] [wipe-dm] [wipe-dm] [wipe-dm] [wipe-dm] [wipe-dm] [wipe-dm] [wipe-dm] [wipe-dm] [wipe-dm] [wipe-dm] [wipe-dm] [wipe-dm] [wipe-dm] [wipe-dm] [wipe-dm] [wipe-dm] [wipe-dm] [wipe-dm] [wipe-dm] [wipe-dm] [wipe-dm] [wipe-dm] [wipe-dm] [wipe-dm] [wipe-dm] [wipe-dm] [wipe-dm] [wipe-dm] [wipe-dm] [wipe-dm] [wipe-dm] [wipe-dm] [wipe-dm] [wipe-dm] [wipe-dm] [wipe-dm] [wipe-dm] [wipe-dm] [wipe-dm] [wipe-dm] [wipe-dm] [wipe-dm] [wipe-dm] [wipe-dm] [wipe-dm] [wipe-dm] [wipe-dm] [wipe-dm] [wipe-dm] [wipe-dm] [wipe-dm] [wipe-dm] [wipe-dm] [wipe-dm] [wipe-dm] [wipe-dm] [wipe-dm] [wipe-dm] [wipe-dm] [wipe-dm] [wipe-dm] [wipe-dm] [wipe-dm] [wipe-dm] [wipe-dm] [wipe-dm] [wipe-dm] [wipe-dm] [wipe-dm] [wipe-dm] [wipe-dm] [wipe-dm] [wipe-dm] [wipe-dm] [wipe-dm] [wipe-dm] [wipe-dm] [wipe-dm] [wipe-dm] [wipe-dm] [wipe-dm] [wipe-dm] [wipe-dm] [wipe-dm] [wipe-dm] [wipe-dm] [wipe-dm] [wipe-dm] [wipe-dm] [wipe-dm] [wipe-dm] [wipe-dm] [wipe-dm] [wipe-dm] [wipe-dm] [wipe-dm] [wipe-ch] [wipe-ch] [wipe-ch] [wipe-ch] [wipe-ch] [wipe-ch] [wipe-ch] [wipe-ch] [wipe-ch] [wipe-ch] [wipe-ch] [wipe-ch] [wipe-ch] [wipe-ch] [wipe-ch] [wipe-ch] [wipe-ch] [wipe-ch] [wipe-ch] [wipe-ch] [wipe-ch] [wipe-ch] [wipe-ch] [wipe-ch] [wipe-ch] [wipe-ch] [wipe-ch] [wipe-ch] [wipe-ch] [wipe-ch] [wipe-ch] [wipe-ch] [wipe-ch] [warn-inbox] [nv-open] [warn-nv] [flush] [delay:100] [mark-reset] [reset]
TRANSCRIPT factory:1 3e20666163746f727920726573657420e280942065726173696e6720616c6c204e562c207265626f6f74696e67e280a60d0a3e20666163746f72795f7265736574205741524e3a20696e626f7820657261736520696e636f6d706c65746520286d65737361676573206d61792072656d61696e206f6e20666c617368290d0a3e20666163746f72795f7265736574205741524e3a20616e204e5620736c6f7420646964206e6f742065726173652028626f6f742072652d64656661756c7473206974290d0a 3e207265626f6f74696e670d0a 0 0 129 33 [wipe-dm] [wipe-dm] [wipe-dm] [wipe-dm] [wipe-dm] [wipe-dm] [wipe-dm] [wipe-dm] [wipe-dm] [wipe-dm] [wipe-dm] [wipe-dm] [wipe-dm] [wipe-dm] [wipe-dm] [wipe-dm] [wipe-dm] [wipe-dm] [wipe-dm] [wipe-dm] [wipe-dm] [wipe-dm] [wipe-dm] [wipe-dm] [wipe-dm] [wipe-dm] [wipe-dm] [wipe-dm] [wipe-dm] [wipe-dm] [wipe-dm] [wipe-dm] [wipe-dm] [wipe-dm] [wipe-dm] [wipe-dm] [wipe-dm] [wipe-dm] [wipe-dm] [wipe-dm] [wipe-dm] [wipe-dm] [wipe-dm] [wipe-dm] [wipe-dm] [wipe-dm] [wipe-dm] [wipe-dm] [wipe-dm] [wipe-dm] [wipe-dm] [wipe-dm] [wipe-dm] [wipe-dm] [wipe-dm] [wipe-dm] [wipe-dm] [wipe-dm] [wipe-dm] [wipe-dm] [wipe-dm] [wipe-dm] [wipe-dm] [wipe-dm] [wipe-dm] [wipe-dm] [wipe-dm] [wipe-dm] [wipe-dm] [wipe-dm] [wipe-dm] [wipe-dm] [wipe-dm] [wipe-dm] [wipe-dm] [wipe-dm] [wipe-dm] [wipe-dm] [wipe-dm] [wipe-dm] [wipe-dm] [wipe-dm] [wipe-dm] [wipe-dm] [wipe-dm] [wipe-dm] [wipe-dm] [wipe-dm] [wipe-dm] [wipe-dm] [wipe-dm] [wipe-dm] [wipe-dm] [wipe-dm] [wipe-dm] [wipe-dm] [wipe-dm] [wipe-dm] [wipe-dm] [wipe-dm] [wipe-dm] [wipe-dm] [wipe-dm] [wipe-dm] [wipe-dm] [wipe-dm] [wipe-dm] [wipe-dm] [wipe-dm] [wipe-dm] [wipe-dm] [wipe-dm] [wipe-dm] [wipe-dm] [wipe-dm] [wipe-dm] [wipe-dm] [wipe-dm] [wipe-dm] [wipe-dm] [wipe-dm] [wipe-dm] [wipe-dm] [wipe-dm] [wipe-dm] [wipe-dm] [wipe-dm] [wipe-dm] [wipe-dm] [wipe-ch] [wipe-ch] [wipe-ch] [wipe-ch] [wipe-ch] [wipe-ch] [wipe-ch] [wipe-ch] [wipe-ch] [wipe-ch] [wipe-ch] [wipe-ch] [wipe-ch] [wipe-ch] [wipe-ch] [wipe-ch] [wipe-ch] [wipe-ch] [wipe-ch] [wipe-ch] [wipe-ch] [wipe-ch] [wipe-ch] [wipe-ch] [wipe-ch] [wipe-ch] [wipe-ch] [wipe-ch] [wipe-ch] [wipe-ch] [wipe-ch] [wipe-ch] [wipe-ch] [warn-inbox] [nv-open] [warn-nv] [flush] [delay:100] [mark-reset] [reset]
TRANSCRIPT factory:2 3e20666163746f727920726573657420e280942065726173696e6720616c6c204e562c207265626f6f74696e67e280a60d0a3e20666163746f72795f7265736574205741524e3a20696e626f7820657261736520696e636f6d706c65746520286d65737361676573206d61792072656d61696e206f6e20666c617368290d0a3e20666163746f72795f7265736574205741524e3a20616e204e5620736c6f7420646964206e6f742065726173652028626f6f742072652d64656661756c7473206974290d0a 3e207265626f6f74696e670d0a 0 0 129 33 [wipe-dm] [wipe-dm] [wipe-dm] [wipe-dm] [wipe-dm] [wipe-dm] [wipe-dm] [wipe-dm] [wipe-dm] [wipe-dm] [wipe-dm] [wipe-dm] [wipe-dm] [wipe-dm] [wipe-dm] [wipe-dm] [wipe-dm] [wipe-dm] [wipe-dm] [wipe-dm] [wipe-dm] [wipe-dm] [wipe-dm] [wipe-dm] [wipe-dm] [wipe-dm] [wipe-dm] [wipe-dm] [wipe-dm] [wipe-dm] [wipe-dm] [wipe-dm] [wipe-dm] [wipe-dm] [wipe-dm] [wipe-dm] [wipe-dm] [wipe-dm] [wipe-dm] [wipe-dm] [wipe-dm] [wipe-dm] [wipe-dm] [wipe-dm] [wipe-dm] [wipe-dm] [wipe-dm] [wipe-dm] [wipe-dm] [wipe-dm] [wipe-dm] [wipe-dm] [wipe-dm] [wipe-dm] [wipe-dm] [wipe-dm] [wipe-dm] [wipe-dm] [wipe-dm] [wipe-dm] [wipe-dm] [wipe-dm] [wipe-dm] [wipe-dm] [wipe-dm] [wipe-dm] [wipe-dm] [wipe-dm] [wipe-dm] [wipe-dm] [wipe-dm] [wipe-dm] [wipe-dm] [wipe-dm] [wipe-dm] [wipe-dm] [wipe-dm] [wipe-dm] [wipe-dm] [wipe-dm] [wipe-dm] [wipe-dm] [wipe-dm] [wipe-dm] [wipe-dm] [wipe-dm] [wipe-dm] [wipe-dm] [wipe-dm] [wipe-dm] [wipe-dm] [wipe-dm] [wipe-dm] [wipe-dm] [wipe-dm] [wipe-dm] [wipe-dm] [wipe-dm] [wipe-dm] [wipe-dm] [wipe-dm] [wipe-dm] [wipe-dm] [wipe-dm] [wipe-dm] [wipe-dm] [wipe-dm] [wipe-dm] [wipe-dm] [wipe-dm] [wipe-dm] [wipe-dm] [wipe-dm] [wipe-dm] [wipe-dm] [wipe-dm] [wipe-dm] [wipe-dm] [wipe-dm] [wipe-dm] [wipe-dm] [wipe-dm] [wipe-dm] [wipe-dm] [wipe-dm] [wipe-dm] [wipe-dm] [wipe-dm] [wipe-dm] [wipe-ch] [wipe-ch] [wipe-ch] [wipe-ch] [wipe-ch] [wipe-ch] [wipe-ch] [wipe-ch] [wipe-ch] [wipe-ch] [wipe-ch] [wipe-ch] [wipe-ch] [wipe-ch] [wipe-ch] [wipe-ch] [wipe-ch] [wipe-ch] [wipe-ch] [wipe-ch] [wipe-ch] [wipe-ch] [wipe-ch] [wipe-ch] [wipe-ch] [wipe-ch] [wipe-ch] [wipe-ch] [wipe-ch] [wipe-ch] [wipe-ch] [wipe-ch] [wipe-ch] [warn-inbox] [nv-open] [warn-nv] [flush] [delay:100] [mark-reset] [reset]
TRANSCRIPT factory:3 3e20666163746f727920726573657420e280942065726173696e6720616c6c204e562c207265626f6f74696e67e280a60d0a3e20666163746f72795f7265736574205741524e3a20616e204e5620736c6f7420646964206e6f742065726173652028626f6f742072652d64656661756c7473206974290d0a 3e207265626f6f74696e670d0a 0 0 129 33 [wipe-dm] [wipe-dm] [wipe-dm] [wipe-dm] [wipe-dm] [wipe-dm] [wipe-dm] [wipe-dm] [wipe-dm] [wipe-dm] [wipe-dm] [wipe-dm] [wipe-dm] [wipe-dm] [wipe-dm] [wipe-dm] [wipe-dm] [wipe-dm] [wipe-dm] [wipe-dm] [wipe-dm] [wipe-dm] [wipe-dm] [wipe-dm] [wipe-dm] [wipe-dm] [wipe-dm] [wipe-dm] [wipe-dm] [wipe-dm] [wipe-dm] [wipe-dm] [wipe-dm] [wipe-dm] [wipe-dm] [wipe-dm] [wipe-dm] [wipe-dm] [wipe-dm] [wipe-dm] [wipe-dm] [wipe-dm] [wipe-dm] [wipe-dm] [wipe-dm] [wipe-dm] [wipe-dm] [wipe-dm] [wipe-dm] [wipe-dm] [wipe-dm] [wipe-dm] [wipe-dm] [wipe-dm] [wipe-dm] [wipe-dm] [wipe-dm] [wipe-dm] [wipe-dm] [wipe-dm] [wipe-dm] [wipe-dm] [wipe-dm] [wipe-dm] [wipe-dm] [wipe-dm] [wipe-dm] [wipe-dm] [wipe-dm] [wipe-dm] [wipe-dm] [wipe-dm] [wipe-dm] [wipe-dm] [wipe-dm] [wipe-dm] [wipe-dm] [wipe-dm] [wipe-dm] [wipe-dm] [wipe-dm] [wipe-dm] [wipe-dm] [wipe-dm] [wipe-dm] [wipe-dm] [wipe-dm] [wipe-dm] [wipe-dm] [wipe-dm] [wipe-dm] [wipe-dm] [wipe-dm] [wipe-dm] [wipe-dm] [wipe-dm] [wipe-dm] [wipe-dm] [wipe-dm] [wipe-dm] [wipe-dm] [wipe-dm] [wipe-dm] [wipe-dm] [wipe-dm] [wipe-dm] [wipe-dm] [wipe-dm] [wipe-dm] [wipe-dm] [wipe-dm] [wipe-dm] [wipe-dm] [wipe-dm] [wipe-dm] [wipe-dm] [wipe-dm] [wipe-dm] [wipe-dm] [wipe-dm] [wipe-dm] [wipe-dm] [wipe-dm] [wipe-dm] [wipe-dm] [wipe-dm] [wipe-dm] [wipe-dm] [wipe-dm] [wipe-ch] [wipe-ch] [wipe-ch] [wipe-ch] [wipe-ch] [wipe-ch] [wipe-ch] [wipe-ch] [wipe-ch] [wipe-ch] [wipe-ch] [wipe-ch] [wipe-ch] [wipe-ch] [wipe-ch] [wipe-ch] [wipe-ch] [wipe-ch] [wipe-ch] [wipe-ch] [wipe-ch] [wipe-ch] [wipe-ch] [wipe-ch] [wipe-ch] [wipe-ch] [wipe-ch] [wipe-ch] [wipe-ch] [wipe-ch] [wipe-ch] [wipe-ch] [wipe-ch] [nv-open] [warn-nv] [flush] [delay:100] [mark-reset] [reset]
TRANSCRIPT factory:4 3e20666163746f727920726573657420e280942065726173696e6720616c6c204e562c207265626f6f74696e67e280a60d0a3e20666163746f72795f7265736574205741524e3a20696e626f7820657261736520696e636f6d706c65746520286d65737361676573206d61792072656d61696e206f6e20666c617368290d0a 3e207265626f6f74696e670d0a 0 0 129 33 [wipe-dm] [wipe-dm] [wipe-dm] [wipe-dm] [wipe-dm] [wipe-dm] [wipe-dm] [wipe-dm] [wipe-dm] [wipe-dm] [wipe-dm] [wipe-dm] [wipe-dm] [wipe-dm] [wipe-dm] [wipe-dm] [wipe-dm] [wipe-dm] [wipe-dm] [wipe-dm] [wipe-dm] [wipe-dm] [wipe-dm] [wipe-dm] [wipe-dm] [wipe-dm] [wipe-dm] [wipe-dm] [wipe-dm] [wipe-dm] [wipe-dm] [wipe-dm] [wipe-dm] [wipe-dm] [wipe-dm] [wipe-dm] [wipe-dm] [wipe-dm] [wipe-dm] [wipe-dm] [wipe-dm] [wipe-dm] [wipe-dm] [wipe-dm] [wipe-dm] [wipe-dm] [wipe-dm] [wipe-dm] [wipe-dm] [wipe-dm] [wipe-dm] [wipe-dm] [wipe-dm] [wipe-dm] [wipe-dm] [wipe-dm] [wipe-dm] [wipe-dm] [wipe-dm] [wipe-dm] [wipe-dm] [wipe-dm] [wipe-dm] [wipe-dm] [wipe-dm] [wipe-dm] [wipe-dm] [wipe-dm] [wipe-dm] [wipe-dm] [wipe-dm] [wipe-dm] [wipe-dm] [wipe-dm] [wipe-dm] [wipe-dm] [wipe-dm] [wipe-dm] [wipe-dm] [wipe-dm] [wipe-dm] [wipe-dm] [wipe-dm] [wipe-dm] [wipe-dm] [wipe-dm] [wipe-dm] [wipe-dm] [wipe-dm] [wipe-dm] [wipe-dm] [wipe-dm] [wipe-dm] [wipe-dm] [wipe-dm] [wipe-dm] [wipe-dm] [wipe-dm] [wipe-dm] [wipe-dm] [wipe-dm] [wipe-dm] [wipe-dm] [wipe-dm] [wipe-dm] [wipe-dm] [wipe-dm] [wipe-dm] [wipe-dm] [wipe-dm] [wipe-dm] [wipe-dm] [wipe-dm] [wipe-dm] [wipe-dm] [wipe-dm] [wipe-dm] [wipe-dm] [wipe-dm] [wipe-dm] [wipe-dm] [wipe-dm] [wipe-dm] [wipe-dm] [wipe-dm] [wipe-dm] [wipe-dm] [wipe-dm] [wipe-dm] [wipe-ch] [wipe-ch] [wipe-ch] [wipe-ch] [wipe-ch] [wipe-ch] [wipe-ch] [wipe-ch] [wipe-ch] [wipe-ch] [wipe-ch] [wipe-ch] [wipe-ch] [wipe-ch] [wipe-ch] [wipe-ch] [wipe-ch] [wipe-ch] [wipe-ch] [wipe-ch] [wipe-ch] [wipe-ch] [wipe-ch] [wipe-ch] [wipe-ch] [wipe-ch] [wipe-ch] [wipe-ch] [wipe-ch] [wipe-ch] [wipe-ch] [wipe-ch] [wipe-ch] [warn-inbox] [nv-open] [nv-clear] [flush] [delay:100] [mark-reset] [reset]
TRANSCRIPT factory:5 3e20666163746f727920726573657420e280942065726173696e6720616c6c204e562c207265626f6f74696e67e280a60d0a3e20666163746f72795f7265736574205741524e3a20696e626f7820657261736520696e636f6d706c65746520286d65737361676573206d61792072656d61696e206f6e20666c617368290d0a 3e207265626f6f74696e670d0a 0 0 129 33 [wipe-dm] [wipe-dm] [wipe-dm] [wipe-dm] [wipe-dm] [wipe-dm] [wipe-dm] [wipe-dm] [wipe-dm] [wipe-dm] [wipe-dm] [wipe-dm] [wipe-dm] [wipe-dm] [wipe-dm] [wipe-dm] [wipe-dm] [wipe-dm] [wipe-dm] [wipe-dm] [wipe-dm] [wipe-dm] [wipe-dm] [wipe-dm] [wipe-dm] [wipe-dm] [wipe-dm] [wipe-dm] [wipe-dm] [wipe-dm] [wipe-dm] [wipe-dm] [wipe-dm] [wipe-dm] [wipe-dm] [wipe-dm] [wipe-dm] [wipe-dm] [wipe-dm] [wipe-dm] [wipe-dm] [wipe-dm] [wipe-dm] [wipe-dm] [wipe-dm] [wipe-dm] [wipe-dm] [wipe-dm] [wipe-dm] [wipe-dm] [wipe-dm] [wipe-dm] [wipe-dm] [wipe-dm] [wipe-dm] [wipe-dm] [wipe-dm] [wipe-dm] [wipe-dm] [wipe-dm] [wipe-dm] [wipe-dm] [wipe-dm] [wipe-dm] [wipe-dm] [wipe-dm] [wipe-dm] [wipe-dm] [wipe-dm] [wipe-dm] [wipe-dm] [wipe-dm] [wipe-dm] [wipe-dm] [wipe-dm] [wipe-dm] [wipe-dm] [wipe-dm] [wipe-dm] [wipe-dm] [wipe-dm] [wipe-dm] [wipe-dm] [wipe-dm] [wipe-dm] [wipe-dm] [wipe-dm] [wipe-dm] [wipe-dm] [wipe-dm] [wipe-dm] [wipe-dm] [wipe-dm] [wipe-dm] [wipe-dm] [wipe-dm] [wipe-dm] [wipe-dm] [wipe-dm] [wipe-dm] [wipe-dm] [wipe-dm] [wipe-dm] [wipe-dm] [wipe-dm] [wipe-dm] [wipe-dm] [wipe-dm] [wipe-dm] [wipe-dm] [wipe-dm] [wipe-dm] [wipe-dm] [wipe-dm] [wipe-dm] [wipe-dm] [wipe-dm] [wipe-dm] [wipe-dm] [wipe-dm] [wipe-dm] [wipe-dm] [wipe-dm] [wipe-dm] [wipe-dm] [wipe-dm] [wipe-dm] [wipe-dm] [wipe-dm] [wipe-ch] [wipe-ch] [wipe-ch] [wipe-ch] [wipe-ch] [wipe-ch] [wipe-ch] [wipe-ch] [wipe-ch] [wipe-ch] [wipe-ch] [wipe-ch] [wipe-ch] [wipe-ch] [wipe-ch] [wipe-ch] [wipe-ch] [wipe-ch] [wipe-ch] [wipe-ch] [wipe-ch] [wipe-ch] [wipe-ch] [wipe-ch] [wipe-ch] [wipe-ch] [wipe-ch] [wipe-ch] [wipe-ch] [wipe-ch] [wipe-ch] [wipe-ch] [wipe-ch] [warn-inbox] [nv-open] [nv-clear] [flush] [delay:100] [mark-reset] [reset]
TRANSCRIPT factory:6 3e20666163746f727920726573657420e280942065726173696e6720616c6c204e562c207265626f6f74696e67e280a60d0a3e20666163746f72795f7265736574205741524e3a20696e626f7820657261736520696e636f6d706c65746520286d65737361676573206d61792072656d61696e206f6e20666c617368290d0a 3e207265626f6f74696e670d0a 0 0 129 33 [wipe-dm] [wipe-dm] [wipe-dm] [wipe-dm] [wipe-dm] [wipe-dm] [wipe-dm] [wipe-dm] [wipe-dm] [wipe-dm] [wipe-dm] [wipe-dm] [wipe-dm] [wipe-dm] [wipe-dm] [wipe-dm] [wipe-dm] [wipe-dm] [wipe-dm] [wipe-dm] [wipe-dm] [wipe-dm] [wipe-dm] [wipe-dm] [wipe-dm] [wipe-dm] [wipe-dm] [wipe-dm] [wipe-dm] [wipe-dm] [wipe-dm] [wipe-dm] [wipe-dm] [wipe-dm] [wipe-dm] [wipe-dm] [wipe-dm] [wipe-dm] [wipe-dm] [wipe-dm] [wipe-dm] [wipe-dm] [wipe-dm] [wipe-dm] [wipe-dm] [wipe-dm] [wipe-dm] [wipe-dm] [wipe-dm] [wipe-dm] [wipe-dm] [wipe-dm] [wipe-dm] [wipe-dm] [wipe-dm] [wipe-dm] [wipe-dm] [wipe-dm] [wipe-dm] [wipe-dm] [wipe-dm] [wipe-dm] [wipe-dm] [wipe-dm] [wipe-dm] [wipe-dm] [wipe-dm] [wipe-dm] [wipe-dm] [wipe-dm] [wipe-dm] [wipe-dm] [wipe-dm] [wipe-dm] [wipe-dm] [wipe-dm] [wipe-dm] [wipe-dm] [wipe-dm] [wipe-dm] [wipe-dm] [wipe-dm] [wipe-dm] [wipe-dm] [wipe-dm] [wipe-dm] [wipe-dm] [wipe-dm] [wipe-dm] [wipe-dm] [wipe-dm] [wipe-dm] [wipe-dm] [wipe-dm] [wipe-dm] [wipe-dm] [wipe-dm] [wipe-dm] [wipe-dm] [wipe-dm] [wipe-dm] [wipe-dm] [wipe-dm] [wipe-dm] [wipe-dm] [wipe-dm] [wipe-dm] [wipe-dm] [wipe-dm] [wipe-dm] [wipe-dm] [wipe-dm] [wipe-dm] [wipe-dm] [wipe-dm] [wipe-dm] [wipe-dm] [wipe-dm] [wipe-dm] [wipe-dm] [wipe-dm] [wipe-dm] [wipe-dm] [wipe-dm] [wipe-dm] [wipe-dm] [wipe-dm] [wipe-dm] [wipe-dm] [wipe-ch] [wipe-ch] [wipe-ch] [wipe-ch] [wipe-ch] [wipe-ch] [wipe-ch] [wipe-ch] [wipe-ch] [wipe-ch] [wipe-ch] [wipe-ch] [wipe-ch] [wipe-ch] [wipe-ch] [wipe-ch] [wipe-ch] [wipe-ch] [wipe-ch] [wipe-ch] [wipe-ch] [wipe-ch] [wipe-ch] [wipe-ch] [wipe-ch] [wipe-ch] [wipe-ch] [wipe-ch] [wipe-ch] [wipe-ch] [wipe-ch] [wipe-ch] [wipe-ch] [warn-inbox] [nv-open] [nv-clear] [flush] [delay:100] [mark-reset] [reset]
TRANSCRIPT factory:7 3e20666163746f727920726573657420e280942065726173696e6720616c6c204e562c207265626f6f74696e67e280a60d0a 3e207265626f6f74696e670d0a 0 0 129 33 [wipe-dm] [wipe-dm] [wipe-dm] [wipe-dm] [wipe-dm] [wipe-dm] [wipe-dm] [wipe-dm] [wipe-dm] [wipe-dm] [wipe-dm] [wipe-dm] [wipe-dm] [wipe-dm] [wipe-dm] [wipe-dm] [wipe-dm] [wipe-dm] [wipe-dm] [wipe-dm] [wipe-dm] [wipe-dm] [wipe-dm] [wipe-dm] [wipe-dm] [wipe-dm] [wipe-dm] [wipe-dm] [wipe-dm] [wipe-dm] [wipe-dm] [wipe-dm] [wipe-dm] [wipe-dm] [wipe-dm] [wipe-dm] [wipe-dm] [wipe-dm] [wipe-dm] [wipe-dm] [wipe-dm] [wipe-dm] [wipe-dm] [wipe-dm] [wipe-dm] [wipe-dm] [wipe-dm] [wipe-dm] [wipe-dm] [wipe-dm] [wipe-dm] [wipe-dm] [wipe-dm] [wipe-dm] [wipe-dm] [wipe-dm] [wipe-dm] [wipe-dm] [wipe-dm] [wipe-dm] [wipe-dm] [wipe-dm] [wipe-dm] [wipe-dm] [wipe-dm] [wipe-dm] [wipe-dm] [wipe-dm] [wipe-dm] [wipe-dm] [wipe-dm] [wipe-dm] [wipe-dm] [wipe-dm] [wipe-dm] [wipe-dm] [wipe-dm] [wipe-dm] [wipe-dm] [wipe-dm] [wipe-dm] [wipe-dm] [wipe-dm] [wipe-dm] [wipe-dm] [wipe-dm] [wipe-dm] [wipe-dm] [wipe-dm] [wipe-dm] [wipe-dm] [wipe-dm] [wipe-dm] [wipe-dm] [wipe-dm] [wipe-dm] [wipe-dm] [wipe-dm] [wipe-dm] [wipe-dm] [wipe-dm] [wipe-dm] [wipe-dm] [wipe-dm] [wipe-dm] [wipe-dm] [wipe-dm] [wipe-dm] [wipe-dm] [wipe-dm] [wipe-dm] [wipe-dm] [wipe-dm] [wipe-dm] [wipe-dm] [wipe-dm] [wipe-dm] [wipe-dm] [wipe-dm] [wipe-dm] [wipe-dm] [wipe-dm] [wipe-dm] [wipe-dm] [wipe-dm] [wipe-dm] [wipe-dm] [wipe-dm] [wipe-dm] [wipe-ch] [wipe-ch] [wipe-ch] [wipe-ch] [wipe-ch] [wipe-ch] [wipe-ch] [wipe-ch] [wipe-ch] [wipe-ch] [wipe-ch] [wipe-ch] [wipe-ch] [wipe-ch] [wipe-ch] [wipe-ch] [wipe-ch] [wipe-ch] [wipe-ch] [wipe-ch] [wipe-ch] [wipe-ch] [wipe-ch] [wipe-ch] [wipe-ch] [wipe-ch] [wipe-ch] [wipe-ch] [wipe-ch] [wipe-ch] [wipe-ch] [wipe-ch] [wipe-ch] [nv-open] [nv-clear] [flush] [delay:100] [mark-reset] [reset]
TRANSCRIPT sleep 3e20736c656570206f6e20e28094206c696768742d736c656570696e67207768656e2069646c653b207265636f6e6e65637420746f2077616b652074686520636f6e736f6c6520287374696c6c2077616b6573206f6e205258290d0a  0 1 0 0
TRANSCRIPT sleep on 3e20736c656570206f6e20e28094206c696768742d736c656570696e67207768656e2069646c653b207265636f6e6e65637420746f2077616b652074686520636f6e736f6c6520287374696c6c2077616b6573206f6e205258290d0a  0 1 0 0
TRANSCRIPT sleep off 3e20736c656570206f666620e280942073746179696e67206177616b65207768696c65206120686f737420697320636f6e6e65637465640d0a  0 0 0 0
TRANSCRIPT sleep off... 3e20736c656570206f666620e280942073746179696e67206177616b65207768696c65206120686f737420697320636f6e6e65637465640d0a  0 0 0 0
TRANSCRIPT sleep OFF 3e20736c656570206f6e20e28094206c696768742d736c656570696e67207768656e2069646c653b207265636f6e6e65637420746f2077616b652074686520636f6e736f6c6520287374696c6c2077616b6573206f6e205258290d0a  0 1 0 0
TRANSCRIPT sleep of 3e20736c656570206f6e20e28094206c696768742d736c656570696e67207768656e2069646c653b207265636f6e6e65637420746f2077616b652074686520636f6e736f6c6520287374696c6c2077616b6573206f6e205258290d0a  0 1 0 0
TRANSCRIPT sleep other 3e20736c656570206f6e20e28094206c696768742d736c656570696e67207768656e2069646c653b207265636f6e6e65637420746f2077616b652074686520636f6e736f6c6520287374696c6c2077616b6573206f6e205258290d0a  0 1 0 0
TRANSCRIPT sleep   off 3e20736c656570206f666620e280942073746179696e67206177616b65207768696c65206120686f737420697320636f6e6e65637465640d0a  0 0 0 0
TRANSCRIPT prep:0 3e20707265702d72657374617274205741524e3a20696e626f7820657261736520696e636f6d706c65746520286d65737361676573206d61792072656d61696e206f6e20666c617368290d0a3e20707265702d7265737461727420e2809420726f7574657320636c65617265642c206e6574776f726b206d656d62657273686970204b4550542c206e6f64652048414c5445442e20506f7765722d6379636c652074686520666c65657420746f207265737461727420636c65616e2e0d0a  1 0 129 33 [clear-learned] [wipe-dm] [wipe-dm] [wipe-dm] [wipe-dm] [wipe-dm] [wipe-dm] [wipe-dm] [wipe-dm] [wipe-dm] [wipe-dm] [wipe-dm] [wipe-dm] [wipe-dm] [wipe-dm] [wipe-dm] [wipe-dm] [wipe-dm] [wipe-dm] [wipe-dm] [wipe-dm] [wipe-dm] [wipe-dm] [wipe-dm] [wipe-dm] [wipe-dm] [wipe-dm] [wipe-dm] [wipe-dm] [wipe-dm] [wipe-dm] [wipe-dm] [wipe-dm] [wipe-dm] [wipe-dm] [wipe-dm] [wipe-dm] [wipe-dm] [wipe-dm] [wipe-dm] [wipe-dm] [wipe-dm] [wipe-dm] [wipe-dm] [wipe-dm] [wipe-dm] [wipe-dm] [wipe-dm] [wipe-dm] [wipe-dm] [wipe-dm] [wipe-dm] [wipe-dm] [wipe-dm] [wipe-dm] [wipe-dm] [wipe-dm] [wipe-dm] [wipe-dm] [wipe-dm] [wipe-dm] [wipe-dm] [wipe-dm] [wipe-dm] [wipe-dm] [wipe-dm] [wipe-dm] [wipe-dm] [wipe-dm] [wipe-dm] [wipe-dm] [wipe-dm] [wipe-dm] [wipe-dm] [wipe-dm] [wipe-dm] [wipe-dm] [wipe-dm] [wipe-dm] [wipe-dm] [wipe-dm] [wipe-dm] [wipe-dm] [wipe-dm] [wipe-dm] [wipe-dm] [wipe-dm] [wipe-dm] [wipe-dm] [wipe-dm] [wipe-dm] [wipe-dm] [wipe-dm] [wipe-dm] [wipe-dm] [wipe-dm] [wipe-dm] [wipe-dm] [wipe-dm] [wipe-dm] [wipe-dm] [wipe-dm] [wipe-dm] [wipe-dm] [wipe-dm] [wipe-dm] [wipe-dm] [wipe-dm] [wipe-dm] [wipe-dm] [wipe-dm] [wipe-dm] [wipe-dm] [wipe-dm] [wipe-dm] [wipe-dm] [wipe-dm] [wipe-dm] [wipe-dm] [wipe-dm] [wipe-dm] [wipe-dm] [wipe-dm] [wipe-dm] [wipe-dm] [wipe-dm] [wipe-dm] [wipe-dm] [wipe-dm] [wipe-dm] [wipe-ch] [wipe-ch] [wipe-ch] [wipe-ch] [wipe-ch] [wipe-ch] [wipe-ch] [wipe-ch] [wipe-ch] [wipe-ch] [wipe-ch] [wipe-ch] [wipe-ch] [wipe-ch] [wipe-ch] [wipe-ch] [wipe-ch] [wipe-ch] [wipe-ch] [wipe-ch] [wipe-ch] [wipe-ch] [wipe-ch] [wipe-ch] [wipe-ch] [wipe-ch] [wipe-ch] [wipe-ch] [wipe-ch] [wipe-ch] [wipe-ch] [wipe-ch] [wipe-ch] [warn-inbox]
TRANSCRIPT prep:1 3e20707265702d72657374617274205741524e3a20696e626f7820657261736520696e636f6d706c65746520286d65737361676573206d61792072656d61696e206f6e20666c617368290d0a3e20707265702d7265737461727420e2809420726f7574657320636c65617265642c206e6574776f726b206d656d62657273686970204b4550542c206e6f64652048414c5445442e20506f7765722d6379636c652074686520666c65657420746f207265737461727420636c65616e2e0d0a  1 0 129 33 [clear-learned] [wipe-dm] [wipe-dm] [wipe-dm] [wipe-dm] [wipe-dm] [wipe-dm] [wipe-dm] [wipe-dm] [wipe-dm] [wipe-dm] [wipe-dm] [wipe-dm] [wipe-dm] [wipe-dm] [wipe-dm] [wipe-dm] [wipe-dm] [wipe-dm] [wipe-dm] [wipe-dm] [wipe-dm] [wipe-dm] [wipe-dm] [wipe-dm] [wipe-dm] [wipe-dm] [wipe-dm] [wipe-dm] [wipe-dm] [wipe-dm] [wipe-dm] [wipe-dm] [wipe-dm] [wipe-dm] [wipe-dm] [wipe-dm] [wipe-dm] [wipe-dm] [wipe-dm] [wipe-dm] [wipe-dm] [wipe-dm] [wipe-dm] [wipe-dm] [wipe-dm] [wipe-dm] [wipe-dm] [wipe-dm] [wipe-dm] [wipe-dm] [wipe-dm] [wipe-dm] [wipe-dm] [wipe-dm] [wipe-dm] [wipe-dm] [wipe-dm] [wipe-dm] [wipe-dm] [wipe-dm] [wipe-dm] [wipe-dm] [wipe-dm] [wipe-dm] [wipe-dm] [wipe-dm] [wipe-dm] [wipe-dm] [wipe-dm] [wipe-dm] [wipe-dm] [wipe-dm] [wipe-dm] [wipe-dm] [wipe-dm] [wipe-dm] [wipe-dm] [wipe-dm] [wipe-dm] [wipe-dm] [wipe-dm] [wipe-dm] [wipe-dm] [wipe-dm] [wipe-dm] [wipe-dm] [wipe-dm] [wipe-dm] [wipe-dm] [wipe-dm] [wipe-dm] [wipe-dm] [wipe-dm] [wipe-dm] [wipe-dm] [wipe-dm] [wipe-dm] [wipe-dm] [wipe-dm] [wipe-dm] [wipe-dm] [wipe-dm] [wipe-dm] [wipe-dm] [wipe-dm] [wipe-dm] [wipe-dm] [wipe-dm] [wipe-dm] [wipe-dm] [wipe-dm] [wipe-dm] [wipe-dm] [wipe-dm] [wipe-dm] [wipe-dm] [wipe-dm] [wipe-dm] [wipe-dm] [wipe-dm] [wipe-dm] [wipe-dm] [wipe-dm] [wipe-dm] [wipe-dm] [wipe-dm] [wipe-dm] [wipe-dm] [wipe-dm] [wipe-ch] [wipe-ch] [wipe-ch] [wipe-ch] [wipe-ch] [wipe-ch] [wipe-ch] [wipe-ch] [wipe-ch] [wipe-ch] [wipe-ch] [wipe-ch] [wipe-ch] [wipe-ch] [wipe-ch] [wipe-ch] [wipe-ch] [wipe-ch] [wipe-ch] [wipe-ch] [wipe-ch] [wipe-ch] [wipe-ch] [wipe-ch] [wipe-ch] [wipe-ch] [wipe-ch] [wipe-ch] [wipe-ch] [wipe-ch] [wipe-ch] [wipe-ch] [wipe-ch] [warn-inbox]
TRANSCRIPT prep:2 3e20707265702d72657374617274205741524e3a20696e626f7820657261736520696e636f6d706c65746520286d65737361676573206d61792072656d61696e206f6e20666c617368290d0a3e20707265702d7265737461727420e2809420726f7574657320636c65617265642c206e6574776f726b206d656d62657273686970204b4550542c206e6f64652048414c5445442e20506f7765722d6379636c652074686520666c65657420746f207265737461727420636c65616e2e0d0a  1 0 129 33 [clear-learned] [wipe-dm] [wipe-dm] [wipe-dm] [wipe-dm] [wipe-dm] [wipe-dm] [wipe-dm] [wipe-dm] [wipe-dm] [wipe-dm] [wipe-dm] [wipe-dm] [wipe-dm] [wipe-dm] [wipe-dm] [wipe-dm] [wipe-dm] [wipe-dm] [wipe-dm] [wipe-dm] [wipe-dm] [wipe-dm] [wipe-dm] [wipe-dm] [wipe-dm] [wipe-dm] [wipe-dm] [wipe-dm] [wipe-dm] [wipe-dm] [wipe-dm] [wipe-dm] [wipe-dm] [wipe-dm] [wipe-dm] [wipe-dm] [wipe-dm] [wipe-dm] [wipe-dm] [wipe-dm] [wipe-dm] [wipe-dm] [wipe-dm] [wipe-dm] [wipe-dm] [wipe-dm] [wipe-dm] [wipe-dm] [wipe-dm] [wipe-dm] [wipe-dm] [wipe-dm] [wipe-dm] [wipe-dm] [wipe-dm] [wipe-dm] [wipe-dm] [wipe-dm] [wipe-dm] [wipe-dm] [wipe-dm] [wipe-dm] [wipe-dm] [wipe-dm] [wipe-dm] [wipe-dm] [wipe-dm] [wipe-dm] [wipe-dm] [wipe-dm] [wipe-dm] [wipe-dm] [wipe-dm] [wipe-dm] [wipe-dm] [wipe-dm] [wipe-dm] [wipe-dm] [wipe-dm] [wipe-dm] [wipe-dm] [wipe-dm] [wipe-dm] [wipe-dm] [wipe-dm] [wipe-dm] [wipe-dm] [wipe-dm] [wipe-dm] [wipe-dm] [wipe-dm] [wipe-dm] [wipe-dm] [wipe-dm] [wipe-dm] [wipe-dm] [wipe-dm] [wipe-dm] [wipe-dm] [wipe-dm] [wipe-dm] [wipe-dm] [wipe-dm] [wipe-dm] [wipe-dm] [wipe-dm] [wipe-dm] [wipe-dm] [wipe-dm] [wipe-dm] [wipe-dm] [wipe-dm] [wipe-dm] [wipe-dm] [wipe-dm] [wipe-dm] [wipe-dm] [wipe-dm] [wipe-dm] [wipe-dm] [wipe-dm] [wipe-dm] [wipe-dm] [wipe-dm] [wipe-dm] [wipe-dm] [wipe-dm] [wipe-dm] [wipe-dm] [wipe-ch] [wipe-ch] [wipe-ch] [wipe-ch] [wipe-ch] [wipe-ch] [wipe-ch] [wipe-ch] [wipe-ch] [wipe-ch] [wipe-ch] [wipe-ch] [wipe-ch] [wipe-ch] [wipe-ch] [wipe-ch] [wipe-ch] [wipe-ch] [wipe-ch] [wipe-ch] [wipe-ch] [wipe-ch] [wipe-ch] [wipe-ch] [wipe-ch] [wipe-ch] [wipe-ch] [wipe-ch] [wipe-ch] [wipe-ch] [wipe-ch] [wipe-ch] [wipe-ch] [warn-inbox]
TRANSCRIPT prep:3 3e20707265702d7265737461727420e2809420726f75746573202b20696e626f7820636c65617265642c206e6574776f726b206d656d62657273686970204b4550542c206e6f64652048414c5445442e20506f7765722d6379636c652074686520666c65657420746f207265737461727420636c65616e2e0d0a  1 0 129 33 [clear-learned] [wipe-dm] [wipe-dm] [wipe-dm] [wipe-dm] [wipe-dm] [wipe-dm] [wipe-dm] [wipe-dm] [wipe-dm] [wipe-dm] [wipe-dm] [wipe-dm] [wipe-dm] [wipe-dm] [wipe-dm] [wipe-dm] [wipe-dm] [wipe-dm] [wipe-dm] [wipe-dm] [wipe-dm] [wipe-dm] [wipe-dm] [wipe-dm] [wipe-dm] [wipe-dm] [wipe-dm] [wipe-dm] [wipe-dm] [wipe-dm] [wipe-dm] [wipe-dm] [wipe-dm] [wipe-dm] [wipe-dm] [wipe-dm] [wipe-dm] [wipe-dm] [wipe-dm] [wipe-dm] [wipe-dm] [wipe-dm] [wipe-dm] [wipe-dm] [wipe-dm] [wipe-dm] [wipe-dm] [wipe-dm] [wipe-dm] [wipe-dm] [wipe-dm] [wipe-dm] [wipe-dm] [wipe-dm] [wipe-dm] [wipe-dm] [wipe-dm] [wipe-dm] [wipe-dm] [wipe-dm] [wipe-dm] [wipe-dm] [wipe-dm] [wipe-dm] [wipe-dm] [wipe-dm] [wipe-dm] [wipe-dm] [wipe-dm] [wipe-dm] [wipe-dm] [wipe-dm] [wipe-dm] [wipe-dm] [wipe-dm] [wipe-dm] [wipe-dm] [wipe-dm] [wipe-dm] [wipe-dm] [wipe-dm] [wipe-dm] [wipe-dm] [wipe-dm] [wipe-dm] [wipe-dm] [wipe-dm] [wipe-dm] [wipe-dm] [wipe-dm] [wipe-dm] [wipe-dm] [wipe-dm] [wipe-dm] [wipe-dm] [wipe-dm] [wipe-dm] [wipe-dm] [wipe-dm] [wipe-dm] [wipe-dm] [wipe-dm] [wipe-dm] [wipe-dm] [wipe-dm] [wipe-dm] [wipe-dm] [wipe-dm] [wipe-dm] [wipe-dm] [wipe-dm] [wipe-dm] [wipe-dm] [wipe-dm] [wipe-dm] [wipe-dm] [wipe-dm] [wipe-dm] [wipe-dm] [wipe-dm] [wipe-dm] [wipe-dm] [wipe-dm] [wipe-dm] [wipe-dm] [wipe-dm] [wipe-dm] [wipe-dm] [wipe-dm] [wipe-ch] [wipe-ch] [wipe-ch] [wipe-ch] [wipe-ch] [wipe-ch] [wipe-ch] [wipe-ch] [wipe-ch] [wipe-ch] [wipe-ch] [wipe-ch] [wipe-ch] [wipe-ch] [wipe-ch] [wipe-ch] [wipe-ch] [wipe-ch] [wipe-ch] [wipe-ch] [wipe-ch] [wipe-ch] [wipe-ch] [wipe-ch] [wipe-ch] [wipe-ch] [wipe-ch] [wipe-ch] [wipe-ch] [wipe-ch] [wipe-ch] [wipe-ch] [wipe-ch]
TRANSCRIPT reboot  3e207265626f6f74696e670d0a 0 0 0 0 [flush] [delay:100] [mark-reset] [reset]
TRANSCRIPT prep-restart 3e20707265702d7265737461727420e2809420726f75746573202b20696e626f7820636c65617265642c206e6574776f726b206d656d62657273686970204b4550542c206e6f64652048414c5445442e20506f7765722d6379636c652074686520666c65657420746f207265737461727420636c65616e2e0d0a  1 0 129 33 [clear-learned] [wipe-dm] [wipe-dm] [wipe-dm] [wipe-dm] [wipe-dm] [wipe-dm] [wipe-dm] [wipe-dm] [wipe-dm] [wipe-dm] [wipe-dm] [wipe-dm] [wipe-dm] [wipe-dm] [wipe-dm] [wipe-dm] [wipe-dm] [wipe-dm] [wipe-dm] [wipe-dm] [wipe-dm] [wipe-dm] [wipe-dm] [wipe-dm] [wipe-dm] [wipe-dm] [wipe-dm] [wipe-dm] [wipe-dm] [wipe-dm] [wipe-dm] [wipe-dm] [wipe-dm] [wipe-dm] [wipe-dm] [wipe-dm] [wipe-dm] [wipe-dm] [wipe-dm] [wipe-dm] [wipe-dm] [wipe-dm] [wipe-dm] [wipe-dm] [wipe-dm] [wipe-dm] [wipe-dm] [wipe-dm] [wipe-dm] [wipe-dm] [wipe-dm] [wipe-dm] [wipe-dm] [wipe-dm] [wipe-dm] [wipe-dm] [wipe-dm] [wipe-dm] [wipe-dm] [wipe-dm] [wipe-dm] [wipe-dm] [wipe-dm] [wipe-dm] [wipe-dm] [wipe-dm] [wipe-dm] [wipe-dm] [wipe-dm] [wipe-dm] [wipe-dm] [wipe-dm] [wipe-dm] [wipe-dm] [wipe-dm] [wipe-dm] [wipe-dm] [wipe-dm] [wipe-dm] [wipe-dm] [wipe-dm] [wipe-dm] [wipe-dm] [wipe-dm] [wipe-dm] [wipe-dm] [wipe-dm] [wipe-dm] [wipe-dm] [wipe-dm] [wipe-dm] [wipe-dm] [wipe-dm] [wipe-dm] [wipe-dm] [wipe-dm] [wipe-dm] [wipe-dm] [wipe-dm] [wipe-dm] [wipe-dm] [wipe-dm] [wipe-dm] [wipe-dm] [wipe-dm] [wipe-dm] [wipe-dm] [wipe-dm] [wipe-dm] [wipe-dm] [wipe-dm] [wipe-dm] [wipe-dm] [wipe-dm] [wipe-dm] [wipe-dm] [wipe-dm] [wipe-dm] [wipe-dm] [wipe-dm] [wipe-dm] [wipe-dm] [wipe-dm] [wipe-dm] [wipe-dm] [wipe-dm] [wipe-dm] [wipe-dm] [wipe-dm] [wipe-ch] [wipe-ch] [wipe-ch] [wipe-ch] [wipe-ch] [wipe-ch] [wipe-ch] [wipe-ch] [wipe-ch] [wipe-ch] [wipe-ch] [wipe-ch] [wipe-ch] [wipe-ch] [wipe-ch] [wipe-ch] [wipe-ch] [wipe-ch] [wipe-ch] [wipe-ch] [wipe-ch] [wipe-ch] [wipe-ch] [wipe-ch] [wipe-ch] [wipe-ch] [wipe-ch] [wipe-ch] [wipe-ch] [wipe-ch] [wipe-ch] [wipe-ch] [wipe-ch]
TRANSCRIPT ota  4f54413a20536f6674415020274d657368526f7574652d4f5441272049503d3139322e302e322e310d0a4f54413a2062726f77736520746f207468652049502061626f76652c2075706c6f6164206669726d776172652e62696e0d0a3e204f54413a2062726f77736520746f207468652049502061626f76652c2075706c6f6164206669726d776172652e62696e20e28094206e6f6465207265626f6f7473206f6e20737563636573730d0a 0 0 0 0 [softap-start] [http:/] [http:/update] [server-start]
TRANSCRIPT crashtest fault 3e20637261736874657374206661756c7420e2809420666f7263696e6720612063726173680d0a  0 0 0 0 [flush] [fault]
TRANSCRIPT crashtest fault-extra 3e20637261736874657374206661756c7420e2809420666f7263696e6720612063726173680d0a  0 0 0 0 [flush] [fault]
TRANSCRIPT crashtest reboot 3e20637261736874657374207265626f6f7420e28094204e5649435f53797374656d5265736574202853524551290d0a 3e207265626f6f74696e670d0a 0 0 0 0 [flush] [flush] [delay:100] [mark-reset] [reset]
TRANSCRIPT crashtest reboo 3e20637261736874657374206572722075736167653a20637261736874657374203c68616e677c6661756c747c7265626f6f743e0d0a  0 0 0 0
TRANSCRIPT crashtest bogus 3e20637261736874657374206572722075736167653a20637261736874657374203c68616e677c6661756c747c7265626f6f743e0d0a  0 0 0 0
TRANSCRIPT debug-off:crashtest fault 3e20637261736874657374206572722028656e61626c6520606465627567206f6e6020666972737420e2809420676174656420746f2061766f696420616e206163636964656e74616c206372617368290d0a  0 0 0 0
TRANSCRIPT debug-off:crashtest hang 3e20637261736874657374206572722028656e61626c6520606465627567206f6e6020666972737420e2809420676174656420746f2061766f696420616e206163636964656e74616c206372617368290d0a  0 0 0 0
TRANSCRIPT debug-off:crashtest bogus 3e20637261736874657374206572722028656e61626c6520606465627567206f6e6020666972737420e2809420676174656420746f2061766f696420616e206163636964656e74616c206372617368290d0a  0 0 0 0
TRANSCRIPT ota:active  4f54413a2073746f707065640d0a3e204f54413a2073746f707065640d0a 0 0 0 0 [server-stop] [softap-stop]
TRANSCRIPT ota:start-fail  4f54413a20536f66744150207374617274204641494c45440d0a3e204f54413a207374617274204641494c45440d0a 0 0 0 0 [softap-start]
TRANSCRIPT reboot:nonreturning 3e20637261736874657374207265626f6f7420e28094204e5649435f53797374656d5265736574202853524551290d0a 3e207265626f6f74696e670d0a 0 0 0 0 [flush] [flush] [delay:100] [mark-reset] [reset]
TRANSCRIPT hang:watchdog 3e206372617368746573742068616e6720e28094207370696e6e696e673b20746865207761746368646f672073686f756c6420726573657420696e207e3820730d0a  0 0 0 0 [flush]
ACTION CHECKS 158 FAILED 0
  ok   R7-A1 fake radio initialized through real device adapter
  ok   R7-A2 real Node initializes
  ok   R7-A3 administration identity seeded through typed writer
  ok   R7-A4 ACL seeded through typed writer
  ok   R7-A5 real boot binding installed session
  ok   R7-A7 controller ECDH
  ok   R7-A8 ordered base KDF
  ok   R7-A9 session KDF
  ok   R7-A10 controller encodes request with its real security domain
  ok   R7-A11 real DATA packer
  ok   R7-A6 HAL queue really drained to fake radio
  ok   R7-A6 HAL queue really drained to fake radio
  ok   R7-A6 HAL queue really drained to fake radio
  ok   R7-A28 authenticated flight actually admits reboot
  ok   R7-A12 main-loop completion releases ingress
  ok   R7-A7 controller ECDH
  ok   R7-A8 ordered base KDF
  ok   R7-A9 session KDF
  ok   R7-A6 HAL queue really drained to fake radio
  ok   R7-A6 HAL queue really drained to fake radio
  ok   R7-A29 actual response RTS precedes controller CTS
  ok   R7-A6 HAL queue really drained to fake radio
  ok   R7-A6 HAL queue really drained to fake radio
  ok   R7-A30 actual DATA hop ACK finishes the response flight
  ok   R7-A13 response has valid real carrier
  ok   R7-A14 air source is target identity
  ok   R7-A15 controller decodes sealed frame
  ok   R7-A16 request and sequence match
  ok   R7-A17 typed terminal matches 1
  ok   R7-A18 exactly one mandatory terminal aired
  ok   R7-A21 only scheduled scalar metadata may reach the local console
  ok   R7-A7 controller ECDH
  ok   R7-A8 ordered base KDF
  ok   R7-A9 session KDF
  ok   R7-A10 controller encodes request with its real security domain
  ok   R7-A11 real DATA packer
  ok   R7-A6 HAL queue really drained to fake radio
  ok   R7-A6 HAL queue really drained to fake radio
  ok   R7-A6 HAL queue really drained to fake radio
  ok   R7-A22 response ACK releases transcript, retains tombstone, and consumes no ingress/reply
  ok   R7-A1 fake radio initialized through real device adapter
  ok   R7-A2 real Node initializes
  ok   R7-A3 administration identity seeded through typed writer
  ok   R7-A4 ACL seeded through typed writer
  ok   R7-A5 real boot binding installed session
  ok   R7-A7 controller ECDH
  ok   R7-A8 ordered base KDF
  ok   R7-A9 session KDF
  ok   R7-A10 controller encodes request with its real security domain
  ok   R7-A11 real DATA packer
  ok   R7-A6 HAL queue really drained to fake radio
  ok   R7-A6 HAL queue really drained to fake radio
  ok   R7-A6 HAL queue really drained to fake radio
  ok   R7-A28 authenticated flight actually admits prep-restart
  ok   R7-A12 main-loop completion releases ingress
  ok   R7-A7 controller ECDH
  ok   R7-A8 ordered base KDF
  ok   R7-A9 session KDF
  ok   R7-A6 HAL queue really drained to fake radio
  ok   R7-A6 HAL queue really drained to fake radio
  ok   R7-A29 actual response RTS precedes controller CTS
  ok   R7-A6 HAL queue really drained to fake radio
  ok   R7-A6 HAL queue really drained to fake radio
  ok   R7-A30 actual DATA hop ACK finishes the response flight
  ok   R7-A13 response has valid real carrier
  ok   R7-A14 air source is target identity
  ok   R7-A15 controller decodes sealed frame
  ok   R7-A16 request and sequence match
  ok   R7-A17 typed terminal matches 1
  ok   R7-A18 exactly one mandatory terminal aired
  ok   R7-A21 only scheduled scalar metadata may reach the local console
  ok   R7-A7 controller ECDH
  ok   R7-A8 ordered base KDF
  ok   R7-A9 session KDF
  ok   R7-A10 controller encodes request with its real security domain
  ok   R7-A11 real DATA packer
  ok   R7-A6 HAL queue really drained to fake radio
  ok   R7-A6 HAL queue really drained to fake radio
  ok   R7-A6 HAL queue really drained to fake radio
  ok   R7-A22 response ACK releases transcript, retains tombstone, and consumes no ingress/reply
  ok   R7-A1 fake radio initialized through real device adapter
  ok   R7-A2 real Node initializes
  ok   R7-A3 administration identity seeded through typed writer
  ok   R7-A4 ACL seeded through typed writer
  ok   R7-A5 real boot binding installed session
  ok   R7-A7 controller ECDH
  ok   R7-A8 ordered base KDF
  ok   R7-A9 session KDF
  ok   R7-A10 controller encodes request with its real security domain
  ok   R7-A11 real DATA packer
  ok   R7-A6 HAL queue really drained to fake radio
  ok   R7-A6 HAL queue really drained to fake radio
  ok   R7-A6 HAL queue really drained to fake radio
  ok   R7-A28 authenticated flight actually admits ota
  ok   R7-A12 main-loop completion releases ingress
  ok   R7-A7 controller ECDH
  ok   R7-A8 ordered base KDF
  ok   R7-A9 session KDF
  ok   R7-A6 HAL queue really drained to fake radio
  ok   R7-A6 HAL queue really drained to fake radio
  ok   R7-A29 actual response RTS precedes controller CTS
  ok   R7-A6 HAL queue really drained to fake radio
  ok   R7-A6 HAL queue really drained to fake radio
  ok   R7-A30 actual DATA hop ACK finishes the response flight
  ok   R7-A13 response has valid real carrier
  ok   R7-A14 air source is target identity
  ok   R7-A15 controller decodes sealed frame
  ok   R7-A16 request and sequence match
  FAIL R7-A17 typed terminal matches 1
  ok   R7-A18 exactly one mandatory terminal aired
  FAIL R7-A21 only scheduled scalar metadata may reach the local console
  ok   R7-A7 controller ECDH
  ok   R7-A8 ordered base KDF
  ok   R7-A9 session KDF
  ok   R7-A10 controller encodes request with its real security domain
  ok   R7-A11 real DATA packer
  ok   R7-A6 HAL queue really drained to fake radio
  ok   R7-A6 HAL queue really drained to fake radio
  ok   R7-A6 HAL queue really drained to fake radio
  ok   R7-A22 response ACK releases transcript, retains tombstone, and consumes no ingress/reply
  FAIL remote action 35: actions.empty()
  FAIL remote action 36: !g_halted && !g_force_sleep && !mrota::s_active
  FAIL remote action 37: state.action.phase==RemoteActionPhase::due
  FAIL remote action 38: state.action.trigger==RemoteActionTrigger::ack
  FAIL remote action 39: state.action.kind==static_cast<uint8_t>(row.kind)
  FAIL remote action 40: state.action.activation_ms==299999
  FAIL remote action 41: state.action.request_id==f.rid && state.action.controller_slot==1
  FAIL remote action 43: text==(row.kind==ActionKind::ota?(ACTION_BACKEND==2?"> ota backend=wifi\n":"> ota backend=ble-dfu\n"):"")
  FAIL remote action 46: state.last_activation_kind==static_cast<uint8_t>(row.kind)
NONSCALAR: OTA: SoftAP 'MeshRoute-OTA' IP=192.0.2.1
OTA: browse to the IP above, upload firmware.bin
> OTA: browse to the IP above, upload firmware.bin — node reboots on success

  FAIL remote action 47: scalar_console_only()
  FAIL remote action 48: std::string(Serial.out).find(" trigger=ack")!=std::string::npos
  ok   R7-A1 fake radio initialized through real device adapter
  ok   R7-A2 real Node initializes
  ok   R7-A3 administration identity seeded through typed writer
  ok   R7-A4 ACL seeded through typed writer
  ok   R7-A5 real boot binding installed session
  ok   R7-A7 controller ECDH
  ok   R7-A8 ordered base KDF
  ok   R7-A9 session KDF
  ok   R7-A10 controller encodes request with its real security domain
  ok   R7-A11 real DATA packer
  ok   R7-A6 HAL queue really drained to fake radio
  ok   R7-A6 HAL queue really drained to fake radio
  ok   R7-A6 HAL queue really drained to fake radio
  ok   R7-A28 authenticated flight actually admits factory_reset confirm
  ok   R7-A12 main-loop completion releases ingress
  ok   R7-A7 controller ECDH
  ok   R7-A8 ordered base KDF
  ok   R7-A9 session KDF
  ok   R7-A6 HAL queue really drained to fake radio
  ok   R7-A6 HAL queue really drained to fake radio
  ok   R7-A29 actual response RTS precedes controller CTS
  ok   R7-A6 HAL queue really drained to fake radio
  ok   R7-A6 HAL queue really drained to fake radio
  ok   R7-A30 actual DATA hop ACK finishes the response flight
  ok   R7-A13 response has valid real carrier
  ok   R7-A14 air source is target identity
  ok   R7-A15 controller decodes sealed frame
  ok   R7-A16 request and sequence match
  ok   R7-A17 typed terminal matches 1
  ok   R7-A18 exactly one mandatory terminal aired
  ok   R7-A21 only scheduled scalar metadata may reach the local console
  ok   R7-A7 controller ECDH
  ok   R7-A8 ordered base KDF
  ok   R7-A9 session KDF
  ok   R7-A10 controller encodes request with its real security domain
  ok   R7-A11 real DATA packer
  ok   R7-A6 HAL queue really drained to fake radio
  ok   R7-A6 HAL queue really drained to fake radio
  ok   R7-A6 HAL queue really drained to fake radio
  ok   R7-A22 response ACK releases transcript, retains tombstone, and consumes no ingress/reply
  ok   R7-A1 fake radio initialized through real device adapter
  ok   R7-A2 real Node initializes
  ok   R7-A3 administration identity seeded through typed writer
  ok   R7-A4 ACL seeded through typed writer
  ok   R7-A5 real boot binding installed session
  ok   R7-A7 controller ECDH
  ok   R7-A8 ordered base KDF
  ok   R7-A9 session KDF
  ok   R7-A10 controller encodes request with its real security domain
  ok   R7-A11 real DATA packer
  ok   R7-A6 HAL queue really drained to fake radio
  ok   R7-A6 HAL queue really drained to fake radio
  ok   R7-A6 HAL queue really drained to fake radio
  ok   R7-A28 authenticated flight actually admits sleep
  ok   R7-A12 main-loop completion releases ingress
  ok   R7-A7 controller ECDH
  ok   R7-A8 ordered base KDF
  ok   R7-A9 session KDF
  ok   R7-A6 HAL queue really drained to fake radio
  ok   R7-A6 HAL queue really drained to fake radio
  ok   R7-A29 actual response RTS precedes controller CTS
  ok   R7-A6 HAL queue really drained to fake radio
  ok   R7-A6 HAL queue really drained to fake radio
  ok   R7-A30 actual DATA hop ACK finishes the response flight
  ok   R7-A13 response has valid real carrier
  ok   R7-A14 air source is target identity
  ok   R7-A15 controller decodes sealed frame
  ok   R7-A16 request and sequence match
  ok   R7-A17 typed terminal matches 1
  ok   R7-A18 exactly one mandatory terminal aired
  ok   R7-A21 only scheduled scalar metadata may reach the local console
  ok   R7-A7 controller ECDH
  ok   R7-A8 ordered base KDF
  ok   R7-A9 session KDF
  ok   R7-A10 controller encodes request with its real security domain
  ok   R7-A11 real DATA packer
  ok   R7-A6 HAL queue really drained to fake radio
  ok   R7-A6 HAL queue really drained to fake radio
  ok   R7-A6 HAL queue really drained to fake radio
  ok   R7-A22 response ACK releases transcript, retains tombstone, and consumes no ingress/reply
  ok   R7-A1 fake radio initialized through real device adapter
  ok   R7-A2 real Node initializes
  ok   R7-A3 administration identity seeded through typed writer
  ok   R7-A4 ACL seeded through typed writer
  ok   R7-A5 real boot binding installed session
  ok   R7-A7 controller ECDH
  ok   R7-A8 ordered base KDF
  ok   R7-A9 session KDF
  ok   R7-A10 controller encodes request with its real security domain
  ok   R7-A11 real DATA packer
  ok   R7-A6 HAL queue really drained to fake radio
  ok   R7-A6 HAL queue really drained to fake radio
  ok   R7-A6 HAL queue really drained to fake radio
  ok   R7-A28 authenticated flight actually admits sleep on
  ok   R7-A12 main-loop completion releases ingress
  ok   R7-A7 controller ECDH
  ok   R7-A8 ordered base KDF
  ok   R7-A9 session KDF
  ok   R7-A6 HAL queue really drained to fake radio
  ok   R7-A6 HAL queue really drained to fake radio
  ok   R7-A29 actual response RTS precedes controller CTS
  ok   R7-A6 HAL queue really drained to fake radio
  ok   R7-A6 HAL queue really drained to fake radio
  ok   R7-A30 actual DATA hop ACK finishes the response flight
  ok   R7-A13 response has valid real carrier
  ok   R7-A14 air source is target identity
  ok   R7-A15 controller decodes sealed frame
  ok   R7-A16 request and sequence match
  ok   R7-A17 typed terminal matches 1
  ok   R7-A18 exactly one mandatory terminal aired
  ok   R7-A21 only scheduled scalar metadata may reach the local console
  ok   R7-A7 controller ECDH
  ok   R7-A8 ordered base KDF
  ok   R7-A9 session KDF
  ok   R7-A10 controller encodes request with its real security domain
  ok   R7-A11 real DATA packer
  ok   R7-A6 HAL queue really drained to fake radio
  ok   R7-A6 HAL queue really drained to fake radio
  ok   R7-A6 HAL queue really drained to fake radio
  ok   R7-A22 response ACK releases transcript, retains tombstone, and consumes no ingress/reply
  ok   R7-A1 fake radio initialized through real device adapter
  ok   R7-A2 real Node initializes
  ok   R7-A3 administration identity seeded through typed writer
  ok   R7-A4 ACL seeded through typed writer
  ok   R7-A5 real boot binding installed session
  ok   R7-A7 controller ECDH
  ok   R7-A8 ordered base KDF
  ok   R7-A9 session KDF
  ok   R7-A10 controller encodes request with its real security domain
  ok   R7-A11 real DATA packer
  ok   R7-A6 HAL queue really drained to fake radio
  ok   R7-A6 HAL queue really drained to fake radio
  ok   R7-A6 HAL queue really drained to fake radio
  ok   R7-A28 authenticated flight actually admits sleep off
  ok   R7-A12 main-loop completion releases ingress
  ok   R7-A7 controller ECDH
  ok   R7-A8 ordered base KDF
  ok   R7-A9 session KDF
  ok   R7-A6 HAL queue really drained to fake radio
  ok   R7-A6 HAL queue really drained to fake radio
  ok   R7-A29 actual response RTS precedes controller CTS
  ok   R7-A6 HAL queue really drained to fake radio
  ok   R7-A6 HAL queue really drained to fake radio
  ok   R7-A30 actual DATA hop ACK finishes the response flight
  ok   R7-A13 response has valid real carrier
  ok   R7-A14 air source is target identity
  ok   R7-A15 controller decodes sealed frame
  ok   R7-A16 request and sequence match
  ok   R7-A17 typed terminal matches 1
  ok   R7-A18 exactly one mandatory terminal aired
  ok   R7-A21 only scheduled scalar metadata may reach the local console
  ok   R7-A7 controller ECDH
  ok   R7-A8 ordered base KDF
  ok   R7-A9 session KDF
  ok   R7-A10 controller encodes request with its real security domain
  ok   R7-A11 real DATA packer
  ok   R7-A6 HAL queue really drained to fake radio
  ok   R7-A6 HAL queue really drained to fake radio
  ok   R7-A6 HAL queue really drained to fake radio
  ok   R7-A22 response ACK releases transcript, retains tombstone, and consumes no ingress/reply
  ok   R7-A1 fake radio initialized through real device adapter
  ok   R7-A2 real Node initializes
  ok   R7-A3 administration identity seeded through typed writer
  ok   R7-A4 ACL seeded through typed writer
  ok   R7-A5 real boot binding installed session
  ok   R7-A7 controller ECDH
  ok   R7-A8 ordered base KDF
  ok   R7-A9 session KDF
  ok   R7-A10 controller encodes request with its real security domain
  ok   R7-A11 real DATA packer
  ok   R7-A6 HAL queue really drained to fake radio
  ok   R7-A6 HAL queue really drained to fake radio
  ok   R7-A6 HAL queue really drained to fake radio
  ok   R7-A28 authenticated flight actually admits sleep off...
  ok   R7-A12 main-loop completion releases ingress
  ok   R7-A7 controller ECDH
  ok   R7-A8 ordered base KDF
  ok   R7-A9 session KDF
  ok   R7-A6 HAL queue really drained to fake radio
  ok   R7-A6 HAL queue really drained to fake radio
  ok   R7-A29 actual response RTS precedes controller CTS
  ok   R7-A6 HAL queue really drained to fake radio
  ok   R7-A6 HAL queue really drained to fake radio
  ok   R7-A30 actual DATA hop ACK finishes the response flight
  ok   R7-A13 response has valid real carrier
  ok   R7-A14 air source is target identity
  ok   R7-A15 controller decodes sealed frame
  ok   R7-A16 request and sequence match
  ok   R7-A17 typed terminal matches 1
  ok   R7-A18 exactly one mandatory terminal aired
  ok   R7-A21 only scheduled scalar metadata may reach the local console
  ok   R7-A7 controller ECDH
  ok   R7-A8 ordered base KDF
  ok   R7-A9 session KDF
  ok   R7-A10 controller encodes request with its real security domain
  ok   R7-A11 real DATA packer
  ok   R7-A6 HAL queue really drained to fake radio
  ok   R7-A6 HAL queue really drained to fake radio
  ok   R7-A6 HAL queue really drained to fake radio
  ok   R7-A22 response ACK releases transcript, retains tombstone, and consumes no ingress/reply
  ok   R7-A1 fake radio initialized through real device adapter
  ok   R7-A2 real Node initializes
  ok   R7-A3 administration identity seeded through typed writer
  ok   R7-A4 ACL seeded through typed writer
  ok   R7-A5 real boot binding installed session
  ok   R7-A7 controller ECDH
  ok   R7-A8 ordered base KDF
  ok   R7-A9 session KDF
  ok   R7-A10 controller encodes request with its real security domain
  ok   R7-A11 real DATA packer
  ok   R7-A6 HAL queue really drained to fake radio
  ok   R7-A6 HAL queue really drained to fake radio
  ok   R7-A6 HAL queue really drained to fake radio
  ok   R7-A28 authenticated flight actually admits sleep OFF
  ok   R7-A12 main-loop completion releases ingress
  ok   R7-A7 controller ECDH
  ok   R7-A8 ordered base KDF
  ok   R7-A9 session KDF
  ok   R7-A6 HAL queue really drained to fake radio
  ok   R7-A6 HAL queue really drained to fake radio
  ok   R7-A29 actual response RTS precedes controller CTS
  ok   R7-A6 HAL queue really drained to fake radio
  ok   R7-A6 HAL queue really drained to fake radio
  ok   R7-A30 actual DATA hop ACK finishes the response flight
  ok   R7-A13 response has valid real carrier
  ok   R7-A14 air source is target identity
  ok   R7-A15 controller decodes sealed frame
  ok   R7-A16 request and sequence match
  ok   R7-A17 typed terminal matches 1
  ok   R7-A18 exactly one mandatory terminal aired
  ok   R7-A21 only scheduled scalar metadata may reach the local console
  ok   R7-A7 controller ECDH
  ok   R7-A8 ordered base KDF
  ok   R7-A9 session KDF
  ok   R7-A10 controller encodes request with its real security domain
  ok   R7-A11 real DATA packer
  ok   R7-A6 HAL queue really drained to fake radio
  ok   R7-A6 HAL queue really drained to fake radio
  ok   R7-A6 HAL queue really drained to fake radio
  ok   R7-A22 response ACK releases transcript, retains tombstone, and consumes no ingress/reply
  ok   R7-A1 fake radio initialized through real device adapter
  ok   R7-A2 real Node initializes
  ok   R7-A3 administration identity seeded through typed writer
  ok   R7-A4 ACL seeded through typed writer
  ok   R7-A5 real boot binding installed session
  ok   R7-A7 controller ECDH
  ok   R7-A8 ordered base KDF
  ok   R7-A9 session KDF
  ok   R7-A10 controller encodes request with its real security domain
  ok   R7-A11 real DATA packer
  ok   R7-A6 HAL queue really drained to fake radio
  ok   R7-A6 HAL queue really drained to fake radio
  ok   R7-A6 HAL queue really drained to fake radio
  ok   R7-A28 authenticated flight actually admits crashtest hang
  ok   R7-A12 main-loop completion releases ingress
  ok   R7-A7 controller ECDH
  ok   R7-A8 ordered base KDF
  ok   R7-A9 session KDF
  ok   R7-A6 HAL queue really drained to fake radio
  ok   R7-A6 HAL queue really drained to fake radio
  ok   R7-A29 actual response RTS precedes controller CTS
  ok   R7-A6 HAL queue really drained to fake radio
  ok   R7-A6 HAL queue really drained to fake radio
  ok   R7-A30 actual DATA hop ACK finishes the response flight
  ok   R7-A13 response has valid real carrier
  ok   R7-A14 air source is target identity
  ok   R7-A15 controller decodes sealed frame
  ok   R7-A16 request and sequence match
  ok   R7-A17 typed terminal matches 1
  ok   R7-A18 exactly one mandatory terminal aired
  ok   R7-A21 only scheduled scalar metadata may reach the local console
  ok   R7-A7 controller ECDH
  ok   R7-A8 ordered base KDF
  ok   R7-A9 session KDF
  ok   R7-A10 controller encodes request with its real security domain
  ok   R7-A11 real DATA packer
  ok   R7-A6 HAL queue really drained to fake radio
  ok   R7-A6 HAL queue really drained to fake radio
  ok   R7-A6 HAL queue really drained to fake radio
  ok   R7-A22 response ACK releases transcript, retains tombstone, and consumes no ingress/reply
  ok   R7-A1 fake radio initialized through real device adapter
  ok   R7-A2 real Node initializes
  ok   R7-A3 administration identity seeded through typed writer
  ok   R7-A4 ACL seeded through typed writer
  ok   R7-A5 real boot binding installed session
  ok   R7-A7 controller ECDH
  ok   R7-A8 ordered base KDF
  ok   R7-A9 session KDF
  ok   R7-A10 controller encodes request with its real security domain
  ok   R7-A11 real DATA packer
  ok   R7-A6 HAL queue really drained to fake radio
  ok   R7-A6 HAL queue really drained to fake radio
  ok   R7-A6 HAL queue really drained to fake radio
  ok   R7-A28 authenticated flight actually admits crashtest fault-extra
  ok   R7-A12 main-loop completion releases ingress
  ok   R7-A7 controller ECDH
  ok   R7-A8 ordered base KDF
  ok   R7-A9 session KDF
  ok   R7-A6 HAL queue really drained to fake radio
  ok   R7-A6 HAL queue really drained to fake radio
  ok   R7-A29 actual response RTS precedes controller CTS
  ok   R7-A6 HAL queue really drained to fake radio
  ok   R7-A6 HAL queue really drained to fake radio
  ok   R7-A30 actual DATA hop ACK finishes the response flight
  ok   R7-A13 response has valid real carrier
  ok   R7-A14 air source is target identity
  ok   R7-A15 controller decodes sealed frame
  ok   R7-A16 request and sequence match
  ok   R7-A17 typed terminal matches 1
  ok   R7-A18 exactly one mandatory terminal aired
  ok   R7-A21 only scheduled scalar metadata may reach the local console
  ok   R7-A7 controller ECDH
  ok   R7-A8 ordered base KDF
  ok   R7-A9 session KDF
  ok   R7-A10 controller encodes request with its real security domain
  ok   R7-A11 real DATA packer
  ok   R7-A6 HAL queue really drained to fake radio
  ok   R7-A6 HAL queue really drained to fake radio
  ok   R7-A6 HAL queue really drained to fake radio
  ok   R7-A22 response ACK releases transcript, retains tombstone, and consumes no ingress/reply
  ok   R7-A1 fake radio initialized through real device adapter
  ok   R7-A2 real Node initializes
  ok   R7-A3 administration identity seeded through typed writer
  ok   R7-A4 ACL seeded through typed writer
  ok   R7-A5 real boot binding installed session
  ok   R7-A7 controller ECDH
  ok   R7-A8 ordered base KDF
  ok   R7-A9 session KDF
  ok   R7-A10 controller encodes request with its real security domain
  ok   R7-A11 real DATA packer
  ok   R7-A6 HAL queue really drained to fake radio
  ok   R7-A6 HAL queue really drained to fake radio
  ok   R7-A6 HAL queue really drained to fake radio
  ok   R7-A28 authenticated flight actually admits crashtest reboot-extra
  ok   R7-A12 main-loop completion releases ingress
  ok   R7-A7 controller ECDH
  ok   R7-A8 ordered base KDF
  ok   R7-A9 session KDF
  ok   R7-A6 HAL queue really drained to fake radio
  ok   R7-A6 HAL queue really drained to fake radio
  ok   R7-A29 actual response RTS precedes controller CTS
  ok   R7-A6 HAL queue really drained to fake radio
  ok   R7-A6 HAL queue really drained to fake radio
  ok   R7-A30 actual DATA hop ACK finishes the response flight
  ok   R7-A13 response has valid real carrier
  ok   R7-A14 air source is target identity
  ok   R7-A15 controller decodes sealed frame
  ok   R7-A16 request and sequence match
  ok   R7-A17 typed terminal matches 1
  ok   R7-A18 exactly one mandatory terminal aired
  ok   R7-A21 only scheduled scalar metadata may reach the local console
  ok   R7-A7 controller ECDH
  ok   R7-A8 ordered base KDF
  ok   R7-A9 session KDF
  ok   R7-A10 controller encodes request with its real security domain
  ok   R7-A11 real DATA packer
  ok   R7-A6 HAL queue really drained to fake radio
  ok   R7-A6 HAL queue really drained to fake radio
  ok   R7-A6 HAL queue really drained to fake radio
  ok   R7-A22 response ACK releases transcript, retains tombstone, and consumes no ingress/reply
  ok   R7-A1 fake radio initialized through real device adapter
  ok   R7-A2 real Node initializes
  ok   R7-A3 administration identity seeded through typed writer
  ok   R7-A4 ACL seeded through typed writer
  ok   R7-A5 real boot binding installed session
  ok   R7-A7 controller ECDH
  ok   R7-A8 ordered base KDF
  ok   R7-A9 session KDF
  ok   R7-A10 controller encodes request with its real security domain
  ok   R7-A11 real DATA packer
  ok   R7-A6 HAL queue really drained to fake radio
  ok   R7-A6 HAL queue really drained to fake radio
  ok   R7-A6 HAL queue really drained to fake radio
  ok   R7-A28 authenticated flight actually admits reboot
  ok   R7-A12 main-loop completion releases ingress
  ok   R7-A7 controller ECDH
  ok   R7-A8 ordered base KDF
  ok   R7-A9 session KDF
  ok   R7-A6 HAL queue really drained to fake radio
  ok   R7-A6 HAL queue really drained to fake radio
  ok   R7-A29 actual response RTS precedes controller CTS
  ok   R7-A6 HAL queue really drained to fake radio
  ok   R7-A6 HAL queue really drained to fake radio
  ok   R7-A30 actual DATA hop ACK finishes the response flight
  ok   R7-A13 response has valid real carrier
  ok   R7-A14 air source is target identity
  ok   R7-A15 controller decodes sealed frame
  ok   R7-A16 request and sequence match
  ok   R7-A17 typed terminal matches 1
  ok   R7-A18 exactly one mandatory terminal aired
  ok   R7-A21 only scheduled scalar metadata may reach the local console
  ok   R7-A7 controller ECDH
  ok   R7-A8 ordered base KDF
  ok   R7-A9 session KDF
  ok   R7-A10 controller encodes request with its real security domain
  ok   R7-A11 real DATA packer
  ok   R7-A6 HAL queue really drained to fake radio
  ok   R7-A6 HAL queue really drained to fake radio
  ok   R7-A6 HAL queue really drained to fake radio
  ok   R7-A22 response ACK releases transcript, retains tombstone, and consumes no ingress/reply
  ok   R7-A1 fake radio initialized through real device adapter
  ok   R7-A2 real Node initializes
  ok   R7-A3 administration identity seeded through typed writer
  ok   R7-A4 ACL seeded through typed writer
  ok   R7-A5 real boot binding installed session
  ok   R7-A7 controller ECDH
  ok   R7-A8 ordered base KDF
  ok   R7-A9 session KDF
  ok   R7-A10 controller encodes request with its real security domain
  ok   R7-A11 real DATA packer
  ok   R7-A6 HAL queue really drained to fake radio
  ok   R7-A6 HAL queue really drained to fake radio
  ok   R7-A6 HAL queue really drained to fake radio
  ok   R7-A28 authenticated flight actually admits prep-restart
  ok   R7-A12 main-loop completion releases ingress
  ok   R7-A7 controller ECDH
  ok   R7-A8 ordered base KDF
  ok   R7-A9 session KDF
  ok   R7-A6 HAL queue really drained to fake radio
  ok   R7-A6 HAL queue really drained to fake radio
  ok   R7-A29 actual response RTS precedes controller CTS
  ok   R7-A6 HAL queue really drained to fake radio
  ok   R7-A6 HAL queue really drained to fake radio
  ok   R7-A30 actual DATA hop ACK finishes the response flight
  ok   R7-A13 response has valid real carrier
  ok   R7-A14 air source is target identity
  ok   R7-A15 controller decodes sealed frame
  ok   R7-A16 request and sequence match
  ok   R7-A17 typed terminal matches 1
  ok   R7-A18 exactly one mandatory terminal aired
  ok   R7-A21 only scheduled scalar metadata may reach the local console
  ok   R7-A7 controller ECDH
  ok   R7-A8 ordered base KDF
  ok   R7-A9 session KDF
  ok   R7-A10 controller encodes request with its real security domain
  ok   R7-A11 real DATA packer
  ok   R7-A6 HAL queue really drained to fake radio
  ok   R7-A6 HAL queue really drained to fake radio
  ok   R7-A6 HAL queue really drained to fake radio
  ok   R7-A22 response ACK releases transcript, retains tombstone, and consumes no ingress/reply
  ok   R7-A1 fake radio initialized through real device adapter
  ok   R7-A2 real Node initializes
  ok   R7-A3 administration identity seeded through typed writer
  ok   R7-A4 ACL seeded through typed writer
  ok   R7-A5 real boot binding installed session
  ok   R7-A7 controller ECDH
  ok   R7-A8 ordered base KDF
  ok   R7-A9 session KDF
  ok   R7-A10 controller encodes request with its real security domain
  ok   R7-A11 real DATA packer
  ok   R7-A6 HAL queue really drained to fake radio
  ok   R7-A6 HAL queue really drained to fake radio
  ok   R7-A6 HAL queue really drained to fake radio
  ok   R7-A28 authenticated flight actually admits ota
  ok   R7-A12 main-loop completion releases ingress
  ok   R7-A7 controller ECDH
  ok   R7-A8 ordered base KDF
  ok   R7-A9 session KDF
  ok   R7-A6 HAL queue really drained to fake radio
  ok   R7-A6 HAL queue really drained to fake radio
  ok   R7-A29 actual response RTS precedes controller CTS
  ok   R7-A6 HAL queue really drained to fake radio
  ok   R7-A6 HAL queue really drained to fake radio
  ok   R7-A30 actual DATA hop ACK finishes the response flight
  ok   R7-A13 response has valid real carrier
  ok   R7-A14 air source is target identity
  ok   R7-A15 controller decodes sealed frame
  ok   R7-A16 request and sequence match
  ok   R7-A17 typed terminal matches 3
  ok   R7-A18 exactly one mandatory terminal aired
  ok   R7-A20 refusal never calls Node/handler
  ok   R7-A21 only scheduled scalar metadata may reach the local console
  ok   R7-A7 controller ECDH
  ok   R7-A8 ordered base KDF
  ok   R7-A9 session KDF
  ok   R7-A10 controller encodes request with its real security domain
  ok   R7-A11 real DATA packer
  ok   R7-A6 HAL queue really drained to fake radio
  ok   R7-A6 HAL queue really drained to fake radio
  ok   R7-A6 HAL queue really drained to fake radio
  ok   R7-A22 response ACK releases transcript, retains tombstone, and consumes no ingress/reply
  ok   R7-A1 fake radio initialized through real device adapter
  ok   R7-A2 real Node initializes
  ok   R7-A3 administration identity seeded through typed writer
  ok   R7-A4 ACL seeded through typed writer
  ok   R7-A5 real boot binding installed session
  ok   R7-A7 controller ECDH
  ok   R7-A8 ordered base KDF
  ok   R7-A9 session KDF
  ok   R7-A10 controller encodes request with its real security domain
  ok   R7-A11 real DATA packer
  ok   R7-A6 HAL queue really drained to fake radio
  ok   R7-A6 HAL queue really drained to fake radio
  ok   R7-A6 HAL queue really drained to fake radio
  ok   R7-A28 authenticated flight actually admits factory_reset confirm
  ok   R7-A12 main-loop completion releases ingress
  ok   R7-A7 controller ECDH
  ok   R7-A8 ordered base KDF
  ok   R7-A9 session KDF
  ok   R7-A6 HAL queue really drained to fake radio
  ok   R7-A6 HAL queue really drained to fake radio
  ok   R7-A29 actual response RTS precedes controller CTS
  ok   R7-A6 HAL queue really drained to fake radio
  ok   R7-A6 HAL queue really drained to fake radio
  ok   R7-A30 actual DATA hop ACK finishes the response flight
  ok   R7-A13 response has valid real carrier
  ok   R7-A14 air source is target identity
  ok   R7-A15 controller decodes sealed frame
  ok   R7-A16 request and sequence match
  ok   R7-A17 typed terminal matches 3
  ok   R7-A18 exactly one mandatory terminal aired
  ok   R7-A20 refusal never calls Node/handler
  ok   R7-A21 only scheduled scalar metadata may reach the local console
  ok   R7-A7 controller ECDH
  ok   R7-A8 ordered base KDF
  ok   R7-A9 session KDF
  ok   R7-A10 controller encodes request with its real security domain
  ok   R7-A11 real DATA packer
  ok   R7-A6 HAL queue really drained to fake radio
  ok   R7-A6 HAL queue really drained to fake radio
  ok   R7-A6 HAL queue really drained to fake radio
  ok   R7-A22 response ACK releases transcript, retains tombstone, and consumes no ingress/reply
  ok   R7-A1 fake radio initialized through real device adapter
  ok   R7-A2 real Node initializes
  ok   R7-A3 administration identity seeded through typed writer
  ok   R7-A4 ACL seeded through typed writer
  ok   R7-A5 real boot binding installed session
  ok   R7-A7 controller ECDH
  ok   R7-A8 ordered base KDF
  ok   R7-A9 session KDF
  ok   R7-A10 controller encodes request with its real security domain
  ok   R7-A11 real DATA packer
  ok   R7-A6 HAL queue really drained to fake radio
  ok   R7-A6 HAL queue really drained to fake radio
  ok   R7-A6 HAL queue really drained to fake radio
  ok   R7-A28 authenticated flight actually admits sleep on
  ok   R7-A12 main-loop completion releases ingress
  ok   R7-A7 controller ECDH
  ok   R7-A8 ordered base KDF
  ok   R7-A9 session KDF
  ok   R7-A6 HAL queue really drained to fake radio
  ok   R7-A6 HAL queue really drained to fake radio
  ok   R7-A29 actual response RTS precedes controller CTS
  ok   R7-A6 HAL queue really drained to fake radio
  ok   R7-A6 HAL queue really drained to fake radio
  ok   R7-A30 actual DATA hop ACK finishes the response flight
  ok   R7-A13 response has valid real carrier
  ok   R7-A14 air source is target identity
  ok   R7-A15 controller decodes sealed frame
  ok   R7-A16 request and sequence match
  ok   R7-A17 typed terminal matches 1
  ok   R7-A18 exactly one mandatory terminal aired
  ok   R7-A21 only scheduled scalar metadata may reach the local console
  ok   R7-A7 controller ECDH
  ok   R7-A8 ordered base KDF
  ok   R7-A9 session KDF
  ok   R7-A10 controller encodes request with its real security domain
  ok   R7-A11 real DATA packer
  ok   R7-A6 HAL queue really drained to fake radio
  ok   R7-A6 HAL queue really drained to fake radio
  ok   R7-A6 HAL queue really drained to fake radio
  ok   R7-A22 response ACK releases transcript, retains tombstone, and consumes no ingress/reply
  ok   R7-A1 fake radio initialized through real device adapter
  ok   R7-A2 real Node initializes
  ok   R7-A3 administration identity seeded through typed writer
  ok   R7-A4 ACL seeded through typed writer
  ok   R7-A5 real boot binding installed session
  ok   R7-A7 controller ECDH
  ok   R7-A8 ordered base KDF
  ok   R7-A9 session KDF
  ok   R7-A10 controller encodes request with its real security domain
  ok   R7-A11 real DATA packer
  ok   R7-A6 HAL queue really drained to fake radio
  ok   R7-A6 HAL queue really drained to fake radio
  ok   R7-A6 HAL queue really drained to fake radio
  ok   R7-A28 authenticated flight actually admits crashtest hang
  ok   R7-A12 main-loop completion releases ingress
  ok   R7-A7 controller ECDH
  ok   R7-A8 ordered base KDF
  ok   R7-A9 session KDF
  ok   R7-A6 HAL queue really drained to fake radio
  ok   R7-A6 HAL queue really drained to fake radio
  ok   R7-A29 actual response RTS precedes controller CTS
  ok   R7-A6 HAL queue really drained to fake radio
  ok   R7-A6 HAL queue really drained to fake radio
  ok   R7-A30 actual DATA hop ACK finishes the response flight
  ok   R7-A13 response has valid real carrier
  ok   R7-A14 air source is target identity
  ok   R7-A15 controller decodes sealed frame
  ok   R7-A16 request and sequence match
  ok   R7-A17 typed terminal matches 3
  ok   R7-A18 exactly one mandatory terminal aired
  ok   R7-A20 refusal never calls Node/handler
  ok   R7-A21 only scheduled scalar metadata may reach the local console
  ok   R7-A7 controller ECDH
  ok   R7-A8 ordered base KDF
  ok   R7-A9 session KDF
  ok   R7-A10 controller encodes request with its real security domain
  ok   R7-A11 real DATA packer
  ok   R7-A6 HAL queue really drained to fake radio
  ok   R7-A6 HAL queue really drained to fake radio
  ok   R7-A6 HAL queue really drained to fake radio
  ok   R7-A22 response ACK releases transcript, retains tombstone, and consumes no ingress/reply
  ok   R7-A1 fake radio initialized through real device adapter
  ok   R7-A2 real Node initializes
  ok   R7-A3 administration identity seeded through typed writer
  ok   R7-A4 ACL seeded through typed writer
  ok   R7-A5 real boot binding installed session
  ok   R7-A7 controller ECDH
  ok   R7-A8 ordered base KDF
  ok   R7-A9 session KDF
  ok   R7-A10 controller encodes request with its real security domain
  ok   R7-A11 real DATA packer
  ok   R7-A6 HAL queue really drained to fake radio
  ok   R7-A6 HAL queue really drained to fake radio
  ok   R7-A6 HAL queue really drained to fake radio
  ok   R7-A28 authenticated flight actually admits factory_reset
  ok   R7-A12 main-loop completion releases ingress
  ok   R7-A7 controller ECDH
  ok   R7-A8 ordered base KDF
  ok   R7-A9 session KDF
  ok   R7-A6 HAL queue really drained to fake radio
  ok   R7-A6 HAL queue really drained to fake radio
  ok   R7-A29 actual response RTS precedes controller CTS
  ok   R7-A6 HAL queue really drained to fake radio
  ok   R7-A6 HAL queue really drained to fake radio
  ok   R7-A30 actual DATA hop ACK finishes the response flight
  ok   R7-A13 response has valid real carrier
  ok   R7-A14 air source is target identity
  ok   R7-A15 controller decodes sealed frame
  ok   R7-A16 request and sequence match
  ok   R7-A17 typed terminal matches 3
  ok   R7-A18 exactly one mandatory terminal aired
  ok   R7-A20 refusal never calls Node/handler
  ok   R7-A21 only scheduled scalar metadata may reach the local console
  ok   R7-A7 controller ECDH
  ok   R7-A8 ordered base KDF
  ok   R7-A9 session KDF
  ok   R7-A10 controller encodes request with its real security domain
  ok   R7-A11 real DATA packer
  ok   R7-A6 HAL queue really drained to fake radio
  ok   R7-A6 HAL queue really drained to fake radio
  ok   R7-A6 HAL queue really drained to fake radio
  ok   R7-A22 response ACK releases transcript, retains tombstone, and consumes no ingress/reply
  ok   R7-A1 fake radio initialized through real device adapter
  ok   R7-A2 real Node initializes
  ok   R7-A3 administration identity seeded through typed writer
  ok   R7-A4 ACL seeded through typed writer
  ok   R7-A5 real boot binding installed session
  ok   R7-A7 controller ECDH
  ok   R7-A8 ordered base KDF
  ok   R7-A9 session KDF
  ok   R7-A10 controller encodes request with its real security domain
  ok   R7-A11 real DATA packer
  ok   R7-A6 HAL queue really drained to fake radio
  ok   R7-A6 HAL queue really drained to fake radio
  ok   R7-A6 HAL queue really drained to fake radio
  ok   R7-A28 authenticated flight actually admits factory_reset confirm 
  ok   R7-A12 main-loop completion releases ingress
  ok   R7-A7 controller ECDH
  ok   R7-A8 ordered base KDF
  ok   R7-A9 session KDF
  ok   R7-A6 HAL queue really drained to fake radio
  ok   R7-A6 HAL queue really drained to fake radio
  ok   R7-A29 actual response RTS precedes controller CTS
  ok   R7-A6 HAL queue really drained to fake radio
  ok   R7-A6 HAL queue really drained to fake radio
  ok   R7-A30 actual DATA hop ACK finishes the response flight
  ok   R7-A13 response has valid real carrier
  ok   R7-A14 air source is target identity
  ok   R7-A15 controller decodes sealed frame
  ok   R7-A16 request and sequence match
  ok   R7-A17 typed terminal matches 3
  ok   R7-A18 exactly one mandatory terminal aired
  ok   R7-A20 refusal never calls Node/handler
  ok   R7-A21 only scheduled scalar metadata may reach the local console
  ok   R7-A7 controller ECDH
  ok   R7-A8 ordered base KDF
  ok   R7-A9 session KDF
  ok   R7-A10 controller encodes request with its real security domain
  ok   R7-A11 real DATA packer
  ok   R7-A6 HAL queue really drained to fake radio
  ok   R7-A6 HAL queue really drained to fake radio
  ok   R7-A6 HAL queue really drained to fake radio
  ok   R7-A22 response ACK releases transcript, retains tombstone, and consumes no ingress/reply
  ok   R7-A1 fake radio initialized through real device adapter
  ok   R7-A2 real Node initializes
  ok   R7-A3 administration identity seeded through typed writer
  ok   R7-A4 ACL seeded through typed writer
  ok   R7-A5 real boot binding installed session
  ok   R7-A7 controller ECDH
  ok   R7-A8 ordered base KDF
  ok   R7-A9 session KDF
  ok   R7-A10 controller encodes request with its real security domain
  ok   R7-A11 real DATA packer
  ok   R7-A6 HAL queue really drained to fake radio
  ok   R7-A6 HAL queue really drained to fake radio
  ok   R7-A6 HAL queue really drained to fake radio
  ok   R7-A28 authenticated flight actually admits factory_reset Confirm
  ok   R7-A12 main-loop completion releases ingress
  ok   R7-A7 controller ECDH
  ok   R7-A8 ordered base KDF
  ok   R7-A9 session KDF
  ok   R7-A6 HAL queue really drained to fake radio
  ok   R7-A6 HAL queue really drained to fake radio
  ok   R7-A29 actual response RTS precedes controller CTS
  ok   R7-A6 HAL queue really drained to fake radio
  ok   R7-A6 HAL queue really drained to fake radio
  ok   R7-A30 actual DATA hop ACK finishes the response flight
  ok   R7-A13 response has valid real carrier
  ok   R7-A14 air source is target identity
  ok   R7-A15 controller decodes sealed frame
  ok   R7-A16 request and sequence match
  ok   R7-A17 typed terminal matches 3
  ok   R7-A18 exactly one mandatory terminal aired
  ok   R7-A20 refusal never calls Node/handler
  ok   R7-A21 only scheduled scalar metadata may reach the local console
  ok   R7-A7 controller ECDH
  ok   R7-A8 ordered base KDF
  ok   R7-A9 session KDF
  ok   R7-A10 controller encodes request with its real security domain
  ok   R7-A11 real DATA packer
  ok   R7-A6 HAL queue really drained to fake radio
  ok   R7-A6 HAL queue really drained to fake radio
  ok   R7-A6 HAL queue really drained to fake radio
  ok   R7-A22 response ACK releases transcript, retains tombstone, and consumes no ingress/reply
  ok   R7-A1 fake radio initialized through real device adapter
  ok   R7-A2 real Node initializes
  ok   R7-A3 administration identity seeded through typed writer
  ok   R7-A4 ACL seeded through typed writer
  ok   R7-A5 real boot binding installed session
  ok   R7-A7 controller ECDH
  ok   R7-A8 ordered base KDF
  ok   R7-A9 session KDF
  ok   R7-A10 controller encodes request with its real security domain
  ok   R7-A11 real DATA packer
  ok   R7-A6 HAL queue really drained to fake radio
  ok   R7-A6 HAL queue really drained to fake radio
  ok   R7-A6 HAL queue really drained to fake radio
  ok   R7-A28 authenticated flight actually admits factory_reset confirmx
  ok   R7-A12 main-loop completion releases ingress
  ok   R7-A7 controller ECDH
  ok   R7-A8 ordered base KDF
  ok   R7-A9 session KDF
  ok   R7-A6 HAL queue really drained to fake radio
  ok   R7-A6 HAL queue really drained to fake radio
  ok   R7-A29 actual response RTS precedes controller CTS
  ok   R7-A6 HAL queue really drained to fake radio
  ok   R7-A6 HAL queue really drained to fake radio
  ok   R7-A30 actual DATA hop ACK finishes the response flight
  ok   R7-A13 response has valid real carrier
  ok   R7-A14 air source is target identity
  ok   R7-A15 controller decodes sealed frame
  ok   R7-A16 request and sequence match
  ok   R7-A17 typed terminal matches 3
  ok   R7-A18 exactly one mandatory terminal aired
  ok   R7-A20 refusal never calls Node/handler
  ok   R7-A21 only scheduled scalar metadata may reach the local console
  ok   R7-A7 controller ECDH
  ok   R7-A8 ordered base KDF
  ok   R7-A9 session KDF
  ok   R7-A10 controller encodes request with its real security domain
  ok   R7-A11 real DATA packer
  ok   R7-A6 HAL queue really drained to fake radio
  ok   R7-A6 HAL queue really drained to fake radio
  ok   R7-A6 HAL queue really drained to fake radio
  ok   R7-A22 response ACK releases transcript, retains tombstone, and consumes no ingress/reply
  ok   R7-A1 fake radio initialized through real device adapter
  ok   R7-A2 real Node initializes
  ok   R7-A3 administration identity seeded through typed writer
  ok   R7-A4 ACL seeded through typed writer
  ok   R7-A5 real boot binding installed session
  ok   R7-A7 controller ECDH
  ok   R7-A8 ordered base KDF
  ok   R7-A9 session KDF
  ok   R7-A10 controller encodes request with its real security domain
  ok   R7-A11 real DATA packer
  ok   R7-A6 HAL queue really drained to fake radio
  ok   R7-A6 HAL queue really drained to fake radio
  ok   R7-A6 HAL queue really drained to fake radio
  ok   R7-A28 authenticated flight actually admits crashtest
  ok   R7-A12 main-loop completion releases ingress
  ok   R7-A7 controller ECDH
  ok   R7-A8 ordered base KDF
  ok   R7-A9 session KDF
  ok   R7-A6 HAL queue really drained to fake radio
  ok   R7-A6 HAL queue really drained to fake radio
  ok   R7-A29 actual response RTS precedes controller CTS
  ok   R7-A6 HAL queue really drained to fake radio
  ok   R7-A6 HAL queue really drained to fake radio
  ok   R7-A30 actual DATA hop ACK finishes the response flight
  ok   R7-A13 response has valid real carrier
  ok   R7-A14 air source is target identity
  ok   R7-A15 controller decodes sealed frame
  ok   R7-A16 request and sequence match
  ok   R7-A17 typed terminal matches 3
  ok   R7-A18 exactly one mandatory terminal aired
  ok   R7-A20 refusal never calls Node/handler
  ok   R7-A21 only scheduled scalar metadata may reach the local console
  ok   R7-A7 controller ECDH
  ok   R7-A8 ordered base KDF
  ok   R7-A9 session KDF
  ok   R7-A10 controller encodes request with its real security domain
  ok   R7-A11 real DATA packer
  ok   R7-A6 HAL queue really drained to fake radio
  ok   R7-A6 HAL queue really drained to fake radio
  ok   R7-A6 HAL queue really drained to fake radio
  ok   R7-A22 response ACK releases transcript, retains tombstone, and consumes no ingress/reply
  ok   R7-A1 fake radio initialized through real device adapter
  ok   R7-A2 real Node initializes
  ok   R7-A3 administration identity seeded through typed writer
  ok   R7-A4 ACL seeded through typed writer
  ok   R7-A5 real boot binding installed session
  ok   R7-A7 controller ECDH
  ok   R7-A8 ordered base KDF
  ok   R7-A9 session KDF
  ok   R7-A10 controller encodes request with its real security domain
  ok   R7-A11 real DATA packer
  ok   R7-A6 HAL queue really drained to fake radio
  ok   R7-A6 HAL queue really drained to fake radio
  ok   R7-A6 HAL queue really drained to fake radio
  ok   R7-A28 authenticated flight actually admits crashtest faul
  ok   R7-A12 main-loop completion releases ingress
  ok   R7-A7 controller ECDH
  ok   R7-A8 ordered base KDF
  ok   R7-A9 session KDF
  ok   R7-A6 HAL queue really drained to fake radio
  ok   R7-A6 HAL queue really drained to fake radio
  ok   R7-A29 actual response RTS precedes controller CTS
  ok   R7-A6 HAL queue really drained to fake radio
  ok   R7-A6 HAL queue really drained to fake radio
  ok   R7-A30 actual DATA hop ACK finishes the response flight
  ok   R7-A13 response has valid real carrier
  ok   R7-A14 air source is target identity
  ok   R7-A15 controller decodes sealed frame
  ok   R7-A16 request and sequence match
  ok   R7-A17 typed terminal matches 3
  ok   R7-A18 exactly one mandatory terminal aired
  ok   R7-A20 refusal never calls Node/handler
  ok   R7-A21 only scheduled scalar metadata may reach the local console
  ok   R7-A7 controller ECDH
  ok   R7-A8 ordered base KDF
  ok   R7-A9 session KDF
  ok   R7-A10 controller encodes request with its real security domain
  ok   R7-A11 real DATA packer
  ok   R7-A6 HAL queue really drained to fake radio
  ok   R7-A6 HAL queue really drained to fake radio
  ok   R7-A6 HAL queue really drained to fake radio
  ok   R7-A22 response ACK releases transcript, retains tombstone, and consumes no ingress/reply
  ok   R7-A1 fake radio initialized through real device adapter
  ok   R7-A2 real Node initializes
  ok   R7-A3 administration identity seeded through typed writer
  ok   R7-A4 ACL seeded through typed writer
  ok   R7-A5 real boot binding installed session
  ok   R7-A7 controller ECDH
  ok   R7-A8 ordered base KDF
  ok   R7-A9 session KDF
  ok   R7-A10 controller encodes request with its real security domain
  ok   R7-A11 real DATA packer
  ok   R7-A6 HAL queue really drained to fake radio
  ok   R7-A6 HAL queue really drained to fake radio
  ok   R7-A6 HAL queue really drained to fake radio
  ok   R7-A28 authenticated flight actually admits crashtest FAULT
  ok   R7-A12 main-loop completion releases ingress
  ok   R7-A7 controller ECDH
  ok   R7-A8 ordered base KDF
  ok   R7-A9 session KDF
  ok   R7-A6 HAL queue really drained to fake radio
  ok   R7-A6 HAL queue really drained to fake radio
  ok   R7-A29 actual response RTS precedes controller CTS
  ok   R7-A6 HAL queue really drained to fake radio
  ok   R7-A6 HAL queue really drained to fake radio
  ok   R7-A30 actual DATA hop ACK finishes the response flight
  ok   R7-A13 response has valid real carrier
  ok   R7-A14 air source is target identity
  ok   R7-A15 controller decodes sealed frame
  ok   R7-A16 request and sequence match
  ok   R7-A17 typed terminal matches 3
  ok   R7-A18 exactly one mandatory terminal aired
  ok   R7-A20 refusal never calls Node/handler
  ok   R7-A21 only scheduled scalar metadata may reach the local console
  ok   R7-A7 controller ECDH
  ok   R7-A8 ordered base KDF
  ok   R7-A9 session KDF
  ok   R7-A10 controller encodes request with its real security domain
  ok   R7-A11 real DATA packer
  ok   R7-A6 HAL queue really drained to fake radio
  ok   R7-A6 HAL queue really drained to fake radio
  ok   R7-A6 HAL queue really drained to fake radio
  ok   R7-A22 response ACK releases transcript, retains tombstone, and consumes no ingress/reply
  ok   R7-A1 fake radio initialized through real device adapter
  ok   R7-A2 real Node initializes
  ok   R7-A3 administration identity seeded through typed writer
  ok   R7-A4 ACL seeded through typed writer
  ok   R7-A5 real boot binding installed session
  ok   R7-A7 controller ECDH
  ok   R7-A8 ordered base KDF
  ok   R7-A9 session KDF
  ok   R7-A10 controller encodes request with its real security domain
  ok   R7-A11 real DATA packer
  ok   R7-A6 HAL queue really drained to fake radio
  ok   R7-A6 HAL queue really drained to fake radio
  ok   R7-A6 HAL queue really drained to fake radio
  ok   R7-A28 authenticated flight actually admits crashtest reboo
  ok   R7-A12 main-loop completion releases ingress
  ok   R7-A7 controller ECDH
  ok   R7-A8 ordered base KDF
  ok   R7-A9 session KDF
  ok   R7-A6 HAL queue really drained to fake radio
  ok   R7-A6 HAL queue really drained to fake radio
  ok   R7-A29 actual response RTS precedes controller CTS
  ok   R7-A6 HAL queue really drained to fake radio
  ok   R7-A6 HAL queue really drained to fake radio
  ok   R7-A30 actual DATA hop ACK finishes the response flight
  ok   R7-A13 response has valid real carrier
  ok   R7-A14 air source is target identity
  ok   R7-A15 controller decodes sealed frame
  ok   R7-A16 request and sequence match
  ok   R7-A17 typed terminal matches 3
  ok   R7-A18 exactly one mandatory terminal aired
  ok   R7-A20 refusal never calls Node/handler
  ok   R7-A21 only scheduled scalar metadata may reach the local console
  ok   R7-A7 controller ECDH
  ok   R7-A8 ordered base KDF
  ok   R7-A9 session KDF
  ok   R7-A10 controller encodes request with its real security domain
  ok   R7-A11 real DATA packer
  ok   R7-A6 HAL queue really drained to fake radio
  ok   R7-A6 HAL queue really drained to fake radio
  ok   R7-A6 HAL queue really drained to fake radio
  ok   R7-A22 response ACK releases transcript, retains tombstone, and consumes no ingress/reply
  ok   R7-A1 fake radio initialized through real device adapter
  ok   R7-A2 real Node initializes
  ok   R7-A3 administration identity seeded through typed writer
  ok   R7-A4 ACL seeded through typed writer
  ok   R7-A5 real boot binding installed session
  ok   R7-A7 controller ECDH
  ok   R7-A8 ordered base KDF
  ok   R7-A9 session KDF
  ok   R7-A10 controller encodes request with its real security domain
  ok   R7-A11 real DATA packer
  ok   R7-A6 HAL queue really drained to fake radio
  ok   R7-A6 HAL queue really drained to fake radio
  ok   R7-A6 HAL queue really drained to fake radio
  ok   R7-A28 authenticated flight actually admits crashtest hang
  ok   R7-A12 main-loop completion releases ingress
  ok   R7-A7 controller ECDH
  ok   R7-A8 ordered base KDF
  ok   R7-A9 session KDF
  ok   R7-A6 HAL queue really drained to fake radio
  ok   R7-A6 HAL queue really drained to fake radio
  ok   R7-A29 actual response RTS precedes controller CTS
  ok   R7-A6 HAL queue really drained to fake radio
  ok   R7-A6 HAL queue really drained to fake radio
  ok   R7-A30 actual DATA hop ACK finishes the response flight
  ok   R7-A13 response has valid real carrier
  ok   R7-A14 air source is target identity
  ok   R7-A15 controller decodes sealed frame
  ok   R7-A16 request and sequence match
  ok   R7-A17 typed terminal matches 3
  ok   R7-A18 exactly one mandatory terminal aired
  ok   R7-A20 refusal never calls Node/handler
  ok   R7-A21 only scheduled scalar metadata may reach the local console
  ok   R7-A7 controller ECDH
  ok   R7-A8 ordered base KDF
  ok   R7-A9 session KDF
  ok   R7-A10 controller encodes request with its real security domain
  ok   R7-A11 real DATA packer
  ok   R7-A6 HAL queue really drained to fake radio
  ok   R7-A6 HAL queue really drained to fake radio
  ok   R7-A6 HAL queue really drained to fake radio
  ok   R7-A22 response ACK releases transcript, retains tombstone, and consumes no ingress/reply
  ok   R7-A1 fake radio initialized through real device adapter
  ok   R7-A2 real Node initializes
  ok   R7-A3 administration identity seeded through typed writer
  ok   R7-A4 ACL seeded through typed writer
  ok   R7-A5 real boot binding installed session
  ok   R7-A7 controller ECDH
  ok   R7-A8 ordered base KDF
  ok   R7-A9 session KDF
  ok   R7-A10 controller encodes request with its real security domain
  ok   R7-A11 real DATA packer
  ok   R7-A6 HAL queue really drained to fake radio
  ok   R7-A6 HAL queue really drained to fake radio
  ok   R7-A6 HAL queue really drained to fake radio
  ok   R7-A28 authenticated flight actually admits cfg set bw 1
  ok   R7-A12 main-loop completion releases ingress
  ok   R7-A7 controller ECDH
  ok   R7-A8 ordered base KDF
  ok   R7-A9 session KDF
  ok   R7-A6 HAL queue really drained to fake radio
  ok   R7-A6 HAL queue really drained to fake radio
  ok   R7-A29 actual response RTS precedes controller CTS
  ok   R7-A6 HAL queue really drained to fake radio
  ok   R7-A6 HAL queue really drained to fake radio
  ok   R7-A30 actual DATA hop ACK finishes the response flight
  ok   R7-A13 response has valid real carrier
  ok   R7-A14 air source is target identity
  ok   R7-A15 controller decodes sealed frame
  ok   R7-A16 request and sequence match
  ok   R7-A17 typed terminal matches 3
  ok   R7-A18 exactly one mandatory terminal aired
  ok   R7-A20 refusal never calls Node/handler
  ok   R7-A21 only scheduled scalar metadata may reach the local console
  ok   R7-A7 controller ECDH
  ok   R7-A8 ordered base KDF
  ok   R7-A9 session KDF
  ok   R7-A10 controller encodes request with its real security domain
  ok   R7-A11 real DATA packer
  ok   R7-A6 HAL queue really drained to fake radio
  ok   R7-A6 HAL queue really drained to fake radio
  ok   R7-A6 HAL queue really drained to fake radio
  ok   R7-A22 response ACK releases transcript, retains tombstone, and consumes no ingress/reply
  ok   R7-A1 fake radio initialized through real device adapter
  ok   R7-A2 real Node initializes
  ok   R7-A3 administration identity seeded through typed writer
  ok   R7-A4 ACL seeded through typed writer
  ok   R7-A5 real boot binding installed session
  ok   R7-A7 controller ECDH
  ok   R7-A8 ordered base KDF
  ok   R7-A9 session KDF
  ok   R7-A10 controller encodes request with its real security domain
  ok   R7-A11 real DATA packer
  ok   R7-A6 HAL queue really drained to fake radio
  ok   R7-A6 HAL queue really drained to fake radio
  ok   R7-A6 HAL queue really drained to fake radio
  ok   R7-A28 authenticated flight actually admits cfg set cr 1
  ok   R7-A12 main-loop completion releases ingress
  ok   R7-A7 controller ECDH
  ok   R7-A8 ordered base KDF
  ok   R7-A9 session KDF
  ok   R7-A6 HAL queue really drained to fake radio
  ok   R7-A6 HAL queue really drained to fake radio
  ok   R7-A29 actual response RTS precedes controller CTS
  ok   R7-A6 HAL queue really drained to fake radio
  ok   R7-A6 HAL queue really drained to fake radio
  ok   R7-A30 actual DATA hop ACK finishes the response flight
  ok   R7-A13 response has valid real carrier
  ok   R7-A14 air source is target identity
  ok   R7-A15 controller decodes sealed frame
  ok   R7-A16 request and sequence match
  ok   R7-A17 typed terminal matches 3
  ok   R7-A18 exactly one mandatory terminal aired
  ok   R7-A20 refusal never calls Node/handler
  ok   R7-A21 only scheduled scalar metadata may reach the local console
  ok   R7-A7 controller ECDH
  ok   R7-A8 ordered base KDF
  ok   R7-A9 session KDF
  ok   R7-A10 controller encodes request with its real security domain
  ok   R7-A11 real DATA packer
  ok   R7-A6 HAL queue really drained to fake radio
  ok   R7-A6 HAL queue really drained to fake radio
  ok   R7-A6 HAL queue really drained to fake radio
  ok   R7-A22 response ACK releases transcript, retains tombstone, and consumes no ingress/reply
  ok   R7-A1 fake radio initialized through real device adapter
  ok   R7-A2 real Node initializes
  ok   R7-A3 administration identity seeded through typed writer
  ok   R7-A4 ACL seeded through typed writer
  ok   R7-A5 real boot binding installed session
  ok   R7-A7 controller ECDH
  ok   R7-A8 ordered base KDF
  ok   R7-A9 session KDF
  ok   R7-A10 controller encodes request with its real security domain
  ok   R7-A11 real DATA packer
  ok   R7-A6 HAL queue really drained to fake radio
  ok   R7-A6 HAL queue really drained to fake radio
  ok   R7-A6 HAL queue really drained to fake radio
  ok   R7-A28 authenticated flight actually admits cfg set freq 1
  ok   R7-A12 main-loop completion releases ingress
  ok   R7-A7 controller ECDH
  ok   R7-A8 ordered base KDF
  ok   R7-A9 session KDF
  ok   R7-A6 HAL queue really drained to fake radio
  ok   R7-A6 HAL queue really drained to fake radio
  ok   R7-A29 actual response RTS precedes controller CTS
  ok   R7-A6 HAL queue really drained to fake radio
  ok   R7-A6 HAL queue really drained to fake radio
  ok   R7-A30 actual DATA hop ACK finishes the response flight
  ok   R7-A13 response has valid real carrier
  ok   R7-A14 air source is target identity
  ok   R7-A15 controller decodes sealed frame
  ok   R7-A16 request and sequence match
  ok   R7-A17 typed terminal matches 3
  ok   R7-A18 exactly one mandatory terminal aired
  ok   R7-A20 refusal never calls Node/handler
  ok   R7-A21 only scheduled scalar metadata may reach the local console
  ok   R7-A7 controller ECDH
  ok   R7-A8 ordered base KDF
  ok   R7-A9 session KDF
  ok   R7-A10 controller encodes request with its real security domain
  ok   R7-A11 real DATA packer
  ok   R7-A6 HAL queue really drained to fake radio
  ok   R7-A6 HAL queue really drained to fake radio
  ok   R7-A6 HAL queue really drained to fake radio
  ok   R7-A22 response ACK releases transcript, retains tombstone, and consumes no ingress/reply
  ok   R7-A1 fake radio initialized through real device adapter
  ok   R7-A2 real Node initializes
  ok   R7-A3 administration identity seeded through typed writer
  ok   R7-A4 ACL seeded through typed writer
  ok   R7-A5 real boot binding installed session
  ok   R7-A7 controller ECDH
  ok   R7-A8 ordered base KDF
  ok   R7-A9 session KDF
  ok   R7-A10 controller encodes request with its real security domain
  ok   R7-A11 real DATA packer
  ok   R7-A6 HAL queue really drained to fake radio
  ok   R7-A6 HAL queue really drained to fake radio
  ok   R7-A6 HAL queue really drained to fake radio
  ok   R7-A28 authenticated flight actually admits cfg set gateway_only 1
  ok   R7-A12 main-loop completion releases ingress
  ok   R7-A7 controller ECDH
  ok   R7-A8 ordered base KDF
  ok   R7-A9 session KDF
  ok   R7-A6 HAL queue really drained to fake radio
  ok   R7-A6 HAL queue really drained to fake radio
  ok   R7-A29 actual response RTS precedes controller CTS
  ok   R7-A6 HAL queue really drained to fake radio
  ok   R7-A6 HAL queue really drained to fake radio
  ok   R7-A30 actual DATA hop ACK finishes the response flight
  ok   R7-A13 response has valid real carrier
  ok   R7-A14 air source is target identity
  ok   R7-A15 controller decodes sealed frame
  ok   R7-A16 request and sequence match
  ok   R7-A17 typed terminal matches 3
  ok   R7-A18 exactly one mandatory terminal aired
  ok   R7-A20 refusal never calls Node/handler
  ok   R7-A21 only scheduled scalar metadata may reach the local console
  ok   R7-A7 controller ECDH
  ok   R7-A8 ordered base KDF
  ok   R7-A9 session KDF
  ok   R7-A10 controller encodes request with its real security domain
  ok   R7-A11 real DATA packer
  ok   R7-A6 HAL queue really drained to fake radio
  ok   R7-A6 HAL queue really drained to fake radio
  ok   R7-A6 HAL queue really drained to fake radio
  ok   R7-A22 response ACK releases transcript, retains tombstone, and consumes no ingress/reply
  ok   R7-A1 fake radio initialized through real device adapter
  ok   R7-A2 real Node initializes
  ok   R7-A3 administration identity seeded through typed writer
  ok   R7-A4 ACL seeded through typed writer
  ok   R7-A5 real boot binding installed session
  ok   R7-A7 controller ECDH
  ok   R7-A8 ordered base KDF
  ok   R7-A9 session KDF
  ok   R7-A10 controller encodes request with its real security domain
  ok   R7-A11 real DATA packer
  ok   R7-A6 HAL queue really drained to fake radio
  ok   R7-A6 HAL queue really drained to fake radio
  ok   R7-A6 HAL queue really drained to fake radio
  ok   R7-A28 authenticated flight actually admits cfg set host_mobiles 1
  ok   R7-A12 main-loop completion releases ingress
  ok   R7-A7 controller ECDH
  ok   R7-A8 ordered base KDF
  ok   R7-A9 session KDF
  ok   R7-A6 HAL queue really drained to fake radio
  ok   R7-A6 HAL queue really drained to fake radio
  ok   R7-A29 actual response RTS precedes controller CTS
  ok   R7-A6 HAL queue really drained to fake radio
  ok   R7-A6 HAL queue really drained to fake radio
  ok   R7-A30 actual DATA hop ACK finishes the response flight
  ok   R7-A13 response has valid real carrier
  ok   R7-A14 air source is target identity
  ok   R7-A15 controller decodes sealed frame
  ok   R7-A16 request and sequence match
  ok   R7-A17 typed terminal matches 3
  ok   R7-A18 exactly one mandatory terminal aired
  ok   R7-A20 refusal never calls Node/handler
  ok   R7-A21 only scheduled scalar metadata may reach the local console
  ok   R7-A7 controller ECDH
  ok   R7-A8 ordered base KDF
  ok   R7-A9 session KDF
  ok   R7-A10 controller encodes request with its real security domain
  ok   R7-A11 real DATA packer
  ok   R7-A6 HAL queue really drained to fake radio
  ok   R7-A6 HAL queue really drained to fake radio
  ok   R7-A6 HAL queue really drained to fake radio
  ok   R7-A22 response ACK releases transcript, retains tombstone, and consumes no ingress/reply
  ok   R7-A1 fake radio initialized through real device adapter
  ok   R7-A2 real Node initializes
  ok   R7-A3 administration identity seeded through typed writer
  ok   R7-A4 ACL seeded through typed writer
  ok   R7-A5 real boot binding installed session
  ok   R7-A7 controller ECDH
  ok   R7-A8 ordered base KDF
  ok   R7-A9 session KDF
  ok   R7-A10 controller encodes request with its real security domain
  ok   R7-A11 real DATA packer
  ok   R7-A6 HAL queue really drained to fake radio
  ok   R7-A6 HAL queue really drained to fake radio
  ok   R7-A6 HAL queue really drained to fake radio
  ok   R7-A28 authenticated flight actually admits cfg set l1_bw 1
  ok   R7-A12 main-loop completion releases ingress
  ok   R7-A7 controller ECDH
  ok   R7-A8 ordered base KDF
  ok   R7-A9 session KDF
  ok   R7-A6 HAL queue really drained to fake radio
  ok   R7-A6 HAL queue really drained to fake radio
  ok   R7-A29 actual response RTS precedes controller CTS
  ok   R7-A6 HAL queue really drained to fake radio
  ok   R7-A6 HAL queue really drained to fake radio
  ok   R7-A30 actual DATA hop ACK finishes the response flight
  ok   R7-A13 response has valid real carrier
  ok   R7-A14 air source is target identity
  ok   R7-A15 controller decodes sealed frame
  ok   R7-A16 request and sequence match
  ok   R7-A17 typed terminal matches 3
  ok   R7-A18 exactly one mandatory terminal aired
  ok   R7-A20 refusal never calls Node/handler
  ok   R7-A21 only scheduled scalar metadata may reach the local console
  ok   R7-A7 controller ECDH
  ok   R7-A8 ordered base KDF
  ok   R7-A9 session KDF
  ok   R7-A10 controller encodes request with its real security domain
  ok   R7-A11 real DATA packer
  ok   R7-A6 HAL queue really drained to fake radio
  ok   R7-A6 HAL queue really drained to fake radio
  ok   R7-A6 HAL queue really drained to fake radio
  ok   R7-A22 response ACK releases transcript, retains tombstone, and consumes no ingress/reply
  ok   R7-A1 fake radio initialized through real device adapter
  ok   R7-A2 real Node initializes
  ok   R7-A3 administration identity seeded through typed writer
  ok   R7-A4 ACL seeded through typed writer
  ok   R7-A5 real boot binding installed session
  ok   R7-A7 controller ECDH
  ok   R7-A8 ordered base KDF
  ok   R7-A9 session KDF
  ok   R7-A10 controller encodes request with its real security domain
  ok   R7-A11 real DATA packer
  ok   R7-A6 HAL queue really drained to fake radio
  ok   R7-A6 HAL queue really drained to fake radio
  ok   R7-A6 HAL queue really drained to fake radio
  ok   R7-A28 authenticated flight actually admits cfg set l1_cr 1
  ok   R7-A12 main-loop completion releases ingress
  ok   R7-A7 controller ECDH
  ok   R7-A8 ordered base KDF
  ok   R7-A9 session KDF
  ok   R7-A6 HAL queue really drained to fake radio
  ok   R7-A6 HAL queue really drained to fake radio
  ok   R7-A29 actual response RTS precedes controller CTS
  ok   R7-A6 HAL queue really drained to fake radio
  ok   R7-A6 HAL queue really drained to fake radio
  ok   R7-A30 actual DATA hop ACK finishes the response flight
  ok   R7-A13 response has valid real carrier
  ok   R7-A14 air source is target identity
  ok   R7-A15 controller decodes sealed frame
  ok   R7-A16 request and sequence match
  ok   R7-A17 typed terminal matches 3
  ok   R7-A18 exactly one mandatory terminal aired
  ok   R7-A20 refusal never calls Node/handler
  ok   R7-A21 only scheduled scalar metadata may reach the local console
  ok   R7-A7 controller ECDH
  ok   R7-A8 ordered base KDF
  ok   R7-A9 session KDF
  ok   R7-A10 controller encodes request with its real security domain
  ok   R7-A11 real DATA packer
  ok   R7-A6 HAL queue really drained to fake radio
  ok   R7-A6 HAL queue really drained to fake radio
  ok   R7-A6 HAL queue really drained to fake radio
  ok   R7-A22 response ACK releases transcript, retains tombstone, and consumes no ingress/reply
  ok   R7-A1 fake radio initialized through real device adapter
  ok   R7-A2 real Node initializes
  ok   R7-A3 administration identity seeded through typed writer
  ok   R7-A4 ACL seeded through typed writer
  ok   R7-A5 real boot binding installed session
  ok   R7-A7 controller ECDH
  ok   R7-A8 ordered base KDF
  ok   R7-A9 session KDF
  ok   R7-A10 controller encodes request with its real security domain
  ok   R7-A11 real DATA packer
  ok   R7-A6 HAL queue really drained to fake radio
  ok   R7-A6 HAL queue really drained to fake radio
  ok   R7-A6 HAL queue really drained to fake radio
  ok   R7-A28 authenticated flight actually admits cfg set l1_freq 1
  ok   R7-A12 main-loop completion releases ingress
  ok   R7-A7 controller ECDH
  ok   R7-A8 ordered base KDF
  ok   R7-A9 session KDF
  ok   R7-A6 HAL queue really drained to fake radio
  ok   R7-A6 HAL queue really drained to fake radio
  ok   R7-A29 actual response RTS precedes controller CTS
  ok   R7-A6 HAL queue really drained to fake radio
  ok   R7-A6 HAL queue really drained to fake radio
  ok   R7-A30 actual DATA hop ACK finishes the response flight
  ok   R7-A13 response has valid real carrier
  ok   R7-A14 air source is target identity
  ok   R7-A15 controller decodes sealed frame
  ok   R7-A16 request and sequence match
  ok   R7-A17 typed terminal matches 3
  ok   R7-A18 exactly one mandatory terminal aired
  ok   R7-A20 refusal never calls Node/handler
  ok   R7-A21 only scheduled scalar metadata may reach the local console
  ok   R7-A7 controller ECDH
  ok   R7-A8 ordered base KDF
  ok   R7-A9 session KDF
  ok   R7-A10 controller encodes request with its real security domain
  ok   R7-A11 real DATA packer
  ok   R7-A6 HAL queue really drained to fake radio
  ok   R7-A6 HAL queue really drained to fake radio
  ok   R7-A6 HAL queue really drained to fake radio
  ok   R7-A22 response ACK releases transcript, retains tombstone, and consumes no ingress/reply
  ok   R7-A1 fake radio initialized through real device adapter
  ok   R7-A2 real Node initializes
  ok   R7-A3 administration identity seeded through typed writer
  ok   R7-A4 ACL seeded through typed writer
  ok   R7-A5 real boot binding installed session
  ok   R7-A7 controller ECDH
  ok   R7-A8 ordered base KDF
  ok   R7-A9 session KDF
  ok   R7-A10 controller encodes request with its real security domain
  ok   R7-A11 real DATA packer
  ok   R7-A6 HAL queue really drained to fake radio
  ok   R7-A6 HAL queue really drained to fake radio
  ok   R7-A6 HAL queue really drained to fake radio
  ok   R7-A28 authenticated flight actually admits cfg set l1_layer_id 1
  ok   R7-A12 main-loop completion releases ingress
  ok   R7-A7 controller ECDH
  ok   R7-A8 ordered base KDF
  ok   R7-A9 session KDF
  ok   R7-A6 HAL queue really drained to fake radio
  ok   R7-A6 HAL queue really drained to fake radio
  ok   R7-A29 actual response RTS precedes controller CTS
  ok   R7-A6 HAL queue really drained to fake radio
  ok   R7-A6 HAL queue really drained to fake radio
  ok   R7-A30 actual DATA hop ACK finishes the response flight
  ok   R7-A13 response has valid real carrier
  ok   R7-A14 air source is target identity
  ok   R7-A15 controller decodes sealed frame
  ok   R7-A16 request and sequence match
  ok   R7-A17 typed terminal matches 3
  ok   R7-A18 exactly one mandatory terminal aired
  ok   R7-A20 refusal never calls Node/handler
  ok   R7-A21 only scheduled scalar metadata may reach the local console
  ok   R7-A7 controller ECDH
  ok   R7-A8 ordered base KDF
  ok   R7-A9 session KDF
  ok   R7-A10 controller encodes request with its real security domain
  ok   R7-A11 real DATA packer
  ok   R7-A6 HAL queue really drained to fake radio
  ok   R7-A6 HAL queue really drained to fake radio
  ok   R7-A6 HAL queue really drained to fake radio
  ok   R7-A22 response ACK releases transcript, retains tombstone, and consumes no ingress/reply
  ok   R7-A1 fake radio initialized through real device adapter
  ok   R7-A2 real Node initializes
  ok   R7-A3 administration identity seeded through typed writer
  ok   R7-A4 ACL seeded through typed writer
  ok   R7-A5 real boot binding installed session
  ok   R7-A7 controller ECDH
  ok   R7-A8 ordered base KDF
  ok   R7-A9 session KDF
  ok   R7-A10 controller encodes request with its real security domain
  ok   R7-A11 real DATA packer
  ok   R7-A6 HAL queue really drained to fake radio
  ok   R7-A6 HAL queue really drained to fake radio
  ok   R7-A6 HAL queue really drained to fake radio
  ok   R7-A28 authenticated flight actually admits cfg set l1_node_id 1
  ok   R7-A12 main-loop completion releases ingress
  ok   R7-A7 controller ECDH
  ok   R7-A8 ordered base KDF
  ok   R7-A9 session KDF
  ok   R7-A6 HAL queue really drained to fake radio
  ok   R7-A6 HAL queue really drained to fake radio
  ok   R7-A29 actual response RTS precedes controller CTS
  ok   R7-A6 HAL queue really drained to fake radio
  ok   R7-A6 HAL queue really drained to fake radio
  ok   R7-A30 actual DATA hop ACK finishes the response flight
  ok   R7-A13 response has valid real carrier
  ok   R7-A14 air source is target identity
  ok   R7-A15 controller decodes sealed frame
  ok   R7-A16 request and sequence match
  ok   R7-A17 typed terminal matches 3
  ok   R7-A18 exactly one mandatory terminal aired
  ok   R7-A20 refusal never calls Node/handler
  ok   R7-A21 only scheduled scalar metadata may reach the local console
  ok   R7-A7 controller ECDH
  ok   R7-A8 ordered base KDF
  ok   R7-A9 session KDF
  ok   R7-A10 controller encodes request with its real security domain
  ok   R7-A11 real DATA packer
  ok   R7-A6 HAL queue really drained to fake radio
  ok   R7-A6 HAL queue really drained to fake radio
  ok   R7-A6 HAL queue really drained to fake radio
  ok   R7-A22 response ACK releases transcript, retains tombstone, and consumes no ingress/reply
  ok   R7-A1 fake radio initialized through real device adapter
  ok   R7-A2 real Node initializes
  ok   R7-A3 administration identity seeded through typed writer
  ok   R7-A4 ACL seeded through typed writer
  ok   R7-A5 real boot binding installed session
  ok   R7-A7 controller ECDH
  ok   R7-A8 ordered base KDF
  ok   R7-A9 session KDF
  ok   R7-A10 controller encodes request with its real security domain
  ok   R7-A11 real DATA packer
  ok   R7-A6 HAL queue really drained to fake radio
  ok   R7-A6 HAL queue really drained to fake radio
  ok   R7-A6 HAL queue really drained to fake radio
  ok   R7-A28 authenticated flight actually admits cfg set l1_routing_sf 1
  ok   R7-A12 main-loop completion releases ingress
  ok   R7-A7 controller ECDH
  ok   R7-A8 ordered base KDF
  ok   R7-A9 session KDF
  ok   R7-A6 HAL queue really drained to fake radio
  ok   R7-A6 HAL queue really drained to fake radio
  ok   R7-A29 actual response RTS precedes controller CTS
  ok   R7-A6 HAL queue really drained to fake radio
  ok   R7-A6 HAL queue really drained to fake radio
  ok   R7-A30 actual DATA hop ACK finishes the response flight
  ok   R7-A13 response has valid real carrier
  ok   R7-A14 air source is target identity
  ok   R7-A15 controller decodes sealed frame
  ok   R7-A16 request and sequence match
  ok   R7-A17 typed terminal matches 3
  ok   R7-A18 exactly one mandatory terminal aired
  ok   R7-A20 refusal never calls Node/handler
  ok   R7-A21 only scheduled scalar metadata may reach the local console
  ok   R7-A7 controller ECDH
  ok   R7-A8 ordered base KDF
  ok   R7-A9 session KDF
  ok   R7-A10 controller encodes request with its real security domain
  ok   R7-A11 real DATA packer
  ok   R7-A6 HAL queue really drained to fake radio
  ok   R7-A6 HAL queue really drained to fake radio
  ok   R7-A6 HAL queue really drained to fake radio
  ok   R7-A22 response ACK releases transcript, retains tombstone, and consumes no ingress/reply
  ok   R7-A1 fake radio initialized through real device adapter
  ok   R7-A2 real Node initializes
  ok   R7-A3 administration identity seeded through typed writer
  ok   R7-A4 ACL seeded through typed writer
  ok   R7-A5 real boot binding installed session
  ok   R7-A7 controller ECDH
  ok   R7-A8 ordered base KDF
  ok   R7-A9 session KDF
  ok   R7-A10 controller encodes request with its real security domain
  ok   R7-A11 real DATA packer
  ok   R7-A6 HAL queue really drained to fake radio
  ok   R7-A6 HAL queue really drained to fake radio
  ok   R7-A6 HAL queue really drained to fake radio
  ok   R7-A28 authenticated flight actually admits cfg set l1_sf_list 1
  ok   R7-A12 main-loop completion releases ingress
  ok   R7-A7 controller ECDH
  ok   R7-A8 ordered base KDF
  ok   R7-A9 session KDF
  ok   R7-A6 HAL queue really drained to fake radio
  ok   R7-A6 HAL queue really drained to fake radio
  ok   R7-A29 actual response RTS precedes controller CTS
  ok   R7-A6 HAL queue really drained to fake radio
  ok   R7-A6 HAL queue really drained to fake radio
  ok   R7-A30 actual DATA hop ACK finishes the response flight
  ok   R7-A13 response has valid real carrier
  ok   R7-A14 air source is target identity
  ok   R7-A15 controller decodes sealed frame
  ok   R7-A16 request and sequence match
  ok   R7-A17 typed terminal matches 3
  ok   R7-A18 exactly one mandatory terminal aired
  ok   R7-A20 refusal never calls Node/handler
  ok   R7-A21 only scheduled scalar metadata may reach the local console
  ok   R7-A7 controller ECDH
  ok   R7-A8 ordered base KDF
  ok   R7-A9 session KDF
  ok   R7-A10 controller encodes request with its real security domain
  ok   R7-A11 real DATA packer
  ok   R7-A6 HAL queue really drained to fake radio
  ok   R7-A6 HAL queue really drained to fake radio
  ok   R7-A6 HAL queue really drained to fake radio
  ok   R7-A22 response ACK releases transcript, retains tombstone, and consumes no ingress/reply
  ok   R7-A1 fake radio initialized through real device adapter
  ok   R7-A2 real Node initializes
  ok   R7-A3 administration identity seeded through typed writer
  ok   R7-A4 ACL seeded through typed writer
  ok   R7-A5 real boot binding installed session
  ok   R7-A7 controller ECDH
  ok   R7-A8 ordered base KDF
  ok   R7-A9 session KDF
  ok   R7-A10 controller encodes request with its real security domain
  ok   R7-A11 real DATA packer
  ok   R7-A6 HAL queue really drained to fake radio
  ok   R7-A6 HAL queue really drained to fake radio
  ok   R7-A6 HAL queue really drained to fake radio
  ok   R7-A28 authenticated flight actually admits cfg set layer0_id 1
  ok   R7-A12 main-loop completion releases ingress
  ok   R7-A7 controller ECDH
  ok   R7-A8 ordered base KDF
  ok   R7-A9 session KDF
  ok   R7-A6 HAL queue really drained to fake radio
  ok   R7-A6 HAL queue really drained to fake radio
  ok   R7-A29 actual response RTS precedes controller CTS
  ok   R7-A6 HAL queue really drained to fake radio
  ok   R7-A6 HAL queue really drained to fake radio
  ok   R7-A30 actual DATA hop ACK finishes the response flight
  ok   R7-A13 response has valid real carrier
  ok   R7-A14 air source is target identity
  ok   R7-A15 controller decodes sealed frame
  ok   R7-A16 request and sequence match
  ok   R7-A17 typed terminal matches 3
  ok   R7-A18 exactly one mandatory terminal aired
  ok   R7-A20 refusal never calls Node/handler
  ok   R7-A21 only scheduled scalar metadata may reach the local console
  ok   R7-A7 controller ECDH
  ok   R7-A8 ordered base KDF
  ok   R7-A9 session KDF
  ok   R7-A10 controller encodes request with its real security domain
  ok   R7-A11 real DATA packer
  ok   R7-A6 HAL queue really drained to fake radio
  ok   R7-A6 HAL queue really drained to fake radio
  ok   R7-A6 HAL queue really drained to fake radio
  ok   R7-A22 response ACK releases transcript, retains tombstone, and consumes no ingress/reply
  ok   R7-A1 fake radio initialized through real device adapter
  ok   R7-A2 real Node initializes
  ok   R7-A3 administration identity seeded through typed writer
  ok   R7-A4 ACL seeded through typed writer
  ok   R7-A5 real boot binding installed session
  ok   R7-A7 controller ECDH
  ok   R7-A8 ordered base KDF
  ok   R7-A9 session KDF
  ok   R7-A10 controller encodes request with its real security domain
  ok   R7-A11 real DATA packer
  ok   R7-A6 HAL queue really drained to fake radio
  ok   R7-A6 HAL queue really drained to fake radio
  ok   R7-A6 HAL queue really drained to fake radio
  ok   R7-A28 authenticated flight actually admits cfg set leaf_id 1
  ok   R7-A12 main-loop completion releases ingress
  ok   R7-A7 controller ECDH
  ok   R7-A8 ordered base KDF
  ok   R7-A9 session KDF
  ok   R7-A6 HAL queue really drained to fake radio
  ok   R7-A6 HAL queue really drained to fake radio
  ok   R7-A29 actual response RTS precedes controller CTS
  ok   R7-A6 HAL queue really drained to fake radio
  ok   R7-A6 HAL queue really drained to fake radio
  ok   R7-A30 actual DATA hop ACK finishes the response flight
  ok   R7-A13 response has valid real carrier
  ok   R7-A14 air source is target identity
  ok   R7-A15 controller decodes sealed frame
  ok   R7-A16 request and sequence match
  ok   R7-A17 typed terminal matches 3
  ok   R7-A18 exactly one mandatory terminal aired
  ok   R7-A20 refusal never calls Node/handler
  ok   R7-A21 only scheduled scalar metadata may reach the local console
  ok   R7-A7 controller ECDH
  ok   R7-A8 ordered base KDF
  ok   R7-A9 session KDF
  ok   R7-A10 controller encodes request with its real security domain
  ok   R7-A11 real DATA packer
  ok   R7-A6 HAL queue really drained to fake radio
  ok   R7-A6 HAL queue really drained to fake radio
  ok   R7-A6 HAL queue really drained to fake radio
  ok   R7-A22 response ACK releases transcript, retains tombstone, and consumes no ingress/reply
  ok   R7-A1 fake radio initialized through real device adapter
  ok   R7-A2 real Node initializes
  ok   R7-A3 administration identity seeded through typed writer
  ok   R7-A4 ACL seeded through typed writer
  ok   R7-A5 real boot binding installed session
  ok   R7-A7 controller ECDH
  ok   R7-A8 ordered base KDF
  ok   R7-A9 session KDF
  ok   R7-A10 controller encodes request with its real security domain
  ok   R7-A11 real DATA packer
  ok   R7-A6 HAL queue really drained to fake radio
  ok   R7-A6 HAL queue really drained to fake radio
  ok   R7-A6 HAL queue really drained to fake radio
  ok   R7-A28 authenticated flight actually admits cfg set mobile 1
  ok   R7-A12 main-loop completion releases ingress
  ok   R7-A7 controller ECDH
  ok   R7-A8 ordered base KDF
  ok   R7-A9 session KDF
  ok   R7-A6 HAL queue really drained to fake radio
  ok   R7-A6 HAL queue really drained to fake radio
  ok   R7-A29 actual response RTS precedes controller CTS
  ok   R7-A6 HAL queue really drained to fake radio
  ok   R7-A6 HAL queue really drained to fake radio
  ok   R7-A30 actual DATA hop ACK finishes the response flight
  ok   R7-A13 response has valid real carrier
  ok   R7-A14 air source is target identity
  ok   R7-A15 controller decodes sealed frame
  ok   R7-A16 request and sequence match
  ok   R7-A17 typed terminal matches 3
  ok   R7-A18 exactly one mandatory terminal aired
  ok   R7-A20 refusal never calls Node/handler
  ok   R7-A21 only scheduled scalar metadata may reach the local console
  ok   R7-A7 controller ECDH
  ok   R7-A8 ordered base KDF
  ok   R7-A9 session KDF
  ok   R7-A10 controller encodes request with its real security domain
  ok   R7-A11 real DATA packer
  ok   R7-A6 HAL queue really drained to fake radio
  ok   R7-A6 HAL queue really drained to fake radio
  ok   R7-A6 HAL queue really drained to fake radio
  ok   R7-A22 response ACK releases transcript, retains tombstone, and consumes no ingress/reply
  ok   R7-A1 fake radio initialized through real device adapter
  ok   R7-A2 real Node initializes
  ok   R7-A3 administration identity seeded through typed writer
  ok   R7-A4 ACL seeded through typed writer
  ok   R7-A5 real boot binding installed session
  ok   R7-A7 controller ECDH
  ok   R7-A8 ordered base KDF
  ok   R7-A9 session KDF
  ok   R7-A10 controller encodes request with its real security domain
  ok   R7-A11 real DATA packer
  ok   R7-A6 HAL queue really drained to fake radio
  ok   R7-A6 HAL queue really drained to fake radio
  ok   R7-A6 HAL queue really drained to fake radio
  ok   R7-A28 authenticated flight actually admits cfg set mobile_autoregister 1
  ok   R7-A12 main-loop completion releases ingress
  ok   R7-A7 controller ECDH
  ok   R7-A8 ordered base KDF
  ok   R7-A9 session KDF
  ok   R7-A6 HAL queue really drained to fake radio
  ok   R7-A6 HAL queue really drained to fake radio
  ok   R7-A29 actual response RTS precedes controller CTS
  ok   R7-A6 HAL queue really drained to fake radio
  ok   R7-A6 HAL queue really drained to fake radio
  ok   R7-A30 actual DATA hop ACK finishes the response flight
  ok   R7-A13 response has valid real carrier
  ok   R7-A14 air source is target identity
  ok   R7-A15 controller decodes sealed frame
  ok   R7-A16 request and sequence match
  ok   R7-A17 typed terminal matches 3
  ok   R7-A18 exactly one mandatory terminal aired
  ok   R7-A20 refusal never calls Node/handler
  ok   R7-A21 only scheduled scalar metadata may reach the local console
  ok   R7-A7 controller ECDH
  ok   R7-A8 ordered base KDF
  ok   R7-A9 session KDF
  ok   R7-A10 controller encodes request with its real security domain
  ok   R7-A11 real DATA packer
  ok   R7-A6 HAL queue really drained to fake radio
  ok   R7-A6 HAL queue really drained to fake radio
  ok   R7-A6 HAL queue really drained to fake radio
  ok   R7-A22 response ACK releases transcript, retains tombstone, and consumes no ingress/reply
  ok   R7-A1 fake radio initialized through real device adapter
  ok   R7-A2 real Node initializes
  ok   R7-A3 administration identity seeded through typed writer
  ok   R7-A4 ACL seeded through typed writer
  ok   R7-A5 real boot binding installed session
  ok   R7-A7 controller ECDH
  ok   R7-A8 ordered base KDF
  ok   R7-A9 session KDF
  ok   R7-A10 controller encodes request with its real security domain
  ok   R7-A11 real DATA packer
  ok   R7-A6 HAL queue really drained to fake radio
  ok   R7-A6 HAL queue really drained to fake radio
  ok   R7-A6 HAL queue really drained to fake radio
  ok   R7-A28 authenticated flight actually admits cfg set mobile_autoregister true
  ok   R7-A12 main-loop completion releases ingress
  ok   R7-A7 controller ECDH
  ok   R7-A8 ordered base KDF
  ok   R7-A9 session KDF
  ok   R7-A6 HAL queue really drained to fake radio
  ok   R7-A6 HAL queue really drained to fake radio
  ok   R7-A29 actual response RTS precedes controller CTS
  ok   R7-A6 HAL queue really drained to fake radio
  ok   R7-A6 HAL queue really drained to fake radio
  ok   R7-A30 actual DATA hop ACK finishes the response flight
  ok   R7-A13 response has valid real carrier
  ok   R7-A14 air source is target identity
  ok   R7-A15 controller decodes sealed frame
  ok   R7-A16 request and sequence match
  ok   R7-A17 typed terminal matches 3
  ok   R7-A18 exactly one mandatory terminal aired
  ok   R7-A20 refusal never calls Node/handler
  ok   R7-A21 only scheduled scalar metadata may reach the local console
  ok   R7-A7 controller ECDH
  ok   R7-A8 ordered base KDF
  ok   R7-A9 session KDF
  ok   R7-A10 controller encodes request with its real security domain
  ok   R7-A11 real DATA packer
  ok   R7-A6 HAL queue really drained to fake radio
  ok   R7-A6 HAL queue really drained to fake radio
  ok   R7-A6 HAL queue really drained to fake radio
  ok   R7-A22 response ACK releases transcript, retains tombstone, and consumes no ingress/reply
  ok   R7-A1 fake radio initialized through real device adapter
  ok   R7-A2 real Node initializes
  ok   R7-A3 administration identity seeded through typed writer
  ok   R7-A4 ACL seeded through typed writer
  ok   R7-A5 real boot binding installed session
  ok   R7-A7 controller ECDH
  ok   R7-A8 ordered base KDF
  ok   R7-A9 session KDF
  ok   R7-A10 controller encodes request with its real security domain
  ok   R7-A11 real DATA packer
  ok   R7-A6 HAL queue really drained to fake radio
  ok   R7-A6 HAL queue really drained to fake radio
  ok   R7-A6 HAL queue really drained to fake radio
  ok   R7-A28 authenticated flight actually admits cfg set n_layers 1
  ok   R7-A12 main-loop completion releases ingress
  ok   R7-A7 controller ECDH
  ok   R7-A8 ordered base KDF
  ok   R7-A9 session KDF
  ok   R7-A6 HAL queue really drained to fake radio
  ok   R7-A6 HAL queue really drained to fake radio
  ok   R7-A29 actual response RTS precedes controller CTS
  ok   R7-A6 HAL queue really drained to fake radio
  ok   R7-A6 HAL queue really drained to fake radio
  ok   R7-A30 actual DATA hop ACK finishes the response flight
  ok   R7-A13 response has valid real carrier
  ok   R7-A14 air source is target identity
  ok   R7-A15 controller decodes sealed frame
  ok   R7-A16 request and sequence match
  ok   R7-A17 typed terminal matches 3
  ok   R7-A18 exactly one mandatory terminal aired
  ok   R7-A20 refusal never calls Node/handler
  ok   R7-A21 only scheduled scalar metadata may reach the local console
  ok   R7-A7 controller ECDH
  ok   R7-A8 ordered base KDF
  ok   R7-A9 session KDF
  ok   R7-A10 controller encodes request with its real security domain
  ok   R7-A11 real DATA packer
  ok   R7-A6 HAL queue really drained to fake radio
  ok   R7-A6 HAL queue really drained to fake radio
  ok   R7-A6 HAL queue really drained to fake radio
  ok   R7-A22 response ACK releases transcript, retains tombstone, and consumes no ingress/reply
  ok   R7-A1 fake radio initialized through real device adapter
  ok   R7-A2 real Node initializes
  ok   R7-A3 administration identity seeded through typed writer
  ok   R7-A4 ACL seeded through typed writer
  ok   R7-A5 real boot binding installed session
  ok   R7-A7 controller ECDH
  ok   R7-A8 ordered base KDF
  ok   R7-A9 session KDF
  ok   R7-A10 controller encodes request with its real security domain
  ok   R7-A11 real DATA packer
  ok   R7-A6 HAL queue really drained to fake radio
  ok   R7-A6 HAL queue really drained to fake radio
  ok   R7-A6 HAL queue really drained to fake radio
  ok   R7-A28 authenticated flight actually admits cfg set node_id 1
  ok   R7-A12 main-loop completion releases ingress
  ok   R7-A7 controller ECDH
  ok   R7-A8 ordered base KDF
  ok   R7-A9 session KDF
  ok   R7-A6 HAL queue really drained to fake radio
  ok   R7-A6 HAL queue really drained to fake radio
  ok   R7-A29 actual response RTS precedes controller CTS
  ok   R7-A6 HAL queue really drained to fake radio
  ok   R7-A6 HAL queue really drained to fake radio
  ok   R7-A30 actual DATA hop ACK finishes the response flight
  ok   R7-A13 response has valid real carrier
  ok   R7-A14 air source is target identity
  ok   R7-A15 controller decodes sealed frame
  ok   R7-A16 request and sequence match
  ok   R7-A17 typed terminal matches 3
  ok   R7-A18 exactly one mandatory terminal aired
  ok   R7-A20 refusal never calls Node/handler
  ok   R7-A21 only scheduled scalar metadata may reach the local console
  ok   R7-A7 controller ECDH
  ok   R7-A8 ordered base KDF
  ok   R7-A9 session KDF
  ok   R7-A10 controller encodes request with its real security domain
  ok   R7-A11 real DATA packer
  ok   R7-A6 HAL queue really drained to fake radio
  ok   R7-A6 HAL queue really drained to fake radio
  ok   R7-A6 HAL queue really drained to fake radio
  ok   R7-A22 response ACK releases transcript, retains tombstone, and consumes no ingress/reply
  ok   R7-A1 fake radio initialized through real device adapter
  ok   R7-A2 real Node initializes
  ok   R7-A3 administration identity seeded through typed writer
  ok   R7-A4 ACL seeded through typed writer
  ok   R7-A5 real boot binding installed session
  ok   R7-A7 controller ECDH
  ok   R7-A8 ordered base KDF
  ok   R7-A9 session KDF
  ok   R7-A10 controller encodes request with its real security domain
  ok   R7-A11 real DATA packer
  ok   R7-A6 HAL queue really drained to fake radio
  ok   R7-A6 HAL queue really drained to fake radio
  ok   R7-A6 HAL queue really drained to fake radio
  ok   R7-A28 authenticated flight actually admits cfg set routing_sf 1
  ok   R7-A12 main-loop completion releases ingress
  ok   R7-A7 controller ECDH
  ok   R7-A8 ordered base KDF
  ok   R7-A9 session KDF
  ok   R7-A6 HAL queue really drained to fake radio
  ok   R7-A6 HAL queue really drained to fake radio
  ok   R7-A29 actual response RTS precedes controller CTS
  ok   R7-A6 HAL queue really drained to fake radio
  ok   R7-A6 HAL queue really drained to fake radio
  ok   R7-A30 actual DATA hop ACK finishes the response flight
  ok   R7-A13 response has valid real carrier
  ok   R7-A14 air source is target identity
  ok   R7-A15 controller decodes sealed frame
  ok   R7-A16 request and sequence match
  ok   R7-A17 typed terminal matches 3
  ok   R7-A18 exactly one mandatory terminal aired
  ok   R7-A20 refusal never calls Node/handler
  ok   R7-A21 only scheduled scalar metadata may reach the local console
  ok   R7-A7 controller ECDH
  ok   R7-A8 ordered base KDF
  ok   R7-A9 session KDF
  ok   R7-A10 controller encodes request with its real security domain
  ok   R7-A11 real DATA packer
  ok   R7-A6 HAL queue really drained to fake radio
  ok   R7-A6 HAL queue really drained to fake radio
  ok   R7-A6 HAL queue really drained to fake radio
  ok   R7-A22 response ACK releases transcript, retains tombstone, and consumes no ingress/reply
  ok   R7-A1 fake radio initialized through real device adapter
  ok   R7-A2 real Node initializes
  ok   R7-A3 administration identity seeded through typed writer
  ok   R7-A4 ACL seeded through typed writer
  ok   R7-A5 real boot binding installed session
  ok   R7-A7 controller ECDH
  ok   R7-A8 ordered base KDF
  ok   R7-A9 session KDF
  ok   R7-A10 controller encodes request with its real security domain
  ok   R7-A11 real DATA packer
  ok   R7-A6 HAL queue really drained to fake radio
  ok   R7-A6 HAL queue really drained to fake radio
  ok   R7-A6 HAL queue really drained to fake radio
  ok   R7-A28 authenticated flight actually admits cfg set sf_list 1
  ok   R7-A12 main-loop completion releases ingress
  ok   R7-A7 controller ECDH
  ok   R7-A8 ordered base KDF
  ok   R7-A9 session KDF
  ok   R7-A6 HAL queue really drained to fake radio
  ok   R7-A6 HAL queue really drained to fake radio
  ok   R7-A29 actual response RTS precedes controller CTS
  ok   R7-A6 HAL queue really drained to fake radio
  ok   R7-A6 HAL queue really drained to fake radio
  ok   R7-A30 actual DATA hop ACK finishes the response flight
  ok   R7-A13 response has valid real carrier
  ok   R7-A14 air source is target identity
  ok   R7-A15 controller decodes sealed frame
  ok   R7-A16 request and sequence match
  ok   R7-A17 typed terminal matches 3
  ok   R7-A18 exactly one mandatory terminal aired
  ok   R7-A20 refusal never calls Node/handler
  ok   R7-A21 only scheduled scalar metadata may reach the local console
  ok   R7-A7 controller ECDH
  ok   R7-A8 ordered base KDF
  ok   R7-A9 session KDF
  ok   R7-A10 controller encodes request with its real security domain
  ok   R7-A11 real DATA packer
  ok   R7-A6 HAL queue really drained to fake radio
  ok   R7-A6 HAL queue really drained to fake radio
  ok   R7-A6 HAL queue really drained to fake radio
  ok   R7-A22 response ACK releases transcript, retains tombstone, and consumes no ingress/reply
  ok   R7-A1 fake radio initialized through real device adapter
  ok   R7-A2 real Node initializes
  ok   R7-A3 administration identity seeded through typed writer
  ok   R7-A4 ACL seeded through typed writer
  ok   R7-A5 real boot binding installed session
  ok   R7-A7 controller ECDH
  ok   R7-A8 ordered base KDF
  ok   R7-A9 session KDF
  ok   R7-A10 controller encodes request with its real security domain
  ok   R7-A11 real DATA packer
  ok   R7-A6 HAL queue really drained to fake radio
  ok   R7-A6 HAL queue really drained to fake radio
  ok   R7-A6 HAL queue really drained to fake radio
  ok   R7-A28 authenticated flight actually admits cfg set tx_power 1
  ok   R7-A12 main-loop completion releases ingress
  ok   R7-A7 controller ECDH
  ok   R7-A8 ordered base KDF
  ok   R7-A9 session KDF
  ok   R7-A6 HAL queue really drained to fake radio
  ok   R7-A6 HAL queue really drained to fake radio
  ok   R7-A29 actual response RTS precedes controller CTS
  ok   R7-A6 HAL queue really drained to fake radio
  ok   R7-A6 HAL queue really drained to fake radio
  ok   R7-A30 actual DATA hop ACK finishes the response flight
  ok   R7-A13 response has valid real carrier
  ok   R7-A14 air source is target identity
  ok   R7-A15 controller decodes sealed frame
  ok   R7-A16 request and sequence match
  ok   R7-A17 typed terminal matches 3
  ok   R7-A18 exactly one mandatory terminal aired
  ok   R7-A20 refusal never calls Node/handler
  ok   R7-A21 only scheduled scalar metadata may reach the local console
  ok   R7-A7 controller ECDH
  ok   R7-A8 ordered base KDF
  ok   R7-A9 session KDF
  ok   R7-A10 controller encodes request with its real security domain
  ok   R7-A11 real DATA packer
  ok   R7-A6 HAL queue really drained to fake radio
  ok   R7-A6 HAL queue really drained to fake radio
  ok   R7-A6 HAL queue really drained to fake radio
  ok   R7-A22 response ACK releases transcript, retains tombstone, and consumes no ingress/reply
  ok   R7-A1 fake radio initialized through real device adapter
  ok   R7-A2 real Node initializes
  ok   R7-A3 administration identity seeded through typed writer
  ok   R7-A4 ACL seeded through typed writer
  ok   R7-A5 real boot binding installed session
  ok   R7-A7 controller ECDH
  ok   R7-A8 ordered base KDF
  ok   R7-A9 session KDF
  ok   R7-A10 controller encodes request with its real security domain
  ok   R7-A11 real DATA packer
  ok   R7-A6 HAL queue really drained to fake radio
  ok   R7-A6 HAL queue really drained to fake radio
  ok   R7-A6 HAL queue really drained to fake radio
  ok   R7-A28 authenticated flight actually admits create
  ok   R7-A12 main-loop completion releases ingress
  ok   R7-A7 controller ECDH
  ok   R7-A8 ordered base KDF
  ok   R7-A9 session KDF
  ok   R7-A6 HAL queue really drained to fake radio
  ok   R7-A6 HAL queue really drained to fake radio
  ok   R7-A29 actual response RTS precedes controller CTS
  ok   R7-A6 HAL queue really drained to fake radio
  ok   R7-A6 HAL queue really drained to fake radio
  ok   R7-A30 actual DATA hop ACK finishes the response flight
  ok   R7-A13 response has valid real carrier
  ok   R7-A14 air source is target identity
  ok   R7-A15 controller decodes sealed frame
  ok   R7-A16 request and sequence match
  ok   R7-A17 typed terminal matches 3
  ok   R7-A18 exactly one mandatory terminal aired
  ok   R7-A20 refusal never calls Node/handler
  ok   R7-A21 only scheduled scalar metadata may reach the local console
  ok   R7-A7 controller ECDH
  ok   R7-A8 ordered base KDF
  ok   R7-A9 session KDF
  ok   R7-A10 controller encodes request with its real security domain
  ok   R7-A11 real DATA packer
  ok   R7-A6 HAL queue really drained to fake radio
  ok   R7-A6 HAL queue really drained to fake radio
  ok   R7-A6 HAL queue really drained to fake radio
  ok   R7-A22 response ACK releases transcript, retains tombstone, and consumes no ingress/reply
  ok   R7-A1 fake radio initialized through real device adapter
  ok   R7-A2 real Node initializes
  ok   R7-A3 administration identity seeded through typed writer
  ok   R7-A4 ACL seeded through typed writer
  ok   R7-A5 real boot binding installed session
  ok   R7-A7 controller ECDH
  ok   R7-A8 ordered base KDF
  ok   R7-A9 session KDF
  ok   R7-A10 controller encodes request with its real security domain
  ok   R7-A11 real DATA packer
  ok   R7-A6 HAL queue really drained to fake radio
  ok   R7-A6 HAL queue really drained to fake radio
  ok   R7-A6 HAL queue really drained to fake radio
  ok   R7-A28 authenticated flight actually admits create active_fraction
  ok   R7-A12 main-loop completion releases ingress
  ok   R7-A7 controller ECDH
  ok   R7-A8 ordered base KDF
  ok   R7-A9 session KDF
  ok   R7-A6 HAL queue really drained to fake radio
  ok   R7-A6 HAL queue really drained to fake radio
  ok   R7-A29 actual response RTS precedes controller CTS
  ok   R7-A6 HAL queue really drained to fake radio
  ok   R7-A6 HAL queue really drained to fake radio
  ok   R7-A30 actual DATA hop ACK finishes the response flight
  ok   R7-A13 response has valid real carrier
  ok   R7-A14 air source is target identity
  ok   R7-A15 controller decodes sealed frame
  ok   R7-A16 request and sequence match
  ok   R7-A17 typed terminal matches 3
  ok   R7-A18 exactly one mandatory terminal aired
  ok   R7-A20 refusal never calls Node/handler
  ok   R7-A21 only scheduled scalar metadata may reach the local console
  ok   R7-A7 controller ECDH
  ok   R7-A8 ordered base KDF
  ok   R7-A9 session KDF
  ok   R7-A10 controller encodes request with its real security domain
  ok   R7-A11 real DATA packer
  ok   R7-A6 HAL queue really drained to fake radio
  ok   R7-A6 HAL queue really drained to fake radio
  ok   R7-A6 HAL queue really drained to fake radio
  ok   R7-A22 response ACK releases transcript, retains tombstone, and consumes no ingress/reply
  ok   R7-A1 fake radio initialized through real device adapter
  ok   R7-A2 real Node initializes
  ok   R7-A3 administration identity seeded through typed writer
  ok   R7-A4 ACL seeded through typed writer
  ok   R7-A5 real boot binding installed session
  ok   R7-A7 controller ECDH
  ok   R7-A8 ordered base KDF
  ok   R7-A9 session KDF
  ok   R7-A10 controller encodes request with its real security domain
  ok   R7-A11 real DATA packer
  ok   R7-A6 HAL queue really drained to fake radio
  ok   R7-A6 HAL queue really drained to fake radio
  ok   R7-A6 HAL queue really drained to fake radio
  ok   R7-A28 authenticated flight actually admits create ch_min_ms
  ok   R7-A12 main-loop completion releases ingress
  ok   R7-A7 controller ECDH
  ok   R7-A8 ordered base KDF
  ok   R7-A9 session KDF
  ok   R7-A6 HAL queue really drained to fake radio
  ok   R7-A6 HAL queue really drained to fake radio
  ok   R7-A29 actual response RTS precedes controller CTS
  ok   R7-A6 HAL queue really drained to fake radio
  ok   R7-A6 HAL queue really drained to fake radio
  ok   R7-A30 actual DATA hop ACK finishes the response flight
  ok   R7-A13 response has valid real carrier
  ok   R7-A14 air source is target identity
  ok   R7-A15 controller decodes sealed frame
  ok   R7-A16 request and sequence match
  ok   R7-A17 typed terminal matches 3
  ok   R7-A18 exactly one mandatory terminal aired
  ok   R7-A20 refusal never calls Node/handler
  ok   R7-A21 only scheduled scalar metadata may reach the local console
  ok   R7-A7 controller ECDH
  ok   R7-A8 ordered base KDF
  ok   R7-A9 session KDF
  ok   R7-A10 controller encodes request with its real security domain
  ok   R7-A11 real DATA packer
  ok   R7-A6 HAL queue really drained to fake radio
  ok   R7-A6 HAL queue really drained to fake radio
  ok   R7-A6 HAL queue really drained to fake radio
  ok   R7-A22 response ACK releases transcript, retains tombstone, and consumes no ingress/reply
  ok   R7-A1 fake radio initialized through real device adapter
  ok   R7-A2 real Node initializes
  ok   R7-A3 administration identity seeded through typed writer
  ok   R7-A4 ACL seeded through typed writer
  ok   R7-A5 real boot binding installed session
  ok   R7-A7 controller ECDH
  ok   R7-A8 ordered base KDF
  ok   R7-A9 session KDF
  ok   R7-A10 controller encodes request with its real security domain
  ok   R7-A11 real DATA packer
  ok   R7-A6 HAL queue really drained to fake radio
  ok   R7-A6 HAL queue really drained to fake radio
  ok   R7-A6 HAL queue really drained to fake radio
  ok   R7-A28 authenticated flight actually admits create dm_min_ms
  ok   R7-A12 main-loop completion releases ingress
  ok   R7-A7 controller ECDH
  ok   R7-A8 ordered base KDF
  ok   R7-A9 session KDF
  ok   R7-A6 HAL queue really drained to fake radio
  ok   R7-A6 HAL queue really drained to fake radio
  ok   R7-A29 actual response RTS precedes controller CTS
  ok   R7-A6 HAL queue really drained to fake radio
  ok   R7-A6 HAL queue really drained to fake radio
  ok   R7-A30 actual DATA hop ACK finishes the response flight
  ok   R7-A13 response has valid real carrier
  ok   R7-A14 air source is target identity
  ok   R7-A15 controller decodes sealed frame
  ok   R7-A16 request and sequence match
  ok   R7-A17 typed terminal matches 3
  ok   R7-A18 exactly one mandatory terminal aired
  ok   R7-A20 refusal never calls Node/handler
  ok   R7-A21 only scheduled scalar metadata may reach the local console
  ok   R7-A7 controller ECDH
  ok   R7-A8 ordered base KDF
  ok   R7-A9 session KDF
  ok   R7-A10 controller encodes request with its real security domain
  ok   R7-A11 real DATA packer
  ok   R7-A6 HAL queue really drained to fake radio
  ok   R7-A6 HAL queue really drained to fake radio
  ok   R7-A6 HAL queue really drained to fake radio
  ok   R7-A22 response ACK releases transcript, retains tombstone, and consumes no ingress/reply
  ok   R7-A1 fake radio initialized through real device adapter
  ok   R7-A2 real Node initializes
  ok   R7-A3 administration identity seeded through typed writer
  ok   R7-A4 ACL seeded through typed writer
  ok   R7-A5 real boot binding installed session
  ok   R7-A7 controller ECDH
  ok   R7-A8 ordered base KDF
  ok   R7-A9 session KDF
  ok   R7-A10 controller encodes request with its real security domain
  ok   R7-A11 real DATA packer
  ok   R7-A6 HAL queue really drained to fake radio
  ok   R7-A6 HAL queue really drained to fake radio
  ok   R7-A6 HAL queue really drained to fake radio
  ok   R7-A28 authenticated flight actually admits create duty
  ok   R7-A12 main-loop completion releases ingress
  ok   R7-A7 controller ECDH
  ok   R7-A8 ordered base KDF
  ok   R7-A9 session KDF
  ok   R7-A6 HAL queue really drained to fake radio
  ok   R7-A6 HAL queue really drained to fake radio
  ok   R7-A29 actual response RTS precedes controller CTS
  ok   R7-A6 HAL queue really drained to fake radio
  ok   R7-A6 HAL queue really drained to fake radio
  ok   R7-A30 actual DATA hop ACK finishes the response flight
  ok   R7-A13 response has valid real carrier
  ok   R7-A14 air source is target identity
  ok   R7-A15 controller decodes sealed frame
  ok   R7-A16 request and sequence match
  ok   R7-A17 typed terminal matches 3
  ok   R7-A18 exactly one mandatory terminal aired
  ok   R7-A20 refusal never calls Node/handler
  ok   R7-A21 only scheduled scalar metadata may reach the local console
  ok   R7-A7 controller ECDH
  ok   R7-A8 ordered base KDF
  ok   R7-A9 session KDF
  ok   R7-A10 controller encodes request with its real security domain
  ok   R7-A11 real DATA packer
  ok   R7-A6 HAL queue really drained to fake radio
  ok   R7-A6 HAL queue really drained to fake radio
  ok   R7-A6 HAL queue really drained to fake radio
  ok   R7-A22 response ACK releases transcript, retains tombstone, and consumes no ingress/reply
  ok   R7-A1 fake radio initialized through real device adapter
  ok   R7-A2 real Node initializes
  ok   R7-A3 administration identity seeded through typed writer
  ok   R7-A4 ACL seeded through typed writer
  ok   R7-A5 real boot binding installed session
  ok   R7-A7 controller ECDH
  ok   R7-A8 ordered base KDF
  ok   R7-A9 session KDF
  ok   R7-A10 controller encodes request with its real security domain
  ok   R7-A11 real DATA packer
  ok   R7-A6 HAL queue really drained to fake radio
  ok   R7-A6 HAL queue really drained to fake radio
  ok   R7-A6 HAL queue really drained to fake radio
  ok   R7-A28 authenticated flight actually admits create name
  ok   R7-A12 main-loop completion releases ingress
  ok   R7-A7 controller ECDH
  ok   R7-A8 ordered base KDF
  ok   R7-A9 session KDF
  ok   R7-A6 HAL queue really drained to fake radio
  ok   R7-A6 HAL queue really drained to fake radio
  ok   R7-A29 actual response RTS precedes controller CTS
  ok   R7-A6 HAL queue really drained to fake radio
  ok   R7-A6 HAL queue really drained to fake radio
  ok   R7-A30 actual DATA hop ACK finishes the response flight
  ok   R7-A13 response has valid real carrier
  ok   R7-A14 air source is target identity
  ok   R7-A15 controller decodes sealed frame
  ok   R7-A16 request and sequence match
  ok   R7-A17 typed terminal matches 3
  ok   R7-A18 exactly one mandatory terminal aired
  ok   R7-A20 refusal never calls Node/handler
  ok   R7-A21 only scheduled scalar metadata may reach the local console
  ok   R7-A7 controller ECDH
  ok   R7-A8 ordered base KDF
  ok   R7-A9 session KDF
  ok   R7-A10 controller encodes request with its real security domain
  ok   R7-A11 real DATA packer
  ok   R7-A6 HAL queue really drained to fake radio
  ok   R7-A6 HAL queue really drained to fake radio
  ok   R7-A6 HAL queue really drained to fake radio
  ok   R7-A22 response ACK releases transcript, retains tombstone, and consumes no ingress/reply
  ok   R7-A1 fake radio initialized through real device adapter
  ok   R7-A2 real Node initializes
  ok   R7-A3 administration identity seeded through typed writer
  ok   R7-A4 ACL seeded through typed writer
  ok   R7-A5 real boot binding installed session
  ok   R7-A7 controller ECDH
  ok   R7-A8 ordered base KDF
  ok   R7-A9 session KDF
  ok   R7-A10 controller encodes request with its real security domain
  ok   R7-A11 real DATA packer
  ok   R7-A6 HAL queue really drained to fake radio
  ok   R7-A6 HAL queue really drained to fake radio
  ok   R7-A6 HAL queue really drained to fake radio
  ok   R7-A28 authenticated flight actually admits create sf_list
  ok   R7-A12 main-loop completion releases ingress
  ok   R7-A7 controller ECDH
  ok   R7-A8 ordered base KDF
  ok   R7-A9 session KDF
  ok   R7-A6 HAL queue really drained to fake radio
  ok   R7-A6 HAL queue really drained to fake radio
  ok   R7-A29 actual response RTS precedes controller CTS
  ok   R7-A6 HAL queue really drained to fake radio
  ok   R7-A6 HAL queue really drained to fake radio
  ok   R7-A30 actual DATA hop ACK finishes the response flight
  ok   R7-A13 response has valid real carrier
  ok   R7-A14 air source is target identity
  ok   R7-A15 controller decodes sealed frame
  ok   R7-A16 request and sequence match
  ok   R7-A17 typed terminal matches 3
  ok   R7-A18 exactly one mandatory terminal aired
  ok   R7-A20 refusal never calls Node/handler
  ok   R7-A21 only scheduled scalar metadata may reach the local console
  ok   R7-A7 controller ECDH
  ok   R7-A8 ordered base KDF
  ok   R7-A9 session KDF
  ok   R7-A10 controller encodes request with its real security domain
  ok   R7-A11 real DATA packer
  ok   R7-A6 HAL queue really drained to fake radio
  ok   R7-A6 HAL queue really drained to fake radio
  ok   R7-A6 HAL queue really drained to fake radio
  ok   R7-A22 response ACK releases transcript, retains tombstone, and consumes no ingress/reply
  ok   R7-A1 fake radio initialized through real device adapter
  ok   R7-A2 real Node initializes
  ok   R7-A3 administration identity seeded through typed writer
  ok   R7-A4 ACL seeded through typed writer
  ok   R7-A5 real boot binding installed session
  ok   R7-A7 controller ECDH
  ok   R7-A8 ordered base KDF
  ok   R7-A9 session KDF
  ok   R7-A10 controller encodes request with its real security domain
  ok   R7-A11 real DATA packer
  ok   R7-A6 HAL queue really drained to fake radio
  ok   R7-A6 HAL queue really drained to fake radio
  ok   R7-A6 HAL queue really drained to fake radio
  ok   R7-A28 authenticated flight actually admits gateway
  ok   R7-A12 main-loop completion releases ingress
  ok   R7-A7 controller ECDH
  ok   R7-A8 ordered base KDF
  ok   R7-A9 session KDF
  ok   R7-A6 HAL queue really drained to fake radio
  ok   R7-A6 HAL queue really drained to fake radio
  ok   R7-A29 actual response RTS precedes controller CTS
  ok   R7-A6 HAL queue really drained to fake radio
  ok   R7-A6 HAL queue really drained to fake radio
  ok   R7-A30 actual DATA hop ACK finishes the response flight
  ok   R7-A13 response has valid real carrier
  ok   R7-A14 air source is target identity
  ok   R7-A15 controller decodes sealed frame
  ok   R7-A16 request and sequence match
  ok   R7-A17 typed terminal matches 3
  ok   R7-A18 exactly one mandatory terminal aired
  ok   R7-A20 refusal never calls Node/handler
  ok   R7-A21 only scheduled scalar metadata may reach the local console
  ok   R7-A7 controller ECDH
  ok   R7-A8 ordered base KDF
  ok   R7-A9 session KDF
  ok   R7-A10 controller encodes request with its real security domain
  ok   R7-A11 real DATA packer
  ok   R7-A6 HAL queue really drained to fake radio
  ok   R7-A6 HAL queue really drained to fake radio
  ok   R7-A6 HAL queue really drained to fake radio
  ok   R7-A22 response ACK releases transcript, retains tombstone, and consumes no ingress/reply
  ok   R7-A1 fake radio initialized through real device adapter
  ok   R7-A2 real Node initializes
  ok   R7-A3 administration identity seeded through typed writer
  ok   R7-A4 ACL seeded through typed writer
  ok   R7-A5 real boot binding installed session
  ok   R7-A7 controller ECDH
  ok   R7-A8 ordered base KDF
  ok   R7-A9 session KDF
  ok   R7-A10 controller encodes request with its real security domain
  ok   R7-A11 real DATA packer
  ok   R7-A6 HAL queue really drained to fake radio
  ok   R7-A6 HAL queue really drained to fake radio
  ok   R7-A6 HAL queue really drained to fake radio
  ok   R7-A28 authenticated flight actually admits join
  ok   R7-A12 main-loop completion releases ingress
  ok   R7-A7 controller ECDH
  ok   R7-A8 ordered base KDF
  ok   R7-A9 session KDF
  ok   R7-A6 HAL queue really drained to fake radio
  ok   R7-A6 HAL queue really drained to fake radio
  ok   R7-A29 actual response RTS precedes controller CTS
  ok   R7-A6 HAL queue really drained to fake radio
  ok   R7-A6 HAL queue really drained to fake radio
  ok   R7-A30 actual DATA hop ACK finishes the response flight
  ok   R7-A13 response has valid real carrier
  ok   R7-A14 air source is target identity
  ok   R7-A15 controller decodes sealed frame
  ok   R7-A16 request and sequence match
  ok   R7-A17 typed terminal matches 3
  ok   R7-A18 exactly one mandatory terminal aired
  ok   R7-A20 refusal never calls Node/handler
  ok   R7-A21 only scheduled scalar metadata may reach the local console
  ok   R7-A7 controller ECDH
  ok   R7-A8 ordered base KDF
  ok   R7-A9 session KDF
  ok   R7-A10 controller encodes request with its real security domain
  ok   R7-A11 real DATA packer
  ok   R7-A6 HAL queue really drained to fake radio
  ok   R7-A6 HAL queue really drained to fake radio
  ok   R7-A6 HAL queue really drained to fake radio
  ok   R7-A22 response ACK releases transcript, retains tombstone, and consumes no ingress/reply
  ok   R7-A1 fake radio initialized through real device adapter
  ok   R7-A2 real Node initializes
  ok   R7-A3 administration identity seeded through typed writer
  ok   R7-A4 ACL seeded through typed writer
  ok   R7-A5 real boot binding installed session
  ok   R7-A7 controller ECDH
  ok   R7-A8 ordered base KDF
  ok   R7-A9 session KDF
  ok   R7-A10 controller encodes request with its real security domain
  ok   R7-A11 real DATA packer
  ok   R7-A6 HAL queue really drained to fake radio
  ok   R7-A6 HAL queue really drained to fake radio
  ok   R7-A6 HAL queue really drained to fake radio
  ok   R7-A28 authenticated flight actually admits create
  ok   R7-A12 main-loop completion releases ingress
  ok   R7-A7 controller ECDH
  ok   R7-A8 ordered base KDF
  ok   R7-A9 session KDF
  ok   R7-A6 HAL queue really drained to fake radio
  ok   R7-A6 HAL queue really drained to fake radio
  ok   R7-A29 actual response RTS precedes controller CTS
  ok   R7-A6 HAL queue really drained to fake radio
  ok   R7-A6 HAL queue really drained to fake radio
  ok   R7-A30 actual DATA hop ACK finishes the response flight
  ok   R7-A13 response has valid real carrier
  ok   R7-A14 air source is target identity
  ok   R7-A15 controller decodes sealed frame
  ok   R7-A16 request and sequence match
  ok   R7-A17 typed terminal matches 3
  ok   R7-A18 exactly one mandatory terminal aired
  ok   R7-A20 refusal never calls Node/handler
  ok   R7-A21 only scheduled scalar metadata may reach the local console
  ok   R7-A7 controller ECDH
  ok   R7-A8 ordered base KDF
  ok   R7-A9 session KDF
  ok   R7-A10 controller encodes request with its real security domain
  ok   R7-A11 real DATA packer
  ok   R7-A6 HAL queue really drained to fake radio
  ok   R7-A6 HAL queue really drained to fake radio
  ok   R7-A6 HAL queue really drained to fake radio
  ok   R7-A22 response ACK releases transcript, retains tombstone, and consumes no ingress/reply
  ok   R7-A1 fake radio initialized through real device adapter
  ok   R7-A2 real Node initializes
  ok   R7-A3 administration identity seeded through typed writer
  ok   R7-A4 ACL seeded through typed writer
  ok   R7-A5 real boot binding installed session
  ok   R7-A7 controller ECDH
  ok   R7-A8 ordered base KDF
  ok   R7-A9 session KDF
  ok   R7-A10 controller encodes request with its real security domain
  ok   R7-A11 real DATA packer
  ok   R7-A6 HAL queue really drained to fake radio
  ok   R7-A6 HAL queue really drained to fake radio
  ok   R7-A6 HAL queue really drained to fake radio
  ok   R7-A28 authenticated flight actually admits leave
  ok   R7-A12 main-loop completion releases ingress
  ok   R7-A7 controller ECDH
  ok   R7-A8 ordered base KDF
  ok   R7-A9 session KDF
  ok   R7-A6 HAL queue really drained to fake radio
  ok   R7-A6 HAL queue really drained to fake radio
  ok   R7-A29 actual response RTS precedes controller CTS
  ok   R7-A6 HAL queue really drained to fake radio
  ok   R7-A6 HAL queue really drained to fake radio
  ok   R7-A30 actual DATA hop ACK finishes the response flight
  ok   R7-A13 response has valid real carrier
  ok   R7-A14 air source is target identity
  ok   R7-A15 controller decodes sealed frame
  ok   R7-A16 request and sequence match
  ok   R7-A17 typed terminal matches 3
  ok   R7-A18 exactly one mandatory terminal aired
  ok   R7-A20 refusal never calls Node/handler
  ok   R7-A21 only scheduled scalar metadata may reach the local console
  ok   R7-A7 controller ECDH
  ok   R7-A8 ordered base KDF
  ok   R7-A9 session KDF
  ok   R7-A10 controller encodes request with its real security domain
  ok   R7-A11 real DATA packer
  ok   R7-A6 HAL queue really drained to fake radio
  ok   R7-A6 HAL queue really drained to fake radio
  ok   R7-A6 HAL queue really drained to fake radio
  ok   R7-A22 response ACK releases transcript, retains tombstone, and consumes no ingress/reply
  ok   R7-A1 fake radio initialized through real device adapter
  ok   R7-A2 real Node initializes
  ok   R7-A3 administration identity seeded through typed writer
  ok   R7-A4 ACL seeded through typed writer
  ok   R7-A5 real boot binding installed session
  ok   R7-A7 controller ECDH
  ok   R7-A8 ordered base KDF
  ok   R7-A9 session KDF
  ok   R7-A10 controller encodes request with its real security domain
  ok   R7-A11 real DATA packer
  ok   R7-A6 HAL queue really drained to fake radio
  ok   R7-A6 HAL queue really drained to fake radio
  ok   R7-A6 HAL queue really drained to fake radio
  ok   R7-A28 authenticated flight actually admits regen
  ok   R7-A12 main-loop completion releases ingress
  ok   R7-A7 controller ECDH
  ok   R7-A8 ordered base KDF
  ok   R7-A9 session KDF
  ok   R7-A6 HAL queue really drained to fake radio
  ok   R7-A6 HAL queue really drained to fake radio
  ok   R7-A29 actual response RTS precedes controller CTS
  ok   R7-A6 HAL queue really drained to fake radio
  ok   R7-A6 HAL queue really drained to fake radio
  ok   R7-A30 actual DATA hop ACK finishes the response flight
  ok   R7-A13 response has valid real carrier
  ok   R7-A14 air source is target identity
  ok   R7-A15 controller decodes sealed frame
  ok   R7-A16 request and sequence match
  ok   R7-A17 typed terminal matches 3
  ok   R7-A18 exactly one mandatory terminal aired
  ok   R7-A20 refusal never calls Node/handler
  ok   R7-A21 only scheduled scalar metadata may reach the local console
  ok   R7-A7 controller ECDH
  ok   R7-A8 ordered base KDF
  ok   R7-A9 session KDF
  ok   R7-A10 controller encodes request with its real security domain
  ok   R7-A11 real DATA packer
  ok   R7-A6 HAL queue really drained to fake radio
  ok   R7-A6 HAL queue really drained to fake radio
  ok   R7-A6 HAL queue really drained to fake radio
  ok   R7-A22 response ACK releases transcript, retains tombstone, and consumes no ingress/reply
  ok   R7-A1 fake radio initialized through real device adapter
  ok   R7-A2 real Node initializes
  ok   R7-A3 administration identity seeded through typed writer
  ok   R7-A4 ACL seeded through typed writer
  ok   R7-A5 real boot binding installed session
  ok   R7-A7 controller ECDH
  ok   R7-A8 ordered base KDF
  ok   R7-A9 session KDF
  ok   R7-A10 controller encodes request with its real security domain
  ok   R7-A11 real DATA packer
  ok   R7-A6 HAL queue really drained to fake radio
  ok   R7-A6 HAL queue really drained to fake radio
  ok   R7-A6 HAL queue really drained to fake radio
  ok   R7-A28 authenticated flight actually admits team
  ok   R7-A12 main-loop completion releases ingress
  ok   R7-A7 controller ECDH
  ok   R7-A8 ordered base KDF
  ok   R7-A9 session KDF
  ok   R7-A6 HAL queue really drained to fake radio
  ok   R7-A6 HAL queue really drained to fake radio
  ok   R7-A29 actual response RTS precedes controller CTS
  ok   R7-A6 HAL queue really drained to fake radio
  ok   R7-A6 HAL queue really drained to fake radio
  ok   R7-A30 actual DATA hop ACK finishes the response flight
  ok   R7-A13 response has valid real carrier
  ok   R7-A14 air source is target identity
  ok   R7-A15 controller decodes sealed frame
  ok   R7-A16 request and sequence match
  ok   R7-A17 typed terminal matches 3
  ok   R7-A18 exactly one mandatory terminal aired
  ok   R7-A20 refusal never calls Node/handler
  ok   R7-A21 only scheduled scalar metadata may reach the local console
  ok   R7-A7 controller ECDH
  ok   R7-A8 ordered base KDF
  ok   R7-A9 session KDF
  ok   R7-A10 controller encodes request with its real security domain
  ok   R7-A11 real DATA packer
  ok   R7-A6 HAL queue really drained to fake radio
  ok   R7-A6 HAL queue really drained to fake radio
  ok   R7-A6 HAL queue really drained to fake radio
  ok   R7-A22 response ACK releases transcript, retains tombstone, and consumes no ingress/reply
  ok   R7-A1 fake radio initialized through real device adapter
  ok   R7-A2 real Node initializes
  ok   R7-A3 administration identity seeded through typed writer
  ok   R7-A4 ACL seeded through typed writer
  ok   R7-A5 real boot binding installed session
  ok   R7-A7 controller ECDH
  ok   R7-A8 ordered base KDF
  ok   R7-A9 session KDF
  ok   R7-A10 controller encodes request with its real security domain
  ok   R7-A11 real DATA packer
  ok   R7-A6 HAL queue really drained to fake radio
  ok   R7-A6 HAL queue really drained to fake radio
  ok   R7-A6 HAL queue really drained to fake radio
  ok   R7-A28 authenticated flight actually admits team new
  ok   R7-A12 main-loop completion releases ingress
  ok   R7-A7 controller ECDH
  ok   R7-A8 ordered base KDF
  ok   R7-A9 session KDF
  ok   R7-A6 HAL queue really drained to fake radio
  ok   R7-A6 HAL queue really drained to fake radio
  ok   R7-A29 actual response RTS precedes controller CTS
  ok   R7-A6 HAL queue really drained to fake radio
  ok   R7-A6 HAL queue really drained to fake radio
  ok   R7-A30 actual DATA hop ACK finishes the response flight
  ok   R7-A13 response has valid real carrier
  ok   R7-A14 air source is target identity
  ok   R7-A15 controller decodes sealed frame
  ok   R7-A16 request and sequence match
  ok   R7-A17 typed terminal matches 3
  ok   R7-A18 exactly one mandatory terminal aired
  ok   R7-A20 refusal never calls Node/handler
  ok   R7-A21 only scheduled scalar metadata may reach the local console
  ok   R7-A7 controller ECDH
  ok   R7-A8 ordered base KDF
  ok   R7-A9 session KDF
  ok   R7-A10 controller encodes request with its real security domain
  ok   R7-A11 real DATA packer
  ok   R7-A6 HAL queue really drained to fake radio
  ok   R7-A6 HAL queue really drained to fake radio
  ok   R7-A6 HAL queue really drained to fake radio
  ok   R7-A22 response ACK releases transcript, retains tombstone, and consumes no ingress/reply
  ok   R7-A1 fake radio initialized through real device adapter
  ok   R7-A2 real Node initializes
  ok   R7-A3 administration identity seeded through typed writer
  ok   R7-A4 ACL seeded through typed writer
  ok   R7-A5 real boot binding installed session
  ok   R7-A7 controller ECDH
  ok   R7-A8 ordered base KDF
  ok   R7-A9 session KDF
  ok   R7-A10 controller encodes request with its real security domain
  ok   R7-A11 real DATA packer
  ok   R7-A6 HAL queue really drained to fake radio
  ok   R7-A6 HAL queue really drained to fake radio
  ok   R7-A6 HAL queue really drained to fake radio
  ok   R7-A28 authenticated flight actually admits prep-restart
  ok   R7-A12 main-loop completion releases ingress
  ok   R7-A7 controller ECDH
  ok   R7-A8 ordered base KDF
  ok   R7-A9 session KDF
  ok   R7-A6 HAL queue really drained to fake radio
  ok   R7-A6 HAL queue really drained to fake radio
  ok   R7-A29 actual response RTS precedes controller CTS
  ok   R7-A6 HAL queue really drained to fake radio
  ok   R7-A6 HAL queue really drained to fake radio
  ok   R7-A30 actual DATA hop ACK finishes the response flight
  ok   R7-A13 response has valid real carrier
  ok   R7-A14 air source is target identity
  ok   R7-A15 controller decodes sealed frame
  ok   R7-A16 request and sequence match
  ok   R7-A17 typed terminal matches 1
  ok   R7-A18 exactly one mandatory terminal aired
  ok   R7-A21 only scheduled scalar metadata may reach the local console
  ok   R7-A7 controller ECDH
  ok   R7-A8 ordered base KDF
  ok   R7-A9 session KDF
  ok   R7-A10 controller encodes request with its real security domain
  ok   R7-A11 real DATA packer
  ok   R7-A6 HAL queue really drained to fake radio
  ok   R7-A6 HAL queue really drained to fake radio
  ok   R7-A6 HAL queue really drained to fake radio
  ok   R7-A22 response ACK releases transcript, retains tombstone, and consumes no ingress/reply
  ok   R7-A1 fake radio initialized through real device adapter
  ok   R7-A2 real Node initializes
  ok   R7-A3 administration identity seeded through typed writer
  ok   R7-A4 ACL seeded through typed writer
  ok   R7-A5 real boot binding installed session
  ok   R7-A7 controller ECDH
  ok   R7-A8 ordered base KDF
  ok   R7-A9 session KDF
  ok   R7-A10 controller encodes request with its real security domain
  ok   R7-A11 real DATA packer
  ok   R7-A6 HAL queue really drained to fake radio
  ok   R7-A6 HAL queue really drained to fake radio
  ok   R7-A6 HAL queue really drained to fake radio
  ok   R7-A28 authenticated flight actually admits prep-restart
  ok   R7-A12 main-loop completion releases ingress
  ok   R7-A7 controller ECDH
  ok   R7-A8 ordered base KDF
  ok   R7-A9 session KDF
  ok   R7-A6 HAL queue really drained to fake radio
  ok   R7-A6 HAL queue really drained to fake radio
  ok   R7-A29 actual response RTS precedes controller CTS
  ok   R7-A6 HAL queue really drained to fake radio
  ok   R7-A6 HAL queue really drained to fake radio
  ok   R7-A30 actual DATA hop ACK finishes the response flight
  ok   R7-A13 response has valid real carrier
  ok   R7-A14 air source is target identity
  ok   R7-A15 controller decodes sealed frame
  ok   R7-A16 request and sequence match
  ok   R7-A17 typed terminal matches 1
  ok   R7-A18 exactly one mandatory terminal aired
  ok   R7-A21 only scheduled scalar metadata may reach the local console
  ok   R7-A7 controller ECDH
  ok   R7-A8 ordered base KDF
  ok   R7-A9 session KDF
  ok   R7-A10 controller encodes request with its real security domain
  ok   R7-A11 real DATA packer
  ok   R7-A6 HAL queue really drained to fake radio
  ok   R7-A6 HAL queue really drained to fake radio
  ok   R7-A6 HAL queue really drained to fake radio
  ok   R7-A22 response ACK releases transcript, retains tombstone, and consumes no ingress/reply
  ok   R7-A1 fake radio initialized through real device adapter
  ok   R7-A2 real Node initializes
  ok   R7-A3 administration identity seeded through typed writer
  ok   R7-A4 ACL seeded through typed writer
  ok   R7-A5 real boot binding installed session
  ok   R7-A7 controller ECDH
  ok   R7-A8 ordered base KDF
  ok   R7-A9 session KDF
  ok   R7-A10 controller encodes request with its real security domain
  ok   R7-A11 real DATA packer
  ok   R7-A6 HAL queue really drained to fake radio
  ok   R7-A6 HAL queue really drained to fake radio
  ok   R7-A6 HAL queue really drained to fake radio
  ok   R7-A28 authenticated flight actually admits prep-restart
  ok   R7-A12 main-loop completion releases ingress
  ok   R7-A7 controller ECDH
  ok   R7-A8 ordered base KDF
  ok   R7-A9 session KDF
  ok   R7-A6 HAL queue really drained to fake radio
  ok   R7-A6 HAL queue really drained to fake radio
  ok   R7-A29 actual response RTS precedes controller CTS
  ok   R7-A6 HAL queue really drained to fake radio
  ok   R7-A6 HAL queue really drained to fake radio
  ok   R7-A30 actual DATA hop ACK finishes the response flight
  ok   R7-A13 response has valid real carrier
  ok   R7-A14 air source is target identity
  ok   R7-A15 controller decodes sealed frame
  ok   R7-A16 request and sequence match
  ok   R7-A17 typed terminal matches 1
  ok   R7-A18 exactly one mandatory terminal aired
  ok   R7-A21 only scheduled scalar metadata may reach the local console
  ok   R7-A7 controller ECDH
  ok   R7-A8 ordered base KDF
  ok   R7-A9 session KDF
  ok   R7-A10 controller encodes request with its real security domain
  ok   R7-A11 real DATA packer
  ok   R7-A6 HAL queue really drained to fake radio
  ok   R7-A6 HAL queue really drained to fake radio
  ok   R7-A6 HAL queue really drained to fake radio
  ok   R7-A22 response ACK releases transcript, retains tombstone, and consumes no ingress/reply
  ok   R7-A1 fake radio initialized through real device adapter
  ok   R7-A2 real Node initializes
  ok   R7-A3 administration identity seeded through typed writer
  ok   R7-A4 ACL seeded through typed writer
  ok   R7-A5 real boot binding installed session
  ok   R7-A7 controller ECDH
  ok   R7-A8 ordered base KDF
  ok   R7-A9 session KDF
  ok   R7-A10 controller encodes request with its real security domain
  ok   R7-A11 real DATA packer
  ok   R7-A6 HAL queue really drained to fake radio
  ok   R7-A6 HAL queue really drained to fake radio
  ok   R7-A6 HAL queue really drained to fake radio
  ok   R7-A28 authenticated flight actually admits prep-restart
  ok   R7-A12 main-loop completion releases ingress
  ok   R7-A7 controller ECDH
  ok   R7-A8 ordered base KDF
  ok   R7-A9 session KDF
  ok   R7-A6 HAL queue really drained to fake radio
  ok   R7-A6 HAL queue really drained to fake radio
  ok   R7-A29 actual response RTS precedes controller CTS
  ok   R7-A6 HAL queue really drained to fake radio
  ok   R7-A6 HAL queue really drained to fake radio
  ok   R7-A30 actual DATA hop ACK finishes the response flight
  ok   R7-A13 response has valid real carrier
  ok   R7-A14 air source is target identity
  ok   R7-A15 controller decodes sealed frame
  ok   R7-A16 request and sequence match
  ok   R7-A17 typed terminal matches 3
  ok   R7-A18 exactly one mandatory terminal aired
  ok   R7-A20 refusal never calls Node/handler
  ok   R7-A21 only scheduled scalar metadata may reach the local console
  ok   R7-A7 controller ECDH
  ok   R7-A8 ordered base KDF
  ok   R7-A9 session KDF
  ok   R7-A10 controller encodes request with its real security domain
  ok   R7-A11 real DATA packer
  ok   R7-A6 HAL queue really drained to fake radio
  ok   R7-A6 HAL queue really drained to fake radio
  ok   R7-A6 HAL queue really drained to fake radio
  ok   R7-A22 response ACK releases transcript, retains tombstone, and consumes no ingress/reply
  ok   R7-A1 fake radio initialized through real device adapter
  ok   R7-A2 real Node initializes
  ok   R7-A3 administration identity seeded through typed writer
  ok   R7-A4 ACL seeded through typed writer
  ok   R7-A5 real boot binding installed session
  ok   R7-A7 controller ECDH
  ok   R7-A8 ordered base KDF
  ok   R7-A9 session KDF
  ok   R7-A10 controller encodes request with its real security domain
  ok   R7-A11 real DATA packer
  ok   R7-A6 HAL queue really drained to fake radio
  ok   R7-A6 HAL queue really drained to fake radio
  ok   R7-A6 HAL queue really drained to fake radio
  ok   R7-A28 authenticated flight actually admits prep-restart
  ok   R7-A12 main-loop completion releases ingress
  ok   R7-A7 controller ECDH
  ok   R7-A8 ordered base KDF
  ok   R7-A9 session KDF
  ok   R7-A6 HAL queue really drained to fake radio
  ok   R7-A6 HAL queue really drained to fake radio
  ok   R7-A29 actual response RTS precedes controller CTS
  ok   R7-A6 HAL queue really drained to fake radio
  ok   R7-A6 HAL queue really drained to fake radio
  ok   R7-A30 actual DATA hop ACK finishes the response flight
  ok   R7-A13 response has valid real carrier
  ok   R7-A14 air source is target identity
  ok   R7-A15 controller decodes sealed frame
  ok   R7-A16 request and sequence match
  ok   R7-A17 typed terminal matches 3
  ok   R7-A18 exactly one mandatory terminal aired
  ok   R7-A20 refusal never calls Node/handler
  ok   R7-A21 only scheduled scalar metadata may reach the local console
  ok   R7-A7 controller ECDH
  ok   R7-A8 ordered base KDF
  ok   R7-A9 session KDF
  ok   R7-A10 controller encodes request with its real security domain
  ok   R7-A11 real DATA packer
  ok   R7-A6 HAL queue really drained to fake radio
  ok   R7-A6 HAL queue really drained to fake radio
  ok   R7-A6 HAL queue really drained to fake radio
  ok   R7-A22 response ACK releases transcript, retains tombstone, and consumes no ingress/reply
  ok   R7-A1 fake radio initialized through real device adapter
  ok   R7-A2 real Node initializes
  ok   R7-A3 administration identity seeded through typed writer
  ok   R7-A4 ACL seeded through typed writer
  ok   R7-A5 real boot binding installed session
  ok   R7-A7 controller ECDH
  ok   R7-A8 ordered base KDF
  ok   R7-A9 session KDF
  ok   R7-A10 controller encodes request with its real security domain
  ok   R7-A11 real DATA packer
  ok   R7-A6 HAL queue really drained to fake radio
  ok   R7-A6 HAL queue really drained to fake radio
  ok   R7-A6 HAL queue really drained to fake radio
  ok   R7-A1 fake radio initialized through real device adapter
  ok   R7-A2 real Node initializes
  ok   R7-A3 administration identity seeded through typed writer
  ok   R7-A4 ACL seeded through typed writer
  ok   R7-A5 real boot binding installed session
  ok   R7-A7 controller ECDH
  ok   R7-A8 ordered base KDF
  ok   R7-A9 session KDF
  ok   R7-A10 controller encodes request with its real security domain
  ok   R7-A11 real DATA packer
  ok   R7-A6 HAL queue really drained to fake radio
  ok   R7-A6 HAL queue really drained to fake radio
  ok   R7-A6 HAL queue really drained to fake radio
  ok   R7-A28 authenticated flight actually admits prep-restart
  ok   R7-A12 main-loop completion releases ingress
  ok   R7-A7 controller ECDH
  ok   R7-A8 ordered base KDF
  ok   R7-A9 session KDF
  ok   R7-A6 HAL queue really drained to fake radio
  ok   R7-A6 HAL queue really drained to fake radio
  ok   R7-A29 actual response RTS precedes controller CTS
  ok   R7-A6 HAL queue really drained to fake radio
  ok   R7-A6 HAL queue really drained to fake radio
  ok   R7-A30 actual DATA hop ACK finishes the response flight
  ok   R7-A13 response has valid real carrier
  ok   R7-A14 air source is target identity
  ok   R7-A15 controller decodes sealed frame
  ok   R7-A16 request and sequence match
  ok   R7-A17 typed terminal matches 1
  ok   R7-A18 exactly one mandatory terminal aired
  ok   R7-A21 only scheduled scalar metadata may reach the local console
  ok   R7-A7 controller ECDH
  ok   R7-A8 ordered base KDF
  ok   R7-A9 session KDF
  ok   R7-A10 controller encodes request with its real security domain
  ok   R7-A11 real DATA packer
  ok   R7-A6 HAL queue really drained to fake radio
  ok   R7-A6 HAL queue really drained to fake radio
  ok   R7-A6 HAL queue really drained to fake radio
  ok   R7-A22 response ACK releases transcript, retains tombstone, and consumes no ingress/reply
  ok   R7-A1 fake radio initialized through real device adapter
  ok   R7-A2 real Node initializes
  ok   R7-A3 administration identity seeded through typed writer
  ok   R7-A4 ACL seeded through typed writer
  ok   R7-A5 real boot binding installed session
  ok   R7-A7 controller ECDH
  ok   R7-A8 ordered base KDF
  ok   R7-A9 session KDF
  ok   R7-A10 controller encodes request with its real security domain
  ok   R7-A11 real DATA packer
  ok   R7-A6 HAL queue really drained to fake radio
  ok   R7-A6 HAL queue really drained to fake radio
  ok   R7-A6 HAL queue really drained to fake radio
  ok   R7-A28 authenticated flight actually admits prep-restart
  ok   R7-A12 main-loop completion releases ingress
  ok   R7-A7 controller ECDH
  ok   R7-A8 ordered base KDF
  ok   R7-A9 session KDF
  ok   R7-A6 HAL queue really drained to fake radio
  ok   R7-A6 HAL queue really drained to fake radio
  ok   R7-A29 actual response RTS precedes controller CTS
  ok   R7-A6 HAL queue really drained to fake radio
  ok   R7-A6 HAL queue really drained to fake radio
  ok   R7-A30 actual DATA hop ACK finishes the response flight
  ok   R7-A13 response has valid real carrier
  ok   R7-A14 air source is target identity
  ok   R7-A15 controller decodes sealed frame
  ok   R7-A16 request and sequence match
  ok   R7-A17 typed terminal matches 1
  ok   R7-A18 exactly one mandatory terminal aired
  ok   R7-A21 only scheduled scalar metadata may reach the local console
  ok   R7-A1 fake radio initialized through real device adapter
  ok   R7-A2 real Node initializes
  ok   R7-A3 administration identity seeded through typed writer
  ok   R7-A4 ACL seeded through typed writer
  ok   R7-A5 real boot binding installed session
  ok   R7-A1 fake radio initialized through real device adapter
  ok   R7-A2 real Node initializes
  ok   R7-A3 administration identity seeded through typed writer
  ok   R7-A4 ACL seeded through typed writer
  ok   R7-A5 real boot binding installed session
  ok   R7-A7 controller ECDH
  ok   R7-A8 ordered base KDF
  ok   R7-A9 session KDF
  ok   R7-A10 controller encodes request with its real security domain
  ok   R7-A11 real DATA packer
  ok   R7-A6 HAL queue really drained to fake radio
  ok   R7-A6 HAL queue really drained to fake radio
  ok   R7-A6 HAL queue really drained to fake radio
  ok   R7-A1 fake radio initialized through real device adapter
  ok   R7-A2 real Node initializes
  ok   R7-A3 administration identity seeded through typed writer
  ok   R7-A4 ACL seeded through typed writer
  ok   R7-A5 real boot binding installed session
  ok   R7-A7 controller ECDH
  ok   R7-A8 ordered base KDF
  ok   R7-A9 session KDF
  ok   R7-A10 controller encodes request with its real security domain
  ok   R7-A11 real DATA packer
  ok   R7-A6 HAL queue really drained to fake radio
  ok   R7-A6 HAL queue really drained to fake radio
  ok   R7-A6 HAL queue really drained to fake radio
  ok   R7-A1 fake radio initialized through real device adapter
  ok   R7-A2 real Node initializes
  ok   R7-A3 administration identity seeded through typed writer
  ok   R7-A4 ACL seeded through typed writer
  ok   R7-A5 real boot binding installed session
  ok   R7-A7 controller ECDH
  ok   R7-A8 ordered base KDF
  ok   R7-A9 session KDF
  ok   R7-A10 controller encodes request with its real security domain
  ok   R7-A11 real DATA packer
  ok   R7-A6 HAL queue really drained to fake radio
  ok   R7-A6 HAL queue really drained to fake radio
  ok   R7-A6 HAL queue really drained to fake radio
  ok   R7-A1 fake radio initialized through real device adapter
  ok   R7-A2 real Node initializes
  ok   R7-A3 administration identity seeded through typed writer
  ok   R7-A4 ACL seeded through typed writer
  ok   R7-A5 real boot binding installed session
  ok   R7-A7 controller ECDH
  ok   R7-A8 ordered base KDF
  ok   R7-A9 session KDF
  ok   R7-A10 controller encodes request with its real security domain
  ok   R7-A11 real DATA packer
  ok   R7-A6 HAL queue really drained to fake radio
  ok   R7-A6 HAL queue really drained to fake radio
  ok   R7-A6 HAL queue really drained to fake radio
  ok   R7-A1 fake radio initialized through real device adapter
  ok   R7-A2 real Node initializes
  ok   R7-A3 administration identity seeded through typed writer
  ok   R7-A4 ACL seeded through typed writer
  ok   R7-A5 real boot binding installed session
  ok   R7-A7 controller ECDH
  ok   R7-A8 ordered base KDF
  ok   R7-A9 session KDF
  ok   R7-A10 controller encodes request with its real security domain
  ok   R7-A11 real DATA packer
  ok   R7-A6 HAL queue really drained to fake radio
  ok   R7-A6 HAL queue really drained to fake radio
  ok   R7-A6 HAL queue really drained to fake radio
  ok   R7-A1 fake radio initialized through real device adapter
  ok   R7-A2 real Node initializes
  ok   R7-A3 administration identity seeded through typed writer
  ok   R7-A4 ACL seeded through typed writer
  ok   R7-A5 real boot binding installed session
  ok   R7-A7 controller ECDH
  ok   R7-A8 ordered base KDF
  ok   R7-A9 session KDF
  ok   R7-A10 controller encodes request with its real security domain
  ok   R7-A11 real DATA packer
  ok   R7-A6 HAL queue really drained to fake radio
  ok   R7-A6 HAL queue really drained to fake radio
  ok   R7-A6 HAL queue really drained to fake radio
  ok   R7-A1 fake radio initialized through real device adapter
  ok   R7-A2 real Node initializes
  ok   R7-A3 administration identity seeded through typed writer
  ok   R7-A4 ACL seeded through typed writer
  ok   R7-A5 real boot binding installed session
  ok   R7-A7 controller ECDH
  ok   R7-A8 ordered base KDF
  ok   R7-A9 session KDF
  ok   R7-A10 controller encodes request with its real security domain
  ok   R7-A11 real DATA packer
  ok   R7-A6 HAL queue really drained to fake radio
  ok   R7-A6 HAL queue really drained to fake radio
  ok   R7-A6 HAL queue really drained to fake radio
  ok   R7-A6 HAL queue really drained to fake radio
  ok   R7-A6 HAL queue really drained to fake radio
  ok   R7-A29 actual response RTS precedes controller CTS
  ok   R7-A6 HAL queue really drained to fake radio
  ok   R7-A6 HAL queue really drained to fake radio
  ok   R7-A30 actual DATA hop ACK finishes the response flight
  ok   R7-A1 fake radio initialized through real device adapter
  ok   R7-A2 real Node initializes
  ok   R7-A3 administration identity seeded through typed writer
  ok   R7-A4 ACL seeded through typed writer
  ok   R7-A5 real boot binding installed session
  ok   R7-A7 controller ECDH
  ok   R7-A8 ordered base KDF
  ok   R7-A9 session KDF
  ok   R7-A10 controller encodes request with its real security domain
  ok   R7-A11 real DATA packer
  ok   R7-A6 HAL queue really drained to fake radio
  ok   R7-A6 HAL queue really drained to fake radio
  ok   R7-A6 HAL queue really drained to fake radio
  ok   R7-A6 HAL queue really drained to fake radio
  ok   R7-A6 HAL queue really drained to fake radio
  ok   R7-A29 actual response RTS precedes controller CTS
  ok   R7-A6 HAL queue really drained to fake radio
  ok   R7-A6 HAL queue really drained to fake radio
  ok   R7-A30 actual DATA hop ACK finishes the response flight
  ok   R7-A1 fake radio initialized through real device adapter
  ok   R7-A2 real Node initializes
  ok   R7-A3 administration identity seeded through typed writer
  ok   R7-A4 ACL seeded through typed writer
  ok   R7-A5 real boot binding installed session
  ok   R7-A7 controller ECDH
  ok   R7-A8 ordered base KDF
  ok   R7-A9 session KDF
  ok   R7-A10 controller encodes request with its real security domain
  ok   R7-A11 real DATA packer
  ok   R7-A6 HAL queue really drained to fake radio
  ok   R7-A6 HAL queue really drained to fake radio
  ok   R7-A6 HAL queue really drained to fake radio
  ok   R7-A6 HAL queue really drained to fake radio
  ok   R7-A6 HAL queue really drained to fake radio
  ok   R7-A29 actual response RTS precedes controller CTS
  ok   R7-A6 HAL queue really drained to fake radio
  ok   R7-A6 HAL queue really drained to fake radio
  ok   R7-A30 actual DATA hop ACK finishes the response flight
  ok   R7-A1 fake radio initialized through real device adapter
  ok   R7-A2 real Node initializes
  ok   R7-A3 administration identity seeded through typed writer
  ok   R7-A4 ACL seeded through typed writer
  ok   R7-A5 real boot binding installed session
  ok   R7-A7 controller ECDH
  ok   R7-A8 ordered base KDF
  ok   R7-A9 session KDF
  ok   R7-A10 controller encodes request with its real security domain
  ok   R7-A11 real DATA packer
  ok   R7-A6 HAL queue really drained to fake radio
  ok   R7-A6 HAL queue really drained to fake radio
  ok   R7-A6 HAL queue really drained to fake radio
  ok   R7-A6 HAL queue really drained to fake radio
  ok   R7-A6 HAL queue really drained to fake radio
  ok   R7-A29 actual response RTS precedes controller CTS
  ok   R7-A6 HAL queue really drained to fake radio
  ok   R7-A6 HAL queue really drained to fake radio
  ok   R7-A30 actual DATA hop ACK finishes the response flight
  ok   R7-A1 fake radio initialized through real device adapter
  ok   R7-A2 real Node initializes
  ok   R7-A3 administration identity seeded through typed writer
  ok   R7-A4 ACL seeded through typed writer
  ok   R7-A5 real boot binding installed session
  ok   R7-A7 controller ECDH
  ok   R7-A8 ordered base KDF
  ok   R7-A9 session KDF
  ok   R7-A10 controller encodes request with its real security domain
  ok   R7-A11 real DATA packer
  ok   R7-A6 HAL queue really drained to fake radio
  ok   R7-A6 HAL queue really drained to fake radio
  ok   R7-A6 HAL queue really drained to fake radio
  ok   R7-A6 HAL queue really drained to fake radio
  ok   R7-A6 HAL queue really drained to fake radio
  ok   R7-A29 actual response RTS precedes controller CTS
  ok   R7-A6 HAL queue really drained to fake radio
  ok   R7-A6 HAL queue really drained to fake radio
  ok   R7-A30 actual DATA hop ACK finishes the response flight
  ok   R7-A1 fake radio initialized through real device adapter
  ok   R7-A2 real Node initializes
  ok   R7-A3 administration identity seeded through typed writer
  ok   R7-A4 ACL seeded through typed writer
  ok   R7-A5 real boot binding installed session
  ok   R7-A7 controller ECDH
  ok   R7-A8 ordered base KDF
  ok   R7-A9 session KDF
  ok   R7-A10 controller encodes request with its real security domain
  ok   R7-A11 real DATA packer
  ok   R7-A6 HAL queue really drained to fake radio
  ok   R7-A6 HAL queue really drained to fake radio
  ok   R7-A6 HAL queue really drained to fake radio
  ok   R7-A6 HAL queue really drained to fake radio
  ok   R7-A6 HAL queue really drained to fake radio
  ok   R7-A29 actual response RTS precedes controller CTS
  ok   R7-A6 HAL queue really drained to fake radio
  ok   R7-A6 HAL queue really drained to fake radio
  ok   R7-A30 actual DATA hop ACK finishes the response flight
  ok   R7-A1 fake radio initialized through real device adapter
  ok   R7-A2 real Node initializes
  ok   R7-A3 administration identity seeded through typed writer
  ok   R7-A4 ACL seeded through typed writer
  ok   R7-A5 real boot binding installed session
  ok   R7-A7 controller ECDH
  ok   R7-A8 ordered base KDF
  ok   R7-A9 session KDF
  ok   R7-A10 controller encodes request with its real security domain
  ok   R7-A11 real DATA packer
  ok   R7-A6 HAL queue really drained to fake radio
  ok   R7-A6 HAL queue really drained to fake radio
  ok   R7-A6 HAL queue really drained to fake radio
  ok   R7-A28 authenticated flight actually admits prep-restart
  ok   R7-A12 main-loop completion releases ingress
  ok   R7-A7 controller ECDH
  ok   R7-A8 ordered base KDF
  ok   R7-A9 session KDF
  ok   R7-A6 HAL queue really drained to fake radio
  ok   R7-A6 HAL queue really drained to fake radio
  ok   R7-A29 actual response RTS precedes controller CTS
  ok   R7-A6 HAL queue really drained to fake radio
  ok   R7-A6 HAL queue really drained to fake radio
  ok   R7-A30 actual DATA hop ACK finishes the response flight
  ok   R7-A13 response has valid real carrier
  ok   R7-A14 air source is target identity
  ok   R7-A15 controller decodes sealed frame
  ok   R7-A16 request and sequence match
  ok   R7-A17 typed terminal matches 1
  ok   R7-A18 exactly one mandatory terminal aired
  ok   R7-A21 only scheduled scalar metadata may reach the local console
  ok   R7-A1 fake radio initialized through real device adapter
  ok   R7-A2 real Node initializes
  ok   R7-A3 administration identity seeded through typed writer
  ok   R7-A4 ACL seeded through typed writer
  ok   R7-A5 real boot binding installed session
  ok   R7-A7 controller ECDH
  ok   R7-A8 ordered base KDF
  ok   R7-A9 session KDF
  ok   R7-A10 controller encodes request with its real security domain
  ok   R7-A11 real DATA packer
  ok   R7-A6 HAL queue really drained to fake radio
  ok   R7-A6 HAL queue really drained to fake radio
  ok   R7-A6 HAL queue really drained to fake radio
  ok   R7-A28 authenticated flight actually admits prep-restart
  ok   R7-A12 main-loop completion releases ingress
  ok   R7-A7 controller ECDH
  ok   R7-A8 ordered base KDF
  ok   R7-A9 session KDF
  ok   R7-A6 HAL queue really drained to fake radio
  ok   R7-A6 HAL queue really drained to fake radio
  ok   R7-A29 actual response RTS precedes controller CTS
  ok   R7-A6 HAL queue really drained to fake radio
  ok   R7-A6 HAL queue really drained to fake radio
  ok   R7-A30 actual DATA hop ACK finishes the response flight
  ok   R7-A13 response has valid real carrier
  ok   R7-A14 air source is target identity
  ok   R7-A15 controller decodes sealed frame
  ok   R7-A16 request and sequence match
  ok   R7-A17 typed terminal matches 1
  ok   R7-A18 exactly one mandatory terminal aired
  ok   R7-A21 only scheduled scalar metadata may reach the local console
  ok   R7-A7 controller ECDH
  ok   R7-A8 ordered base KDF
  ok   R7-A9 session KDF
  ok   R7-A10 controller encodes request with its real security domain
  ok   R7-A11 real DATA packer
  ok   R7-A6 HAL queue really drained to fake radio
  ok   R7-A6 HAL queue really drained to fake radio
  ok   R7-A6 HAL queue really drained to fake radio
  ok   R7-A28 authenticated flight actually admits prep-restart
  ok   R7-A12 main-loop completion releases ingress
  ok   R7-A7 controller ECDH
  ok   R7-A8 ordered base KDF
  ok   R7-A9 session KDF
  ok   R7-A6 HAL queue really drained to fake radio
  ok   R7-A6 HAL queue really drained to fake radio
  ok   R7-A6 HAL queue really drained to fake radio
  ok   R7-A29 actual response RTS precedes controller CTS
  ok   R7-A6 HAL queue really drained to fake radio
  ok   R7-A6 HAL queue really drained to fake radio
  ok   R7-A30 actual DATA hop ACK finishes the response flight
  ok   R7-A13 response has valid real carrier
  ok   R7-A14 air source is target identity
  ok   R7-A15 controller decodes sealed frame
  ok   R7-A16 request and sequence match
  ok   R7-A17 typed terminal matches 8
  ok   R7-A18 exactly one mandatory terminal aired
  ok   R7-A21 only scheduled scalar metadata may reach the local console
  ok   R7-A7 controller ECDH
  ok   R7-A8 ordered base KDF
  ok   R7-A9 session KDF
  ok   R7-A10 controller encodes request with its real security domain
  ok   R7-A11 real DATA packer
  ok   R7-A6 HAL queue really drained to fake radio
  ok   R7-A6 HAL queue really drained to fake radio
  ok   R7-A6 HAL queue really drained to fake radio
  ok   R7-A22 response ACK releases transcript, retains tombstone, and consumes no ingress/reply
  ok   R7-A1 fake radio initialized through real device adapter
  ok   R7-A2 real Node initializes
  ok   R7-A3 administration identity seeded through typed writer
  ok   R7-A4 ACL seeded through typed writer
  ok   R7-A5 real boot binding installed session
  ok   R7-A1 fake radio initialized through real device adapter
  ok   R7-A2 real Node initializes
  ok   R7-A3 administration identity seeded through typed writer
  ok   R7-A4 ACL seeded through typed writer
  ok   R7-A5 real boot binding installed session
  ok   R7-A7 controller ECDH
  ok   R7-A8 ordered base KDF
  ok   R7-A9 session KDF
  ok   R7-A10 controller encodes request with its real security domain
  ok   R7-A11 real DATA packer
  ok   R7-A6 HAL queue really drained to fake radio
  ok   R7-A6 HAL queue really drained to fake radio
  ok   R7-A6 HAL queue really drained to fake radio
  ok   R7-A28 authenticated flight actually admits factory_reset confirm
  ok   R7-A12 main-loop completion releases ingress
  ok   R7-A7 controller ECDH
  ok   R7-A8 ordered base KDF
  ok   R7-A9 session KDF
  ok   R7-A6 HAL queue really drained to fake radio
  ok   R7-A6 HAL queue really drained to fake radio
  ok   R7-A29 actual response RTS precedes controller CTS
  ok   R7-A6 HAL queue really drained to fake radio
  ok   R7-A6 HAL queue really drained to fake radio
  ok   R7-A30 actual DATA hop ACK finishes the response flight
  ok   R7-A13 response has valid real carrier
  ok   R7-A14 air source is target identity
  ok   R7-A15 controller decodes sealed frame
  ok   R7-A16 request and sequence match
  ok   R7-A17 typed terminal matches 1
  ok   R7-A18 exactly one mandatory terminal aired
  ok   R7-A21 only scheduled scalar metadata may reach the local console
  ok   R7-A7 controller ECDH
  ok   R7-A8 ordered base KDF
  ok   R7-A9 session KDF
  ok   R7-A10 controller encodes request with its real security domain
  ok   R7-A11 real DATA packer
  ok   R7-A6 HAL queue really drained to fake radio
  ok   R7-A6 HAL queue really drained to fake radio
  ok   R7-A6 HAL queue really drained to fake radio
  ok   R7-A22 response ACK releases transcript, retains tombstone, and consumes no ingress/reply
  ok   R7-A1 fake radio initialized through real device adapter
  ok   R7-A2 real Node initializes
  ok   R7-A3 administration identity seeded through typed writer
  ok   R7-A4 ACL seeded through typed writer
  ok   R7-A5 real boot binding installed session
  ok   R7-A7 controller ECDH
  ok   R7-A8 ordered base KDF
  ok   R7-A9 session KDF
  ok   R7-A10 controller encodes request with its real security domain
  ok   R7-A11 real DATA packer
  ok   R7-A6 HAL queue really drained to fake radio
  ok   R7-A6 HAL queue really drained to fake radio
  ok   R7-A6 HAL queue really drained to fake radio
  ok   R7-A28 authenticated flight actually admits factory_reset confirm
  ok   R7-A12 main-loop completion releases ingress
  ok   R7-A7 controller ECDH
  ok   R7-A8 ordered base KDF
  ok   R7-A9 session KDF
  ok   R7-A6 HAL queue really drained to fake radio
  ok   R7-A6 HAL queue really drained to fake radio
  ok   R7-A29 actual response RTS precedes controller CTS
  ok   R7-A6 HAL queue really drained to fake radio
  ok   R7-A6 HAL queue really drained to fake radio
  ok   R7-A30 actual DATA hop ACK finishes the response flight
  ok   R7-A13 response has valid real carrier
  ok   R7-A14 air source is target identity
  ok   R7-A15 controller decodes sealed frame
  ok   R7-A16 request and sequence match
  ok   R7-A17 typed terminal matches 1
  ok   R7-A18 exactly one mandatory terminal aired
  ok   R7-A21 only scheduled scalar metadata may reach the local console
  ok   R7-A7 controller ECDH
  ok   R7-A8 ordered base KDF
  ok   R7-A9 session KDF
  ok   R7-A10 controller encodes request with its real security domain
  ok   R7-A11 real DATA packer
  ok   R7-A6 HAL queue really drained to fake radio
  ok   R7-A6 HAL queue really drained to fake radio
  ok   R7-A6 HAL queue really drained to fake radio
  ok   R7-A22 response ACK releases transcript, retains tombstone, and consumes no ingress/reply
  ok   R7-A1 fake radio initialized through real device adapter
  ok   R7-A2 real Node initializes
  ok   R7-A3 administration identity seeded through typed writer
  ok   R7-A4 ACL seeded through typed writer
  ok   R7-A5 real boot binding installed session
  ok   R7-A7 controller ECDH
  ok   R7-A8 ordered base KDF
  ok   R7-A9 session KDF
  ok   R7-A10 controller encodes request with its real security domain
  ok   R7-A11 real DATA packer
  ok   R7-A6 HAL queue really drained to fake radio
  ok   R7-A6 HAL queue really drained to fake radio
  ok   R7-A6 HAL queue really drained to fake radio
  ok   R7-A28 authenticated flight actually admits factory_reset confirm
  ok   R7-A12 main-loop completion releases ingress
  ok   R7-A7 controller ECDH
  ok   R7-A8 ordered base KDF
  ok   R7-A9 session KDF
  ok   R7-A6 HAL queue really drained to fake radio
  ok   R7-A6 HAL queue really drained to fake radio
  ok   R7-A29 actual response RTS precedes controller CTS
  ok   R7-A6 HAL queue really drained to fake radio
  ok   R7-A6 HAL queue really drained to fake radio
  ok   R7-A30 actual DATA hop ACK finishes the response flight
  ok   R7-A13 response has valid real carrier
  ok   R7-A14 air source is target identity
  ok   R7-A15 controller decodes sealed frame
  ok   R7-A16 request and sequence match
  ok   R7-A17 typed terminal matches 1
  ok   R7-A18 exactly one mandatory terminal aired
  ok   R7-A21 only scheduled scalar metadata may reach the local console
  ok   R7-A7 controller ECDH
  ok   R7-A8 ordered base KDF
  ok   R7-A9 session KDF
  ok   R7-A10 controller encodes request with its real security domain
  ok   R7-A11 real DATA packer
  ok   R7-A6 HAL queue really drained to fake radio
  ok   R7-A6 HAL queue really drained to fake radio
  ok   R7-A6 HAL queue really drained to fake radio
  ok   R7-A22 response ACK releases transcript, retains tombstone, and consumes no ingress/reply
  ok   R7-A1 fake radio initialized through real device adapter
  ok   R7-A2 real Node initializes
  ok   R7-A3 administration identity seeded through typed writer
  ok   R7-A4 ACL seeded through typed writer
  ok   R7-A5 real boot binding installed session
  ok   R7-A7 controller ECDH
  ok   R7-A8 ordered base KDF
  ok   R7-A9 session KDF
  ok   R7-A10 controller encodes request with its real security domain
  ok   R7-A11 real DATA packer
  ok   R7-A6 HAL queue really drained to fake radio
  ok   R7-A6 HAL queue really drained to fake radio
  ok   R7-A6 HAL queue really drained to fake radio
  ok   R7-A28 authenticated flight actually admits factory_reset confirm
  ok   R7-A12 main-loop completion releases ingress
  ok   R7-A7 controller ECDH
  ok   R7-A8 ordered base KDF
  ok   R7-A9 session KDF
  ok   R7-A6 HAL queue really drained to fake radio
  ok   R7-A6 HAL queue really drained to fake radio
  ok   R7-A29 actual response RTS precedes controller CTS
  ok   R7-A6 HAL queue really drained to fake radio
  ok   R7-A6 HAL queue really drained to fake radio
  ok   R7-A30 actual DATA hop ACK finishes the response flight
  ok   R7-A13 response has valid real carrier
  ok   R7-A14 air source is target identity
  ok   R7-A15 controller decodes sealed frame
  ok   R7-A16 request and sequence match
  ok   R7-A17 typed terminal matches 1
  ok   R7-A18 exactly one mandatory terminal aired
  ok   R7-A21 only scheduled scalar metadata may reach the local console
  ok   R7-A7 controller ECDH
  ok   R7-A8 ordered base KDF
  ok   R7-A9 session KDF
  ok   R7-A10 controller encodes request with its real security domain
  ok   R7-A11 real DATA packer
  ok   R7-A6 HAL queue really drained to fake radio
  ok   R7-A6 HAL queue really drained to fake radio
  ok   R7-A6 HAL queue really drained to fake radio
  ok   R7-A22 response ACK releases transcript, retains tombstone, and consumes no ingress/reply
  ok   R7-A1 fake radio initialized through real device adapter
  ok   R7-A2 real Node initializes
  ok   R7-A3 administration identity seeded through typed writer
  ok   R7-A4 ACL seeded through typed writer
  ok   R7-A5 real boot binding installed session
  ok   R7-A7 controller ECDH
  ok   R7-A8 ordered base KDF
  ok   R7-A9 session KDF
  ok   R7-A10 controller encodes request with its real security domain
  ok   R7-A11 real DATA packer
  ok   R7-A6 HAL queue really drained to fake radio
  ok   R7-A6 HAL queue really drained to fake radio
  ok   R7-A6 HAL queue really drained to fake radio
  ok   R7-A28 authenticated flight actually admits factory_reset confirm
  ok   R7-A12 main-loop completion releases ingress
  ok   R7-A7 controller ECDH
  ok   R7-A8 ordered base KDF
  ok   R7-A9 session KDF
  ok   R7-A6 HAL queue really drained to fake radio
  ok   R7-A6 HAL queue really drained to fake radio
  ok   R7-A29 actual response RTS precedes controller CTS
  ok   R7-A6 HAL queue really drained to fake radio
  ok   R7-A6 HAL queue really drained to fake radio
  ok   R7-A30 actual DATA hop ACK finishes the response flight
  ok   R7-A13 response has valid real carrier
  ok   R7-A14 air source is target identity
  ok   R7-A15 controller decodes sealed frame
  ok   R7-A16 request and sequence match
  ok   R7-A17 typed terminal matches 1
  ok   R7-A18 exactly one mandatory terminal aired
  ok   R7-A21 only scheduled scalar metadata may reach the local console
  ok   R7-A7 controller ECDH
  ok   R7-A8 ordered base KDF
  ok   R7-A9 session KDF
  ok   R7-A10 controller encodes request with its real security domain
  ok   R7-A11 real DATA packer
  ok   R7-A6 HAL queue really drained to fake radio
  ok   R7-A6 HAL queue really drained to fake radio
  ok   R7-A6 HAL queue really drained to fake radio
  ok   R7-A22 response ACK releases transcript, retains tombstone, and consumes no ingress/reply
  ok   R7-A1 fake radio initialized through real device adapter
  ok   R7-A2 real Node initializes
  ok   R7-A3 administration identity seeded through typed writer
  ok   R7-A4 ACL seeded through typed writer
  ok   R7-A5 real boot binding installed session
  ok   R7-A7 controller ECDH
  ok   R7-A8 ordered base KDF
  ok   R7-A9 session KDF
  ok   R7-A10 controller encodes request with its real security domain
  ok   R7-A11 real DATA packer
  ok   R7-A6 HAL queue really drained to fake radio
  ok   R7-A6 HAL queue really drained to fake radio
  ok   R7-A6 HAL queue really drained to fake radio
  ok   R7-A28 authenticated flight actually admits factory_reset confirm
  ok   R7-A12 main-loop completion releases ingress
  ok   R7-A7 controller ECDH
  ok   R7-A8 ordered base KDF
  ok   R7-A9 session KDF
  ok   R7-A6 HAL queue really drained to fake radio
  ok   R7-A6 HAL queue really drained to fake radio
  ok   R7-A29 actual response RTS precedes controller CTS
  ok   R7-A6 HAL queue really drained to fake radio
  ok   R7-A6 HAL queue really drained to fake radio
  ok   R7-A30 actual DATA hop ACK finishes the response flight
  ok   R7-A13 response has valid real carrier
  ok   R7-A14 air source is target identity
  ok   R7-A15 controller decodes sealed frame
  ok   R7-A16 request and sequence match
  ok   R7-A17 typed terminal matches 1
  ok   R7-A18 exactly one mandatory terminal aired
  ok   R7-A21 only scheduled scalar metadata may reach the local console
  ok   R7-A7 controller ECDH
  ok   R7-A8 ordered base KDF
  ok   R7-A9 session KDF
  ok   R7-A10 controller encodes request with its real security domain
  ok   R7-A11 real DATA packer
  ok   R7-A6 HAL queue really drained to fake radio
  ok   R7-A6 HAL queue really drained to fake radio
  ok   R7-A6 HAL queue really drained to fake radio
  ok   R7-A22 response ACK releases transcript, retains tombstone, and consumes no ingress/reply
  ok   R7-A1 fake radio initialized through real device adapter
  ok   R7-A2 real Node initializes
  ok   R7-A3 administration identity seeded through typed writer
  ok   R7-A4 ACL seeded through typed writer
  ok   R7-A5 real boot binding installed session
  ok   R7-A7 controller ECDH
  ok   R7-A8 ordered base KDF
  ok   R7-A9 session KDF
  ok   R7-A10 controller encodes request with its real security domain
  ok   R7-A11 real DATA packer
  ok   R7-A6 HAL queue really drained to fake radio
  ok   R7-A6 HAL queue really drained to fake radio
  ok   R7-A6 HAL queue really drained to fake radio
  ok   R7-A28 authenticated flight actually admits factory_reset confirm
  ok   R7-A12 main-loop completion releases ingress
  ok   R7-A7 controller ECDH
  ok   R7-A8 ordered base KDF
  ok   R7-A9 session KDF
  ok   R7-A6 HAL queue really drained to fake radio
  ok   R7-A6 HAL queue really drained to fake radio
  ok   R7-A29 actual response RTS precedes controller CTS
  ok   R7-A6 HAL queue really drained to fake radio
  ok   R7-A6 HAL queue really drained to fake radio
  ok   R7-A30 actual DATA hop ACK finishes the response flight
  ok   R7-A13 response has valid real carrier
  ok   R7-A14 air source is target identity
  ok   R7-A15 controller decodes sealed frame
  ok   R7-A16 request and sequence match
  ok   R7-A17 typed terminal matches 1
  ok   R7-A18 exactly one mandatory terminal aired
  ok   R7-A21 only scheduled scalar metadata may reach the local console
  ok   R7-A7 controller ECDH
  ok   R7-A8 ordered base KDF
  ok   R7-A9 session KDF
  ok   R7-A10 controller encodes request with its real security domain
  ok   R7-A11 real DATA packer
  ok   R7-A6 HAL queue really drained to fake radio
  ok   R7-A6 HAL queue really drained to fake radio
  ok   R7-A6 HAL queue really drained to fake radio
  ok   R7-A22 response ACK releases transcript, retains tombstone, and consumes no ingress/reply
  ok   R7-A1 fake radio initialized through real device adapter
  ok   R7-A2 real Node initializes
  ok   R7-A3 administration identity seeded through typed writer
  ok   R7-A4 ACL seeded through typed writer
  ok   R7-A5 real boot binding installed session
  ok   R7-A7 controller ECDH
  ok   R7-A8 ordered base KDF
  ok   R7-A9 session KDF
  ok   R7-A10 controller encodes request with its real security domain
  ok   R7-A11 real DATA packer
  ok   R7-A6 HAL queue really drained to fake radio
  ok   R7-A6 HAL queue really drained to fake radio
  ok   R7-A6 HAL queue really drained to fake radio
  ok   R7-A28 authenticated flight actually admits factory_reset confirm
  ok   R7-A12 main-loop completion releases ingress
  ok   R7-A7 controller ECDH
  ok   R7-A8 ordered base KDF
  ok   R7-A9 session KDF
  ok   R7-A6 HAL queue really drained to fake radio
  ok   R7-A6 HAL queue really drained to fake radio
  ok   R7-A29 actual response RTS precedes controller CTS
  ok   R7-A6 HAL queue really drained to fake radio
  ok   R7-A6 HAL queue really drained to fake radio
  ok   R7-A30 actual DATA hop ACK finishes the response flight
  ok   R7-A13 response has valid real carrier
  ok   R7-A14 air source is target identity
  ok   R7-A15 controller decodes sealed frame
  ok   R7-A16 request and sequence match
  ok   R7-A17 typed terminal matches 1
  ok   R7-A18 exactly one mandatory terminal aired
  ok   R7-A21 only scheduled scalar metadata may reach the local console
  ok   R7-A7 controller ECDH
  ok   R7-A8 ordered base KDF
  ok   R7-A9 session KDF
  ok   R7-A10 controller encodes request with its real security domain
  ok   R7-A11 real DATA packer
  ok   R7-A6 HAL queue really drained to fake radio
  ok   R7-A6 HAL queue really drained to fake radio
  ok   R7-A6 HAL queue really drained to fake radio
  ok   R7-A22 response ACK releases transcript, retains tombstone, and consumes no ingress/reply
  ok   R7-A1 fake radio initialized through real device adapter
  ok   R7-A2 real Node initializes
  ok   R7-A3 administration identity seeded through typed writer
  ok   R7-A4 ACL seeded through typed writer
  ok   R7-A5 real boot binding installed session
  ok   R7-A7 controller ECDH
  ok   R7-A8 ordered base KDF
  ok   R7-A9 session KDF
  ok   R7-A10 controller encodes request with its real security domain
  ok   R7-A11 real DATA packer
  ok   R7-A6 HAL queue really drained to fake radio
  ok   R7-A6 HAL queue really drained to fake radio
  ok   R7-A6 HAL queue really drained to fake radio
  ok   R7-A28 authenticated flight actually admits ota
  ok   R7-A12 main-loop completion releases ingress
  ok   R7-A7 controller ECDH
  ok   R7-A8 ordered base KDF
  ok   R7-A9 session KDF
  ok   R7-A6 HAL queue really drained to fake radio
  ok   R7-A6 HAL queue really drained to fake radio
  ok   R7-A29 actual response RTS precedes controller CTS
  ok   R7-A6 HAL queue really drained to fake radio
  ok   R7-A6 HAL queue really drained to fake radio
  ok   R7-A30 actual DATA hop ACK finishes the response flight
  ok   R7-A13 response has valid real carrier
  ok   R7-A14 air source is target identity
  ok   R7-A15 controller decodes sealed frame
  ok   R7-A16 request and sequence match
  FAIL R7-A17 typed terminal matches 1
  ok   R7-A18 exactly one mandatory terminal aired
  FAIL R7-A21 only scheduled scalar metadata may reach the local console
  ok   R7-A7 controller ECDH
  ok   R7-A8 ordered base KDF
  ok   R7-A9 session KDF
  ok   R7-A10 controller encodes request with its real security domain
  ok   R7-A11 real DATA packer
  ok   R7-A6 HAL queue really drained to fake radio
  ok   R7-A6 HAL queue really drained to fake radio
  ok   R7-A6 HAL queue really drained to fake radio
  ok   R7-A22 response ACK releases transcript, retains tombstone, and consumes no ingress/reply
  FAIL remote action 521: g_node.admin_session_state().last_activation_outcome==static_cast<uint8_t>(active||backend_ok?ActionOutcome::completed:ActionOutcome::backend_failed)
NONSCALAR: OTA: SoftAP 'MeshRoute-OTA' IP=192.0.2.1
OTA: browse to the IP above, upload firmware.bin
> OTA: browse to the IP above, upload firmware.bin — node reboots on success

  FAIL remote action 522: scalar_console_only()
  ok   R7-A1 fake radio initialized through real device adapter
  ok   R7-A2 real Node initializes
  ok   R7-A3 administration identity seeded through typed writer
  ok   R7-A4 ACL seeded through typed writer
  ok   R7-A5 real boot binding installed session
  ok   R7-A7 controller ECDH
  ok   R7-A8 ordered base KDF
  ok   R7-A9 session KDF
  ok   R7-A10 controller encodes request with its real security domain
  ok   R7-A11 real DATA packer
  ok   R7-A6 HAL queue really drained to fake radio
  ok   R7-A6 HAL queue really drained to fake radio
  ok   R7-A6 HAL queue really drained to fake radio
  ok   R7-A28 authenticated flight actually admits ota
  ok   R7-A12 main-loop completion releases ingress
  ok   R7-A7 controller ECDH
  ok   R7-A8 ordered base KDF
  ok   R7-A9 session KDF
  ok   R7-A6 HAL queue really drained to fake radio
  ok   R7-A6 HAL queue really drained to fake radio
  ok   R7-A29 actual response RTS precedes controller CTS
  ok   R7-A6 HAL queue really drained to fake radio
  ok   R7-A6 HAL queue really drained to fake radio
  ok   R7-A30 actual DATA hop ACK finishes the response flight
  ok   R7-A13 response has valid real carrier
  ok   R7-A14 air source is target identity
  ok   R7-A15 controller decodes sealed frame
  ok   R7-A16 request and sequence match
  FAIL R7-A17 typed terminal matches 1
  ok   R7-A18 exactly one mandatory terminal aired
  FAIL R7-A21 only scheduled scalar metadata may reach the local console
  ok   R7-A7 controller ECDH
  ok   R7-A8 ordered base KDF
  ok   R7-A9 session KDF
  ok   R7-A10 controller encodes request with its real security domain
  ok   R7-A11 real DATA packer
  ok   R7-A6 HAL queue really drained to fake radio
  ok   R7-A6 HAL queue really drained to fake radio
  ok   R7-A6 HAL queue really drained to fake radio
  ok   R7-A22 response ACK releases transcript, retains tombstone, and consumes no ingress/reply
  FAIL remote action 523: mrota::s_active==(active||backend_ok)
  FAIL remote action 525: g_node.admin_session_state().last_activation_outcome==static_cast<uint8_t>(active||backend_ok?ActionOutcome::completed:ActionOutcome::backend_failed)
NONSCALAR: OTA: SoftAP 'MeshRoute-OTA' IP=192.0.2.1
OTA: browse to the IP above, upload firmware.bin
> OTA: browse to the IP above, upload firmware.bin — node reboots on success

  FAIL remote action 526: scalar_console_only()
  ok   R7-A1 fake radio initialized through real device adapter
  ok   R7-A2 real Node initializes
  ok   R7-A3 administration identity seeded through typed writer
  ok   R7-A4 ACL seeded through typed writer
  ok   R7-A5 real boot binding installed session
  ok   R7-A7 controller ECDH
  ok   R7-A8 ordered base KDF
  ok   R7-A9 session KDF
  ok   R7-A10 controller encodes request with its real security domain
  ok   R7-A11 real DATA packer
  ok   R7-A6 HAL queue really drained to fake radio
  ok   R7-A6 HAL queue really drained to fake radio
  ok   R7-A6 HAL queue really drained to fake radio
  ok   R7-A28 authenticated flight actually admits ota
  ok   R7-A12 main-loop completion releases ingress
  ok   R7-A7 controller ECDH
  ok   R7-A8 ordered base KDF
  ok   R7-A9 session KDF
  ok   R7-A6 HAL queue really drained to fake radio
  ok   R7-A6 HAL queue really drained to fake radio
  ok   R7-A29 actual response RTS precedes controller CTS
  ok   R7-A6 HAL queue really drained to fake radio
  ok   R7-A6 HAL queue really drained to fake radio
  ok   R7-A30 actual DATA hop ACK finishes the response flight
  ok   R7-A13 response has valid real carrier
  ok   R7-A14 air source is target identity
  ok   R7-A15 controller decodes sealed frame
  ok   R7-A16 request and sequence match
  FAIL R7-A17 typed terminal matches 1
  ok   R7-A18 exactly one mandatory terminal aired
  FAIL R7-A21 only scheduled scalar metadata may reach the local console
  ok   R7-A7 controller ECDH
  ok   R7-A8 ordered base KDF
  ok   R7-A9 session KDF
  ok   R7-A10 controller encodes request with its real security domain
  ok   R7-A11 real DATA packer
  ok   R7-A6 HAL queue really drained to fake radio
  ok   R7-A6 HAL queue really drained to fake radio
  ok   R7-A6 HAL queue really drained to fake radio
  ok   R7-A22 response ACK releases transcript, retains tombstone, and consumes no ingress/reply
  FAIL remote action 529: g_node.admin_session_state().last_activation_outcome==static_cast<uint8_t>(active||backend_ok?ActionOutcome::completed:ActionOutcome::backend_failed)
NONSCALAR: OTA: SoftAP 'MeshRoute-OTA' IP=192.0.2.1
OTA: browse to the IP above, upload firmware.bin
> OTA: browse to the IP above, upload firmware.bin — node reboots on success

  FAIL remote action 530: scalar_console_only()
  ok   R7-A1 fake radio initialized through real device adapter
  ok   R7-A2 real Node initializes
  ok   R7-A3 administration identity seeded through typed writer
  ok   R7-A4 ACL seeded through typed writer
  ok   R7-A5 real boot binding installed session
  ok   R7-A7 controller ECDH
  ok   R7-A8 ordered base KDF
  ok   R7-A9 session KDF
  ok   R7-A10 controller encodes request with its real security domain
  ok   R7-A11 real DATA packer
  ok   R7-A6 HAL queue really drained to fake radio
  ok   R7-A6 HAL queue really drained to fake radio
  ok   R7-A6 HAL queue really drained to fake radio
  ok   R7-A28 authenticated flight actually admits ota
  ok   R7-A12 main-loop completion releases ingress
  ok   R7-A7 controller ECDH
  ok   R7-A8 ordered base KDF
  ok   R7-A9 session KDF
  ok   R7-A6 HAL queue really drained to fake radio
  ok   R7-A6 HAL queue really drained to fake radio
  ok   R7-A29 actual response RTS precedes controller CTS
  ok   R7-A6 HAL queue really drained to fake radio
  ok   R7-A6 HAL queue really drained to fake radio
  ok   R7-A30 actual DATA hop ACK finishes the response flight
  ok   R7-A13 response has valid real carrier
  ok   R7-A14 air source is target identity
  ok   R7-A15 controller decodes sealed frame
  ok   R7-A16 request and sequence match
  FAIL R7-A17 typed terminal matches 1
  ok   R7-A18 exactly one mandatory terminal aired
  FAIL R7-A21 only scheduled scalar metadata may reach the local console
  ok   R7-A7 controller ECDH
  ok   R7-A8 ordered base KDF
  ok   R7-A9 session KDF
  ok   R7-A10 controller encodes request with its real security domain
  ok   R7-A11 real DATA packer
  ok   R7-A6 HAL queue really drained to fake radio
  ok   R7-A6 HAL queue really drained to fake radio
  ok   R7-A6 HAL queue really drained to fake radio
  ok   R7-A22 response ACK releases transcript, retains tombstone, and consumes no ingress/reply
  FAIL remote action 533: g_node.admin_session_state().last_activation_outcome==static_cast<uint8_t>(active||backend_ok?ActionOutcome::completed:ActionOutcome::backend_failed)
NONSCALAR: OTA: SoftAP 'MeshRoute-OTA' IP=192.0.2.1
OTA: browse to the IP above, upload firmware.bin
> OTA: browse to the IP above, upload firmware.bin — node reboots on success

  FAIL remote action 534: scalar_console_only()
REMOTE ACTION CHECKS 534 RADIO 3634 FAILED 30
