<?xml version="1.0" encoding="UTF-8"?>
<doctest binary="./.pio/build/native/program" version="2.4.12">
  <Options order_by="file" rand_seed="0" first="0" last="4294967295" abort_after="0" subcase_filter_levels="2147483647" case_sensitive="false" no_throw="false" no_skip="false"/>
  <TestSuite>
    <TestCase name="admin KDF — deterministic, password-sensitive" filename="test/test_admin_auth.cpp" line="9" skipped="true"/>
    <TestCase name="admin counter — strictly-above-floor" filename="test/test_admin_auth.cpp" line="20" skipped="true"/>
    <TestCase name="admin cmd — seal/open round-trip; wrong admin key fails" filename="test/test_admin_auth.cpp" line="26" skipped="true"/>
    <TestCase name="admin verify — verdicts" filename="test/test_admin_auth.cpp" line="47" skipped="true"/>
    <TestCase name="airtime_ms — SF7/BW125/CR4/5 baselines (Lua reference)" filename="test/test_airtime.cpp" line="26" skipped="true"/>
    <TestCase name="airtime_ms — SF12/BW125/CR4/5 slow leg (low-data-rate-optimize active)" filename="test/test_airtime.cpp" line="33" skipped="true"/>
    <TestCase name="airtime_ms — SF5/SF6 low-SF framing (SX126x §6.1.4: 6.25 sync, +36)" filename="test/test_airtime.cpp" line="39" skipped="true"/>
    <TestCase name="airtime_ms — SF8/BW125 default RF plan, full beacon" filename="test/test_airtime.cpp" line="52" skipped="true"/>
    <TestCase name="airtime_ms — wider BW = shorter airtime" filename="test/test_airtime.cpp" line="60" skipped="true"/>
    <TestCase name="airtime_ms — RTS_LEN=8 pins TODAY's retry-jitter range (pre-B158 baseline, expected to be REPLACED)" filename="test/test_airtime.cpp" line="70" skipped="true"/>
    <TestCase name="airtime_ms — duty-cycle math from project_band_choice" filename="test/test_airtime.cpp" line="93" skipped="true"/>
    <TestCase name="§HYBRID-RTS-S5 — the CTS 3/4/6/7 + RTS 7/9/10/11/43 ledger at the named PHY cells" filename="test/test_airtime.cpp" line="126" skipped="true"/>
    <TestCase name="§HYBRID-RTS-S5 / [[B158]] — start_rts_timeout's margin is NON-NEGATIVE at ALL 128 supported PHY cells" filename="test/test_airtime.cpp" line="161" skipped="true"/>
    <TestCase name="§HYBRID-RTS-S5 — airtime_ms is monotonic in length over the whole grid (the 'safe direction' premise)" filename="test/test_airtime.cpp" line="219" skipped="true"/>
    <TestCase name="§HYBRID-RTS-S5 — the ACK is 3 B and the routing-frame length set is {3,4,6,7,9,10,11,43}" filename="test/test_airtime.cpp" line="253" skipped="true"/>
    <TestCase name="AirtimeLedger — sliding window sum + eviction + oldest" filename="test/test_airtime_ledger.cpp" line="13" skipped="true"/>
    <TestCase name="AirtimeLedger — overflow COALESCES (never under-reports in-window airtime) [H5]" filename="test/test_airtime_ledger.cpp" line="34" skipped="true"/>
    <TestCase name="AirtimeLedger — a genuinely aged record still drops after coalescing [H5]" filename="test/test_airtime_ledger.cpp" line="47" skipped="true"/>
    <TestCase name="cmdauthority every ruled row and every alias resolves with and without arguments" filename="test/test_command_authority.cpp" line="40" skipped="true"/>
    <TestCase name="cmdauthority owner and physical distinctions are semantic" filename="test/test_command_authority.cpp" line="57" skipped="true"/>
    <TestCase name="cmdauthority seven classes by four authorities truth table" filename="test/test_command_authority.cpp" line="81" skipped="true"/>
    <TestCase name="cmdauthority open access is exact and argument free" filename="test/test_command_authority.cpp" line="100" skipped="true"/>
    <TestCase name="cmdauthority unknown primary and token boundaries fail closed" filename="test/test_command_authority.cpp" line="116" skipped="true"/>
    <TestCase name="cmdauthority owner-prefixed subcommands never downgrade to the bare family" filename="test/test_command_authority.cpp" line="122" skipped="true"/>
    <TestCase name="cmdauthority disruptive set equals the independent ruled list" filename="test/test_command_authority.cpp" line="134" skipped="true"/>
    <TestCase name="cmdcontext carries the supplied transport authority presence id and bound" filename="test/test_command_authority.cpp" line="153" skipped="true"/>
    <TestCase name="companion policy: off never advertises" filename="test/test_companion_policy.cpp" line="22" skipped="true"/>
    <TestCase name="companion policy: on always advertises" filename="test/test_companion_policy.cpp" line="33" skipped="true"/>
    <TestCase name="companion policy: periodic — boot window, then one window per period" filename="test/test_companion_policy.cpp" line="42" skipped="true"/>
    <TestCase name="companion policy: request_window opens an immediate window during idle (periodic)" filename="test/test_companion_policy.cpp" line="57" skipped="true"/>
    <TestCase name="bin TLV primitives — put/reader/get round-trip, LE, overflow" filename="test/test_console_binary.cpp" line="10" skipped="true"/>
    <TestCase name="bin TLV — overflow returns false, no OOB" filename="test/test_console_binary.cpp" line="33" skipped="true"/>
    <TestCase name="bin TLV — reader rejects a truncated buffer" filename="test/test_console_binary.cpp" line="40" skipped="true"/>
    <TestCase name="bin duty — round-trip" filename="test/test_console_binary.cpp" line="47" skipped="true"/>
    <TestCase name="bin duty — overflow returns 0" filename="test/test_console_binary.cpp" line="55" skipped="true"/>
    <TestCase name="bin duty — decoder skips an unknown tag (forward-compat)" filename="test/test_console_binary.cpp" line="59" skipped="true"/>
    <TestCase name="bin limits — round-trip" filename="test/test_console_binary.cpp" line="66" skipped="true"/>
    <TestCase name="bin status — round-trip + batt omitted when &lt;0" filename="test/test_console_binary.cpp" line="76" skipped="true"/>
    <TestCase name="bin cfg — round-trip, fits 241 for a single-layer node" filename="test/test_console_binary.cpp" line="90" skipped="true"/>
    <TestCase name="bin routes — pack N, round-trip, truncated flag" filename="test/test_console_binary.cpp" line="105" skipped="true"/>
    <TestCase name="bin routes — truncates when over cap" filename="test/test_console_binary.cpp" line="117" skipped="true"/>
    <TestCase name="bin faults — round-trip + truncated" filename="test/test_console_binary.cpp" line="127" skipped="true"/>
    <TestCase name="bin gateway — 2-layer config + schedule round-trip" filename="test/test_console_binary.cpp" line="137" skipped="true"/>
    <TestCase name="bin — a wrong-msg-type buffer is rejected by every decoder" filename="test/test_console_binary.cpp" line="149" skipped="true"/>
    <TestCase name="bin — a zero-length / 1-byte buffer never crashes a decoder" filename="test/test_console_binary.cpp" line="156" skipped="true"/>
    <TestCase name="bin — status decoder tolerates a truncated value at the tail" filename="test/test_console_binary.cpp" line="161" skipped="true"/>
    <TestCase name="JsonBuf — primitives, escaping, overflow latch" filename="test/test_console_json.cpp" line="13" skipped="true"/>
    <TestCase name="M9 — JsonBuf::str UTF-8 validation (valid verbatim, invalid -> U+FFFD, escaping preserved)" filename="test/test_console_json.cpp" line="48" skipped="true"/>
    <TestCase name="write_ack — CmdResult → ack JSON" filename="test/test_console_json.cpp" line="93" skipped="true"/>
    <TestCase name="write_event — type + typed EventField k/v" filename="test/test_console_json.cpp" line="134" skipped="true"/>
    <TestCase name="write_push — msg_recv/channel_recv carry identity + seq (model B); seq OMITTED when 0 (inbox disabled)" filename="test/test_console_json.cpp" line="144" skipped="true"/>
    <TestCase name="§GapA — msg_recv emits origin_layer on a cross-layer DM (after layer_id, before ctr); OMITTED when 0" filename="test/test_console_json.cpp" line="192" skipped="true"/>
    <TestCase name="write_inbox_* — pull stream records + terminator + mark_read ack" filename="test/test_console_json.cpp" line="205" skipped="true"/>
    <TestCase name="write_inbox_cleared / write_inbox_needs_confirm — §CUSTODY-D's three frozen shapes" filename="test/test_console_json.cpp" line="253" skipped="true"/>
    <TestCase name="write_err / write_log / write_ready / write_status" filename="test/test_console_json.cpp" line="275" skipped="true"/>
    <TestCase name="write_duty — pct/avail_ms/enabled query reply" filename="test/test_console_json.cpp" line="314" skipped="true"/>
    <TestCase name="write_limits — the companion `limits` query shape/values" filename="test/test_console_json.cpp" line="324" skipped="true"/>
    <TestCase name="write_route / write_routes_end / write_cfg — Node+Network screens" filename="test/test_console_json.cpp" line="341" skipped="true"/>
    <TestCase name="write_ready — §S1 mobile/team fields (omit-when-inactive; static byte-identical)" filename="test/test_console_json.cpp" line="375" skipped="true"/>
    <TestCase name="write_team_key_export / write_team_key_err — §team-ch-key T-K1b" filename="test/test_console_json.cpp" line="406" skipped="true"/>
    <TestCase name="write_team_key_grant / write_team_key_err — §team-ch-key T-K3 (the console's grant answers)" filename="test/test_console_json.cpp" line="442" skipped="true"/>
    <TestCase name="write_push team_key_received — §team-ch-key T-K3 (the granted-key notification the app renders)" filename="test/test_console_json.cpp" line="462" skipped="true"/>
    <TestCase name="write_ready — §team-ch-key T-K1b: team_ch_key boolean, and NEVER the key itself" filename="test/test_console_json.cpp" line="485" skipped="true"/>
    <TestCase name="write_cfg — §team-ch-key T-K1b: team_ch_key always present" filename="test/test_console_json.cpp" line="516" skipped="true"/>
    <TestCase name="write_push — §S2 mobile_reg/team_reg, §S4 channel_recv team_id, §S6 peer name" filename="test/test_console_json.cpp" line="538" skipped="true"/>
    <TestCase name="§AB2 peer_key_cached — `conf` renders the real level and `pinned` is its DERIVED duplicate" filename="test/test_console_json.cpp" line="580" skipped="true"/>
    <TestCase name="§AB2 write_peer_name_set / write_peer_name_err — the peername ack shapes" filename="test/test_console_json.cpp" line="618" skipped="true"/>
    <TestCase name="write_join_started — join vs create verb-ack shape (integer freq/bw, create-only fields)" filename="test/test_console_json.cpp" line="641" skipped="true"/>
    <TestCase name="write_mobile_* / write_peer_name / inbox_channel team_id — §S3/S5/S6" filename="test/test_console_json.cpp" line="657" skipped="true"/>
    <TestCase name="write_push/write_ready — R6.3 leaf-config membership (iOS contract)" filename="test/test_console_json.cpp" line="747" skipped="true"/>
    <TestCase name="write_push — R6.3 §7c join_refused (wire_version + leaf_full)" filename="test/test_console_json.cpp" line="765" skipped="true"/>
    <TestCase name="write_reqpubkey_sent — §2 the on-air pubkey-request event (replaces the generic ack)" filename="test/test_console_json.cpp" line="776" skipped="true"/>
    <TestCase name="write_push — send_e2e_acked → live e2e_acked twin (origin/ctr/sender_hash; never ev:unknown)" filename="test/test_console_json.cpp" line="787" skipped="true"/>
    <TestCase name="write_push — send_blocked carries kind/reason/next_ms (Slice 6a)" filename="test/test_console_json.cpp" line="795" skipped="true"/>
    <TestCase name="write_push — send_failed carries no_cts / no_ack DM giveup reasons (Slice 6b)" filename="test/test_console_json.cpp" line="809" skipped="true"/>
    <TestCase name="write_push — channel_sent carries relayed bool + no_relay reason (Slice 6c)" filename="test/test_console_json.cpp" line="819" skipped="true"/>
    <TestCase name="write_push — send_aired carries dst + ctr, and the CHANNEL form keeps a 16-bit handle (§T3)" filename="test/test_console_json.cpp" line="833" skipped="true"/>
    <TestCase name="★ enum->string mappers cover EVERY enumerator — no silent fallback at the app boundary" filename="test/test_console_json.cpp" line="987" skipped="true"/>
    <TestCase name="write_push / write_ack — the restored reason strings render (all three used to read &quot;none&quot;/&quot;err_unknown&quot;)" filename="test/test_console_json.cpp" line="1066" skipped="true"/>
    <TestCase name="§AB3 write_peer_row / write_peers_end / write_peers_err — the address-book stream" filename="test/test_console_json.cpp" line="1089" skipped="true"/>
    <TestCase name="§AB4 write_peer_row — the retained position rides with its AGE and its TRUST ANCHOR, or not at all" filename="test/test_console_json.cpp" line="1161" skipped="true"/>
    <TestCase name="§AB3 write_peer_name — the two id fields are additive and omit-when-0" filename="test/test_console_json.cpp" line="1209" skipped="true"/>
    <TestCase name="consoleline empty and ordinary spans" filename="test/test_console_line.cpp" line="11" skipped="true"/>
    <TestCase name="consoleline every byte value at first middle and last position" filename="test/test_console_line.cpp" line="19" skipped="true"/>
    <TestCase name="consoleline all three inclusive surface boundaries" filename="test/test_console_line.cpp" line="31" skipped="true"/>
    <TestCase name="consoleline reason precedence is length then earliest byte" filename="test/test_console_line.cpp" line="44" skipped="true"/>
    <TestCase name="consoleline remote bound follows the live smallest authenticated carrier" filename="test/test_console_line.cpp" line="52" skipped="true"/>
    <TestCase name="consoleline exhaustive reason names" filename="test/test_console_line.cpp" line="64" skipped="true"/>
    <TestCase name="parse_command — send &lt;id> &quot;text&quot; [-a] (id target; quoted body; flags)" filename="test/test_console_parse.cpp" line="13" skipped="true"/>
    <TestCase name="parse_command — Wave 2 `-t` sets the TEAM plane; plain send = GLOBAL; §S7 send_channel accepts -t/-g" filename="test/test_console_parse.cpp" line="30" skipped="true"/>
    <TestCase name="parse_command — reqpubkey: -t = TEAM, -s = static, bare hash = GLOBAL, bare ID = AUTO (§id-hash S1 D9)" filename="test/test_console_parse.cpp" line="63" skipped="true"/>
    <TestCase name="parse_command — send 0xhash + -e (CRYPTED, hash-only)" filename="test/test_console_parse.cpp" line="95" skipped="true"/>
    <TestCase name="parse_command — a BARE hex hash (no 0x) is NOT a hash (kills id-vs-hash ambiguity)" filename="test/test_console_parse.cpp" line="114" skipped="true"/>
    <TestCase name="parse_command — flags before OR after the quoted body both parse" filename="test/test_console_parse.cpp" line="127" skipped="true"/>
    <TestCase name="parse_command — send errors: -e on non-hash, unquoted body, no body, bad target/flag" filename="test/test_console_parse.cpp" line="140" skipped="true"/>
    <TestCase name="parse_command — §loc-per-send `-l` sets DATA_FLAG_LOCATION on send (id AND hash), in any order" filename="test/test_console_parse.cpp" line="160" skipped="true"/>
    <TestCase name="parse_command — §loc-per-send `-l` parses on send_layer AND (§chan-crypt CL2b) on send_channel; on_command owns the refusals" filename="test/test_console_parse.cpp" line="183" skipped="true"/>
    <TestCase name="parse_command — send_channel &lt;ch> &quot;text&quot; (no ack: O3)" filename="test/test_console_parse.cpp" line="211" skipped="true"/>
    <TestCase name="parse_command — §chan-crypt send_channel -e: all four matrix cases parse to the right (team,global,crypt)" filename="test/test_console_parse.cpp" line="229" skipped="true"/>
    <TestCase name="parse_command — send_layer &lt;hash> &lt;l1,l2,…> &quot;text&quot; [-a] [-e]" filename="test/test_console_parse.cpp" line="261" skipped="true"/>
    <TestCase name="parse_command — send_layer -e => CryptIntent::on (never a silent no-op)" filename="test/test_console_parse.cpp" line="283" skipped="true"/>
    <TestCase name="parse_command — send_layer malformed paths -> bad_args (fail loud)" filename="test/test_console_parse.cpp" line="304" skipped="true"/>
    <TestCase name="parse_command — §2 HARD SWITCH: the removed send verbs are unknown_verb" filename="test/test_console_parse.cpp" line="322" skipped="true"/>
    <TestCase name="parse_command — resolve &lt;hash> [hard] (network hash-locate, notify-only)" filename="test/test_console_parse.cpp" line="329" skipped="true"/>
    <TestCase name="parse_command — resolve bad hash / bad 2nd arg -> bad_args" filename="test/test_console_parse.cpp" line="343" skipped="true"/>
    <TestCase name="parse_command — reqpubkey &lt;hash> (user-triggered WANT_PUBKEY request)" filename="test/test_console_parse.cpp" line="352" skipped="true"/>
    <TestCase name="parse_command — reqpubkey &lt;team-id> (decimal -> dst_id, resolved from the team cache at execution)" filename="test/test_console_parse.cpp" line="365" skipped="true"/>
    <TestCase name="parse_command — peerkey &lt;ed_pub hex64> (QR import)" filename="test/test_console_parse.cpp" line="381" skipped="true"/>
    <TestCase name="§AB2 parse_command — peerkey &lt;hex64> &quot;&lt;name>&quot; (the optional one-shot label)" filename="test/test_console_parse.cpp" line="402" skipped="true"/>
    <TestCase name="§AB2 parse_command — peername 0x&lt;hash> &quot;&lt;name>&quot; and every parse refusal" filename="test/test_console_parse.cpp" line="428" skipped="true"/>
    <TestCase name="parse_command — -e carries the per-message crypt intent; absent = e2e_dm default" filename="test/test_console_parse.cpp" line="487" skipped="true"/>
    <TestCase name="parse_command — errors" filename="test/test_console_parse.cpp" line="504" skipped="true"/>
    <TestCase name="parse_command — send 0x00000000 (all-zero hash) -> bad_args (mirror send_layer h==0)" filename="test/test_console_parse.cpp" line="515" skipped="true"/>
    <TestCase name="§0f — the canonical maximal by-hash `send` line parses whole: a full 232-B body + all five accepted flags" filename="test/test_console_parse.cpp" line="575" skipped="true"/>
    <TestCase name="§0f — the canonical maximal three-hop `send_layer` line parses whole: a 226-B body + its four accepted flags" filename="test/test_console_parse.cpp" line="604" skipped="true"/>
    <TestCase name="§0f — the 268-byte plaintext `send_layer` form (`-a -K`) is the queue-positive: same body, two fewer options" filename="test/test_console_parse.cpp" line="628" skipped="true"/>
    <TestCase name="§0f — the parser's body CLAMP is its own layer: cap+1 (233) and 241 survive the parse, 242 is clamped to 241" filename="test/test_console_parse.cpp" line="642" skipped="true"/>
    <TestCase name="parse_u32_tok — over-u32 token rejected (no mod-2^32 wrap)" filename="test/test_console_parse.cpp" line="661" skipped="true"/>
    <TestCase name="§CUSTODY-B/1 the bound, side A: DISTINCT flights each earn exactly ONE unsupported_internal" filename="test/test_custody_internal_b.cpp" line="179" skipped="true"/>
    <TestCase name="§CUSTODY-B/1b the bound, side B: the SAME flight replayed is dedup-dropped, so it earns only ONE" filename="test/test_custody_internal_b.cpp" line="192" skipped="true"/>
    <TestCase name="§CUSTODY-B/1c a KNOWN-but-unwired internal type is dropped too — `internal &amp;&amp; !known` would be wrong" filename="test/test_custody_internal_b.cpp" line="221" skipped="true"/>
    <TestCase name="§CUSTODY-B/2a a RELAY forwards an unknown-internal frame — it never reaches the guard" filename="test/test_custody_internal_b.cpp" line="241" skipped="true"/>
    <TestCase name="§CUSTODY-B/2c a HOME last-miles an unknown-internal frame to its hosted mobile, never eats it" filename="test/test_custody_internal_b.cpp" line="257" skipped="true"/>
    <TestCase name="§CUSTODY-B/3 a deferred-send giveup reports send_failed for an APPLICATION carrier and not for an INTERNAL one" filename="test/test_custody_internal_b.cpp" line="289" skipped="true"/>
    <TestCase name="§CUSTODY-B/3b receiving an E2E ACK still produces send_e2e_acked (§6.2(6) — nothing protocol-specific moved)" filename="test/test_custody_internal_b.cpp" line="325" skipped="true"/>
    <TestCase name="§CUSTODY-B/3c persistence stayed exact: {E2E_ACK, CUSTODY_FAILURE} are the ONLY persistent_outcome types in 0..255" filename="test/test_custody_internal_b.cpp" line="360" skipped="true"/>
    <TestCase name="§CUSTODY-B/3d §6.3: only E2E_ACK marks its RTS with the backstop hint — the widening stopped at the floor" filename="test/test_custody_internal_b.cpp" line="378" skipped="true"/>
    <TestCase name="§CUSTODY-B/1d the guard's telemetry is SCALAR-ONLY: exactly {type, origin, dst, ctr}, never the body" filename="test/test_custody_internal_b.cpp" line="405" skipped="true"/>
    <TestCase name="§CUSTODY-B/3e a cascade-exhausted INTERNAL flight reports no send_failed; an APPLICATION one still does" filename="test/test_custody_internal_b.cpp" line="435" skipped="true"/>
    <TestCase name="§CUSTODY-B/3f an APPLICATION send still earns its generic send_acked — the over-correction control" filename="test/test_custody_internal_b.cpp" line="473" skipped="true"/>
    <TestCase name="[[B268]]/4a PRODUCTION: a real correlated TxDone mints team_key_grant_aired -> the UI says KEY SENT" filename="test/test_custody_internal_b.cpp" line="554" skipped="true"/>
    <TestCase name="[[B268]]/4b PRODUCTION: a real terminal give-up mints team_key_grant_failed -> the UI says GRANT FAILED" filename="test/test_custody_internal_b.cpp" line="590" skipped="true"/>
    <TestCase name="[[B268]]/5a a DEFERRED grant that ages out mints team_key_grant_failed (real defer + real TTL drain)" filename="test/test_custody_internal_b.cpp" line="639" skipped="true"/>
    <TestCase name="[[B268]]/5b PRODUCTION: a reprovision purge of a live grant flight mints team_key_grant_failed" filename="test/test_custody_internal_b.cpp" line="676" skipped="true"/>
    <TestCase name="[[B268]]/5c deferred THEN purged — exactly ONE team_key_grant_failed across both paths, never two" filename="test/test_custody_internal_b.cpp" line="699" skipped="true"/>
    <TestCase name="[[B268]]/5d PRODUCTION: a NACK requeue with a FULL queue mints team_key_grant_failed" filename="test/test_custody_internal_b.cpp" line="732" skipped="true"/>
    <TestCase name="[[B268]]/5e the DEFER-QUEUE CAP refusal mints team_key_grant_failed" filename="test/test_custody_internal_b.cpp" line="767" skipped="true"/>
    <TestCase name="[[B268]]/5f the reprovision purge of a QUEUED grant mints team_key_grant_failed" filename="test/test_custody_internal_b.cpp" line="793" skipped="true"/>
    <TestCase name="[[B268]]/5g the LBT-STASH DATA give-up mints team_key_grant_failed (the sixth site)" filename="test/test_custody_internal_b.cpp" line="813" skipped="true"/>
    <TestCase name="§CUSTODY-C/1 the ordinary view: application records VISIBLE, every internal record HIDDEN" filename="test/test_custody_internal_c.cpp" line="137" skipped="true"/>
    <TestCase name="§CUSTODY-C/1b the hidden set is EXACTLY the internal range, for all 256 values" filename="test/test_custody_internal_c.cpp" line="161" skipped="true"/>
    <TestCase name="§CUSTODY-C/1c `persistent_outcome` is NOT the presentation predicate — it fails OPEN on every internal type outside §7.1's opt-in" filename="test/test_custody_internal_c.cpp" line="187" skipped="true"/>
    <TestCase name="§CUSTODY-C/2 3 DMs + 5 E2E receipts present 3 rows and inbox_total 3, not 8" filename="test/test_custody_internal_c.cpp" line="217" skipped="true"/>
    <TestCase name="§CUSTODY-C/2b the budget is spent on VISIBLE rows only — receipts cannot push a message off the panel" filename="test/test_custody_internal_c.cpp" line="239" skipped="true"/>
    <TestCase name="§CUSTODY-C/2c an inbox of receipts only presents an EMPTY list, total 0" filename="test/test_custody_internal_c.cpp" line="262" skipped="true"/>
    <TestCase name="§CUSTODY-C/2e a STORED custody report shows 0 rows, 0 total, and its BINARY body never reaches the sanitizer" filename="test/test_custody_internal_c.cpp" line="284" skipped="true"/>
    <TestCase name="§CUSTODY-C/2d InboxRowBudget: inbox_total is the ADMITTED count, taken before the ring cap" filename="test/test_custody_internal_c.cpp" line="313" skipped="true"/>
    <TestCase name="§CUSTODY-C/3 the raw pull still carries every receipt VERBATIM after the OLED exclusion" filename="test/test_custody_internal_c.cpp" line="333" skipped="true"/>
    <TestCase name="§CUSTODY-C/3b pull() is RAW BY DESIGN — the count and the stream include internal records" filename="test/test_custody_internal_c.cpp" line="366" skipped="true"/>
    <TestCase name="§CUSTODY-C/4 eviction is EQUAL — an internal record ages out exactly like a DM, no reserved slot" filename="test/test_custody_internal_c.cpp" line="392" skipped="true"/>
    <TestCase name="§CUSTODY-C/4c the slot ring evicts a receipt exactly like a DM — no protected slot" filename="test/test_custody_internal_c.cpp" line="423" skipped="true"/>
    <TestCase name="§CUSTODY-C/4b erase(dm, seq) deletes a receipt exactly like a DM — same verdicts, both orders" filename="test/test_custody_internal_c.cpp" line="450" skipped="true"/>
    <TestCase name="§CUSTODY-C/5 one E2E ACK: send_e2e_acked fires LIVE and the stored receipt shows NO row and NO total" filename="test/test_custody_internal_c.cpp" line="548" skipped="true"/>
    <TestCase name="§CUSTODY-C/5b one custody report: the live push fires AND the stored record shows NO row, total or unread" filename="test/test_custody_internal_c.cpp" line="610" skipped="true"/>
    <TestCase name="§B278-S4/13b a stored TRANSLATED custody record is excluded from rows, totals and unread — like the direct one" filename="test/test_custody_internal_c.cpp" line="680" skipped="true"/>
    <TestCase name="§CUSTODY-D/1 the confirm token is EXACT — every near-miss refuses" filename="test/test_custody_internal_d.cpp" line="101" skipped="true"/>
    <TestCase name="§CUSTODY-D/1b the token predicate accepts EXACTLY what factory_reset's own expression accepts" filename="test/test_custody_internal_d.cpp" line="130" skipped="true"/>
    <TestCase name="§CUSTODY-D/1c the CORE's half of a refusal: with clear() not called, nothing moves (see probe W2)" filename="test/test_custody_internal_d.cpp" line="158" skipped="true"/>
    <TestCase name="§CUSTODY-D/2 clear() empties BOTH stores — application DMs, an E2E receipt, a tombstone and channel posts" filename="test/test_custody_internal_d.cpp" line="183" skipped="true"/>
    <TestCase name="§CUSTODY-D/2b the empty pull is emptiness, not a filter — a NEW record after the clear pulls again" filename="test/test_custody_internal_d.cpp" line="212" skipped="true"/>
    <TestCase name="§CUSTODY-D/3 ★ the high-water is persisted BEFORE the erase — a remount never reuses a sequence" filename="test/test_custody_internal_d.cpp" line="235" skipped="true"/>
    <TestCase name="§CUSTODY-D/3b the high-water survives for a store that held nothing to erase" filename="test/test_custody_internal_d.cpp" line="264" skipped="true"/>
    <TestCase name="§CUSTODY-D/4 both read cursors are reset, on the medium, and stay reset across a remount" filename="test/test_custody_internal_d.cpp" line="279" skipped="true"/>
    <TestCase name="§CUSTODY-D/5 ★ empty DM + non-empty channel: the ONE published epoch still moves" filename="test/test_custody_internal_d.cpp" line="304" skipped="true"/>
    <TestCase name="§CUSTODY-D/5b the inverse — non-empty DM + empty channel — lands both stores on one epoch" filename="test/test_custody_internal_d.cpp" line="318" skipped="true"/>
    <TestCase name="§CUSTODY-D/5c both stores non-empty — ONE bump, not one per store" filename="test/test_custody_internal_d.cpp" line="330" skipped="true"/>
    <TestCase name="§CUSTODY-D/5d both stores EMPTY — the epoch still moves, so a no-op clear is still announced" filename="test/test_custody_internal_d.cpp" line="341" skipped="true"/>
    <TestCase name="§CUSTODY-D/5e ★ the epoch is stable across TWO remounts — no per-boot ratchet" filename="test/test_custody_internal_d.cpp" line="353" skipped="true"/>
    <TestCase name="§CUSTODY-D/5f FixedInboxStore: a confirmed clear empties the ring AND moves its runtime epoch" filename="test/test_custody_internal_d.cpp" line="371" skipped="true"/>
    <TestCase name="§CUSTODY-D/5g the no-argument wipe() keeps its EXACT pre-slice epoch policy" filename="test/test_custody_internal_d.cpp" line="395" skipped="true"/>
    <TestCase name="§CUSTODY-D/6 ★ a confirmed clear leaves routes, identity and counters byte-identical" filename="test/test_custody_internal_d.cpp" line="455" skipped="true"/>
    <TestCase name="§CUSTODY-D/6b clear() and the factory_reset/prep-restart wipe are DIFFERENT operations at the store" filename="test/test_custody_internal_d.cpp" line="489" skipped="true"/>
    <TestCase name="§CUSTODY-D/7b a false verdict can NEVER spell cleared" filename="test/test_custody_internal_d.cpp" line="524" skipped="true"/>
    <TestCase name="§CUSTODY-D/7c the ack reports the NEW epoch and the PRESERVED newest sequences" filename="test/test_custody_internal_d.cpp" line="535" skipped="true"/>
    <TestCase name="§CUSTODY-D/8 DM store fails, channel store succeeds -> io_error, and the channel is STILL erased" filename="test/test_custody_internal_d.cpp" line="556" skipped="true"/>
    <TestCase name="§CUSTODY-D/8b DM succeeds, channel fails -> io_error, and the DM store is STILL erased" filename="test/test_custody_internal_d.cpp" line="569" skipped="true"/>
    <TestCase name="§CUSTODY-D/8c both stores fail -> io_error, both attempted, nothing claimed" filename="test/test_custody_internal_d.cpp" line="582" skipped="true"/>
    <TestCase name="§CUSTODY-D/9 ★ a failed high-water persist erases NEITHER store — the DM side" filename="test/test_custody_internal_d.cpp" line="595" skipped="true"/>
    <TestCase name="§CUSTODY-D/9b ★ a failed high-water persist erases NEITHER store — the CHANNEL side" filename="test/test_custody_internal_d.cpp" line="611" skipped="true"/>
    <TestCase name="§CUSTODY-D/9c a cursor that will not persist makes the clear report a FAILURE" filename="test/test_custody_internal_d.cpp" line="630" skipped="true"/>
    <TestCase name="§CUSTODY-D/10 ★ a later confirmed clear COMPLETES after the medium recovers" filename="test/test_custody_internal_d.cpp" line="641" skipped="true"/>
    <TestCase name="§CUSTODY-D/11 a disabled inbox reports failure, never a cleared it did not do" filename="test/test_custody_internal_d.cpp" line="670" skipped="true"/>
    <TestCase name="§CUSTODY-D/12 the OLED inbox view goes to zero on a clear, through the UNCHANGED eviction path" filename="test/test_custody_internal_d.cpp" line="710" skipped="true"/>
    <TestCase name="§CUSTODY-G/1 the transition, both halves: an addressed 0x81 is CONSUMED, another internal type is STILL guard-dropped" filename="test/test_custody_receive_g.cpp" line="320" skipped="true"/>
    <TestCase name="§CUSTODY-G/2 the POSITIVE baseline: a valid addressed record is accepted, stored and pushed" filename="test/test_custody_receive_g.cpp" line="360" skipped="true"/>
    <TestCase name="§CUSTODY-G/2.1 §13.1 a CRYPTED carrier is REFUSED — and it is the ONLY term stopping ciphertext aligning into a record" filename="test/test_custody_receive_g.cpp" line="391" skipped="true"/>
    <TestCase name="§CUSTODY-G/2.2 §13.2 an inner that fails the standard unicast parse is REFUSED" filename="test/test_custody_receive_g.cpp" line="516" skipped="true"/>
    <TestCase name="§CUSTODY-G/2.3 §13.3 a body shorter than the 24-byte floor is REFUSED" filename="test/test_custody_receive_g.cpp" line="540" skipped="true"/>
    <TestCase name="§CUSTODY-G/2.4 §13.4 an unknown record version is REFUSED" filename="test/test_custody_receive_g.cpp" line="547" skipped="true"/>
    <TestCase name="§CUSTODY-G/2.5 §13.5 a record_len beyond the available body is REFUSED" filename="test/test_custody_receive_g.cpp" line="550" skipped="true"/>
    <TestCase name="§CUSTODY-G/2.5b §13.5 a record_len below the 24-byte floor is REFUSED" filename="test/test_custody_receive_g.cpp" line="553" skipped="true"/>
    <TestCase name="§CUSTODY-G/2.6 a translated flag over the direct 24-byte form is REFUSED" filename="test/test_custody_receive_g.cpp" line="556" skipped="true"/>
    <TestCase name="§CUSTODY-G/2.7 §13.7 a record with `forwarded` CLEAR is REFUSED" filename="test/test_custody_receive_g.cpp" line="564" skipped="true"/>
    <TestCase name="§CUSTODY-G/2.8 §13.8 BOTH stage bits set is REFUSED, and NEITHER set is REFUSED" filename="test/test_custody_receive_g.cpp" line="572" skipped="true"/>
    <TestCase name="§CUSTODY-G/2.9 §13.9 an unknown reason, and the never-transmitted `invalid`, are REFUSED" filename="test/test_custody_receive_g.cpp" line="587" skipped="true"/>
    <TestCase name="§CUSTODY-G/2.12 §13.12 an out-of-domain node id in ANY of the four identity fields is REFUSED" filename="test/test_custody_receive_g.cpp" line="592" skipped="true"/>
    <TestCase name="§CUSTODY-G/2.13 §13.13 a zero failed_ctr is REFUSED" filename="test/test_custody_receive_g.cpp" line="600" skipped="true"/>
    <TestCase name="§CUSTODY-G/2.16 §13.16 the hash flag and the hash must agree in BOTH directions" filename="test/test_custody_receive_g.cpp" line="607" skipped="true"/>
    <TestCase name="§CUSTODY-G/2.17 §13.17 a nonzero reserved byte is REFUSED" filename="test/test_custody_receive_g.cpp" line="624" skipped="true"/>
    <TestCase name="§CUSTODY-G/2.10 §13.10 a RESERVED plane value parses but is REFUSED as unsupported in v1" filename="test/test_custody_receive_g.cpp" line="629" skipped="true"/>
    <TestCase name="§CUSTODY-G/2.10b §13.10 a record claiming `static_same_layer` that ARRIVED on the TEAM plane is REFUSED" filename="test/test_custody_receive_g.cpp" line="640" skipped="true"/>
    <TestCase name="§CUSTODY-G/2.11 §13.11 a report addressed to a DIFFERENT failed origin is REFUSED — only the sender consumes" filename="test/test_custody_receive_g.cpp" line="665" skipped="true"/>
    <TestCase name="§CUSTODY-G/2.14 §13.14 a report ABOUT an E2E ACK or ABOUT another custody notice is REFUSED" filename="test/test_custody_receive_g.cpp" line="674" skipped="true"/>
    <TestCase name="§CUSTODY-G/2.15 §13.15 a reporter_layer that is not the ACTIVE receiving layer is REFUSED" filename="test/test_custody_receive_g.cpp" line="688" skipped="true"/>
    <TestCase name="§CUSTODY-G/2.18 §13.18 each of the four count/hop fields must fit its PROTOCOL domain" filename="test/test_custody_receive_g.cpp" line="698" skipped="true"/>
    <TestCase name="§CUSTODY-G/2.19 the reporter is UNAUTHENTICATED and unchecked — the same record is accepted from any relay" filename="test/test_custody_receive_g.cpp" line="725" skipped="true"/>
    <TestCase name="§CUSTODY-G/2.20 a VALID unknown tail is accepted, ignored by the v1 decoder, and RETAINED in storage" filename="test/test_custody_receive_g.cpp" line="745" skipped="true"/>
    <TestCase name="§CUSTODY-G/2.21 §B278 S4 a WELL-FORMED translated record is REFUSED BY A STATIC RECEIVER: no store, no push" filename="test/test_custody_receive_g.cpp" line="802" skipped="true"/>
    <TestCase name="§CUSTODY-G/3 record BEFORE push: the live push carries the sequence the STORE assigned" filename="test/test_custody_receive_g.cpp" line="856" skipped="true"/>
    <TestCase name="§CUSTODY-G/3b storage DISABLED: one live push still fires, carrying seq 0" filename="test/test_custody_receive_g.cpp" line="875" skipped="true"/>
    <TestCase name="§CUSTODY-G/3c APPEND FAILURE: the append is attempted, one push still fires with a NONZERO seq, nothing is stored" filename="test/test_custody_receive_g.cpp" line="894" skipped="true"/>
    <TestCase name="§CUSTODY-G/4 a RELAY forwards a transit 0x81 — it does not consume, validate or store it" filename="test/test_custody_receive_g.cpp" line="939" skipped="true"/>
    <TestCase name="§CUSTODY-G/4b a HOME forwards a hosted-mobile-addressed 0x81 at the last mile — it does not consume it" filename="test/test_custody_receive_g.cpp" line="997" skipped="true"/>
    <TestCase name="§CUSTODY-G/5 the LIVE push renders §14.2's example EXACTLY" filename="test/test_custody_receive_g.cpp" line="1056" skipped="true"/>
    <TestCase name="§CUSTODY-G/5b storage disabled: the live event OMITS `seq`, per the existing push convention" filename="test/test_custody_receive_g.cpp" line="1074" skipped="true"/>
    <TestCase name="§CUSTODY-G/5c the PULLED record renders the SAME semantic event, plus its receive timestamp" filename="test/test_custody_receive_g.cpp" line="1087" skipped="true"/>
    <TestCase name="§CUSTODY-G/5d `dst_hash` is emitted through the hash helper ONLY when its flag is valid" filename="test/test_custody_receive_g.cpp" line="1116" skipped="true"/>
    <TestCase name="§CUSTODY-G/5e a stored custody record NEVER renders as `inbox_dm` and its bytes never reach the text encoder" filename="test/test_custody_receive_g.cpp" line="1156" skipped="true"/>
    <TestCase name="§CUSTODY-G/5f the custody reason is the WIRE enum's word, never a SendFailReason spelling" filename="test/test_custody_receive_g.cpp" line="1184" skipped="true"/>
    <TestCase name="§CUSTODY-G/6 [[B59]] END TO END: a 0x8B dies in transit and the ORIGINAL SENDER ends up with the evidence" filename="test/test_custody_receive_g.cpp" line="1220" skipped="true"/>
    <TestCase name="§CUSTODY-G/7 custody_committed_hops_max IS the DATA header's 3-bit committed_hops field" filename="test/test_custody_receive_g.cpp" line="1346" skipped="true"/>
    <TestCase name="§CUSTODY-G/7b custody_stage_of_flags: both directions, and FAIL-CLOSED on an impossible stage" filename="test/test_custody_receive_g.cpp" line="1390" skipped="true"/>
    <TestCase name="§B278-S3/1 zero live eligible rows: stored + pushed exactly as before, and S3 is SILENT" filename="test/test_custody_receive_g.cpp" line="1585" skipped="true"/>
    <TestCase name="§B278-S3/2 a live eligible population with no match: BOTH local outcomes, one bounded `no_map`, no send" filename="test/test_custody_receive_g.cpp" line="1605" skipped="true"/>
    <TestCase name="§B278-S3/3 §4.4's five key terms each fail INDEPENDENTLY (a counter-only matcher is RED)" filename="test/test_custody_receive_g.cpp" line="1634" skipped="true"/>
    <TestCase name="§B278-S3/4 DST_HASH agrees when carried, is not required when absent, and never touches a node-id row" filename="test/test_custody_receive_g.cpp" line="1704" skipped="true"/>
    <TestCase name="§B278-S3/5 ambiguity: the ring refuses the second row, and if one existed nothing would be sent" filename="test/test_custody_receive_g.cpp" line="1761" skipped="true"/>
    <TestCase name="§B278-S3/6 two eligible rows share ctr_h: exactly the matching one is forwarded, the other untouched" filename="test/test_custody_receive_g.cpp" line="1809" skipped="true"/>
    <TestCase name="§B278-S3/7 direct-host delivery: type 0x81, addr_len 1, no DST_HASH, and the literal 32-byte form" filename="test/test_custody_receive_g.cpp" line="1844" skipped="true"/>
    <TestCase name="§B278-S3/8 a direct record with an unknown tail is stored whole and translated from a 24-byte copy" filename="test/test_custody_receive_g.cpp" line="1900" skipped="true"/>
    <TestCase name="§B278-S3/9 cached-home delivery: the arm stamps GLOBAL explicitly, DST_HASH == the mobile hash" filename="test/test_custody_receive_g.cpp" line="1939" skipped="true"/>
    <TestCase name="§B278-S3/9b cached-home CONTROL — a colliding teammate does not capture the notice: origin stays the reporter's STATIC id" filename="test/test_custody_receive_g.cpp" line="1978" skipped="true"/>
    <TestCase name="§B278-S3/10 unresolved home: `parked` marks forwarded, and the drain preserves type + the 32 bytes" filename="test/test_custody_receive_g.cpp" line="2014" skipped="true"/>
    <TestCase name="§B278-S3/11 refusals: park-ring full, TX-queue full and the un-synced `none` arm all leave the row eligible" filename="test/test_custody_receive_g.cpp" line="2038" skipped="true"/>
    <TestCase name="§B278-S3/12 a translated-pack refusal is reported as a forward refusal and marks nothing" filename="test/test_custody_receive_g.cpp" line="2101" skipped="true"/>
    <TestCase name="§B278-S3/13 a stale action marks NOTHING: the commit re-selects by the complete identity" filename="test/test_custody_receive_g.cpp" line="2124" skipped="true"/>
    <TestCase name="§B278-S3/14 custody-first still lets the later ACK translate; ACK-first translates nothing later" filename="test/test_custody_receive_g.cpp" line="2188" skipped="true"/>
    <TestCase name="§B278-S3/15 a duplicate report after forwarding: still received, but never a second translation" filename="test/test_custody_receive_g.cpp" line="2229" skipped="true"/>
    <TestCase name="§B278-S3/16 the 300 s edge: prune-before-scan is exact, and a forwarded row expires reporting state 3" filename="test/test_custody_receive_g.cpp" line="2253" skipped="true"/>
    <TestCase name="§B278-S3/17 the produced 32-byte record is still refused by a STATIC receiver, and spawns no custody" filename="test/test_custody_receive_g.cpp" line="2339" skipped="true"/>
    <TestCase name="§B278-S3/18 the caller still owns the single release; the translated send adds no second one" filename="test/test_custody_receive_g.cpp" line="2368" skipped="true"/>
    <TestCase name="§B278-S3/19 the S3 events: exact names, field order and integer types" filename="test/test_custody_receive_g.cpp" line="2391" skipped="true"/>
    <TestCase name="§B278-S3/20 the bounded translation action is 56 B of value types and costs Node nothing" filename="test/test_custody_receive_g.cpp" line="2445" skipped="true"/>
    <TestCase name="§B278-S4/1 a DIRECT record is byte- and behaviour-identical to §CUSTODY-G's" filename="test/test_custody_receive_g.cpp" line="2759" skipped="true"/>
    <TestCase name="§B278-S4/2 END TO END: the home's own translated record is accepted, stored and pushed by its mobile" filename="test/test_custody_receive_g.cpp" line="2822" skipped="true"/>
    <TestCase name="§B278-S4/3 a RE-HOMED mobile accepts through a DIFFERENT home, by DST_HASH" filename="test/test_custody_receive_g.cpp" line="2881" skipped="true"/>
    <TestCase name="§B278-S4/4 the configured-mobile term: a STATIC node refuses the translated form, a mobile accepts it" filename="test/test_custody_receive_g.cpp" line="2940" skipped="true"/>
    <TestCase name="§B278-S4/5 the COMMON receiver terms each refuse a translated record alone" filename="test/test_custody_receive_g.cpp" line="3006" skipped="true"/>
    <TestCase name="§B278-S4/5b the no-hash arm needs an ACTIVE registration to the reporting home" filename="test/test_custody_receive_g.cpp" line="3036" skipped="true"/>
    <TestCase name="§B278-S4/5c the no-hash arm refuses a report stamped with another layer (seam-driven)" filename="test/test_custody_receive_g.cpp" line="3053" skipped="true"/>
    <TestCase name="§B278-S4/5d crypted, team-plane and foreign-DST_HASH arrivals each refuse alone (seam-driven)" filename="test/test_custody_receive_g.cpp" line="3097" skipped="true"/>
    <TestCase name="§B278-S4/6 codec-owned malformed prefix and tail reach the mobile as the one bounded refusal" filename="test/test_custody_receive_g.cpp" line="3173" skipped="true"/>
    <TestCase name="§B278-S4/7 absent hash accepts on the right home, rejects on the wrong one, and a correct hash needs neither" filename="test/test_custody_receive_g.cpp" line="3215" skipped="true"/>
    <TestCase name="§B278-S4/8 another unknown internal type still takes Slice B's fail-closed guard at the mobile" filename="test/test_custody_receive_g.cpp" line="3254" skipped="true"/>
    <TestCase name="§B278-S4/9 a translated record with an accepted FUTURE tail is stored and pushed WHOLE" filename="test/test_custody_receive_g.cpp" line="3278" skipped="true"/>
    <TestCase name="§B278-S4/9b storage disabled: the translated record still pushes, with seq 0 and nothing stored" filename="test/test_custody_receive_g.cpp" line="3304" skipped="true"/>
    <TestCase name="§B278-S4/10 a translated record never reaches S3's lookup, even on a node holding a live row" filename="test/test_custody_receive_g.cpp" line="3326" skipped="true"/>
    <TestCase name="§B278-S4/11 live and pulled JSON expose §8.4's translated fields identically, for both target kinds" filename="test/test_custody_receive_g.cpp" line="3362" skipped="true"/>
    <TestCase name="§B278-S4/12 the generic consumer needs the COMPLETE six-field tuple, and every one-field miss refuses" filename="test/test_custody_receive_g.cpp" line="3418" skipped="true"/>
    <TestCase name="§B278-S4/13 one raw pull returns the DIRECT and the TRANSLATED record, both verbatim" filename="test/test_custody_receive_g.cpp" line="3466" skipped="true"/>
    <TestCase name="§B278-S4/14 consuming a translated record spawns no custody notice and no generic send lifecycle" filename="test/test_custody_receive_g.cpp" line="3502" skipped="true"/>
    <TestCase name="§CUSTODY-F/1 pack_custody_failure reproduces §9.2's 24 bytes EXACTLY" filename="test/test_custody_relay_f.cpp" line="336" skipped="true"/>
    <TestCase name="§CUSTODY-F/1b parse_custody_failure reads §9.2's 24 bytes back into the same record" filename="test/test_custody_relay_f.cpp" line="353" skipped="true"/>
    <TestCase name="§CUSTODY-F/1c a valid UNKNOWN TAIL is accepted, and the v1 semantics are unchanged" filename="test/test_custody_relay_f.cpp" line="368" skipped="true"/>
    <TestCase name="§CUSTODY-F/1d the parser rejects every §18.3.6 malformation, one byte at a time" filename="test/test_custody_relay_f.cpp" line="396" skipped="true"/>
    <TestCase name="§CUSTODY-F/1e notice_flags derives the stage bit from CustodyRootStage — and REFUSES the sentinel" filename="test/test_custody_relay_f.cpp" line="456" skipped="true"/>
    <TestCase name="§CUSTODY-F/1f the wire reason/plane values are §9.4's and §9.5's" filename="test/test_custody_relay_f.cpp" line="488" skipped="true"/>
    <TestCase name="§CUSTODY-F/1g the packer refuses a short buffer and every transmitter invariant" filename="test/test_custody_relay_f.cpp" line="528" skipped="true"/>
    <TestCase name="§CUSTODY-F/1i §B278 S2 the TRANSLATED packer reproduces §6.2's 32 bytes EXACTLY — direct unmoved" filename="test/test_custody_relay_f.cpp" line="586" skipped="true"/>
    <TestCase name="§CUSTODY-F/1j §B278 S2 a translated record parses to the ORIGINAL record + the exact typed tail" filename="test/test_custody_relay_f.cpp" line="641" skipped="true"/>
    <TestCase name="§CUSTODY-F/1k §B278 S2 a key-hash target WITHOUT HAS_DST_HASH is codec-valid (SYNTHETIC vector)" filename="test/test_custody_relay_f.cpp" line="686" skipped="true"/>
    <TestCase name="§CUSTODY-F/1l §B278 S2 custody_record_tail starts after the record's OWN prefix: 24 direct / 32 translated" filename="test/test_custody_relay_f.cpp" line="732" skipped="true"/>
    <TestCase name="§CUSTODY-F/1m §B278 S2 the parser refuses every §6.3 translated malformation, one field at a time" filename="test/test_custody_relay_f.cpp" line="784" skipped="true"/>
    <TestCase name="§CUSTODY-F/1n §B278 S2 parse_custody_translated_tail refuses a direct record and every disagreement" filename="test/test_custody_relay_f.cpp" line="843" skipped="true"/>
    <TestCase name="§CUSTODY-F/1o §B278 S2 the direct packer refuses bit 6, and the translated packer refuses both halves" filename="test/test_custody_relay_f.cpp" line="881" skipped="true"/>
    <TestCase name="§CUSTODY-F/1p §B278 S2 custody_notice_flags can NEVER set bit 6 — every stage x boolean combination" filename="test/test_custody_relay_f.cpp" line="940" skipped="true"/>
    <TestCase name="§CUSTODY-F/1h the snapshot is BOUNDED and is nowhere near a PendingTx copy" filename="test/test_custody_relay_f.cpp" line="968" skipped="true"/>
    <TestCase name="§CUSTODY-F/2 an eligible transit terminal emits EXACTLY ONE 0x81 to the failed origin" filename="test/test_custody_relay_f.cpp" line="985" skipped="true"/>
    <TestCase name="§CUSTODY-F/2b the notice routes back through the former upstream — no inherited hop exclusion" filename="test/test_custody_relay_f.cpp" line="1057" skipped="true"/>
    <TestCase name="§CUSTODY-F/3 the live production transit carrier is ELIGIBLE (the matrix's control)" filename="test/test_custody_relay_f.cpp" line="1081" skipped="true"/>
    <TestCase name="§CUSTODY-F/3b every §10.1 condition, negated one at a time, refuses the carrier" filename="test/test_custody_relay_f.cpp" line="1099" skipped="true"/>
    <TestCase name="§CUSTODY-F/3ba the repair_attempted bit mirrors the terminal context, both ways" filename="test/test_custody_relay_f.cpp" line="1151" skipped="true"/>
    <TestCase name="§CUSTODY-F/3bb a GENUINE cross-layer carrier is refused by §10.1(6b) alone" filename="test/test_custody_relay_f.cpp" line="1183" skipped="true"/>
    <TestCase name="§CUSTODY-F/3bc an ELIGIBLE but UNPACKABLE snapshot is refused LOUDLY and airs nothing" filename="test/test_custody_relay_f.cpp" line="1216" skipped="true"/>
    <TestCase name="§CUSTODY-F/3c the plane authority: AUTO-resolving-to-TEAM is INELIGIBLE, GLOBAL-with-a-colliding-team-id is not" filename="test/test_custody_relay_f.cpp" line="1247" skipped="true"/>
    <TestCase name="§CUSTODY-F/3d the B59 case: an AUTHORITATIVE_H_ANSWER_PUBKEY carrier in transit IS eligible" filename="test/test_custody_relay_f.cpp" line="1275" skipped="true"/>
    <TestCase name="§CUSTODY-F/3e dst_hash32 is COPIED from the parsed inner, never invented" filename="test/test_custody_relay_f.cpp" line="1305" skipped="true"/>
    <TestCase name="§CUSTODY-F/4 snapshot -> reset -> become_free installs B -> the notice queues BEHIND it" filename="test/test_custody_relay_f.cpp" line="1346" skipped="true"/>
    <TestCase name="§CUSTODY-F/4b the notice inherits NOTHING from the failed carrier" filename="test/test_custody_relay_f.cpp" line="1388" skipped="true"/>
    <TestCase name="§CUSTODY-F/4c the record's values can only have been read BEFORE the reset" filename="test/test_custody_relay_f.cpp" line="1449" skipped="true"/>
    <TestCase name="§CUSTODY-F/5 the notice raises NO generic user-send lifecycle and arms no user deadline" filename="test/test_custody_relay_f.cpp" line="1481" skipped="true"/>
    <TestCase name="§CUSTODY-F/5b the recursion gate: a notice's OWN terminal death generates nothing" filename="test/test_custody_relay_f.cpp" line="1516" skipped="true"/>
    <TestCase name="§CUSTODY-F/5c the recursion gate, half two: a RELAYED 0x81 dying in transit generates nothing" filename="test/test_custody_relay_f.cpp" line="1538" skipped="true"/>
    <TestCase name="§CUSTODY-F/5d a full TX queue drops the notice with bounded telemetry only" filename="test/test_custody_relay_f.cpp" line="1555" skipped="true"/>
    <TestCase name="§CUSTODY-F/6 a LOCAL send's terminal keeps send_failed and generates NO notice" filename="test/test_custody_relay_f.cpp" line="1600" skipped="true"/>
    <TestCase name="§CUSTODY-F/6b a §10.2 DEFERRED loss site (no-route defer TTL) still generates nothing" filename="test/test_custody_relay_f.cpp" line="1624" skipped="true"/>
    <TestCase name="§CUSTODY-F/7 a REAL 0x81 arriving at its addressee is CONSUMED by the §CUSTODY-G receiver, not guard-dropped" filename="test/test_custody_relay_f.cpp" line="1654" skipped="true"/>
    <TestCase name="§CUSTODY-E/1 [[B263]] a TRANSIT terminal give-up emits NO generic send_failed under the foreign {dst,ctr}" filename="test/test_custody_terminal_e.cpp" line="192" skipped="true"/>
    <TestCase name="§CUSTODY-E/1b a LOCAL application send's terminal give-up still reports, with its EXACT values" filename="test/test_custody_terminal_e.cpp" line="214" skipped="true"/>
    <TestCase name="§CUSTODY-E/1c the local generic failure is minted from the DYING flight, before become_free installs the next" filename="test/test_custody_terminal_e.cpp" line="235" skipped="true"/>
    <TestCase name="§CUSTODY-E/2 an RTS root is the CTS stage -> no_cts" filename="test/test_custody_terminal_e.cpp" line="271" skipped="true"/>
    <TestCase name="§CUSTODY-E/2b a DATA-ACK root is the hop-ACK stage -> no_ack" filename="test/test_custody_terminal_e.cpp" line="286" skipped="true"/>
    <TestCase name="§CUSTODY-E/3 the cause authority answers one value per §9.4 branch" filename="test/test_custody_terminal_e.cpp" line="340" skipped="true"/>
    <TestCase name="§CUSTODY-E/3b the §9.4 precedence is cascade_count -> cascade_age -> queue_full -> load_shed" filename="test/test_custody_terminal_e.cpp" line="364" skipped="true"/>
    <TestCase name="§CUSTODY-E/3c the §9.4 / §9.3 numeric values are the approved ones" filename="test/test_custody_terminal_e.cpp" line="376" skipped="true"/>
    <TestCase name="§CUSTODY-E/3d the invalid stage is FAIL-CLOSED — it can never become no_cts or no_ack" filename="test/test_custody_terminal_e.cpp" line="402" skipped="true"/>
    <TestCase name="§CUSTODY-E/4 a spent requeue budget builds cause = cascade_count" filename="test/test_custody_terminal_e.cpp" line="425" skipped="true"/>
    <TestCase name="§CUSTODY-E/4b an aged-out flight builds cause = cascade_age" filename="test/test_custody_terminal_e.cpp" line="438" skipped="true"/>
    <TestCase name="§CUSTODY-E/4c a FULL tx queue builds cause = queue_full, and it outranks the shed" filename="test/test_custody_terminal_e.cpp" line="457" skipped="true"/>
    <TestCase name="§CUSTODY-E/4d a congested-but-not-full queue builds cause = load_shed, with its own telemetry" filename="test/test_custody_terminal_e.cpp" line="475" skipped="true"/>
    <TestCase name="§CUSTODY-E/4e a shut MF4 reprobe window builds cause = one_way_throttled" filename="test/test_custody_terminal_e.cpp" line="493" skipped="true"/>
    <TestCase name="§CUSTODY-E/5 repair_attempted is FALSE when the terminal pass invoked no route request" filename="test/test_custody_terminal_e.cpp" line="523" skipped="true"/>
    <TestCase name="§CUSTODY-E/5b repair_attempted is TRUE when the §P3 rediscovery really fired" filename="test/test_custody_terminal_e.cpp" line="542" skipped="true"/>
    <TestCase name="§CUSTODY-E/6c grep-backed: the give-up event name is no longer parsed for a reason" filename="test/test_custody_terminal_e.cpp" line="587" skipped="true"/>
    <TestCase name="§A0-1 every allocated DataType sits in its declared range, with no duplicate assignment" filename="test/test_data_type_audit_a0.cpp" line="225" skipped="true"/>
    <TestCase name="§A0-1b the 0xFE tombstone is a store marker that collides with no allocated DataType" filename="test/test_data_type_audit_a0.cpp" line="264" skipped="true"/>
    <TestCase name="§A0-2 the own-DM burst floor exempts exactly the PROTOCOL-INTERNAL range 0x80..0xBF — nothing else" filename="test/test_data_type_audit_a0.cpp" line="294" skipped="true"/>
    <TestCase name="§A0-2b an EXEMPT origination lays no floor stamp — the next ordinary DM is not deferred by it" filename="test/test_data_type_audit_a0.cpp" line="349" skipped="true"/>
    <TestCase name="§A0-2c with the floor ARMED by an ordinary DM, an internal type still flies — the CHECK-half term" filename="test/test_data_type_audit_a0.cpp" line="400" skipped="true"/>
    <TestCase name="§A0-3 pack/parse round-trip every allocated type AND every reserved/unknown boundary value" filename="test/test_data_type_audit_a0.cpp" line="435" skipped="true"/>
    <TestCase name="§A0-3b APP=1 with a 0x00 TYPE byte parses as type 0 — the packer's invariant is not a receive guard" filename="test/test_data_type_audit_a0.cpp" line="471" skipped="true"/>
    <TestCase name="§A0-4 an addressed unknown type: APPLICATION/RESERVED still deliver, PROTOCOL-INTERNAL fails closed" filename="test/test_data_type_audit_a0.cpp" line="516" skipped="true"/>
    <TestCase name="§A0-4b control — a CONSUMED type is NOT delivered as a DM (the fixture distinguishes the two)" filename="test/test_data_type_audit_a0.cpp" line="577" skipped="true"/>
    <TestCase name="§A0-4c an addressed UNKNOWN type carrying E2E_ACK_REQ is delivered AND earns an E2E-ack reply" filename="test/test_data_type_audit_a0.cpp" line="611" skipped="true"/>
    <TestCase name="§CUSTODY-A/1 the internal-range predicate is exactly [0x80,0xBF] at every named boundary" filename="test/test_data_type_namespace.cpp" line="190" skipped="true"/>
    <TestCase name="§CUSTODY-A/2 data_type_traits matches the design's table for all 256 values" filename="test/test_data_type_namespace.cpp" line="230" skipped="true"/>
    <TestCase name="§CUSTODY-A/3 the Slice-A trait truth table, row by row" filename="test/test_data_type_namespace.cpp" line="240" skipped="true"/>
    <TestCase name="§CUSTODY-A/4 persistent_outcome membership is EXACTLY {E2E_ACK, CUSTODY_FAILURE} at Slice G" filename="test/test_data_type_namespace.cpp" line="298" skipped="true"/>
    <TestCase name="§CUSTODY-A/5 every live DATA type round-trips pack_data/parse_data at its NEW value" filename="test/test_data_type_namespace.cpp" line="333" skipped="true"/>
    <TestCase name="§CUSTODY-A/6 protocol::wire_version is UNCHANGED by the namespace transition" filename="test/test_data_type_namespace.cpp" line="394" skipped="true"/>
    <TestCase name="§T3-a DeviceHal — collect and pump are SEPARABLE: neither does the other's job" filename="test/test_device_hal.cpp" line="76" skipped="true"/>
    <TestCase name="DeviceHal::tx — enqueues; the pump sends + records airtime at the on-air send (not at enqueue)" filename="test/test_device_hal.cpp" line="113" skipped="true"/>
    <TestCase name="§T2 DeviceHal — TxDone reports exactly one aired outcome with the queued tag and seq" filename="test/test_device_hal.cpp" line="137" skipped="true"/>
    <TestCase name="DeviceHal — half-duplex: queued frames send ONE at a time, in FIFO order" filename="test/test_device_hal.cpp" line="155" skipped="true"/>
    <TestCase name="DeviceHal — outbound queue overflow drops + counts (the MAC's own timeouts recover the frame)" filename="test/test_device_hal.cpp" line="177" skipped="true"/>
    <TestCase name="§T2 DeviceHal — outcome-ring overflow is counted and preserves the four retained reports" filename="test/test_device_hal.cpp" line="190" skipped="true"/>
    <TestCase name="DeviceHal::tx — len > 255 rejected as too_long (SX1262 length register); nothing queued" filename="test/test_device_hal.cpp" line="214" skipped="true"/>
    <TestCase name="DeviceHal — a radio that refuses start_transmit: frame dropped, airtime NOT recorded, queue not stuck" filename="test/test_device_hal.cpp" line="225" skipped="true"/>
    <TestCase name="DeviceHal — TX watchdog: a missed TxDone is force-recovered past the deadline; the queue resumes" filename="test/test_device_hal.cpp" line="247" skipped="true"/>
    <TestCase name="DeviceHal — TX watchdog does NOT fire on a timely completion" filename="test/test_device_hal.cpp" line="283" skipped="true"/>
    <TestCase name="§T2 DeviceHal — mixed completion order is aired, failed, aired with each frame's own identity" filename="test/test_device_hal.cpp" line="295" skipped="true"/>
    <TestCase name="DeviceHal::channel_busy_until — CAD busy -> now+hold; clear -> 0" filename="test/test_device_hal.cpp" line="328" skipped="true"/>
    <TestCase name="DeviceHal::set_rx_sf — clamps to 5..12 + forwards to the radio" filename="test/test_device_hal.cpp" line="336" skipped="true"/>
    <TestCase name="DeviceHal — after/cancel/pop_due_timer delegate to the wheel over the clock" filename="test/test_device_hal.cpp" line="343" skipped="true"/>
    <TestCase name="DeviceHal — rand_range is [lo,hi), degenerate -> lo; set_protocol_id clamps [0,255]" filename="test/test_device_hal.cpp" line="354" skipped="true"/>
    <TestCase name="DeviceHal — a real Node runs over the device backend: a beacon timer fires -> a frame goes out the radio" filename="test/test_device_hal.cpp" line="365" skipped="true"/>
    <TestCase name="§B159 pump_tx — a frame ACCEPTED before its deadline but still QUEUED past it never starts" filename="test/test_device_hal.cpp" line="400" skipped="true"/>
    <TestCase name="§B159 pump_tx — deadline_ms == 0 is the NO-DEADLINE sentinel: ordinary frames never expire" filename="test/test_device_hal.cpp" line="426" skipped="true"/>
    <TestCase name="§B159 pump_tx — a frame one millisecond inside its deadline still starts" filename="test/test_device_hal.cpp" line="442" skipped="true"/>
    <TestCase name="B134/D1: seg_path builds &quot;&lt;dir>/&lt;idx>&quot; decimal, and NEVER overruns or leaves it unterminated" filename="test/test_device_inbox_fs_esp32.cpp" line="193" skipped="true"/>
    <TestCase name="B134/D2: a clean mount NEVER formats, and reports formatted=false (the epoch must not bump)" filename="test/test_device_inbox_fs_esp32.cpp" line="214" skipped="true"/>
    <TestCase name="B134/D2: a corrupt FS is formatted, remounted, and the format is REPORTED (fail-loud, then recover)" filename="test/test_device_inbox_fs_esp32.cpp" line="226" skipped="true"/>
    <TestCase name="B134/D2: an UNMOUNTABLE FS fails loud — never a silent degrade, and never 'formatted'" filename="test/test_device_inbox_fs_esp32.cpp" line="238" skipped="true"/>
    <TestCase name="B134/D2: the DM and channel stores share ONE mount, and BOTH learn it had to format" filename="test/test_device_inbox_fs_esp32.cpp" line="252" skipped="true"/>
    <TestCase name="B134/D3: a clean append reports true and the bytes are on the medium" filename="test/test_device_inbox_fs_esp32.cpp" line="271" skipped="true"/>
    <TestCase name="B134/D3: a SHORT write is a tear — reported false" filename="test/test_device_inbox_fs_esp32.cpp" line="282" skipped="true"/>
    <TestCase name="B134/D3 ★★ a write that RETURNS n while only part of it COMMITS is still a tear" filename="test/test_device_inbox_fs_esp32.cpp" line="292" skipped="true"/>
    <TestCase name="B134/D3 ★★★ a COMPLETE write whose SYNC FAILED is a tear — the fault `fs::File` cannot report" filename="test/test_device_inbox_fs_esp32.cpp" line="307" skipped="true"/>
    <TestCase name="B134/D3 ★ a failed CLOSE is a tear too (fclose still flushes, and can still fail)" filename="test/test_device_inbox_fs_esp32.cpp" line="321" skipped="true"/>
    <TestCase name="B134 ★★ a failed SYNC is SEALED end-to-end: the retry stays reachable, nothing is lost" filename="test/test_device_inbox_fs_esp32.cpp" line="329" skipped="true"/>
    <TestCase name="B134/D2 ★★ a failed record-folder create FAILS THE MOUNT (never a store whose every append will fail)" filename="test/test_device_inbox_fs_esp32.cpp" line="348" skipped="true"/>
    <TestCase name="B134 ★★★ an unreadable record directory is 'could not answer', NEVER 'empty' — and it fails the mount" filename="test/test_device_inbox_fs_esp32.cpp" line="374" skipped="true"/>
    <TestCase name="B134/D6 ★★★ an ITERATION error and an UNREADABLE ENTRY are both 'could not answer', never 'empty'" filename="test/test_device_inbox_fs_esp32.cpp" line="410" skipped="true"/>
    <TestCase name="B134 ★★★ a segment the filesystem will not remove makes wipe() report FAILURE through the seam" filename="test/test_device_inbox_fs_esp32.cpp" line="461" skipped="true"/>
    <TestCase name="B134/D3: a write that commits NOTHING, and an open that fails, are both false" filename="test/test_device_inbox_fs_esp32.cpp" line="480" skipped="true"/>
    <TestCase name="B134/D4: read_whole returns the bytes read, clamps to cap, and answers 0 for an absent segment" filename="test/test_device_inbox_fs_esp32.cpp" line="499" skipped="true"/>
    <TestCase name="B134/D5: only an EXACT-length meta read is a meta; a short or over-long one is 'fresh'" filename="test/test_device_inbox_fs_esp32.cpp" line="514" skipped="true"/>
    <TestCase name="B134/D7 ★★★ an NVS lookup ERROR is never 'absent' — only ESP_ERR_NVS_NOT_FOUND is" filename="test/test_device_inbox_fs_esp32.cpp" line="528" skipped="true"/>
    <TestCase name="B134 ★★ records AND their §3.5 tombstones survive a reboot, and the epoch does NOT change" filename="test/test_device_inbox_fs_esp32.cpp" line="561" skipped="true"/>
    <TestCase name="B134 ★ a partly-committed append is SEALED, so the retry stays reachable across the seam" filename="test/test_device_inbox_fs_esp32.cpp" line="601" skipped="true"/>
    <TestCase name="B134 ★ a records FORMAT bumps the epoch and preserves next_seq (§10.1 across the ESP32 seam)" filename="test/test_device_inbox_fs_esp32.cpp" line="627" skipped="true"/>
    <TestCase name="B260/N1 ★★★ a backend REFUSAL is never 'absent' — the store would not answer, so nothing is known" filename="test/test_device_inbox_fs_nrf52.cpp" line="162" skipped="true"/>
    <TestCase name="B260/N1: the ONE absence — no record, and the backend answered fine — is a real first boot" filename="test/test_device_inbox_fs_nrf52.cpp" line="174" skipped="true"/>
    <TestCase name="B260/N1: an EXACT-length read is the only 'loaded'" filename="test/test_device_inbox_fs_nrf52.cpp" line="179" skipped="true"/>
    <TestCase name="B260/N1 ★★★ THE MIGRATION VERDICT: the retired twin's 24-byte meta is CORRUPT, never absent" filename="test/test_device_inbox_fs_nrf52.cpp" line="184" skipped="true"/>
    <TestCase name="B260/N1 ★★ an OVER-LENGTH file is corrupt too — a valid PREFIX is not a valid record" filename="test/test_device_inbox_fs_nrf52.cpp" line="196" skipped="true"/>
    <TestCase name="B260/N1 ★★ a NEGATIVE read rc (a corrupt CTZ block) is an error — ⛔ not absence, and not zero" filename="test/test_device_inbox_fs_nrf52.cpp" line="202" skipped="true"/>
    <TestCase name="B260 ★★★ every way the InternalFS read can fail lands on `error`; only a true NOENT is `absent`" filename="test/test_device_inbox_fs_nrf52.cpp" line="214" skipped="true"/>
    <TestCase name="B260/N2: a clean save reports true and the bytes are on the medium" filename="test/test_device_inbox_fs_nrf52.cpp" line="254" skipped="true"/>
    <TestCase name="B260/N2 ★★★ a COMPLETE write whose SYNC FAILED is a FAILED SAVE — the fault a void flush() hides" filename="test/test_device_inbox_fs_nrf52.cpp" line="263" skipped="true"/>
    <TestCase name="B260/N2 ★★ a SHORT write, and a write that REPORTS n while committing less, are both failures" filename="test/test_device_inbox_fs_nrf52.cpp" line="278" skipped="true"/>
    <TestCase name="B260/N2 ★★★ a STALE blob of the right LENGTH is a failed save — the term only `w == n` can see" filename="test/test_device_inbox_fs_nrf52.cpp" line="294" skipped="true"/>
    <TestCase name="B260/N2 ★★ a file LONGER than the blob is a failed save — the truncate did not take" filename="test/test_device_inbox_fs_nrf52.cpp" line="316" skipped="true"/>
    <TestCase name="B260/N2 ★ a failed CLOSE is a failed save too (the close still flushes, and can still fail)" filename="test/test_device_inbox_fs_nrf52.cpp" line="326" skipped="true"/>
    <TestCase name="B260/N2: an open that fails is a failed save, and writes nothing" filename="test/test_device_inbox_fs_nrf52.cpp" line="333" skipped="true"/>
    <TestCase name="B260/N2 ★ the save TRUNCATES — a second save of the same blob does not grow the file" filename="test/test_device_inbox_fs_nrf52.cpp" line="341" skipped="true"/>
    <TestCase name="B260 ★★★ THE MIGRATION: an nRF52 node carrying the retired twin's meta REFUSES to mount, loudly" filename="test/test_device_inbox_fs_nrf52.cpp" line="354" skipped="true"/>
    <TestCase name="B260 ★★ THE RECOVERY: once the stale meta is gone the store mounts FRESH, and stays mounted" filename="test/test_device_inbox_fs_nrf52.cpp" line="379" skipped="true"/>
    <TestCase name="B260 ★★★ a meta save the InternalFS will not commit REFUSES the append — defect ① through the seam" filename="test/test_device_inbox_fs_nrf52.cpp" line="411" skipped="true"/>
    <TestCase name="B260 ★★ set_read_cursor's failure is REPORTED and REPAIRABLE across the nRF52 seam — defect ⑤" filename="test/test_device_inbox_fs_nrf52.cpp" line="435" skipped="true"/>
    <TestCase name="device_nv: slot_size_ok accepts EXACTLY the wanted length; a short, long or NEGATIVE read fails" filename="test/test_device_nv.cpp" line="50" skipped="true"/>
    <TestCase name="device_nv: /mrcfg (Blob) takes the RANGE policy — v25 only at this layout, older padding and future versions reject" filename="test/test_device_nv.cpp" line="64" skipped="true"/>
    <TestCase name="device_nv: /mrid (IdBlob) takes the EXACT policy — only kIdVersion loads, neither neighbour does" filename="test/test_device_nv.cpp" line="97" skipped="true"/>
    <TestCase name="device_nv: /mrpeers (PeerBlob) takes the EXACT policy — an older-version store is REJECTED, not migrated" filename="test/test_device_nv.cpp" line="123" skipped="true"/>
    <TestCase name="device_nv/AB1: ROUND-TRIP — a stored record returns the same key, NAME and CONFIDENCE" filename="test/test_device_nv.cpp" line="197" skipped="true"/>
    <TestCase name="device_nv/AB1: the record layer REFUSES to persist an `overheard` key or an unrecognised confidence" filename="test/test_device_nv.cpp" line="229" skipped="true"/>
    <TestCase name="device_nv/AB1: confidence UPGRADES, never DOWNGRADES — and PINNED is immutable to an on-air set" filename="test/test_device_nv.cpp" line="245" skipped="true"/>
    <TestCase name="device_nv/AB1: peer_rec_merge REFUSES a downgrade on its own — the rule peer_rec_put's rule-1 shadows" filename="test/test_device_nv.cpp" line="266" skipped="true"/>
    <TestCase name="device_nv/AB1: the name is MUTABLE and refreshed; an EMPTY name keeps the stored label" filename="test/test_device_nv.cpp" line="288" skipped="true"/>
    <TestCase name="device_nv/AB1: `unchanged` IS THE FLASH-WEAR GUARD — a byte-identical re-cache reports no write" filename="test/test_device_nv.cpp" line="305" skipped="true"/>
    <TestCase name="device_nv/AB1: EVICTION is PINNED-OVER-AUTHORITATIVE — the oldest non-pinned goes, a pinned key never does" filename="test/test_device_nv.cpp" line="322" skipped="true"/>
    <TestCase name="device_nv/AB1: a store FULL OF PINNED keys REFUSES an insert — it never drops a human-verified key" filename="test/test_device_nv.cpp" line="346" skipped="true"/>
    <TestCase name="device_nv/AB1: a bit-rotted `count` cannot index past rec[]" filename="test/test_device_nv.cpp" line="362" skipped="true"/>
    <TestCase name="device_nv/AB1: peer_put_name covers EVERY PeerPut enumerator (the enum->string defect class)" filename="test/test_device_nv.cpp" line="369" skipped="true"/>
    <TestCase name="device_nv: synthetic RANGE-vs-EXACT predicate distinction — not the v25 load policy" filename="test/test_device_nv.cpp" line="392" skipped="true"/>
    <TestCase name="device_nv: /mrfault keeps its OWN validator (mrfault::fault_log_valid) — device_nv only owns the size check" filename="test/test_device_nv.cpp" line="407" skipped="true"/>
    <TestCase name="device_nv: the slot table names all four records for BOTH storage models" filename="test/test_device_nv.cpp" line="419" skipped="true"/>
    <TestCase name="device_nv: with no backend compiled every load and save FAILS LOUD; factory_erase is the no-op success" filename="test/test_device_nv.cpp" line="462" skipped="true"/>
    <TestCase name="device_nv: the record sizes the version policy guards are what the stored layout expects" filename="test/test_device_nv.cpp" line="498" skipped="true"/>
    <TestCase name="device_nv/nRF52 arm: a MOUNT FAILURE is a STORAGE FAILURE — ⛔ never the fresh-device 'absent'" filename="test/test_device_nv.cpp" line="648" skipped="true"/>
    <TestCase name="device_nv/nRF52 arm: the lookup is TRI-STATE — ONLY LFS_ERR_NOENT is an absent slot" filename="test/test_device_nv.cpp" line="675" skipped="true"/>
    <TestCase name="device_nv/nRF52 arm: a file LONGER than the record is REJECTED — the read alone cannot see it" filename="test/test_device_nv.cpp" line="714" skipped="true"/>
    <TestCase name="device_nv/nRF52 arm: an exactly-sized file reads ok; a SHORT one and a corrupt CTZ are invalid" filename="test/test_device_nv.cpp" line="734" skipped="true"/>
    <TestCase name="device_nv/ESP32 arm: 'this namespace was never written' and 'NVS would not open' are DIFFERENT answers" filename="test/test_device_nv.cpp" line="762" skipped="true"/>
    <TestCase name="device_nv: with NO SlotIo the arms ask the backend NOTHING extra — the four bool records cannot move" filename="test/test_device_nv.cpp" line="806" skipped="true"/>
    <TestCase name="device_nv: §RADMIN-4 — the CONTROLLER slots are their own, and `mr` is the factory-reset ruling" filename="test/test_device_nv.cpp" line="860" skipped="true"/>
    <TestCase name="device_nv: §RADMIN-4 — the CONTROLLER records' ABI and the four-valued stub contract" filename="test/test_device_nv.cpp" line="890" skipped="true"/>
    <TestCase name="dm_kdf — KAT against an independent BLAKE2b-512 reference" filename="test/test_dm_crypto.cpp" line="28" skipped="true"/>
    <TestCase name="dm_nonce — KAT against an independent BLAKE2b-512 reference (cleartext inputs only)" filename="test/test_dm_crypto.cpp" line="44" skipped="true"/>
    <TestCase name="dm_seal/dm_open — round-trip, and the ciphertext is NOT the plaintext" filename="test/test_dm_crypto.cpp" line="60" skipped="true"/>
    <TestCase name="dm_open — fails (and yields NO plaintext) on a tampered ct / tag / aad, wrong key, wrong nonce" filename="test/test_dm_crypto.cpp" line="73" skipped="true"/>
    <TestCase name="dm_seal — the nonce and the key each actually feed the cipher (no ignored-arg plumbing bug)" filename="test/test_dm_crypto.cpp" line="94" skipped="true"/>
    <TestCase name="dm_seal/dm_open — full chain: two identities ECDH -> dm_kdf -> seal -> the peer opens" filename="test/test_dm_crypto.cpp" line="107" skipped="true"/>
    <TestCase name="dm_seal/dm_open — external KAT: draft-irtf-cfrg-xchacha-03 §A.3.1 XChaCha20-Poly1305 vector" filename="test/test_dm_crypto.cpp" line="132" skipped="true"/>
    <TestCase name="blake2b — monocypher crypto_blake2b == RFC 7693 App. A BLAKE2b-512(&quot;abc&quot;)" filename="test/test_dm_crypto.cpp" line="171" skipped="true"/>
    <TestCase name="dual-layer cfg: a valid single-layer config inits + mirrors the legacy scalars into layers[0]" filename="test/test_dual_layer.cpp" line="66" skipped="true"/>
    <TestCase name="dual-layer cfg: a valid gateway (n_layers==2) inits" filename="test/test_dual_layer.cpp" line="77" skipped="true"/>
    <TestCase name="dual-layer cfg: on_init REFUSES a missing REQUIRED per-layer field (fail loud, §3.2)" filename="test/test_dual_layer.cpp" line="86" skipped="true"/>
    <TestCase name="dual-layer cfg: on_init REFUSES an out-of-range n_layers (> MR_N_LAYERS array bound, fail loud)" filename="test/test_dual_layer.cpp" line="96" skipped="true"/>
    <TestCase name="dual-layer cfg: on_init REFUSES overlapping explicit windows; accepts non-overlap + derived (0)" filename="test/test_dual_layer.cpp" line="106" skipped="true"/>
    <TestCase name="dual-layer cfg: on_init REFUSES same leaf nibble (§0.8 wire-filter aliasing) + a differing window_period" filename="test/test_dual_layer.cpp" line="121" skipped="true"/>
    <TestCase name="per-layer-bw: LayerConfig carries bw_hz/cr defaulting to 0 (inherit)" filename="test/test_dual_layer.cpp" line="899" skipped="true"/>
    <TestCase name="per-layer-bw: active_bw_hz/active_cr return the ACTIVE layer's value, global fallback on 0" filename="test/test_dual_layer.cpp" line="905" skipped="true"/>
    <TestCase name="per-layer-bw: single-layer node — active_bw_hz()==global radio_bw_hz (migration parity)" filename="test/test_dual_layer.cpp" line="918" skipped="true"/>
    <TestCase name="§rts-cr: the DATA-wait is armed for the SENDER's advertised CR, not the receiver's own" filename="test/test_dual_layer.cpp" line="936" skipped="true"/>
    <TestCase name="§rts-cr: a node's outbound RTS advertises its OWN active_cr(), per active layer" filename="test/test_dual_layer.cpp" line="984" skipped="true"/>
    <TestCase name="§rts-cr-overhear: the FLOOD retune window is sized for the SENDER's CR, not the overhearer's" filename="test/test_dual_layer.cpp" line="1037" skipped="true"/>
    <TestCase name="§rts-cr-overhear: the M_BROADCAST retune window is sized for the SENDER's CR" filename="test/test_dual_layer.cpp" line="1071" skipped="true"/>
    <TestCase name="§rts-cr-overhear: the anti-spam ledger BILLS an inbound DATA at the SENDER's CR" filename="test/test_dual_layer.cpp" line="1099" skipped="true"/>
    <TestCase name="§rts-cr-overhear: the NAV reservation from an overheard RTS uses the SENDER's CR" filename="test/test_dual_layer.cpp" line="1160" skipped="true"/>
    <TestCase name="§cts-len6-cr2: the NAV reservation from an overheard CTS uses the CLEARED SENDER's CR (was unfixable)" filename="test/test_dual_layer.cpp" line="1216" skipped="true"/>
    <TestCase name="per-layer-bw: the window switch ALWAYS syncs BW/CR to the active leaf's effective PHY (no stale _def_bw)" filename="test/test_dual_layer.cpp" line="1280" skipped="true"/>
    <TestCase name="per-layer-bw: parse_gateway_cmd bw0/bw1 are kHz (fractional) -> Hz; validate gates illegal PHY" filename="test/test_dual_layer.cpp" line="1300" skipped="true"/>
    <TestCase name="per-layer-bw: gateway parse keeps each leaf's OWN node/data_sf (no l0&lt;->l1 bleed)" filename="test/test_dual_layer.cpp" line="1316" skipped="true"/>
    <TestCase name="per-layer-bw: a 2-layer config charges each layer its OWN airtime (charge==transmit invariant)" filename="test/test_dual_layer.cpp" line="1328" skipped="true"/>
    <TestCase name="§GW exemption (A): a gateway does NOT adopt a managed leaf's lineage; it peers by nibble" filename="test/test_dual_layer.cpp" line="1347" skipped="true"/>
    <TestCase name="§GW exemption (B): a managed member DOES route a gateway neighbour despite the lineage mismatch" filename="test/test_dual_layer.cpp" line="1368" skipped="true"/>
    <TestCase name="§intra-relay Edit 3: reject TRANSIT through a LEARNED gateway; a normal low-id node is STILL accepted" filename="test/test_dual_layer.cpp" line="1388" skipped="true"/>
    <TestCase name="§intra-relay Edit 2: a gateway DROPS an intra-leaf forward (no relay); the opt-in re-enables it" filename="test/test_dual_layer.cpp" line="1405" skipped="true"/>
    <TestCase name="§intra-relay Edit 4: an only-a-gateway route -> pick_next_cascade_hop returns 0 (the originator rediscovers)" filename="test/test_dual_layer.cpp" line="1422" skipped="true"/>
    <TestCase name="§per-layer discovery: the boot leaf's exit does NOT starve the far leaf out of fast-cadence discovery" filename="test/test_dual_layer.cpp" line="1437" skipped="true"/>
    <TestCase name="§per-layer-id: canonical_node_id() is layer0's id, INDEPENDENT of the active window (no persist clobber)" filename="test/test_dual_layer.cpp" line="1461" skipped="true"/>
    <TestCase name="§xl-nibble-match: bridge resolves the target leaf by NIBBLE (metal full-id gateway; the reverse ack bridges home)" filename="test/test_dual_layer.cpp" line="1478" skipped="true"/>
    <TestCase name="dual-layer dedup: the same (origin,dst,ctr) key on two leaves does NOT collide (§8; node_mac_rx.cpp:393)" filename="test/test_dual_layer.cpp" line="1501" skipped="true"/>
    <TestCase name="dual-layer dedup: the Q REQ_SYNC plane (_q_responded / _sync_pending) is per-layer too (Slice 2b)" filename="test/test_dual_layer.cpp" line="1544" skipped="true"/>
    <TestCase name="dual-layer scheduler: equal-SF gateway derives a 50/50 anti-phase split (Slice 3a, §0.9)" filename="test/test_dual_layer.cpp" line="1568" skipped="true"/>
    <TestCase name="dual-layer scheduler: SF-weighted split gives the higher-SF leaf the LONGER window (Slice 3a, §0.9)" filename="test/test_dual_layer.cpp" line="1582" skipped="true"/>
    <TestCase name="dual-layer scheduler: a per-layer BW override DOES move the split (narrower BW -> longer window)" filename="test/test_dual_layer.cpp" line="1598" skipped="true"/>
    <TestCase name="dual-layer scheduler: a per-layer CR override does NOT move the split (§cr-out-of-split)" filename="test/test_dual_layer.cpp" line="1613" skipped="true"/>
    <TestCase name="dual-layer scheduler: an explicit window_ms fills the remainder + derives the anti-phase offset (Slice 3a)" filename="test/test_dual_layer.cpp" line="1652" skipped="true"/>
    <TestCase name="dual-layer scheduler: on_init REFUSES a 0 window_period (validate-not-clamp, §3.2)" filename="test/test_dual_layer.cpp" line="1664" skipped="true"/>
    <TestCase name="dual-layer cfg: single-layer mirrors node_id into layers[0] + window == whole period (Slice 3a)" filename="test/test_dual_layer.cpp" line="1672" skipped="true"/>
    <TestCase name="dual-layer activation: activate_layer swaps the leaf + retunes SF / identity / SNR floor (Slice 3c)" filename="test/test_dual_layer.cpp" line="1682" skipped="true"/>
    <TestCase name="dual-layer activation: layer_swap_blocked is the §4 busy-guard (pending_tx/rx, post_ack, nack_wait) (Slice 3c)" filename="test/test_dual_layer.cpp" line="1707" skipped="true"/>
    <TestCase name="swap-fix: the BUSY-retry re-issue (retry_stashed) clears reissue_pending -> no gateway swap deadlock" filename="test/test_dual_layer.cpp" line="1732" skipped="true"/>
    <TestCase name="dual-layer hardening: a swap re-homes the leaving leaf's deferred-drain (no stranded no-route DMs) (Slice 3c)" filename="test/test_dual_layer.cpp" line="1746" skipped="true"/>
    <TestCase name="dual-layer scheduler: the window-switch loop alternates the active leaf; busy-guard defers (Slice 3d)" filename="test/test_dual_layer.cpp" line="1762" skipped="true"/>
    <TestCase name="dual-layer scheduler: GRID scheduling — a busy slip snaps back to the absolute grid (no ratchet)" filename="test/test_dual_layer.cpp" line="1794" skipped="true"/>
    <TestCase name="dual-layer beacon: a gateway beacons each leaf on its own cadence at window-activation, NOT the shared timer (Slice 3d)" filename="test/test_dual_layer.cpp" line="1816" skipped="true"/>
    <TestCase name="gateway noise: steady-state SCHEDULE re-advertisement fires at the readvert cadence, silent before it, OFF when disabled" filename="test/test_dual_layer.cpp" line="1844" skipped="true"/>
    <TestCase name="gateway noise: a DIRTY route still pushes IMMEDIATELY (reactive), even in steady state" filename="test/test_dual_layer.cpp" line="1872" skipped="true"/>
    <TestCase name="gateway noise: the unsolicited heartbeat fires ONLY with duty headroom AND past the min interval" filename="test/test_dual_layer.cpp" line="1885" skipped="true"/>
    <TestCase name="routes dump: rt_gateway_schedule returns a heard gateway's stored schedule, nullptr when unknown" filename="test/test_dual_layer.cpp" line="1919" skipped="true"/>
    <TestCase name="dual-layer freq: a gateway retunes the RX frequency on each window switch (per-layer channel)" filename="test/test_dual_layer.cpp" line="1935" skipped="true"/>
    <TestCase name="§layer-freq: active_freq_mhz returns the ACTIVE layer's carrier, global fallback on 0" filename="test/test_dual_layer.cpp" line="1957" skipped="true"/>
    <TestCase name="§layer-freq: the window switch RESETS an inherit-leaf to the global carrier (no stale carrier)" filename="test/test_dual_layer.cpp" line="1970" skipped="true"/>
    <TestCase name="§layer-freq: one layer overriding + one inheriting with NO global carrier is REFUSED (C2)" filename="test/test_dual_layer.cpp" line="1985" skipped="true"/>
    <TestCase name="dual-layer beacon: a gateway ADVERTISES its window schedule — one record/leaf, receiver-anchored countdown (Slice 3e)" filename="test/test_dual_layer.cpp" line="2011" skipped="true"/>
    <TestCase name="dual-layer beacon: a node LEARNS a gateway's schedule + defers its RTS to the gateway's window (Slice 3e.2)" filename="test/test_dual_layer.cpp" line="2040" skipped="true"/>
    <TestCase name="§3e herd-spread: gateway_spread_nibble sizes from the 1-hop herd; &lt; gateway_herd_min advertises 0" filename="test/test_dual_layer.cpp" line="2068" skipped="true"/>
    <TestCase name="§3e herd-spread: gw_herd_slack scales the advertised nibble (default 2; cfg-tunable)" filename="test/test_dual_layer.cpp" line="2095" skipped="true"/>
    <TestCase name="§3e exchange airtime: RTS+CTS+cts_gap+DATA+ACK via airtime_ms; DATA len from the rolling payload mean" filename="test/test_dual_layer.cpp" line="2114" skipped="true"/>
    <TestCase name="§3e herd-spread: a deferred send adds capped herd-jitter when the gateway advertises nibble>0" filename="test/test_dual_layer.cpp" line="2133" skipped="true"/>
    <TestCase name="dual-layer beacon: the ACTIVE leaf advertises countdown 0 even MID-window (Slice 3e F-A)" filename="test/test_dual_layer.cpp" line="2150" skipped="true"/>
    <TestCase name="dual-layer origination: send_layer parks a cross-layer send + floods an H query (Slice 4d)" filename="test/test_dual_layer.cpp" line="2177" skipped="true"/>
    <TestCase name="§S4 send_layer seals under e2e_dm: DATA_TYPE_SEALED_RELAY (the v1 refusal is lifted; fail-loud on no-path / no-key)" filename="test/test_dual_layer.cpp" line="2196" skipped="true"/>
    <TestCase name="★ §xl-crypt-intent — `-e` to a mobile homed on ANOTHER layer is SEALED, and the cleartext is NOT on the air" filename="test/test_dual_layer.cpp" line="2293" skipped="true"/>
    <TestCase name="§xl-crypt-intent — e2e_dm ON + CryptIntent::def also seals the XL arm (the node's POLICY, not just `-e`)" filename="test/test_dual_layer.cpp" line="2332" skipped="true"/>
    <TestCase name="§xl-crypt-intent — CONTROL: the SAME send with CryptIntent::off still flies plaintext (discriminates, not blanket-refuses)" filename="test/test_dual_layer.cpp" line="2347" skipped="true"/>
    <TestCase name="★ §xl-crypt-intent — a `-e` XL send with NO recipient pubkey REFUSES LOUD (send_failed{no_pubkey}), never cleartext" filename="test/test_dual_layer.cpp" line="2366" skipped="true"/>
    <TestCase name="★ §xl-crypt-intent — a TYPED `-e` XL send REFUSES LOUD (unsealable): SEALED_RELAY spends the one TYPE byte" filename="test/test_dual_layer.cpp" line="2382" skipped="true"/>
    <TestCase name="★★ §xl-deleg-ack — a DELEGATED SEALED cross-layer DM ARRIVES AND OPENS at the target (it used to be SILENTLY DROPPED)" filename="test/test_dual_layer.cpp" line="2456" skipped="true"/>
    <TestCase name="★ §xl-deleg-ack — the returning far ack reaches the MOBILE with the MOBILE's ctr (the full delegated round trip)" filename="test/test_dual_layer.cpp" line="2505" skipped="true"/>
    <TestCase name="§xl-deleg-ack — CONTROL: a NON-delegated cross-layer send is unchanged (own SOURCE_HASH, no ctr map, deadline armed)" filename="test/test_dual_layer.cpp" line="2544" skipped="true"/>
    <TestCase name="★ §xl-deleg-ack — a crypt-wanting DELEGATED XL send REFUSES LOUD (seal-vs-claimed-sender conflict), never an unopenable frame" filename="test/test_dual_layer.cpp" line="2567" skipped="true"/>
    <TestCase name="★ §xl-deleg-ack — the SAME-LAYER mobile_home_find sibling maps ctr_H->ctr_M too (the site XL-CRYPT's note wrongly said already did)" filename="test/test_dual_layer.cpp" line="2592" skipped="true"/>
    <TestCase name="★ §xl-deleg-ack — the OWN-HOSTED-TARGET last-mile arm maps ctr_H->ctr_M too (home hosts BOTH mobiles)" filename="test/test_dual_layer.cpp" line="2618" skipped="true"/>
    <TestCase name="dual-layer origination: send_cross_layer builds [my,target] cur=1 + SOURCE_HASH to a schedule-verified gateway (Slice 4d)" filename="test/test_dual_layer.cpp" line="2640" skipped="true"/>
    <TestCase name="dual-layer origination: send_cross_layer HONORS the E2E_ACK_REQ flag so Y can ack via the reversed path (Slice 4d/e2e)" filename="test/test_dual_layer.cpp" line="2673" skipped="true"/>
    <TestCase name="send_layer: a single-hop explicit path builds [my,target] cur=1 to the gateway for that leaf" filename="test/test_dual_layer.cpp" line="2718" skipped="true"/>
    <TestCase name="send_layer: a two-hop explicit path builds [my,h0,h1] n_layers=3 cur=1 to the gateway for h0's leaf" filename="test/test_dual_layer.cpp" line="2738" skipped="true"/>
    <TestCase name="send_layer: on_command REFUSES hops[0] == our own layer (self-layer misconfig, fail loud)" filename="test/test_dual_layer.cpp" line="2754" skipped="true"/>
    <TestCase name="send_layer: no gateway serves hops[0]'s leaf -> SYNCHRONOUS err_no_gateway, nothing enqueued, NO orphan push" filename="test/test_dual_layer.cpp" line="2766" skipped="true"/>
    <TestCase name="send_layer: on_command returns the full send-handle (ctr + dst_hash + packed layer_path)" filename="test/test_dual_layer.cpp" line="2779" skipped="true"/>
    <TestCase name="§0f send_layer: the depth-4 carrier cap QUEUES; `-l` refuses by name; cap+1 refuses at the CARRIER" filename="test/test_dual_layer.cpp" line="2806" skipped="true"/>
    <TestCase name="§0h registered mobile: a 232-byte delegated DM queues with BOTH hashes and a FULL inner; 233 refuses" filename="test/test_dual_layer.cpp" line="2885" skipped="true"/>
    <TestCase name="§0h delegated wrapper: a pack refusal NEVER queues a zero inner, and owns the lifecycle truthfully" filename="test/test_dual_layer.cpp" line="2943" skipped="true"/>
    <TestCase name="§0h park backstops: both helpers REFUSE an over-cap body — never a clamp, never a stored prefix" filename="test/test_dual_layer.cpp" line="3019" skipped="true"/>
    <TestCase name="§0h home receive: a MOBILE_SEND wrapper WITHOUT its source hash is REFUSED, never inboxed" filename="test/test_dual_layer.cpp" line="3062" skipped="true"/>
    <TestCase name="send handle: sendhash echoes dst_hash (layer_path 0); plain send echoes neither" filename="test/test_dual_layer.cpp" line="3112" skipped="true"/>
    <TestCase name="dual-layer ack: Y builds a REVERSED-path cross-layer E2E ack back to the original sender (Slice 4e)" filename="test/test_dual_layer.cpp" line="3128" skipped="true"/>
    <TestCase name="dual-layer ack: a cross-layer DM WITHOUT SOURCE_HASH -> NO ack (never ack the local-leaf origin) (Slice 4e)" filename="test/test_dual_layer.cpp" line="3158" skipped="true"/>
    <TestCase name="§S4: e2e_dm EMITS the cross-layer E2E ack cleartext (parity with same-layer acks; the v1 refusal is lifted)" filename="test/test_dual_layer.cpp" line="3177" skipped="true"/>
    <TestCase name="dual-layer origination: a routeless bridging gateway -> PARK + reactive RREQ, not give-up (Slice 4d.2)" filename="test/test_dual_layer.cpp" line="3197" skipped="true"/>
    <TestCase name="dual-layer origination: the H-answer drains a parked send_layer into a CROSS_LAYER DM; same-layer short-circuits (Slice 4d)" filename="test/test_dual_layer.cpp" line="3218" skipped="true"/>
    <TestCase name="dual-layer bridge: a gateway re-injects a cross-layer DM onto the far leaf + seeds loop suppression (Slice 4c.1)" filename="test/test_dual_layer.cpp" line="3255" skipped="true"/>
    <TestCase name="L13 — a SINGLE-layer node refuses a crafted cross-layer handoff (no _xl_handoffs slot, no H-flood)" filename="test/test_dual_layer.cpp" line="3300" skipped="true"/>
    <TestCase name="dual-layer bridge: the re-injected relay RTS carries RTS_FLAG_RELAY end-to-end (Slice 4c.2)" filename="test/test_dual_layer.cpp" line="3336" skipped="true"/>
    <TestCase name="dual-layer bridge: the DELIVER-branch fork routes a cross-layer TRANSIT DM to bridge, not inbox (Slice 4c.1 keystone)" filename="test/test_dual_layer.cpp" line="3364" skipped="true"/>
    <TestCase name="dual-layer bridge: an UNKNOWN far-leaf binding DEFERS the handoff -> H-flood -> resolves on the binding (Slice 4f)" filename="test/test_dual_layer.cpp" line="3394" skipped="true"/>
    <TestCase name="dual-layer bridge: an unknown far-leaf binding aged past the TTL gives up LOUD (Slice 4f)" filename="test/test_dual_layer.cpp" line="3427" skipped="true"/>
    <TestCase name="dual-layer bridge: a resolved handoff on a FULL queue is KEPT for retry, not dropped (Slice 4f / review HIGH #1)" filename="test/test_dual_layer.cpp" line="3448" skipped="true"/>
    <TestCase name="dual-layer bridge: the H-answer re-drain HOOK resolves a deferred handoff immediately (Slice 4f)" filename="test/test_dual_layer.cpp" line="3475" skipped="true"/>
    <TestCase name="dual-layer bridge: a cross-layer DM addressed to the gateway ITSELF is REFUSED-not-bridged when malformed; not-our-layer refused (Slice 4c.1)" filename="test/test_dual_layer.cpp" line="3501" skipped="true"/>
    <TestCase name="dual-layer send: an RTS to a time-multiplexing gateway DEFERS to its window, then fires when it opens (Slice 4a / 3e.2b)" filename="test/test_dual_layer.cpp" line="3525" skipped="true"/>
    <TestCase name="dual-layer config: a window beyond the 8-bit wire range is REFUSED, not clamped (Slice 3e F-C)" filename="test/test_dual_layer.cpp" line="3566" skipped="true"/>
    <TestCase name="dual-layer activation: a swap DRAINS the leaving leaf's sync-response ring (no stale timer on the wrong leaf) (Slice 3c)" filename="test/test_dual_layer.cpp" line="3582" skipped="true"/>
    <TestCase name="dual-layer Principle 11: a gateway never originates or pulls channel gossip (Slice 3c #4)" filename="test/test_dual_layer.cpp" line="3598" skipped="true"/>
    <TestCase name="bridged_layers: ingest last-write-wins; build returns 0 when empty (s18 keystone), >0 after a learned row" filename="test/test_dual_layer.cpp" line="3633" skipped="true"/>
    <TestCase name="bridged_layers selection: a gw 2 hops away (in _bridged_layers, NOT _gw_schedules) is selectable" filename="test/test_dual_layer.cpp" line="3644" skipped="true"/>
    <TestCase name="bridged_layers Pass-2 seen-guard: REJECT a propagated gw never heard on our leaf (cross-layer TLV leak)" filename="test/test_dual_layer.cpp" line="3652" skipped="true"/>
    <TestCase name="bridged_layers: two gateways on ONE leaf bridging DIFFERENT leaves -> the RIGHT gw per target" filename="test/test_dual_layer.cpp" line="3660" skipped="true"/>
    <TestCase name="§gateway parse_gateway_cmd — a valid line fills both leaves; validate derives the SF-weighted windows" filename="test/test_dual_layer.cpp" line="3671" skipped="true"/>
    <TestCase name="§gateway parse_gateway_cmd — order-independent tokens + optionals" filename="test/test_dual_layer.cpp" line="3685" skipped="true"/>
    <TestCase name="§gateway parse_gateway_cmd — freq0/freq1 are optional; omitted => 0 (inherit), non-positive => bad_freq" filename="test/test_dual_layer.cpp" line="3695" skipped="true"/>
    <TestCase name="§gateway parse_gateway_cmd — error matrix; the 1..16 reservation is NOT enforced" filename="test/test_dual_layer.cpp" line="3703" skipped="true"/>
    <TestCase name="§gateway — leaf-nibble clash is caught by validate (parity with on_init), not parse" filename="test/test_dual_layer.cpp" line="3718" skipped="true"/>
    <TestCase name="gw-window sync: periodic beacon biases to the gateway's window-open; added delay &lt; one window-period" filename="test/test_dual_layer.cpp" line="3727" skipped="true"/>
    <TestCase name="gw-window sync: no gateway neighbour -> plain cadence (identical to today)" filename="test/test_dual_layer.cpp" line="3743" skipped="true"/>
    <TestCase name="gw-window sync: in-discovery AND gw-in-window-now both skip the bias" filename="test/test_dual_layer.cpp" line="3751" skipped="true"/>
    <TestCase name="gw-window sync: bias is bounded (&lt; one window-period added) across all phases -> beacon count stays bounded" filename="test/test_dual_layer.cpp" line="3762" skipped="true"/>
    <TestCase name="gw route-pull: send_req_sync_q(force) bypasses boot-flag + route-rich guards; 30s rate-limit holds" filename="test/test_dual_layer.cpp" line="3779" skipped="true"/>
    <TestCase name="§team-parity T4 — the originator guard matrix: who may fire a TEAM-scoped pull, and what it airs" filename="test/test_dual_layer.cpp" line="3807" skipped="true"/>
    <TestCase name="gw route-pull: a gateway-relay no-route leg PULLS + DEFERS (not drop); a normal forwarder still drops" filename="test/test_dual_layer.cpp" line="3874" skipped="true"/>
    <TestCase name="originator route-pull (Wave-4): an ORIGINATOR no-route send PULLS + DEFERS (not silent defer-to-giveup)" filename="test/test_dual_layer.cpp" line="3895" skipped="true"/>
    <TestCase name="gateway exemption: channel_origin_admit early-returns false out-of-plane (n_layers==2) — cap_origin never runs on a bridge" filename="test/test_dual_layer.cpp" line="3922" skipped="true"/>
    <TestCase name="gateway exemption: a bridged DM (is_forward) skips dm_min_interval — the self-throttle lives inside !is_forward" filename="test/test_dual_layer.cpp" line="3943" skipped="true"/>
    <TestCase name="gateway exemption: OWN e2e-ack (DATA_TYPE_E2E_ACK) is dm_min_interval-exempt — bridge acks never self-throttle" filename="test/test_dual_layer.cpp" line="3984" skipped="true"/>
    <TestCase name="§mobile 3a — host last-mile forward: re-address a DM for a hosted mobile to its local-id + addr_len=1" filename="test/test_dual_layer.cpp" line="4013" skipped="true"/>
    <TestCase name="§mobile 3b outbound — a registered mobile bills home (origin), self-marks, and routes via home_node" filename="test/test_dual_layer.cpp" line="4040" skipped="true"/>
    <TestCase name="§mobile 3b receive — the mark disambiguates a colliding id: a mobile accepts addr_len=1, a static accepts addr_len=0" filename="test/test_dual_layer.cpp" line="4056" skipped="true"/>
    <TestCase name="§mobile 3c — mobile_home cache: find/set/coexist/TTL" filename="test/test_dual_layer.cpp" line="4073" skipped="true"/>
    <TestCase name="§mobile 3c — Fix 5: override_dst_hash stamps the DM's DST_HASH = M (not key_hash_of_id(N))" filename="test/test_dual_layer.cpp" line="4086" skipped="true"/>
    <TestCase name="§mobile 3c — Fix 4: send_by_hash hits the mobile_home cache -> sends to home with DST_HASH=M, no giveup" filename="test/test_dual_layer.cpp" line="4101" skipped="true"/>
    <TestCase name="§mobile Fix 5 (§18) — E2E-ACK when the origin's GLOBAL id == the mobile's LOCAL id: via home, no loop, no self-drop" filename="test/test_dual_layer.cpp" line="4120" skipped="true"/>
    <TestCase name="§mobile — a home E2E-acks its OWN hosted mobile's DM via a last-mile (addr_len=1), NOT a self-send to its own id" filename="test/test_dual_layer.cpp" line="4150" skipped="true"/>
    <TestCase name="§GapB p3 Piece 1 — the acker addresses the E2E-ack FOR the mobile via DST_HASH (sender != origin); a static sender does NOT (s18-safe gate)" filename="test/test_dual_layer.cpp" line="4171" skipped="true"/>
    <TestCase name="§GapB p2 Piece 2 — a home last-miles a DST_HASH-addressed E2E-ack for a hosted mobile (direct: ctr passes through the :699 fork)" filename="test/test_dual_layer.cpp" line="4201" skipped="true"/>
    <TestCase name="§mobile reverse-ack Step 3 — a home re-originating a delegated MOBILE_SEND records the ctr_H->ctr_M map" filename="test/test_dual_layer.cpp" line="4225" skipped="true"/>
    <TestCase name="§GapB p2 Step 3 — a home translates a delegated target-ack (ctr_H) back to the mobile's ctr (ctr_M) on the :699 last-mile" filename="test/test_dual_layer.cpp" line="4241" skipped="true"/>
    <TestCase name="§B278 S0 — ACK-first clearing is ONE-SHOT: the row frees and a duplicate ACK cannot translate again" filename="test/test_dual_layer.cpp" line="4265" skipped="true"/>
    <TestCase name="§B278 S0 — R1=A precondition: a plain non-E2E delegated wrapper allocates NO correlation row" filename="test/test_dual_layer.cpp" line="4302" skipped="true"/>
    <TestCase name="§B278 S0 — the ruled 750 s custody bound is 2.5x the life the ring gives a row TODAY" filename="test/test_dual_layer.cpp" line="4335" skipped="true"/>
    <TestCase name="§B251 reverse key — destination scopes equal destination-local ctrH values for one hosted mobile" filename="test/test_dual_layer.cpp" line="4372" skipped="true"/>
    <TestCase name="§B251 reverse key — two hosted-mobile hashes sharing ctrH and return peer cannot cross-correlate" filename="test/test_dual_layer.cpp" line="4402" skipped="true"/>
    <TestCase name="§B251 reverse key — the same mobile, ctrH and return peer cannot cross-correlate across layers" filename="test/test_dual_layer.cpp" line="4422" skipped="true"/>
    <TestCase name="§B251 reverse ring — a ninth live correlation is refused without evicting an earlier answer" filename="test/test_dual_layer.cpp" line="4443" skipped="true"/>
    <TestCase name="§B278 S1a — reserve writes the TARGET identity and activation writes the RETURN identity independently" filename="test/test_dual_layer.cpp" line="4474" skipped="true"/>
    <TestCase name="§B278 S1a — release matches RESERVED rows on the target identity, and never touches an ACTIVE row" filename="test/test_dual_layer.cpp" line="4522" skipped="true"/>
    <TestCase name="§B278 S1a — the reserve key is exact: retry refreshes in place, any other tuple takes its own row" filename="test/test_dual_layer.cpp" line="4549" skipped="true"/>
    <TestCase name="§B278 S1a — a full ring of RESERVATIONS refuses the ninth with a retry hint, evicts nothing, and self-drains at the named TTL" filename="test/test_dual_layer.cpp" line="4582" skipped="true"/>
    <TestCase name="§B278 S1a — outward_type is STORED at every activation arm and is part of NO key" filename="test/test_dual_layer.cpp" line="4612" skipped="true"/>
    <TestCase name="§B278 S1a — custody_state is `none` on every path a behaviour-neutral slice can reach" filename="test/test_dual_layer.cpp" line="4668" skipped="true"/>
    <TestCase name="§B278 S1b — activation uniqueness is CROSS-MOBILE: one wire-visible return key admits exactly one row" filename="test/test_dual_layer.cpp" line="4699" skipped="true"/>
    <TestCase name="§B278 S1b — §5's type term is ONE authority, and exactly two DataTypes are non-reportable" filename="test/test_dual_layer.cpp" line="4757" skipped="true"/>
    <TestCase name="§B278 S1b — the RESERVATION verdict can only ever be `none` or a PROVISIONAL `candidate`" filename="test/test_dual_layer.cpp" line="4772" skipped="true"/>
    <TestCase name="§B278 S1b — the ACTIVATION verdict is final: `eligible` iff a custody-carrying arm meets §5(7)" filename="test/test_dual_layer.cpp" line="4806" skipped="true"/>
    <TestCase name="§B278 S1b — the ring stores exactly the verdict it is handed; `candidate` never survives ACTIVE and `forwarded` is unreachable" filename="test/test_dual_layer.cpp" line="4823" skipped="true"/>
    <TestCase name="§B278 S1b F6 — the WHOLE row expires at the exclusive 300 s edge and reports its exact pre-clear values ONCE, from every prune site" filename="test/test_dual_layer.cpp" line="4882" skipped="true"/>
    <TestCase name="§B278 S1b F6 — `deleg_ack_released` names its CAUSE, fires once per matched row, and a no-match release is SILENT" filename="test/test_dual_layer.cpp" line="4955" skipped="true"/>
    <TestCase name="§B278 S1b F6 — every EXISTING correlation event keeps its name, its fields and their ORDER; the two new fields are APPENDED" filename="test/test_dual_layer.cpp" line="5016" skipped="true"/>
    <TestCase name="§B278 S1b — the last-mile reverse ACK reports its OWN identity: `mobile_hash` and `ctr_h` are APPENDED to `mobile_reverse_ack`" filename="test/test_dual_layer.cpp" line="5055" skipped="true"/>
    <TestCase name="§B278 S1b OWNER RULING — a wrapper-path return-key collision releases ONLY the new reservation, leaves the incumbent intact, and the ACK it can no longer translate stays UNTRANSLATED" filename="test/test_dual_layer.cpp" line="5081" skipped="true"/>
    <TestCase name="§S1 — a registered mobile WRAPS send_layer to its home (DATA_TYPE_MOBILE_SEND + CROSS_LAYER path; user hops verbatim, own layer NOT prepended)" filename="test/test_dual_layer.cpp" line="5139" skipped="true"/>
    <TestCase name="§S1 — the home unwraps an XL data delegation -> re-originates a CROSS_LAYER DM (SOURCE_HASH=mobile) + records the ctr_H->ctr_M map" filename="test/test_dual_layer.cpp" line="5170" skipped="true"/>
    <TestCase name="§B278 S1b §4.3 ACK-ONLY ARM 3 of 4 — the wrapper's own CROSS-LAYER branch activates with NO custody obligation, only the ACK one" filename="test/test_dual_layer.cpp" line="5198" skipped="true"/>
    <TestCase name="§GapB — the home unwraps an XL ACK delegation (enclosed_type=E2E_ACK): re-originates type=E2E_ACK, no ack-of-ack, no deleg map" filename="test/test_dual_layer.cpp" line="5231" skipped="true"/>
    <TestCase name="§S4 — the home unwraps an XL SEALED delegation (enclosed_type=SEALED_RELAY): re-originates DATA_TYPE_SEALED_RELAY VERBATIM (no re-seal), SOURCE_HASH=mobile, ctr_H->ctr_M map recorded" filename="test/test_dual_layer.cpp" line="5253" skipped="true"/>
    <TestCase name="§S1 — the home REFUSES a delegated XL path fail-loud (hops[0] == its own layer)" filename="test/test_dual_layer.cpp" line="5284" skipped="true"/>
    <TestCase name="§GapB — send_xl_ack from a MOBILE recipient DELEGATES the ack via its home (never self-originates an XL frame)" filename="test/test_dual_layer.cpp" line="5297" skipped="true"/>
    <TestCase name="§GapB — the delegating home rewrites a returning XL ack ctr_H->ctr_M + last-miles it to the mobile (:699 unified path)" filename="test/test_dual_layer.cpp" line="5324" skipped="true"/>
    <TestCase name="§GapA — an XL delivery surfaces the SENDER's layer as origin_layer; a same-layer DM does NOT" filename="test/test_dual_layer.cpp" line="5347" skipped="true"/>
    <TestCase name="§mobile — a reply-expecting static send FAILS LOUD when the mobile has no routable home (no RREQ storm); a registered mobile proceeds" filename="test/test_dual_layer.cpp" line="5364" skipped="true"/>
    <TestCase name="§S6 — home-loss is PROBE-driven (the beacon-timeout rule is RETIRED): mobile_discover_fire never drops a homed mobile; k_miss unanswered probes do" filename="test/test_dual_layer.cpp" line="5389" skipped="true"/>
    <TestCase name="§mobile — a registered mobile packs the DM INNER origin as its HOME (routable), not its node_id (the reverse-ack dest)" filename="test/test_dual_layer.cpp" line="5406" skipped="true"/>
    <TestCase name="§mobile — the home-lost clock is refreshed by the home's CTS (not only its sparse beacon)" filename="test/test_dual_layer.cpp" line="5424" skipped="true"/>
    <TestCase name="§mobile 4a — mobile_home cache: freshest-epoch wins (wrap-aware)" filename="test/test_dual_layer.cpp" line="5443" skipped="true"/>
    <TestCase name="§mobile 4a — MOBILE_H_ANSWER caches M->home+epoch with NO id_bind; a plain H_ANSWER id_binds + no cache" filename="test/test_dual_layer.cpp" line="5453" skipped="true"/>
    <TestCase name="§mobile 4a — a host proxying a hosted mobile emits DATA_TYPE_MOBILE_H_ANSWER + the epoch" filename="test/test_dual_layer.cpp" line="5471" skipped="true"/>
    <TestCase name="§mobile hash-locate Fix 1/2 — a registered mobile is SILENT on a static HARD locate for its own hash; the home proxies it (HARD too)" filename="test/test_dual_layer.cpp" line="5492" skipped="true"/>
    <TestCase name="§mobile hash-locate Fix 2 — the home proxies a HARD locate ONLY while the mobile is live (liveness gate, not a black hole)" filename="test/test_dual_layer.cpp" line="5521" skipped="true"/>
    <TestCase name="★★★★★ §B177-FIX — a hosted mobile's BEACON does NOT refresh the proxy clock; its P PROBE does" filename="test/test_dual_layer.cpp" line="5556" skipped="true"/>
    <TestCase name="§mobile hash-locate Fix 1/1b — a TEAM-scoped locate gets the mobile's authoritative answer; a wrong/absent team_id stays silent" filename="test/test_dual_layer.cpp" line="5604" skipped="true"/>
    <TestCase name="§S6 — a home caches a hosted mobile's key from the PROBE's HAS_PUBKEY block (hash-verified); rejects an inconsistent key + a non-hosted M" filename="test/test_dual_layer.cpp" line="5644" skipped="true"/>
    <TestCase name="§mobile Part 2 Fix 7 — a home answers a WANT_PUBKEY locate for its LIVE mobile with a MOBILE_H_ANSWER_PUBKEY; silent without the key" filename="test/test_dual_layer.cpp" line="5692" skipped="true"/>
    <TestCase name="§mobile Part 2 — a STALE (redirect) home FORWARDS a WANT_PUBKEY locate (to the new home) instead of answering/suppressing; a PLAIN locate still redirects" filename="test/test_dual_layer.cpp" line="5731" skipped="true"/>
    <TestCase name="§mobile Part 2 Fix 8 — a MOBILE_H_ANSWER_PUBKEY caches peer_key(M) + M->home, NEVER an id_bind to the local id" filename="test/test_dual_layer.cpp" line="5762" skipped="true"/>
    <TestCase name="§mobile Part 2 Fix 6 — a mobile with a crypto identity pushes its ed_pub to the (new) home on adopt; no identity -> no push" filename="test/test_dual_layer.cpp" line="5783" skipped="true"/>
    <TestCase name="§mobile Wave 2 — the owner's WANT_PUBKEY answer to a MOBILE requester is a DST_HASH DM (routes to origin=the mobile's home, which last-miles it — NOT the unroutable mobile local id)" filename="test/test_dual_layer.cpp" line="5812" skipped="true"/>
    <TestCase name="§name — a WANT_PUBKEY H carrying the requester's name -> the OWNER caches hash->name (peer_name_find), WITH the pubkey (symmetric to the answer frames)" filename="test/test_dual_layer.cpp" line="5834" skipped="true"/>
    <TestCase name="§mobile step 1 — a REGISTERED mobile's plain GLOBAL reqpubkey DOES flood, stamping origin=home_id (routable) — the step-2 guard suppresses ONLY the no-return-path (unregistered) case" filename="test/test_dual_layer.cpp" line="5852" skipped="true"/>
    <TestCase name="§mobile Part 2 / Wave 2 — a HOME reqpubkey'ing its OWN hosted mobile resolves the pubkey from _mobile_reg (no H flood; the home can then seal to it)" filename="test/test_dual_layer.cpp" line="5866" skipped="true"/>
    <TestCase name="§mobile delegate — a registered mobile's send_by_hash hands off to its HOME (MOBILE_SEND), it does NOT self-hash-locate (no RREQ storm)" filename="test/test_dual_layer.cpp" line="5880" skipped="true"/>
    <TestCase name="§mobile — a host NEVER RREQs a hosted mobile's LOCAL id (last-mile, not route discovery); a non-hosted id DOES" filename="test/test_dual_layer.cpp" line="5893" skipped="true"/>
    <TestCase name="§mobile 6.4 — team-DAD self-assigns a persistent _team_local_id (no host); the guard confirms; a non-team node is a no-op" filename="test/test_dual_layer.cpp" line="5904" skipped="true"/>
    <TestCase name="§team-multihop Plane 2 — a team-scoped F: a same-team member processes it on _rt_team; a STATIC node + a WRONG-team member DROP it (full separation)" filename="test/test_dual_layer.cpp" line="5924" skipped="true"/>
    <TestCase name="§team-multihop 2c — team liveness demotes a dead relay (candidates flip proactively) + recovery-on-heard; the STATIC plane is untouched" filename="test/test_dual_layer.cpp" line="5956" skipped="true"/>
    <TestCase name="§mobile 6.4 — a TEAM mobile triggers beacons (off-grid convergence); a lone/roaming mobile does NOT" filename="test/test_dual_layer.cpp" line="5973" skipped="true"/>
    <TestCase name="§mobile 6.4 — a team RTS addressed to our team-local id reverse-learns a _rt_team route to its src (so we can reply)" filename="test/test_dual_layer.cpp" line="5987" skipped="true"/>
    <TestCase name="§enc — a team peer's key (from its beacon) is cached team-scoped -> a send BY team_local_id gets DST_HASH (so it can be ENCRYPTED)" filename="test/test_dual_layer.cpp" line="6011" skipped="true"/>
    <TestCase name="★★ §hashbind-plane — a TEAM-plane H_ANSWER delivered over the air does not enter the static _id_bind; a STATIC one does" filename="test/test_dual_layer.cpp" line="6042" skipped="true"/>
    <TestCase name="§mobile 6.4 — a team RTS from a DIFFERENT leaf is accepted (a mixed-registration team spans leaves)" filename="test/test_dual_layer.cpp" line="6098" skipped="true"/>
    <TestCase name="§mobile 6.4 — an OFF-GRID team member self-provisions node_id = _team_local_id (so the existing mobile link-layer carries team DMs); beacon src = team id; a static beacon src=node_id" filename="test/test_dual_layer.cpp" line="6117" skipped="true"/>
    <TestCase name="§mobile 6.4 — team-DAD DEFENSE: a same-team claim of our CONFIRMED id -> DENY; TENTATIVE -> re-pick; other-team -> ignore" filename="test/test_dual_layer.cpp" line="6137" skipped="true"/>
    <TestCase name="§W2c team-DAD L2a — a shared neighbour mediates a hidden-terminal collision: TEAM-scoped DENY to the key-loser + suppress storm" filename="test/test_dual_layer.cpp" line="6183" skipped="true"/>
    <TestCase name="§W2c team-DAD L2a — a team-scoped mediated DENY: the key-LOSER re-picks; winner/other-team/static IGNORE (§18)" filename="test/test_dual_layer.cpp" line="6219" skipped="true"/>
    <TestCase name="§mobile 6.4 — a static registration moves node_id but leaves _team_local_id / team_id intact (dual plane)" filename="test/test_dual_layer.cpp" line="6263" skipped="true"/>
    <TestCase name="§mobile 6.4 — an OFF-GRID team SWITCH / leave-then-rejoin re-provisions node_id to the NEW team id (Option X invariant survives the console clearing _team_local_id)" filename="test/test_dual_layer.cpp" line="6275" skipped="true"/>
    <TestCase name="§clean-team — a team SWITCH (`team new` / `team &lt;id>`) clears the ENTIRE team plane, including the two tables no clear used to reach" filename="test/test_dual_layer.cpp" line="6318" skipped="true"/>
    <TestCase name="§clean-team — a stale team key can no longer MIS-ADDRESS a send after a switch (the hazard worse than a stale route)" filename="test/test_dual_layer.cpp" line="6349" skipped="true"/>
    <TestCase name="★ §clean-team — the STATIC plane SURVIVES a team switch (a HOMED mobile keeps its network); only a reprovision wipes it" filename="test/test_dual_layer.cpp" line="6375" skipped="true"/>
    <TestCase name="§clean-team — `team 0` (leave) clears the plane; a same-team no-op (`team &lt;current_id>`) clears NOTHING" filename="test/test_dual_layer.cpp" line="6422" skipped="true"/>
    <TestCase name="§role-model R2/R3 — role_enforce: a non-zero team forces is_mobile, and it is STRICTLY one-directional" filename="test/test_dual_layer.cpp" line="6462" skipped="true"/>
    <TestCase name="§role-model R4/O1/O2 — role_set_refusal: the four refusals, and why `team 0` must not be routed through it" filename="test/test_dual_layer.cpp" line="6492" skipped="true"/>
    <TestCase name="§role-model R2 — Node::set_team_id PROMOTES a static node to mobile, and `team 0` leaves it mobile" filename="test/test_dual_layer.cpp" line="6517" skipped="true"/>
    <TestCase name="§clean-team — clear_routing_state (the static reprovision verbs) still wipes the team plane, now completely" filename="test/test_dual_layer.cpp" line="6548" skipped="true"/>
    <TestCase name="★ §rreq-last-ageout — TEAM plane: 16 distinct dsts wedge discovery; the sweep RECOVERS it, and a 17th dst then discovers" filename="test/test_dual_layer.cpp" line="6592" skipped="true"/>
    <TestCase name="★ §rreq-last-ageout — the sweep is SELECTIVE: a still-live entry SURVIVES and keeps suppressing while the spent ones go" filename="test/test_dual_layer.cpp" line="6623" skipped="true"/>
    <TestCase name="★ §rreq-last-ageout — STATIC plane: the same wedge at cap_route_request_last, the same recovery" filename="test/test_dual_layer.cpp" line="6643" skipped="true"/>
    <TestCase name="§rreq-last-ageout — a sweep with nothing spent changes nothing (the no-op direction), and both planes sweep independently" filename="test/test_dual_layer.cpp" line="6661" skipped="true"/>
    <TestCase name="★ §clean-team-channel — a team SWITCH drops the OLD team's channel rows; the LEAF rows SURVIVE, in order, byte-intact" filename="test/test_dual_layer.cpp" line="6719" skipped="true"/>
    <TestCase name="★ §clean-team-channel — the switch drops the OTHER carriers too: a mid-backoff team FLOOD state + a STAGED team M; the leaf ones survive" filename="test/test_dual_layer.cpp" line="6744" skipped="true"/>
    <TestCase name="★ §clean-team-channel — an IN-FLIGHT team M is dropped at the switch; an in-flight LEAF M is not" filename="test/test_dual_layer.cpp" line="6766" skipped="true"/>
    <TestCase name="§clean-team-channel — re-offer slots orphaned by the purge are freed (+ timer cancelled); a leaf row's slot survives" filename="test/test_dual_layer.cpp" line="6780" skipped="true"/>
    <TestCase name="§clean-team-channel — a same-team no-op purges NOTHING; `team 0` (leave) purges, and the left team's message is no longer SERVABLE" filename="test/test_dual_layer.cpp" line="6798" skipped="true"/>
    <TestCase name="§clean-team-channel C2 — do_data_tx REFUSES a team-flavored M when we are in no team (it would air as a plain LEAF message)" filename="test/test_dual_layer.cpp" line="6821" skipped="true"/>
    <TestCase name="★ §clean-join-carriers — a reprovision drops EVERY emit carrier: channel rows, floods, staged M *and* DM, the flight, re-offer slots" filename="test/test_dual_layer.cpp" line="6862" skipped="true"/>
    <TestCase name="★ §clean-join-carriers — an in-flight DM is dropped and its flight state left COHERENT (no half-armed awaiting_cts / awaiting_ack / nack-wait)" filename="test/test_dual_layer.cpp" line="6895" skipped="true"/>
    <TestCase name="★ §clean-join-carriers — the REGRESSION GUARD for the generalization: a TEAM switch still leaves the LEAF carriers alone" filename="test/test_dual_layer.cpp" line="6913" skipped="true"/>
    <TestCase name="★ §clean-join-carriers — a reprovision sweeps EVERY leaf, not just the active one (a gateway stages bridged DMs on both, and `leave` IS a gateway verb)" filename="test/test_dual_layer.cpp" line="6939" skipped="true"/>
    <TestCase name="§clean-join-carriers — a purge with nothing to purge is a silent no-op (no event, no spurious cancel)" filename="test/test_dual_layer.cpp" line="6967" skipped="true"/>
    <TestCase name="§clean-join-carriers — clear_learned_state (prep-restart) still reaches every carrier through the shared sweep" filename="test/test_dual_layer.cpp" line="6978" skipped="true"/>
    <TestCase name="★ §clean-join-carriers — a reprovision PUSHES send_failed{reprovisioned} for every own DM it drops (queued, in flight, deferred)" filename="test/test_dual_layer.cpp" line="7015" skipped="true"/>
    <TestCase name="★ §clean-join-carriers — the TEAM axis pushes NOTHING (the byte-identity guard: s34 must not move)" filename="test/test_dual_layer.cpp" line="7040" skipped="true"/>
    <TestCase name="★ §clean-join-carriers — a reprovision that drops ONLY transit/channel carriers pushes nothing (the other direction)" filename="test/test_dual_layer.cpp" line="7057" skipped="true"/>
    <TestCase name="★ §clean-join-carriers — a gateway reprovision pushes for the NON-active leaf's DMs too" filename="test/test_dual_layer.cpp" line="7074" skipped="true"/>
    <TestCase name="★ set_identity(0) — mobile_reset_registration leaves no authoritative id-0 binding (the third unwiped site)" filename="test/test_dual_layer.cpp" line="7096" skipped="true"/>
    <TestCase name="§S6/D10 — the mobile-sent breadcrumb is RETIRED; a re-home carries last_home in the j_discover (the NEW home notifies)" filename="test/test_dual_layer.cpp" line="7115" skipped="true"/>
    <TestCase name="§S6/D10 — the NEW home originates the old-home notify: a re-home DISCOVER (last_home=30) + CLAIM -> presence_notify_tx to 30" filename="test/test_dual_layer.cpp" line="7130" skipped="true"/>
    <TestCase name="§S6 rev2 — a home PRUNES its stale entry when a probe SELECTS a different home (instant registry self-heal); only the selected home answers" filename="test/test_dual_layer.cpp" line="7175" skipped="true"/>
    <TestCase name="§S6 rev2/D14 — proactive re-home ranks by the WORSE of the two directions: a strong->me but weak-echo candidate must NOT win" filename="test/test_dual_layer.cpp" line="7198" skipped="true"/>
    <TestCase name="§S6/QA-1 — reprovision -> probe -> roster-absent -> staggered re-register (join&lt;->presence integration)" filename="test/test_dual_layer.cpp" line="7220" skipped="true"/>
    <TestCase name="§D16/B1 — a wrong-wire_version roster from MY home is DROPPED before interpretation + fires join_refused, no liveness/absent handling" filename="test/test_dual_layer.cpp" line="7247" skipped="true"/>
    <TestCase name="§D16/B1 — an INCOMPATIBLE candidate home (wrong-version roster) is SKIPPED for re-home even when strong" filename="test/test_dual_layer.cpp" line="7272" skipped="true"/>
    <TestCase name="§B2 — home sets deleg_fail -> roster carries the bit -> CLEARED after one roster (one-shot)" filename="test/test_dual_layer.cpp" line="7292" skipped="true"/>
    <TestCase name="★★★★★ §MH-S5-FIX [[B172]] — with a filtered roster the deleg_fail one-shot clears the row it CARRIED, not the row at that index" filename="test/test_dual_layer.cpp" line="7320" skipped="true"/>
    <TestCase name="★★★★★ §MH-S5-FIX2 finding A — a delegated MOBILE_SEND is re-originated ONLY for a LIVE DIRECT row (a redirect and an expired row are both refused)" filename="test/test_dual_layer.cpp" line="7419" skipped="true"/>
    <TestCase name="★★★★★ §MH-S5-FIX2 finding A — a refused MOBILE_SEND airs NOTHING (the refusal is a drop, not a differently-shaped transmission)" filename="test/test_dual_layer.cpp" line="7444" skipped="true"/>
    <TestCase name="★★★★★ §MH-S5-FIX2 finding B/1 — send_by_hash takes the DIRECT last mile only for a LIVE DIRECT row; a redirect and an expired row fall through to the hash plane" filename="test/test_dual_layer.cpp" line="7475" skipped="true"/>
    <TestCase name="★★★★★ §MH-S5-FIX2 finding B/4 — reqpubkey answers from the hosted-mobile registry only for a LIVE DIRECT row; a redirect and an expired row flood instead" filename="test/test_dual_layer.cpp" line="7510" skipped="true"/>
    <TestCase name="★★★★★ §MH-S5-FIX2 finding C/1 — presence_mark_deleg_fail sets the one-shot ONLY on a live direct row, and schedules no roster when it refuses" filename="test/test_dual_layer.cpp" line="7556" skipped="true"/>
    <TestCase name="★★★★★ §MH-S5-FIX2 finding C/2 — a breadcrumb CLEARS an already-set deleg_fail (the accepted-then-converted race), and the next roster cannot carry it" filename="test/test_dual_layer.cpp" line="7576" skipped="true"/>
    <TestCase name="§B2 — a mobile seeing ITS deleg_fail bit fires send_failed{no_route} once; a clear roster fires nothing" filename="test/test_dual_layer.cpp" line="7604" skipped="true"/>
    <TestCase name="§B4 — a re-home whose old home is CROSS-LAYER originates the breadcrumb as an XL DM addressed by the old-home HASH" filename="test/test_dual_layer.cpp" line="7628" skipped="true"/>
    <TestCase name="§B4 — a SAME-LAYER old home stays on the id-routed path (unchanged); a CROSS-LAYER old home with an unknown hash drops best-effort" filename="test/test_dual_layer.cpp" line="7658" skipped="true"/>
    <TestCase name="§S6/QA-2a — a non-hosting STATIC node fed P frames: no crash, no TX, no registry state (leaf-free dispatch is type-gated)" filename="test/test_dual_layer.cpp" line="7683" skipped="true"/>
    <TestCase name="§mobile 4b — the old home records the redirect + answers future H-queries with the NEW home" filename="test/test_dual_layer.cpp" line="7702" skipped="true"/>
    <TestCase name="§mobile 5a — scan cycles [own PHY] ∪ LEARNED directory; adopt the host's layer" filename="test/test_dual_layer.cpp" line="7727" skipped="true"/>
    <TestCase name="§mobile 5b — the mobile_home cache stores the home's LAYER (from MOBILE_H_ANSWER.target_layer)" filename="test/test_dual_layer.cpp" line="7753" skipped="true"/>
    <TestCase name="§mobile 5b — sender routes cross-layer when the home is on another layer; same-layer stays the 4a path" filename="test/test_dual_layer.cpp" line="7764" skipped="true"/>
    <TestCase name="§mobile 5b — the cross-layer bridge resolves a MOBILE on the target leaf to its home" filename="test/test_dual_layer.cpp" line="7784" skipped="true"/>
    <TestCase name="§mobile 5a — a gateway answers a LAYER_QUERY with its bridged layers (dst_hash=M); a non-gateway ignores" filename="test/test_dual_layer.cpp" line="7804" skipped="true"/>
    <TestCase name="§mobile 5a — the mobile ingests a LAYER_ANSWER into its learned directory (dedup)" filename="test/test_dual_layer.cpp" line="7828" skipped="true"/>
    <TestCase name="§mobile console — mobile_autoregister gates the boot-arm; OFF -> only `mobile register` arms the FSM" filename="test/test_dual_layer.cpp" line="7842" skipped="true"/>
    <TestCase name="§mobile offer-adopt F-SF-1 — a mobile adopts the HOST's leaf but KEEPS its OWN configured sf_list {SF7,SF9}" filename="test/test_dual_layer.cpp" line="7867" skipped="true"/>
    <TestCase name="§mobile offer-adopt F-SF-1 — a configured != offered-low-byte mismatch emits telemetry but the mobile keeps its own list" filename="test/test_dual_layer.cpp" line="7892" skipped="true"/>
    <TestCase name="§mobile offer-adopt — single-PHY adopt sets the config but does NOT retune the radio (no blind window)" filename="test/test_dual_layer.cpp" line="7908" skipped="true"/>
    <TestCase name="§S2 receive — an INTRO caches the sender's key (authoritative) + name, STRIPS the prefix, delivers the plain message" filename="test/test_dual_layer.cpp" line="7931" skipped="true"/>
    <TestCase name="§S2 receive rejects — a self-inconsistent ed_pub (ed[:4] != source_hash) and a too-short body are DROPPED (no cache, no deliver)" filename="test/test_dual_layer.cpp" line="7958" skipped="true"/>
    <TestCase name="§S2 delegation wrapper — a PLAIN same-layer MOBILE_SEND is byte-identical (no marker); an INTRO sets DATA_FLAG_MS_ENCLOSED_TYPE + prefixes the enclosed type" filename="test/test_dual_layer.cpp" line="7974" skipped="true"/>
    <TestCase name="§S2 XL delegation — delegate_send_layer(enclosed_type=INTRO) carries the enclosed type as body[0] under the CROSS_LAYER wrapper" filename="test/test_dual_layer.cpp" line="8016" skipped="true"/>
    <TestCase name="§F-PS-1: a home-lost TEAM member falls back to its team id and can still `-t` send (channel + DM)" filename="test/test_dual_layer.cpp" line="8053" skipped="true"/>
    <TestCase name="§F-PS-1: the team-id fallback does not wedge the DISCOVER FSM — it keeps searching + a re-adopt restores the host id" filename="test/test_dual_layer.cpp" line="8086" skipped="true"/>
    <TestCase name="§F-PS-1 origin: a REGISTERED (homed) team member's `-t` flood mints origin == team_local_id, never the host static local id" filename="test/test_dual_layer.cpp" line="8106" skipped="true"/>
    <TestCase name="§F-TR-2 (a): a DUAL (registered) team member answers a TEAM-scoped H for its own hash with node==team_local_id, routed on the TEAM plane" filename="test/test_dual_layer.cpp" line="8129" skipped="true"/>
    <TestCase name="§F-TR-2 (b): a TEAM-scoped H answer to an UNROUTED origin discovers the route on the TEAM plane (team RREQ), never the static plane" filename="test/test_dual_layer.cpp" line="8157" skipped="true"/>
    <TestCase name="§F-TR-1 (c): send_by_hash(plane=TEAM) from a REGISTERED dual member TEAM-FLOODS an unheard teammate, never delegates to the home" filename="test/test_dual_layer.cpp" line="8187" skipped="true"/>
    <TestCase name="§P2-1 L2 — team_phy_ok(): same-PHY (any layer_id) OK; a differing freq/bw/sf/cr REFUSED; a non-team mobile adopts anything" filename="test/test_dual_layer.cpp" line="8212" skipped="true"/>
    <TestCase name="§P2-1 L2 — the mobile FSM SKIPS a learned foreign-PHY candidate (mobile_home_phy_mismatch, never DISCOVERs); adopts a same-PHY different-layer one" filename="test/test_dual_layer.cpp" line="8231" skipped="true"/>
    <TestCase name="§AB4 retained location is NODE-GLOBAL: both leaves see one position for one identity" filename="test/test_dual_layer.cpp" line="8267" skipped="true"/>
    <TestCase name="★ §B132/1b — a GATEWAY emits NO mobile OFFER with EITHER leaf active (real leaf swap)" filename="test/test_dual_layer.cpp" line="8299" skipped="true"/>
    <TestCase name="§B161 producer — H_ANSWER/AUTHORITATIVE_H_ANSWER/MOBILE_H_ANSWER stamp GLOBAL and TEAM origins; RTS/CTS constants and DATA lengths stay canonical" filename="test/test_dual_layer.cpp" line="8345" skipped="true"/>
    <TestCase name="§B161 producer — MOBILE_H_ANSWER_PUBKEY is reachable on GLOBAL and TEAM planes with N=0/N=32 and keeps its complete name tail" filename="test/test_dual_layer.cpp" line="8409" skipped="true"/>
    <TestCase name="§B161 positive control — production AUTHORITATIVE_H_ANSWER_PUBKEY retains its existing one-envelope bytes and name tail" filename="test/test_dual_layer.cpp" line="8458" skipped="true"/>
    <TestCase name="§B161 authority — flight_identity remains derived from canonical DATA bytes, not a disagreeing carrier field" filename="test/test_dual_layer.cpp" line="8476" skipped="true"/>
    <TestCase name="§B161 consume — canonical bodies preserve type semantics and TEAM/GLOBAL stores remain separate" filename="test/test_dual_layer.cpp" line="8489" skipped="true"/>
    <TestCase name="§B161 malformed — every legacy raw answer and an inconsistent MOBILE_H_ANSWER_PUBKEY key have zero semantic effects" filename="test/test_dual_layer.cpp" line="8525" skipped="true"/>
    <TestCase name="§B161 relay — the AUTHORITATIVE_H_ANSWER snoop reads ui.body and forwarding preserves the complete canonical inner verbatim" filename="test/test_dual_layer.cpp" line="8554" skipped="true"/>
    <TestCase name="§B159 deadline — no gateway-held attempt may START at or after the give-up bound" filename="test/test_dual_layer.cpp" line="8597" skipped="true"/>
    <TestCase name="§B159 deadline edge — the give-up bound is exclusive: a start AT it is already expired" filename="test/test_dual_layer.cpp" line="8649" skipped="true"/>
    <TestCase name="§B159 handoff — a DUTY-deferred RTS carried across the deadline is cancelled LOUDLY, never aired" filename="test/test_dual_layer.cpp" line="8671" skipped="true"/>
    <TestCase name="§B159 handoff — an LBT-deferred RTS re-entering past the deadline is cancelled, never aired" filename="test/test_dual_layer.cpp" line="8708" skipped="true"/>
    <TestCase name="§B159 expiry mapping — a matching seq gives up ONCE, loudly; a superseded seq does nothing" filename="test/test_dual_layer.cpp" line="8741" skipped="true"/>
    <TestCase name="[[B266]](a) the MOBILE_LAYER_ANSWER DISPATCH ARM, driven through the real receive path" filename="test/test_dual_layer.cpp" line="8785" skipped="true"/>
    <TestCase name="[[B266]](b) the CHANNEL_POST home-side unwrap, driven with etype = DATA_TYPE_CHANNEL_POST" filename="test/test_dual_layer.cpp" line="8810" skipped="true"/>
    <TestCase name="[[B266]](c) mobile_layer_query_fire is EXERCISED — the producer with zero prior call sites" filename="test/test_dual_layer.cpp" line="8833" skipped="true"/>
    <TestCase name="[[B266]] the retired 0x94 scaffolding now drives §CUSTODY-B's fail-closed guard (white-box twin)" filename="test/test_dual_layer.cpp" line="8856" skipped="true"/>
    <TestCase name="§RADMIN-0d/1 arm 3 (plain MOBILE_SEND) — a colliding teammate no longer steals the wrapper: GLOBAL, home leg, static RTS" filename="test/test_dual_layer.cpp" line="8961" skipped="true"/>
    <TestCase name="§RADMIN-0d/2 arm 1 (sealed relay) — the sealed wrapper takes the same static-home plane" filename="test/test_dual_layer.cpp" line="8973" skipped="true"/>
    <TestCase name="§RADMIN-0d/3 arm 2 (enclosed type) — the INTRO-carrying wrapper takes the same static-home plane" filename="test/test_dual_layer.cpp" line="8997" skipped="true"/>
    <TestCase name="§RADMIN-0d/4 the no-collision twins — identical wrapper bytes and identical route on all three arms" filename="test/test_dual_layer.cpp" line="9021" skipped="true"/>
    <TestCase name="§RADMIN-0d/5 the registered-mobile enqueue guard and origin stamp are UNMOVED by the plane change" filename="test/test_dual_layer.cpp" line="9079" skipped="true"/>
    <TestCase name="§RADMIN-0d/6 arm 4 (cached home) — an UNREGISTERED team mobile routes to the target's home on _rt, not to a colliding teammate" filename="test/test_dual_layer.cpp" line="9105" skipped="true"/>
    <TestCase name="§RADMIN-0d/7 arm 4's E2E guard — a colliding unregistered-mobile send is now refused LOUD, exactly like its non-colliding twin" filename="test/test_dual_layer.cpp" line="9141" skipped="true"/>
    <TestCase name="§RADMIN-0d/8 end to end — the colliding mobile's wrapper reaches the real home, which unwraps and re-originates it" filename="test/test_dual_layer.cpp" line="9163" skipped="true"/>
    <TestCase name="fault_log: FaultLog is a POD that round-trips a whole-blob memcpy (the /mrfault store contract)" filename="test/test_fault_log.cpp" line="25" skipped="true"/>
    <TestCase name="fault_log: a bad magic/version is INVALID -> the loader re-inits fresh (older record rejected)" filename="test/test_fault_log.cpp" line="45" skipped="true"/>
    <TestCase name="fault_log: M1 — a torn blob with head/count out of range is INVALID (no OOB ring write)" filename="test/test_fault_log.cpp" line="52" skipped="true"/>
    <TestCase name="fault_log: ring push drops the oldest at kFaultRingN; newest-first order; boot_seq high-water" filename="test/test_fault_log.cpp" line="69" skipped="true"/>
    <TestCase name="fault_log: classify_cause — scratch-derived, PRIORITY order (the v2 keystone)" filename="test/test_fault_log.cpp" line="80" skipped="true"/>
    <TestCase name="fault_log: reset_reason_str decodes the RESETREAS HINT (POR / single / combined / unmapped)" filename="test/test_fault_log.cpp" line="91" skipped="true"/>
    <TestCase name="fault_log: format_fault_record — boot/CAUSE/ran, hardfault frame + RESETREAS hint only when present" filename="test/test_fault_log.cpp" line="100" skipped="true"/>
    <TestCase name="fault_log: format_fault_record — a CANARY record shows @w&lt;where> off + the before->after dword" filename="test/test_fault_log.cpp" line="125" skipped="true"/>
    <TestCase name="fault_log: format_fault_summary counts hardfaults / watchdogs FROM the cause" filename="test/test_fault_log.cpp" line="156" skipped="true"/>
    <TestCase name="fault_log: format_last_reset + format_version_banner" filename="test/test_fault_log.cpp" line="168" skipped="true"/>
    <TestCase name="radmin3/acl: the /mracl record layout is the frozen v1 contract on THIS ABI" filename="test/test_firmware_admin_acl.cpp" line="79" skipped="true"/>
    <TestCase name="radmin3/acl: acl_blob_init stamps a VALID, EMPTY, wholly-zeroed record" filename="test/test_firmware_admin_acl.cpp" line="103" skipped="true"/>
    <TestCase name="radmin3/acl: the four-state classifier keeps absent, corrupt and unreadable APART" filename="test/test_firmware_admin_acl.cpp" line="120" skipped="true"/>
    <TestCase name="radmin3/acl: the CONTENT policy refuses every ill-formed record, one rule at a time" filename="test/test_firmware_admin_acl.cpp" line="142" skipped="true"/>
    <TestCase name="radmin3/acl: the census counts ROWS, ⛔ never the stored count field" filename="test/test_firmware_admin_acl.cpp" line="219" skipped="true"/>
    <TestCase name="radmin3/acl: the role vocabulary refuses everything outside the closed domain" filename="test/test_firmware_admin_acl.cpp" line="232" skipped="true"/>
    <TestCase name="radmin3/acl: the FIRST OWNER lands on an ABSENT record in EXACTLY ONE write" filename="test/test_firmware_admin_acl.cpp" line="248" skipped="true"/>
    <TestCase name="radmin3/acl: ★ an OPERATOR can never be the first credential" filename="test/test_firmware_admin_acl.cpp" line="268" skipped="true"/>
    <TestCase name="radmin3/acl: add REQUIRES a valid administration identity — a first owner cannot outrun the root" filename="test/test_firmware_admin_acl.cpp" line="290" skipped="true"/>
    <TestCase name="radmin3/acl: add refuses a ZERO key, a DUPLICATE key and an illegal role — ZERO writes each" filename="test/test_firmware_admin_acl.cpp" line="307" skipped="true"/>
    <TestCase name="radmin3/acl: add takes the LOWEST FREE slot and holes STAY holes (§6.5's stable wire handles)" filename="test/test_firmware_admin_acl.cpp" line="329" skipped="true"/>
    <TestCase name="radmin3/acl: a FULL ACL refuses LOUDLY and evicts NOTHING" filename="test/test_firmware_admin_acl.cpp" line="355" skipped="true"/>
    <TestCase name="radmin3/acl: an INVALID or UNREADABLE store costs ZERO writes on every ordinary verb" filename="test/test_firmware_admin_acl.cpp" line="373" skipped="true"/>
    <TestCase name="radmin3/acl: set — the SAME role costs ZERO writes and says `unchanged`" filename="test/test_firmware_admin_acl.cpp" line="403" skipped="true"/>
    <TestCase name="radmin3/acl: set/remove refuse an EMPTY or OUT-OF-RANGE slot" filename="test/test_firmware_admin_acl.cpp" line="426" skipped="true"/>
    <TestCase name="radmin3/acl: ★ THE LAST OWNER cannot be removed or demoted — by ANY caller" filename="test/test_firmware_admin_acl.cpp" line="449" skipped="true"/>
    <TestCase name="radmin3/acl: ★ the SELF-SLOT rule (a FUTURE-CALLER service test, ⛔ not an executed remote request)" filename="test/test_firmware_admin_acl.cpp" line="491" skipped="true"/>
    <TestCase name="radmin3/acl: recovery reinitialises ONLY an INVALID record and GRANTS NOBODY" filename="test/test_firmware_admin_acl.cpp" line="526" skipped="true"/>
    <TestCase name="radmin3/acl: a FAILED SAVE publishes no success — and claims nothing about the flash" filename="test/test_firmware_admin_acl.cpp" line="563" skipped="true"/>
    <TestCase name="radmin3/acl: read() leaves a VALID EMPTY record on every non-ok arm — never partial bytes" filename="test/test_firmware_admin_acl.cpp" line="579" skipped="true"/>
    <TestCase name="radmin3/acl: the BOOT report VALIDATES and REPORTS — zero writes on all four states" filename="test/test_firmware_admin_acl.cpp" line="593" skipped="true"/>
    <TestCase name="radmin3/acl: stable slots SURVIVE a reload, holes included" filename="test/test_firmware_admin_acl.cpp" line="618" skipped="true"/>
    <TestCase name="radmin3/acl: provisioning readiness is a READ-ONLY CONJUNCTION of the two records" filename="test/test_firmware_admin_acl.cpp" line="639" skipped="true"/>
    <TestCase name="radmin4/verbs: the family predicate matches TOKEN BOUNDARIES and never a prefix" filename="test/test_firmware_admin_client_verbs.cpp" line="126" skipped="true"/>
    <TestCase name="radmin4/verbs: R-RA-30 — ONLY public list/show survive the BLE guard" filename="test/test_firmware_admin_client_verbs.cpp" line="137" skipped="true"/>
    <TestCase name="radmin4/verbs: `admin-key show self` prints the node's own identity, byte for byte" filename="test/test_firmware_admin_client_verbs.cpp" line="180" skipped="true"/>
    <TestCase name="radmin4/verbs: the `admin-key` grammar refuses every malformed form at ZERO cost" filename="test/test_firmware_admin_client_verbs.cpp" line="189" skipped="true"/>
    <TestCase name="radmin4/verbs: `admin-key list` prints self, the occupied slots in order, then its footer" filename="test/test_firmware_admin_client_verbs.cpp" line="215" skipped="true"/>
    <TestCase name="radmin4/verbs: an unreadable keyring REFUSES the listing rather than implying an empty one" filename="test/test_firmware_admin_client_verbs.cpp" line="232" skipped="true"/>
    <TestCase name="radmin4/verbs: generate / import / export / remove / reset print their exact lines" filename="test/test_firmware_admin_client_verbs.cpp" line="244" skipped="true"/>
    <TestCase name="radmin4/verbs: every `admin-key` reason lexeme is reachable and spelled exactly once" filename="test/test_firmware_admin_client_verbs.cpp" line="279" skipped="true"/>
    <TestCase name="radmin4/verbs: the numeric/`layer`/label argument parsers refuse everything malformed" filename="test/test_firmware_admin_client_verbs.cpp" line="301" skipped="true"/>
    <TestCase name="radmin4/verbs: `admin-target add` composes the row and prints its exact line" filename="test/test_firmware_admin_client_verbs.cpp" line="333" skipped="true"/>
    <TestCase name="radmin4/verbs: an OMITTED `layer=` means same-layer, and `layer=none` clears one" filename="test/test_firmware_admin_client_verbs.cpp" line="354" skipped="true"/>
    <TestCase name="radmin4/verbs: the selector resolves by label and by fingerprint, never by index or hash" filename="test/test_firmware_admin_client_verbs.cpp" line="378" skipped="true"/>
    <TestCase name="radmin4/verbs: FOUR fixed pages of EIGHT physical slots enumerate all 32 without loss" filename="test/test_firmware_admin_client_verbs.cpp" line="396" skipped="true"/>
    <TestCase name="radmin4/verbs: a MAXIMAL page fits the declared bound and the 2048-byte console stage" filename="test/test_firmware_admin_client_verbs.cpp" line="438" skipped="true"/>
    <TestCase name="radmin4/verbs: `admin-target` refuses every malformed form, destructive ones by name" filename="test/test_firmware_admin_client_verbs.cpp" line="478" skipped="true"/>
    <TestCase name="radmin4/verbs: an unreadable book refuses EVERY arm, at zero writes" filename="test/test_firmware_admin_client_verbs.cpp" line="500" skipped="true"/>
    <TestCase name="radmin4/verbs: the CLIENT boot report is two READ-ONLY lines with no key, seed or fingerprint" filename="test/test_firmware_admin_client_verbs.cpp" line="519" skipped="true"/>
    <TestCase name="radmin4/verbs: the selector's four verdicts each map to their OWN ruled lexeme" filename="test/test_firmware_admin_client_verbs.cpp" line="555" skipped="true"/>
    <TestCase name="radmin4/verbs: the emitter is FAIL-CLOSED — a line that would not fit is REFUSED, never truncated" filename="test/test_firmware_admin_client_verbs.cpp" line="579" skipped="true"/>
    <TestCase name="radmin4/verbs: the regen admission refuses only on DEBT, and prints exactly one line" filename="test/test_firmware_admin_client_verbs.cpp" line="596" skipped="true"/>
    <TestCase name="radmin4/verbs: the regen warning is the frozen line and carries no key, seed or fingerprint" filename="test/test_firmware_admin_client_verbs.cpp" line="607" skipped="true"/>
    <TestCase name="radmin3/id: the /mradmid record layout is the frozen v1 contract on THIS ABI" filename="test/test_firmware_admin_identity.cpp" line="129" skipped="true"/>
    <TestCase name="radmin3/id: admin_id_blob_init stamps a VALID header and leaves the seed ALL-ZERO (never a usable root)" filename="test/test_firmware_admin_identity.cpp" line="146" skipped="true"/>
    <TestCase name="radmin3/id: the four-state classifier keeps absent, corrupt and unreadable APART" filename="test/test_firmware_admin_identity.cpp" line="160" skipped="true"/>
    <TestCase name="radmin3/id: the CONTENT policy refuses an all-zero seed and a stray reserved byte" filename="test/test_firmware_admin_identity.cpp" line="197" skipped="true"/>
    <TestCase name="radmin3/id: admin_buf_all_zero answers the whole buffer, not a prefix" filename="test/test_firmware_admin_identity.cpp" line="217" skipped="true"/>
    <TestCase name="radmin3/id: the fingerprint reproduces the INDEPENDENT BLAKE2b-512 reference on every vector" filename="test/test_firmware_admin_identity.cpp" line="232" skipped="true"/>
    <TestCase name="radmin3/id: the comparison DISCRIMINATES — an altered expected byte must NOT match (the control)" filename="test/test_firmware_admin_identity.cpp" line="247" skipped="true"/>
    <TestCase name="radmin3/id: the fingerprint is the FIRST eight digest bytes — ⛔ not bytes 8..15, ⛔ not a reordering" filename="test/test_firmware_admin_identity.cpp" line="265" skipped="true"/>
    <TestCase name="radmin3/id: a TRUNCATED, CHANGED or REORDERED key produces a different fingerprint" filename="test/test_firmware_admin_identity.cpp" line="279" skipped="true"/>
    <TestCase name="radmin3/id: the full-key renderer is 64 lowercase hex and round-trips every reference vector" filename="test/test_firmware_admin_identity.cpp" line="298" skipped="true"/>
    <TestCase name="radmin3/id: generate creates ONLY an ABSENT identity, in EXACTLY ONE write" filename="test/test_firmware_admin_identity.cpp" line="314" skipped="true"/>
    <TestCase name="radmin3/id: generate REFUSES an existing, invalid or unreadable record — ZERO writes, ZERO draws" filename="test/test_firmware_admin_identity.cpp" line="338" skipped="true"/>
    <TestCase name="radmin3/id: rotate replaces ONLY an OK identity and REFUSES the other three states" filename="test/test_firmware_admin_identity.cpp" line="361" skipped="true"/>
    <TestCase name="radmin3/id: recovery is the ONLY write over an INVALID record — and io_failed refuses even IT" filename="test/test_firmware_admin_identity.cpp" line="390" skipped="true"/>
    <TestCase name="radmin3/id: EVERY ENTROPY FAILURE refuses BEFORE the save and publishes no key" filename="test/test_firmware_admin_identity.cpp" line="430" skipped="true"/>
    <TestCase name="radmin3/id: a FAILED SAVE publishes no success and derives no key — and claims nothing about the flash" filename="test/test_firmware_admin_identity.cpp" line="455" skipped="true"/>
    <TestCase name="radmin3/id: show returns PUBLIC material from a valid record and refuses the other three states" filename="test/test_firmware_admin_identity.cpp" line="476" skipped="true"/>
    <TestCase name="radmin3/id: a stored seed RELOADS to the same public key and the same fingerprint" filename="test/test_firmware_admin_identity.cpp" line="505" skipped="true"/>
    <TestCase name="radmin3/id: the BOOT report VALIDATES and REPORTS — zero writes, zero draws, on all four states" filename="test/test_firmware_admin_identity.cpp" line="526" skipped="true"/>
    <TestCase name="radmin3/id: the SecretWipeGuard actually zeroes a carrier that OUTLIVES it" filename="test/test_firmware_admin_identity.cpp" line="548" skipped="true"/>
    <TestCase name="radmin4/key: the /mrmkeys record layout is the frozen v1 contract on THIS ABI" filename="test/test_firmware_admin_keyring.cpp" line="125" skipped="true"/>
    <TestCase name="radmin4/key: mgmt_key_blob_init stamps a VALID EMPTY keyring and mints NOTHING" filename="test/test_firmware_admin_keyring.cpp" line="155" skipped="true"/>
    <TestCase name="radmin4/key: the STORAGE classifier keeps its four arms apart" filename="test/test_firmware_admin_keyring.cpp" line="170" skipped="true"/>
    <TestCase name="radmin4/key: the CONTENT policy refuses every non-canonical keyring" filename="test/test_firmware_admin_keyring.cpp" line="196" skipped="true"/>
    <TestCase name="radmin4/key: the COMPOSED state never collapses storage and content" filename="test/test_firmware_admin_keyring.cpp" line="232" skipped="true"/>
    <TestCase name="radmin4/key: `show self` needs NO store read and survives every unreadable state" filename="test/test_firmware_admin_keyring.cpp" line="248" skipped="true"/>
    <TestCase name="radmin4/key: boot reports the four states READ-ONLY and never counts on a non-ok one" filename="test/test_firmware_admin_keyring.cpp" line="265" skipped="true"/>
    <TestCase name="radmin4/key: `list` and `show keyN` REFUSE an unreadable keyring rather than implying an empty one" filename="test/test_firmware_admin_keyring.cpp" line="304" skipped="true"/>
    <TestCase name="radmin4/key: `list` derives every occupied slot's PUBLIC identity from ONE load" filename="test/test_firmware_admin_keyring.cpp" line="326" skipped="true"/>
    <TestCase name="radmin4/key: `show keyN` — the ten slots are addressable and an empty one is not_found" filename="test/test_firmware_admin_keyring.cpp" line="346" skipped="true"/>
    <TestCase name="radmin4/key: `generate` mints ONLY into a vacant slot, at a cost of exactly ONE write" filename="test/test_firmware_admin_keyring.cpp" line="366" skipped="true"/>
    <TestCase name="radmin4/key: `generate` on an ABSENT record seeds and fills in ONE write" filename="test/test_firmware_admin_keyring.cpp" line="387" skipped="true"/>
    <TestCase name="radmin4/key: every REFUSED state costs ZERO writes and ZERO draws" filename="test/test_firmware_admin_keyring.cpp" line="396" skipped="true"/>
    <TestCase name="radmin4/key: a REFUSED or DEAD draw mints nothing and publishes no key" filename="test/test_firmware_admin_keyring.cpp" line="415" skipped="true"/>
    <TestCase name="radmin4/key: `import` takes the caller's seed, refuses the degenerate one, and never half-writes" filename="test/test_firmware_admin_keyring.cpp" line="439" skipped="true"/>
    <TestCase name="radmin4/key: a DUPLICATE derived identity is refused — against SELF and against another slot" filename="test/test_firmware_admin_keyring.cpp" line="465" skipped="true"/>
    <TestCase name="radmin4/key: `export` returns the SEED of an occupied slot and writes nothing" filename="test/test_firmware_admin_keyring.cpp" line="505" skipped="true"/>
    <TestCase name="radmin4/key: `remove` frees ONE slot, leaves a HOLE and refuses an IN-USE key" filename="test/test_firmware_admin_keyring.cpp" line="519" skipped="true"/>
    <TestCase name="radmin4/key: `reset` recovers ONLY a corrupt record and is not a bulk-delete escape" filename="test/test_firmware_admin_keyring.cpp" line="543" skipped="true"/>
    <TestCase name="radmin4/key: a FAILED save publishes no success and activates nothing" filename="test/test_firmware_admin_keyring.cpp" line="582" skipped="true"/>
    <TestCase name="radmin4/key: SecretWipeGuard zeroes a LIVE carrier that outlives it (⛔ never a dangling frame)" filename="test/test_firmware_admin_keyring.cpp" line="596" skipped="true"/>
    <TestCase name="§radmin-5/R1 the durable record converts to the live image through ONE path, holes and all" filename="test/test_firmware_admin_runtime.cpp" line="122" skipped="true"/>
    <TestCase name="§radmin-5/R2 an ACL change draws for the CHANGED slots only; unchanged slots keep their epochs" filename="test/test_firmware_admin_runtime.cpp" line="151" skipped="true"/>
    <TestCase name="§radmin-5/R3 a refused draw returns runtime_unavailable BEFORE anything durable happens" filename="test/test_firmware_admin_runtime.cpp" line="173" skipped="true"/>
    <TestCase name="§radmin-5/R4 a ROOT preparation derives the pair and mints TEN complete epochs, or refuses whole" filename="test/test_firmware_admin_runtime.cpp" line="186" skipped="true"/>
    <TestCase name="§radmin-5/R5 an ACL RESET needs no entropy at all, and makes every slot unusable" filename="test/test_firmware_admin_runtime.cpp" line="221" skipped="true"/>
    <TestCase name="§radmin-5/R6 `acl add`: prepare -> save -> commit, and the commit happens EXACTLY once" filename="test/test_firmware_admin_runtime.cpp" line="236" skipped="true"/>
    <TestCase name="§radmin-5/R7 a FAILED SAVE commits NOTHING — the running image is preserved exactly" filename="test/test_firmware_admin_runtime.cpp" line="256" skipped="true"/>
    <TestCase name="§radmin-5/R8 a refused PREPARATION returns runtime_unavailable and never reaches the store" filename="test/test_firmware_admin_runtime.cpp" line="276" skipped="true"/>
    <TestCase name="§radmin-5/R9 a NO-OP costs zero draws, zero saves, zero commits and zero invalidation" filename="test/test_firmware_admin_runtime.cpp" line="301" skipped="true"/>
    <TestCase name="§radmin-5/R10 a role change invalidates ONLY that slot; the other rows keep their sessions" filename="test/test_firmware_admin_runtime.cpp" line="315" skipped="true"/>
    <TestCase name="§radmin-5/R11 `acl remove` makes that slot unusable and draws nothing for it" filename="test/test_firmware_admin_runtime.cpp" line="333" skipped="true"/>
    <TestCase name="§radmin-5/R12 `admin-id` generate/rotate: the pair is prepared BEFORE the save, committed after" filename="test/test_firmware_admin_runtime.cpp" line="349" skipped="true"/>
    <TestCase name="§radmin-5/R13 a service with NO seam behaves exactly as Slice 3 left it" filename="test/test_firmware_admin_runtime.cpp" line="394" skipped="true"/>
    <TestCase name="§radmin-5/R14 boot: only a valid root AND a valid ACL with an owner installs anything" filename="test/test_firmware_admin_runtime.cpp" line="408" skipped="true"/>
    <TestCase name="§radmin-5/R16 [[B341]] sequence B: generate -> REBOOT with no ACL -> `acl add owner` leaves the node ACCEPTING" filename="test/test_firmware_admin_runtime.cpp" line="505" skipped="true"/>
    <TestCase name="§radmin-5/R17 [[B341]] sequence D: a valid owner ACL + a CORRUPT root -> REBOOT -> `admin-id reset confirm` leaves the node ACCEPTING" filename="test/test_firmware_admin_runtime.cpp" line="558" skipped="true"/>
    <TestCase name="§radmin-5/R18 [[B341]] a BAD half still installs ITS cleared half — no stale live ACL, no stale root" filename="test/test_firmware_admin_runtime.cpp" line="602" skipped="true"/>
    <TestCase name="§radmin-5/R15 the durable roles and the live image's roles are the SAME bytes" filename="test/test_firmware_admin_runtime.cpp" line="628" skipped="true"/>
    <TestCase name="radmin4/targets: the /mrtargets record layout is the frozen v1 contract on THIS ABI" filename="test/test_firmware_admin_targets.cpp" line="107" skipped="true"/>
    <TestCase name="radmin4/targets: the STORAGE classifier keeps its four arms apart" filename="test/test_firmware_admin_targets.cpp" line="134" skipped="true"/>
    <TestCase name="radmin4/targets: the CONTENT policy refuses every non-canonical book" filename="test/test_firmware_admin_targets.cpp" line="151" skipped="true"/>
    <TestCase name="radmin4/targets: the mask->verdict step answers none / one / many" filename="test/test_firmware_admin_targets.cpp" line="215" skipped="true"/>
    <TestCase name="radmin4/targets: the fingerprint mask uses R-RA-29's INDEPENDENT reference values" filename="test/test_firmware_admin_targets.cpp" line="235" skipped="true"/>
    <TestCase name="radmin4/targets: `read` leaves a VALID EMPTY book on every non-ok arm and writes nothing" filename="test/test_firmware_admin_targets.cpp" line="296" skipped="true"/>
    <TestCase name="radmin4/targets: boot reports four states read-only and never counts on a non-ok one" filename="test/test_firmware_admin_targets.cpp" line="311" skipped="true"/>
    <TestCase name="radmin4/targets: `add` fills the LOWEST free row, reuses holes and refuses duplicates" filename="test/test_firmware_admin_targets.cpp" line="330" skipped="true"/>
    <TestCase name="radmin4/targets: all THIRTY-TWO rows fill, the 33rd refuses `full`, and NOTHING is evicted" filename="test/test_firmware_admin_targets.cpp" line="376" skipped="true"/>
    <TestCase name="radmin4/targets: `set` changes the three mutable fields and NEVER the trust key or the slot" filename="test/test_firmware_admin_targets.cpp" line="396" skipped="true"/>
    <TestCase name="radmin4/targets: `remove` zeroes the row WHOLE, leaves a hole and decrements the count" filename="test/test_firmware_admin_targets.cpp" line="448" skipped="true"/>
    <TestCase name="radmin4/targets: `reset` recovers ONLY a corrupt book and is not a bulk-delete escape" filename="test/test_firmware_admin_targets.cpp" line="464" skipped="true"/>
    <TestCase name="radmin4/targets: EVERY ordinary write is refused over an unreadable or corrupt book" filename="test/test_firmware_admin_targets.cpp" line="506" skipped="true"/>
    <TestCase name="radmin4/targets: a FAILED save publishes no success and RESTORES the candidate row" filename="test/test_firmware_admin_targets.cpp" line="519" skipped="true"/>
    <TestCase name="radmin4/targets: EVERY entry point RELOADS — a stale scratch can never be adopted" filename="test/test_firmware_admin_targets.cpp" line="536" skipped="true"/>
    <TestCase name="radmin3/verbs: the family owns EXACTLY `acl` and `admin-id`, with a space/tab/end boundary" filename="test/test_firmware_admin_verbs.cpp" line="140" skipped="true"/>
    <TestCase name="radmin3/verbs: ownership respects the LENGTH, never a NUL — a truncated span is a different line" filename="test/test_firmware_admin_verbs.cpp" line="169" skipped="true"/>
    <TestCase name="radmin3/verbs: admin-id show/generate emit the EXACT contract lines" filename="test/test_firmware_admin_verbs.cpp" line="182" skipped="true"/>
    <TestCase name="radmin3/verbs: admin-id rotate/reset REQUIRE an exact confirm and emit their own past-tense word" filename="test/test_firmware_admin_verbs.cpp" line="215" skipped="true"/>
    <TestCase name="radmin3/verbs: ⛔ a missing, wrong or trailing-junk confirm costs ZERO writes and ZERO draws" filename="test/test_firmware_admin_verbs.cpp" line="228" skipped="true"/>
    <TestCase name="radmin3/verbs: admin-id refuses a bare verb, an unknown subcommand and every extra token" filename="test/test_firmware_admin_verbs.cpp" line="245" skipped="true"/>
    <TestCase name="radmin3/verbs: every admin-id refusal reason reaches the console with its literal lexeme" filename="test/test_firmware_admin_verbs.cpp" line="258" skipped="true"/>
    <TestCase name="radmin3/verbs: the reason lexeme table is EXHAUSTIVE and every name is distinct" filename="test/test_firmware_admin_verbs.cpp" line="290" skipped="true"/>
    <TestCase name="radmin3/verbs: acl list emits occupied rows in SLOT ORDER, then the end line" filename="test/test_firmware_admin_verbs.cpp" line="333" skipped="true"/>
    <TestCase name="radmin3/verbs: a FULL ten-row listing is one line per record and fits the console stage" filename="test/test_firmware_admin_verbs.cpp" line="354" skipped="true"/>
    <TestCase name="radmin3/verbs: acl add — the exact success line, and the fp matches the printed key" filename="test/test_firmware_admin_verbs.cpp" line="380" skipped="true"/>
    <TestCase name="radmin3/verbs: acl add refuses every malformed role or key — ZERO writes, one bad_args line" filename="test/test_firmware_admin_verbs.cpp" line="397" skipped="true"/>
    <TestCase name="radmin3/verbs: acl set — updated / unchanged, and every malformed slot is bad_args" filename="test/test_firmware_admin_verbs.cpp" line="422" skipped="true"/>
    <TestCase name="radmin3/verbs: acl remove/reset gates and lines" filename="test/test_firmware_admin_verbs.cpp" line="454" skipped="true"/>
    <TestCase name="radmin3/verbs: acl refuses a bare verb and every unknown subcommand" filename="test/test_firmware_admin_verbs.cpp" line="493" skipped="true"/>
    <TestCase name="radmin3/verbs: the identity gate reaches the console with its OWN three reasons" filename="test/test_firmware_admin_verbs.cpp" line="506" skipped="true"/>
    <TestCase name="radmin3/verbs: every ACL service refusal reaches the console with its literal lexeme" filename="test/test_firmware_admin_verbs.cpp" line="534" skipped="true"/>
    <TestCase name="radmin3/verbs: the boot report is TWO read-only lines and names the state on every arm" filename="test/test_firmware_admin_verbs.cpp" line="562" skipped="true"/>
    <TestCase name="radmin3/verbs: every response goes to the SUPPLIED sink and nowhere else" filename="test/test_firmware_admin_verbs.cpp" line="612" skipped="true"/>
    <TestCase name="parse_sf_list — digits 5..12 set their bit; separators are any non-digit; FAIL-LOUD: any out-of-range entry rejects the whole list" filename="test/test_firmware_config_parse.cpp" line="23" skipped="true"/>
    <TestCase name="kv_next — key=value grammar: bare, quoted (spans spaces), multiple tokens, malformed" filename="test/test_firmware_config_parse.cpp" line="46" skipped="true"/>
    <TestCase name="W2b duty console unit: percent -> internal fraction (set duty= == create duty=)" filename="test/test_firmware_config_parse.cpp" line="83" skipped="true"/>
    <TestCase name="W2b bw console unit: fractional kHz -> Hz, rounded (62.5 -> 62500)" filename="test/test_firmware_config_parse.cpp" line="100" skipped="true"/>
    <TestCase name="§3-A.2 cfg-set domain predicates: routing_sf 5..12, leaf_id 0..15 (wire nibble), hop_cap 1..16" filename="test/test_firmware_config_parse.cpp" line="112" skipped="true"/>
    <TestCase name="team_fnv1a32 — deterministic FNV-1a/32 over the 8 LE bytes of (a‖b); order-sensitive" filename="test/test_firmware_config_parse.cpp" line="131" skipped="true"/>
    <TestCase name="parse_hex32 — EXACTLY 64 hex digits -> 32 bytes; case-insensitive; anything else REFUSES" filename="test/test_firmware_config_parse.cpp" line="142" skipped="true"/>
    <TestCase name="parse_hex32 — a REFUSED token leaves the caller's buffer untouched (no half-written key)" filename="test/test_firmware_config_parse.cpp" line="172" skipped="true"/>
    <TestCase name="split_team_key_tail — extracts the pair and hands the PHY triplet through untouched" filename="test/test_firmware_config_parse.cpp" line="182" skipped="true"/>
    <TestCase name="split_team_key_tail — C2 refusals: half a pair, bad hex, an over-long tail" filename="test/test_firmware_config_parse.cpp" line="231" skipped="true"/>
    <TestCase name="§T-K3 parse_grant_args — the 0x-hex target, the bare team-id target, and the implied TEAM plane" filename="test/test_firmware_config_parse.cpp" line="279" skipped="true"/>
    <TestCase name="§T-K3 parse_grant_args — name= (quoted, spaces, 32-cap) and the -t flag in either position" filename="test/test_firmware_config_parse.cpp" line="307" skipped="true"/>
    <TestCase name="§T-K3 parse_grant_args — C2 refusals: missing, bad target, unknown key, over-long tail" filename="test/test_firmware_config_parse.cpp" line="337" skipped="true"/>
    <TestCase name="★★ §team-target — a NON-NUMERIC tail is REFUSED and the caller's team_id SURVIVES (it used to become 0 = LEAVE)" filename="test/test_firmware_config_parse.cpp" line="377" skipped="true"/>
    <TestCase name="★ §team-target — `team 0` (LEAVE) and every legitimate id still parse EXACTLY as before" filename="test/test_firmware_config_parse.cpp" line="402" skipped="true"/>
    <TestCase name="★★ §team-target-whole — a 0x-LESS hex id is REFUSED and the live team_id SURVIVES (it used to JOIN team 88)" filename="test/test_firmware_config_parse.cpp" line="429" skipped="true"/>
    <TestCase name="★★ §team-target-whole — the legitimate PHY / team-key TAIL still parses (the token stops at the space)" filename="test/test_firmware_config_parse.cpp" line="446" skipped="true"/>
    <TestCase name="★★ §team-target-range — an OUT-OF-RANGE target is REFUSED and the live team_id SURVIVES (both ABIs' failures)" filename="test/test_firmware_config_parse.cpp" line="475" skipped="true"/>
    <TestCase name="§B136 parse_seq_arg: only ONE unsigned decimal token is accepted for a DESTRUCTIVE target" filename="test/test_firmware_config_parse.cpp" line="563" skipped="true"/>
    <TestCase name="§B212 classify_phy_tail: three-way by KEY RECOGNITION — the tails `handle_team` actually sees" filename="test/test_firmware_config_parse.cpp" line="623" skipped="true"/>
    <TestCase name="§B212 classify_phy_tail: ⛔ THE TRAP — the caller's tail is NOT tokenised in place" filename="test/test_firmware_config_parse.cpp" line="675" skipped="true"/>
    <TestCase name="cfgparse: parse_index_strict consumes the WHOLE token — the atol-prefix acceptances are gone" filename="test/test_firmware_config_parse.cpp" line="724" skipped="true"/>
    <TestCase name="cfgparse: arg_tail_empty sees a leftover token, and is not fooled by spacing" filename="test/test_firmware_config_parse.cpp" line="785" skipped="true"/>
    <TestCase name="parse_hex32 — [[B321]]: the scratch guard changed NO accept/refuse decision and NO output byte" filename="test/test_firmware_config_parse.cpp" line="824" skipped="true"/>
    <TestCase name="parse_hex32 — [[B321]]: the decoded bytes are still exactly the token's, on every ABI" filename="test/test_firmware_config_parse.cpp" line="854" skipped="true"/>
    <TestCase name="§UI-13 control — the write counter itself counts, so a zero elsewhere is evidence" filename="test/test_firmware_config_service.cpp" line="119" skipped="true"/>
    <TestCase name="§UI-13 b1 — opening snapshots the persisted covered fields; editing a row moves the RAM DRAFT ONLY" filename="test/test_firmware_config_service.cpp" line="137" skipped="true"/>
    <TestCase name="§UI-13 b1 — a store with no usable record REFUSES to open (C2): no draft, no baseline, no write" filename="test/test_firmware_config_service.cpp" line="173" skipped="true"/>
    <TestCase name="§UI-13 b2 — typed domains: ble_mode 0..2, the three toggles 0..1; a bad value leaves the draft untouched" filename="test/test_firmware_config_service.cpp" line="183" skipped="true"/>
    <TestCase name="§UI-13 b2 — the whole-candidate predicate names the FIRST bad field, and every field is checked" filename="test/test_firmware_config_service.cpp" line="208" skipped="true"/>
    <TestCase name="§UI-13 b5/b8 — one invalid field means ZERO writes, and the draft AND live state both survive" filename="test/test_firmware_config_service.cpp" line="221" skipped="true"/>
    <TestCase name="§UI-13 b4 — a no-op save performs ZERO NV writes; the positive control performs EXACTLY ONE" filename="test/test_firmware_config_service.cpp" line="242" skipped="true"/>
    <TestCase name="§UI-13 b6 — four changed fields are ONE durable write, and every non-covered field survives it" filename="test/test_firmware_config_service.cpp" line="268" skipped="true"/>
    <TestCase name="§UI-13 b6 — cfg_values_into_blob touches the four covered bytes and nothing else in the record" filename="test/test_firmware_config_service.cpp" line="303" skipped="true"/>
    <TestCase name="§UI-13 b7/b8 — THE FAILURE PATH: the write fails, so the live state is UNCHANGED and the draft survives" filename="test/test_firmware_config_service.cpp" line="320" skipped="true"/>
    <TestCase name="§UI-13 b7 — a pre-write reload failure refuses the save with ZERO writes (the record must be preservable)" filename="test/test_firmware_config_service.cpp" line="348" skipped="true"/>
    <TestCase name="§UI-13 b7 — ORDER, not just outcome: at the instant apply_live runs, the store ALREADY holds the new value" filename="test/test_firmware_config_service.cpp" line="360" skipped="true"/>
    <TestCase name="§UI-13 b7 — a REBOOT-class field is never applied live: CfgLiveFields structurally cannot carry it" filename="test/test_firmware_config_service.cpp" line="374" skipped="true"/>
    <TestCase name="§UI-13 b9 — a reboot-needing save is durably SAVED and NO LONGER unsaved; the flag is derived, not latched" filename="test/test_firmware_config_service.cpp" line="387" skipped="true"/>
    <TestCase name="§UI-13 b3 — an external write to a COVERED field raises CFG! RELOAD and REFUSES the save" filename="test/test_firmware_config_service.cpp" line="413" skipped="true"/>
    <TestCase name="§UI-13 b3 — the commit-time detector stands alone: an UNANNOUNCED external write still cannot be overwritten" filename="test/test_firmware_config_service.cpp" line="433" skipped="true"/>
    <TestCase name="§UI-13 b3 — CHANGE, NOTIFY, REVERT, SAVE: a raised latch refuses the save even once the bytes agree again" filename="test/test_firmware_config_service.cpp" line="445" skipped="true"/>
    <TestCase name="§UI-13 b3 — DISCARD is the other way out of a latched conflict, and it clears it too" filename="test/test_firmware_config_service.cpp" line="480" skipped="true"/>
    <TestCase name="§UI-13 b3 — a CONVERGENT external write is still a conflict: the baseline is what must match, not the draft" filename="test/test_firmware_config_service.cpp" line="497" skipped="true"/>
    <TestCase name="§UI-13 b9 — a LIVE-class field whose effective and persisted values disagree owes NO reboot" filename="test/test_firmware_config_service.cpp" line="517" skipped="true"/>
    <TestCase name="§UI-13 b3 NEGATIVE HALF — a NON-covered external write raises no conflict and never sets the marker" filename="test/test_firmware_config_service.cpp" line="534" skipped="true"/>
    <TestCase name="§UI-13 b3 NEGATIVE HALF — a RUNTIME change cannot reach the service at all, so no marker exists to set" filename="test/test_firmware_config_service.cpp" line="564" skipped="true"/>
    <TestCase name="§UI-13 b3 — note_external_write on a CLOSED service is inert (there is no baseline to compare)" filename="test/test_firmware_config_service.cpp" line="587" skipped="true"/>
    <TestCase name="§UI-13 b9 — DISCARD reloads the persisted values and clears both the draft and the marker" filename="test/test_firmware_config_service.cpp" line="596" skipped="true"/>
    <TestCase name="§UI-13 b9 — RELOAD is a THREE-WAY MERGE: an untouched field adopts theirs, an edited field keeps mine" filename="test/test_firmware_config_service.cpp" line="617" skipped="true"/>
    <TestCase name="§UI-13 b9 — a DISCARD or RELOAD that cannot read the store keeps the draft and the marker (C2)" filename="test/test_firmware_config_service.cpp" line="646" skipped="true"/>
    <TestCase name="§UI-13 — BACK, blanking and RE-ENTERING SETTINGS all preserve the draft; a silent discard is forbidden" filename="test/test_firmware_config_service.cpp" line="663" skipped="true"/>
    <TestCase name="§UI-13 b9 — the outcome enums are total, and only the two spec-named headlines have panel bytes" filename="test/test_firmware_config_service.cpp" line="691" skipped="true"/>
    <TestCase name="§UI-13 — the covered fields round-trip through the durable Blob, in both directions" filename="test/test_firmware_config_service.cpp" line="730" skipped="true"/>
    <TestCase name="ui15-prof: the /mrjoin record is 24 B per profile and 8 + 4x24 overall, with the pad in the HEADER" filename="test/test_firmware_join_profiles.cpp" line="77" skipped="true"/>
    <TestCase name="ui15-prof: /mrjoin has its OWN magic and version — ⛔ never /mrcfg's" filename="test/test_firmware_join_profiles.cpp" line="89" skipped="true"/>
    <TestCase name="ui15-prof: magic / version / size each reject the WHOLE record, and only -1 reads as ABSENT" filename="test/test_firmware_join_profiles.cpp" line="102" skipped="true"/>
    <TestCase name="ui15-prof: set -> load round-trips EXACTLY, including 869.4625 MHz => freq_hz 869462500" filename="test/test_firmware_join_profiles.cpp" line="147" skipped="true"/>
    <TestCase name="ui15-prof: the units are MHz in / Hz stored and kHz in / Hz stored — ⛔ never swapped" filename="test/test_firmware_join_profiles.cpp" line="174" skipped="true"/>
    <TestCase name="ui15-prof: a profile stores the FULL layer byte; the leaf nibble stays derived" filename="test/test_firmware_join_profiles.cpp" line="202" skipped="true"/>
    <TestCase name="ui15-prof: the absent/corrupt matrix — all EIGHT cells, with WRITE COUNTS" filename="test/test_firmware_join_profiles.cpp" line="212" skipped="true"/>
    <TestCase name="ui15-prof: reset on a corrupt store writes even when the bytes already look empty" filename="test/test_firmware_join_profiles.cpp" line="298" skipped="true"/>
    <TestCase name="ui15-prof: slot 0 and slot 5 refuse and write NOTHING; 1 and 4 work (off-by-one, both ends)" filename="test/test_firmware_join_profiles.cpp" line="309" skipped="true"/>
    <TestCase name="ui15-prof: a non-finite freq/bw is REFUSED with ZERO writes — while validate_join still accepts it" filename="test/test_firmware_join_profiles.cpp" line="342" skipped="true"/>
    <TestCase name="ui15-prof: every domain refusal costs ZERO loads and ZERO writes, and names its own field" filename="test/test_firmware_join_profiles.cpp" line="369" skipped="true"/>
    <TestCase name="ui15-prof: a name longer than the slot is REFUSED, ⛔ never truncated (C2)" filename="test/test_firmware_join_profiles.cpp" line="390" skipped="true"/>
    <TestCase name="ui15-prof: the unused name bytes are ZERO, so a shorter name leaves no tail behind" filename="test/test_firmware_join_profiles.cpp" line="407" skipped="true"/>
    <TestCase name="ui15-prof: re-setting IDENTICAL values performs ZERO further writes" filename="test/test_firmware_join_profiles.cpp" line="419" skipped="true"/>
    <TestCase name="ui15-prof: clearing an ALREADY-empty slot of a valid record performs ZERO writes" filename="test/test_firmware_join_profiles.cpp" line="436" skipped="true"/>
    <TestCase name="ui15-prof: reset confirm on an already-empty VALID record performs ZERO writes" filename="test/test_firmware_join_profiles.cpp" line="444" skipped="true"/>
    <TestCase name="ui15-prof: reset without confirm refuses — ZERO loads, ZERO writes" filename="test/test_firmware_join_profiles.cpp" line="453" skipped="true"/>
    <TestCase name="ui15-prof: reset confirm empties every slot in ONE write" filename="test/test_firmware_join_profiles.cpp" line="466" skipped="true"/>
    <TestCase name="ui15-prof: clear empties exactly one slot and leaves the other three byte-identical" filename="test/test_firmware_join_profiles.cpp" line="478" skipped="true"/>
    <TestCase name="ui15-prof: a failed save reports nv_failed after EXACTLY ONE attempt — no retry" filename="test/test_firmware_join_profiles.cpp" line="494" skipped="true"/>
    <TestCase name="ui15-prof: every verdict and every error has its own name (the -Wswitch discipline's other half)" filename="test/test_firmware_join_profiles.cpp" line="510" skipped="true"/>
    <TestCase name="ui15-prof: a STORAGE FAILURE refuses on all four verbs with ZERO writes — ⛔ never 'no profiles'" filename="test/test_firmware_join_profiles.cpp" line="539" skipped="true"/>
    <TestCase name="ui15-prof: a malformed slot token refuses and performs ZERO loads and ZERO writes" filename="test/test_firmware_join_profiles.cpp" line="588" skipped="true"/>
    <TestCase name="ui15-join: a valid request writes ONCE, then applies live — and in that order" filename="test/test_firmware_join_service.cpp" line="79" skipped="true"/>
    <TestCase name="ui15-join: the candidate carries the PHY and clears exactly the provisioning fields" filename="test/test_firmware_join_service.cpp" line="96" skipped="true"/>
    <TestCase name="ui15-join: layer0_id keeps the FULL byte while leaf_id keeps the nibble" filename="test/test_firmware_join_service.cpp" line="124" skipped="true"/>
    <TestCase name="ui15-join: a fractional carrier survives the transaction EXACTLY (no integer-kHz rounding)" filename="test/test_firmware_join_service.cpp" line="140" skipped="true"/>
    <TestCase name="ui15-join: every domain refusal is DISTINCT and costs zero loads, zero writes, zero live calls" filename="test/test_firmware_join_service.cpp" line="150" skipped="true"/>
    <TestCase name="ui15-join: the four domain arms are four distinct enumerators with distinct names" filename="test/test_firmware_join_service.cpp" line="174" skipped="true"/>
    <TestCase name="ui15-join: a NaN freq/bw is ACCEPTED, verbatim as the pre-slice verb accepted it (C1, [[JOIN-BW-NAN]])" filename="test/test_firmware_join_service.cpp" line="191" skipped="true"/>
    <TestCase name="ui15-join: a LOAD failure writes nothing and applies nothing" filename="test/test_firmware_join_service.cpp" line="208" skipped="true"/>
    <TestCase name="ui15-join: a SAVE failure attempts exactly one write and makes ZERO live calls" filename="test/test_firmware_join_service.cpp" line="221" skipped="true"/>
    <TestCase name="ui15-join: neither store failure moves the fake's stored record" filename="test/test_firmware_join_service.cpp" line="235" skipped="true"/>
    <TestCase name="ui15-join: validate_join and join_leaf_of_layer are usable on their own (the OLED path's floor)" filename="test/test_firmware_join_service.cpp" line="247" skipped="true"/>
    <TestCase name="§PROV-TX control — every instrument counts, so a zero elsewhere is evidence" filename="test/test_firmware_provisioning_service.cpp" line="317" skipped="true"/>
    <TestCase name="§PROV-TX `team new` — one write, then the live apply in order, and the candidate is COMPLETE" filename="test/test_firmware_provisioning_service.cpp" line="348" skipped="true"/>
    <TestCase name="§PROV-TX save FAILURE — zero live calls, zero airtime, EXACTLY ONE save attempt" filename="test/test_firmware_provisioning_service.cpp" line="388" skipped="true"/>
    <TestCase name="§PROV-TX key ordering — set_team runs BEFORE install_key, and the key SURVIVES" filename="test/test_firmware_provisioning_service.cpp" line="427" skipped="true"/>
    <TestCase name="§PROV-TX a mismatched but well-formed keypair is refused BEFORE the save" filename="test/test_firmware_provisioning_service.cpp" line="455" skipped="true"/>
    <TestCase name="§PROV-TX an all-zero private half is refused before the save (degenerate scalar)" filename="test/test_firmware_provisioning_service.cpp" line="485" skipped="true"/>
    <TestCase name="§PROV-TX a DEAD CSPRNG refuses the mint before the save" filename="test/test_firmware_provisioning_service.cpp" line="496" skipped="true"/>
    <TestCase name="§PROV-TX KeyAction matrix — same-team PHY-only PRESERVES with zero key calls" filename="test/test_firmware_provisioning_service.cpp" line="512" skipped="true"/>
    <TestCase name="§PROV-TX KeyAction matrix — same-team RE-KEY installs, without a switch and without DAD" filename="test/test_firmware_provisioning_service.cpp" line="544" skipped="true"/>
    <TestCase name="§PROV-TX KeyAction matrix — a BARE join to another team CLEARS via set_team" filename="test/test_firmware_provisioning_service.cpp" line="568" skipped="true"/>
    <TestCase name="§PROV-TX KeyAction matrix — LEAVE clears the key, PRESERVES the PHY and does NOT DAD" filename="test/test_firmware_provisioning_service.cpp" line="592" skipped="true"/>
    <TestCase name="§PROV-TX KeyAction matrix — same-team, NOTHING changed: zero saves, zero applies, no_change" filename="test/test_firmware_provisioning_service.cpp" line="625" skipped="true"/>
    <TestCase name="§PROV-TX same-team requests PRESERVE team_local_id and node_id; a changed one zeroes only the former" filename="test/test_firmware_provisioning_service.cpp" line="655" skipped="true"/>
    <TestCase name="§PROV-TX a STATIC node's `team new freq=…` has its PHY HONOURED, and the promotion is reported" filename="test/test_firmware_provisioning_service.cpp" line="702" skipped="true"/>
    <TestCase name="§PROV-TX `team 0` with ANY PHY argument is REFUSED — zero saves, zero applies, zero airtime" filename="test/test_firmware_provisioning_service.cpp" line="732" skipped="true"/>
    <TestCase name="§PROV-TX `team 0` with a key tail is refused before the save" filename="test/test_firmware_provisioning_service.cpp" line="765" skipped="true"/>
    <TestCase name="§PROV-TX `team new` resamples when the draw reproduces the CURRENT team id" filename="test/test_firmware_provisioning_service.cpp" line="786" skipped="true"/>
    <TestCase name="§PROV-TX `team new` resamples when the draw hashes to ZERO — it never becomes a LEAVE" filename="test/test_firmware_provisioning_service.cpp" line="815" skipped="true"/>
    <TestCase name="§PROV-TX `team new` refuses LOUDLY when no acceptable id can be drawn" filename="test/test_firmware_provisioning_service.cpp" line="836" skipped="true"/>
    <TestCase name="§PROV-TX staged private material is wiped on BOTH exits — but never the persisted or live key" filename="test/test_firmware_provisioning_service.cpp" line="860" skipped="true"/>
    <TestCase name="§PROV-TX the O2/R4 role refusals stop the transaction before any save" filename="test/test_firmware_provisioning_service.cpp" line="907" skipped="true"/>
    <TestCase name="§PROV-TX an incomplete STAGED PHY refuses; the build floor resolves a zero in the record" filename="test/test_firmware_provisioning_service.cpp" line="951" skipped="true"/>
    <TestCase name="§PROV-TX an unreadable record refuses without a write (the non-provisioning fields cannot be preserved)" filename="test/test_firmware_provisioning_service.cpp" line="1021" skipped="true"/>
    <TestCase name="§PROV-TX ① a re-supplied IDENTICAL PHY is no_change — zero saves, zero retune" filename="test/test_firmware_provisioning_service.cpp" line="1049" skipped="true"/>
    <TestCase name="§PROV-TX ① an IDENTICAL re-supplied key is no_change — it is NOT reinstalled" filename="test/test_firmware_provisioning_service.cpp" line="1097" skipped="true"/>
    <TestCase name="§PROV-TX ① a ROLE-PROJECTION-ONLY correction is APPLIED and reaches NV, never silently discarded" filename="test/test_firmware_provisioning_service.cpp" line="1164" skipped="true"/>
    <TestCase name="§PROV-TX ① a record that already names the target team does NOT make a real switch a no-change" filename="test/test_firmware_provisioning_service.cpp" line="1204" skipped="true"/>
    <TestCase name="§PROV-TX ① a record whose team_id disagrees with the live team is REPAIRED, not called no_change" filename="test/test_firmware_provisioning_service.cpp" line="1225" skipped="true"/>
    <TestCase name="§PROV-TX QG3 — record PHY == the request but the LIVE PHY differs: applied, EXACTLY ONE PHY application" filename="test/test_firmware_provisioning_service.cpp" line="1255" skipped="true"/>
    <TestCase name="§PROV-TX QG3 — record key == the request but the LIVE key differs/absent: EXACTLY ONE installation" filename="test/test_firmware_provisioning_service.cpp" line="1313" skipped="true"/>
    <TestCase name="§PROV-TX QG3 — the live-domain predicates: nothing requested means nothing owed" filename="test/test_firmware_provisioning_service.cpp" line="1374" skipped="true"/>
    <TestCase name="§PROV-TX ② the SAVED team_local_id is reported, so a re-used OLD id still persists" filename="test/test_firmware_provisioning_service.cpp" line="1414" skipped="true"/>
    <TestCase name="§PROV-TX blob_put_team_channel_key writes all three fields, and null material means NO key" filename="test/test_firmware_provisioning_service.cpp" line="1455" skipped="true"/>
    <TestCase name="§B211 pin 1 — a team PHY tail PRESERVES the multi-SF sf_list and PERSISTS it" filename="test/test_firmware_provisioning_service.cpp" line="1506" skipped="true"/>
    <TestCase name="§B211 pin 1b — resolution reads the PERSISTED record, NOT the live bitmap (they diverge)" filename="test/test_firmware_provisioning_service.cpp" line="1534" skipped="true"/>
    <TestCase name="§B211 pin 2 — no_change SURVIVES the change: record == live == request is still 0 saves, 0 applies" filename="test/test_firmware_provisioning_service.cpp" line="1565" skipped="true"/>
    <TestCase name="§B211 pin 5 — an unspecified sf_list over an EMPTY record is still REFUSED, never a silent pass" filename="test/test_firmware_provisioning_service.cpp" line="1598" skipped="true"/>
    <TestCase name="§B230 the incomplete-PHY refusal names WHICH part is missing — sf_list is its own arm" filename="test/test_firmware_provisioning_service.cpp" line="1639" skipped="true"/>
    <TestCase name="§B230 prov_err_name is total, distinct and panel-sized over EVERY ProvErr arm" filename="test/test_firmware_provisioning_service.cpp" line="1710" skipped="true"/>
    <TestCase name="§UI-16 K2 pin 1 — `team new` stores the minted pair in the keyring AND marks it active" filename="test/test_firmware_provisioning_service.cpp" line="1744" skipped="true"/>
    <TestCase name="§UI-16 K2 pin 1b — an IMPORT (`team &lt;id> tkpub=/tkpriv=`) stores and activates the same way" filename="test/test_firmware_provisioning_service.cpp" line="1765" skipped="true"/>
    <TestCase name="§UI-16 K2 pin 2 — ★ `team 0` CLEARS the binding and RETAINS the stored key" filename="test/test_firmware_provisioning_service.cpp" line="1783" skipped="true"/>
    <TestCase name="§UI-16 K2 pin 5 — SWITCHING to another team installs NOTHING from the keyring, and retains both" filename="test/test_firmware_provisioning_service.cpp" line="1815" skipped="true"/>
    <TestCase name="§UI-16 K2 pin 3/4 — the ROUND TRIP: what `team new` wrote is what a reboot restores, and only that" filename="test/test_firmware_provisioning_service.cpp" line="1839" skipped="true"/>
    <TestCase name="§UI-16 K2 — ★ THE ORDER: the key is DURABLE BEFORE the `/mrcfg` record that activates it" filename="test/test_firmware_provisioning_service.cpp" line="1867" skipped="true"/>
    <TestCase name="§UI-16 K2 — ★★★ P-15 through the transaction: a FULL keyring refuses the CREATE, loudly and completely" filename="test/test_firmware_provisioning_service.cpp" line="1884" skipped="true"/>
    <TestCase name="§UI-16 K2 — an UNREADABLE or FAILING keyring refuses the transaction, each with its own arm" filename="test/test_firmware_provisioning_service.cpp" line="1908" skipped="true"/>
    <TestCase name="§UI-16 K2 — a re-grant of IDENTICAL material spends ZERO keyring writes (counted at the transaction)" filename="test/test_firmware_provisioning_service.cpp" line="1929" skipped="true"/>
    <TestCase name="§UI-16 K2 — the keyring-error relabel is TOTAL and ⛔ never reports a refusal as a success" filename="test/test_firmware_provisioning_service.cpp" line="1953" skipped="true"/>
    <TestCase name="§UI-16 K2 QG-B2 a FAILED same-team re-key must not become active after a reboot" filename="test/test_firmware_provisioning_service.cpp" line="1966" skipped="true"/>
    <TestCase name="firmware activation: zero and both inclusive configured boundaries, no clamp outside" filename="test/test_firmware_remote_activation.cpp" line="16" skipped="true"/>
    <TestCase name="firmware activation: impossible PHY outranks zero and every configured value" filename="test/test_firmware_remote_activation.cpp" line="33" skipped="true"/>
    <TestCase name="firmware activation: re-read PHY changes default and invalidates an old configured promise" filename="test/test_firmware_remote_activation.cpp" line="44" skipped="true"/>
    <TestCase name="firmware activation: state names and JSON twin carry the resolved value" filename="test/test_firmware_remote_activation.cpp" line="54" skipped="true"/>
    <TestCase name="firmware activation: existing strict decimal parser admits zero and rejects malformed promises" filename="test/test_firmware_remote_activation.cpp" line="73" skipped="true"/>
    <TestCase name="§radmin-7/exec ordering reserves before exactly one fake dispatch and completes afterwards" filename="test/test_firmware_remote_executor.cpp" line="93">
      <OverallResultsAsserts successes="16" failures="0" test_case_success="true"/>
    </TestCase>
    <TestCase name="§radmin-7/exec no transcript capacity never calls executor, then operator resumes" filename="test/test_firmware_remote_executor.cpp" line="105">
      <OverallResultsAsserts successes="10" failures="0" test_case_success="true"/>
    </TestCase>
    <TestCase name="§radmin-7/exec one pending frame consumes the pass on every attempted admission outcome" filename="test/test_firmware_remote_executor.cpp" line="113">
      <OverallResultsAsserts successes="17" failures="0" test_case_success="true"/>
    </TestCase>
    <TestCase name="§radmin-7/exec disruptive policy refuses before the fake can execute" filename="test/test_firmware_remote_executor.cpp" line="125">
      <OverallResultsAsserts successes="21" failures="0" test_case_success="true"/>
    </TestCase>
    <TestCase name="§radmin-7/exec typed terminal mapping does not scrape handler output" filename="test/test_firmware_remote_executor.cpp" line="135">
      <OverallResultsAsserts successes="42" failures="0" test_case_success="true"/>
    </TestCase>
    <TestCase name="§radmin-7/exec SYNTHETIC stale view refuses; real invalidation removes the row" filename="test/test_firmware_remote_executor.cpp" line="149">
      <OverallResultsAsserts successes="4" failures="0" test_case_success="true"/>
    </TestCase>
    <TestCase name="§radmin-7/context pure scope restores nested and early-return contexts" filename="test/test_firmware_remote_executor.cpp" line="153">
      <OverallResultsAsserts successes="6" failures="0" test_case_success="true"/>
    </TestCase>
    <TestCase name="§radmin-7b2/exec control priority and independent open dispatch behind authenticated pool pressure" filename="test/test_firmware_remote_executor.cpp" line="171">
      <OverallResultsAsserts successes="20" failures="0" test_case_success="true"/>
    </TestCase>
    <TestCase name="§radmin-7b2/exec any attempted open frame consumes the pass and full TX permits owned capture" filename="test/test_firmware_remote_executor.cpp" line="186">
      <OverallResultsAsserts successes="17" failures="0" test_case_success="true"/>
    </TestCase>
    <TestCase name="ui16-keyring: the /mrteams record's ABI is what the size check guards, and `reserved` is NAMED" filename="test/test_firmware_team_keyring.cpp" line="140" skipped="true"/>
    <TestCase name="ui16-keyring: the keyring has its OWN magic, its OWN slot and the factory-reset namespace" filename="test/test_firmware_team_keyring.cpp" line="162" skipped="true"/>
    <TestCase name="ui16-keyring: the four read states, and the ORDER that keeps a dead store from reading as a fresh one" filename="test/test_firmware_team_keyring.cpp" line="179" skipped="true"/>
    <TestCase name="ui16-keyring: `team_key_blob_init` stamps ONE valid empty record and zeroes every secret byte" filename="test/test_firmware_team_keyring.cpp" line="214" skipped="true"/>
    <TestCase name="ui16-keyring: the secret wipe guard ZEROES its carrier on scope exit — both carriers" filename="test/test_firmware_team_keyring.cpp" line="226" skipped="true"/>
    <TestCase name="ui16-keyring: the composition path zeroes the WHOLE record first — no stale tail, no live padding" filename="test/test_firmware_team_keyring.cpp" line="242" skipped="true"/>
    <TestCase name="ui16-keyring: `team_id == 0` is NEVER stored — zero LOADS and zero writes" filename="test/test_firmware_team_keyring.cpp" line="259" skipped="true"/>
    <TestCase name="ui16-keyring: an ABSENT store is SEEDED and the record lands in EXACTLY ONE write" filename="test/test_firmware_team_keyring.cpp" line="275" skipped="true"/>
    <TestCase name="ui16-keyring: ★ IDENTICAL MATERIAL WRITES NOTHING — the flash-wear guard, COUNTED" filename="test/test_firmware_team_keyring.cpp" line="294" skipped="true"/>
    <TestCase name="ui16-keyring: EXACTLY ONE record per team_id — a re-key REPLACES it in place, atomically" filename="test/test_firmware_team_keyring.cpp" line="312" skipped="true"/>
    <TestCase name="ui16-keyring: ★★★ P-15 — a FULL keyring FAILS LOUDLY and evicts NOTHING" filename="test/test_firmware_team_keyring.cpp" line="337" skipped="true"/>
    <TestCase name="ui16-keyring: an UNREADABLE store refuses with ZERO writes — and the two answers stay apart" filename="test/test_firmware_team_keyring.cpp" line="371" skipped="true"/>
    <TestCase name="ui16-keyring: the ONE save attempt failing is reported, ⛔ never laundered into a success" filename="test/test_firmware_team_keyring.cpp" line="385" skipped="true"/>
    <TestCase name="ui16-keyring: a bit-rotted count can never index past rec[], and is REPAIRED by the next write" filename="test/test_firmware_team_keyring.cpp" line="397" skipped="true"/>
    <TestCase name="ui16-keyring: the coalescing compare is WHOLE-RECORD — a dirty `reserved` is repaired, not read as equal" filename="test/test_firmware_team_keyring.cpp" line="424" skipped="true"/>
    <TestCase name="ui16-keyring: the restore installs when ALL FIVE terms hold — and writes nothing" filename="test/test_firmware_team_keyring.cpp" line="452" skipped="true"/>
    <TestCase name="ui16-keyring: term (i) — ★★★ P-2b: an INACTIVE binding installs nothing and reads nothing" filename="test/test_firmware_team_keyring.cpp" line="469" skipped="true"/>
    <TestCase name="ui16-keyring: term (ii) — ★★★ the binding must name the team we are IN (a stale binding installs nothing)" filename="test/test_firmware_team_keyring.cpp" line="499" skipped="true"/>
    <TestCase name="ui16-keyring: term (iii) — no record for the bound team ⇒ KEYLESS, and other teams are retained" filename="test/test_firmware_team_keyring.cpp" line="522" skipped="true"/>
    <TestCase name="ui16-keyring: term (iv) — ★★★ the stored key must be the one /mrcfg COMMITTED" filename="test/test_firmware_team_keyring.cpp" line="537" skipped="true"/>
    <TestCase name="ui16-keyring: term (v) — a record whose pub does not verify is REJECTED, and the node is KEYLESS" filename="test/test_firmware_team_keyring.cpp" line="576" skipped="true"/>
    <TestCase name="ui16-keyring: an ABSENT / UNREADABLE store leaves the node keyless, with ZERO writes" filename="test/test_firmware_team_keyring.cpp" line="599" skipped="true"/>
    <TestCase name="ui16-keyring: QG-B1 ★★★ a key ALREADY LIVE does not survive a restore that could not install" filename="test/test_firmware_team_keyring.cpp" line="623" skipped="true"/>
    <TestCase name="ui16-keyring: every enum renders, and the name functions are TOTAL" filename="test/test_firmware_team_keyring.cpp" line="667" skipped="true"/>
    <TestCase name="ui16-K3: a successful persist writes the KEY FIRST, the ACTIVATION SECOND, and only then forwards" filename="test/test_firmware_team_keyring.cpp" line="852" skipped="true"/>
    <TestCase name="ui16-K3: a FAILED persist is NOT forwarded — the panel can never say RECEIVED for a RAM-only key" filename="test/test_firmware_team_keyring.cpp" line="887" skipped="true"/>
    <TestCase name="ui16-K3: each of the four handling-time re-checks fails the write on its own, with ZERO writes" filename="test/test_firmware_team_keyring.cpp" line="979" skipped="true"/>
    <TestCase name="ui16-K3: a re-key REPLACES this team's record in place — one row, one write, both records agree" filename="test/test_firmware_team_keyring.cpp" line="1055" skipped="true"/>
    <TestCase name="ui16-K3: a foreign team's grant never gets here — and if it did it would write NOTHING" filename="test/test_firmware_team_keyring.cpp" line="1078" skipped="true"/>
    <TestCase name="ui16-K3: a re-grant of IDENTICAL material writes NOTHING — on the keyring AND on /mrcfg" filename="test/test_firmware_team_keyring.cpp" line="1093" skipped="true"/>
    <TestCase name="ui16-K3: the verdict enum renders in full, and ⛔ no arm carries material" filename="test/test_firmware_team_keyring.cpp" line="1124" skipped="true"/>
    <TestCase name="ui16-K3: every GrantSave arm is classified, and ⛔ no arm claims a key that is not live" filename="test/test_firmware_team_keyring.cpp" line="1153" skipped="true"/>
    <TestCase name="ui16-k5: `has_record` answers a BOOLEAN about ONE exact id, spends ZERO writes and FAILS CLOSED" filename="test/test_firmware_team_keyring.cpp" line="1199" skipped="true"/>
    <TestCase name="ui16-k5: ★★★ `USE SAVED KEY` installs the RETAINED pair and makes it BOOT-DURABLE (the five terms hold)" filename="test/test_firmware_team_keyring.cpp" line="1237" skipped="true"/>
    <TestCase name="ui16-k5: ★★★ EVERY failing arm installs NOTHING, keeps the record INTACT and clears SURGICALLY" filename="test/test_firmware_team_keyring.cpp" line="1282" skipped="true"/>
    <TestCase name="ui16-k5: ★★★ the WRITER refuses an ACTIVE BINDING for a team its own record does not name" filename="test/test_firmware_team_keyring.cpp" line="1454" skipped="true"/>
    <TestCase name="ui16-k5: the `SavedKeyUse` inventory is a PROPERTY OF THE ENUM — ⛔ not a hand-typed list" filename="test/test_firmware_team_keyring.cpp" line="1481" skipped="true"/>
    <TestCase name="ui16-k6-pin1: a FULL keyring plus an UNCONFIRMED selection costs ZERO writes and evicts NOTHING" filename="test/test_firmware_team_keyring.cpp" line="1558" skipped="true"/>
    <TestCase name="ui16-k6-pin2: the ACTIVE record is PROTECTED — zero writes, and live key/binding/records untouched" filename="test/test_firmware_team_keyring.cpp" line="1593" skipped="true"/>
    <TestCase name="ui16-k6-pin3: an INACTIVE target = EXACTLY ONE save, the id absent, every survivor byte-identical, the vacated tail ZERO" filename="test/test_firmware_team_keyring.cpp" line="1626" skipped="true"/>
    <TestCase name="ui16-k6-pin4: not-found, id 0 and an unreadable store each cost ZERO writes — and are told APART" filename="test/test_firmware_team_keyring.cpp" line="1686" skipped="true"/>
    <TestCase name="ui16-k6-pin5: a FAILED save is reported as a failed save — ⛔ never as `forgotten` and ⛔ never as nothing-changed" filename="test/test_firmware_team_keyring.cpp" line="1756" skipped="true"/>
    <TestCase name="ui16-k6-pin6: the LIST exposes ids and status ONLY — ⛔ no key material, on any arm" filename="test/test_firmware_team_keyring.cpp" line="1776" skipped="true"/>
    <TestCase name="ui16-k6-pin7: a SHORT-FINGERPRINT COLLISION cannot remove the wrong record" filename="test/test_firmware_team_keyring.cpp" line="1857" skipped="true"/>
    <TestCase name="ui16-k6-pin9: re-keying ONE existing team is an in-place REPLACE and never invokes the removal" filename="test/test_firmware_team_keyring.cpp" line="1893" skipped="true"/>
    <TestCase name="ui16-k6-two-transactions: a create/grant NEVER deletes a record as a side effect" filename="test/test_firmware_team_keyring.cpp" line="1920" skipped="true"/>
    <TestCase name="ui16-k6-active-predicate: the ACTIVE marker and the PROTECTION are ONE authority" filename="test/test_firmware_team_keyring.cpp" line="1970" skipped="true"/>
    <TestCase name="ui16-k6-inventory: the KeyringForget sweep is a PROPERTY of the enum, and the sentinel is not an outcome" filename="test/test_firmware_team_keyring.cpp" line="1994" skipped="true"/>
    <TestCase name="ui16-k6-grantfull: a fifth RECEIVED grant refuses LOUDLY, and the verdict carries the FULL fact" filename="test/test_firmware_team_keyring.cpp" line="2031" skipped="true"/>
    <TestCase name="ui16-k6-grantfull-drain: the fifth RECEIVED grant takes the unsaved door WITH the FULL fact, and deletes nothing" filename="test/test_firmware_team_keyring.cpp" line="2081" skipped="true"/>
    <TestCase name="ui16-k6-grantverdict: the verdict is the LANDED route plus ONE fact, and no other arm can carry it" filename="test/test_firmware_team_keyring.cpp" line="2130" skipped="true"/>
    <TestCase name="chrome-icons: the byte-order contract is ROW-MAJOR, LSB-FIRST, rows padded to whole bytes" filename="test/test_firmware_ui_chrome.cpp" line="56" skipped="true"/>
    <TestCase name="chrome-icons: the stride rule is DERIVED and the battery is the one 2-byte-per-row asset" filename="test/test_firmware_ui_chrome.cpp" line="96" skipped="true"/>
    <TestCase name="chrome-icons: every glyph is 7 px high, and the four SETTINGS badge variants are DISTINCT" filename="test/test_firmware_ui_chrome.cpp" line="110" skipped="true"/>
    <TestCase name="chrome-icons: the 24x24 MeshRoute mark decodes to the final logo_3 artwork, stride 3" filename="test/test_firmware_ui_chrome.cpp" line="143" skipped="true"/>
    <TestCase name="chrome-mail: 0 / 1 / 99 exact, 100 -> 99+, and a SUM that crosses the boundary" filename="test/test_firmware_ui_chrome.cpp" line="195" skipped="true"/>
    <TestCase name="chrome-home: the compact age at EVERY boundary, in BOTH directions" filename="test/test_firmware_ui_chrome.cpp" line="219" skipped="true"/>
    <TestCase name="chrome-home: an age ABOVE UINT32_MAX ms does not wrap to a recent value" filename="test/test_firmware_ui_chrome.cpp" line="254" skipped="true"/>
    <TestCase name="chrome-home: all four link states map to their own icon, and a non-mobile build is BLANK" filename="test/test_firmware_ui_chrome.cpp" line="291" skipped="true"/>
    <TestCase name="chrome-team: NO TEAM is not a team with zero teammates, and the key slot follows the same split" filename="test/test_firmware_ui_chrome.cpp" line="323" skipped="true"/>
    <TestCase name="chrome-team: 9 is exact, 10 renders 9+, and the value is team_TOTAL not team_shown" filename="test/test_firmware_ui_chrome.cpp" line="355" skipped="true"/>
    <TestCase name="chrome-batt: unavailable renders --, and the voltage TRUNCATES to one decimal" filename="test/test_firmware_ui_chrome.cpp" line="384" skipped="true"/>
    <TestCase name="chrome-duty: N is DERIVED from the gauge's drawable rows — the artwork and the enum cannot drift" filename="test/test_firmware_ui_chrome.cpp" line="457" skipped="true"/>
    <TestCase name="chrome-duty: every percentage maps to its step, at boundaries stated INDEPENDENTLY of the map" filename="test/test_firmware_ui_chrome.cpp" line="508" skipped="true"/>
    <TestCase name="chrome-duty: DISABLED wins over any pct, and 100 % is BLOCKED — never the full gauge" filename="test/test_firmware_ui_chrome.cpp" line="532" skipped="true"/>
    <TestCase name="chrome-fingerprint: §7's definition verbatim — UPPERCASE, ZERO-PADDED hex of the LOW 24 BITS" filename="test/test_firmware_ui_chrome.cpp" line="571" skipped="true"/>
    <TestCase name="chrome-fingerprint: the MASK IS the definition — the top byte is invisible, all 24 low bits are not" filename="test/test_firmware_ui_chrome.cpp" line="605" skipped="true"/>
    <TestCase name="chrome-fingerprint: the WHOLE destination is defined, per the chrome formatters' padding rule" filename="test/test_firmware_ui_chrome.cpp" line="638" skipped="true"/>
    <TestCase name="chrome-teamid: the FULL id is the console's own spelling — `0x` + EIGHT uppercase hex, zero-padded" filename="test/test_firmware_ui_chrome.cpp" line="660" skipped="true"/>
    <TestCase name="chrome-replaces: the confirmation's warning line — and a TEAMLESS node is NOT warned about a replacement" filename="test/test_firmware_ui_chrome.cpp" line="694" skipped="true"/>
    <TestCase name="chrome-badge: conflict > unsaved > restart-required > clean, including the two overlapping pairs" filename="test/test_firmware_ui_chrome.cpp" line="719" skipped="true"/>
    <TestCase name="chrome-nav: an ORDINARY screen selects its own slot" filename="test/test_firmware_ui_chrome.cpp" line="748" skipped="true"/>
    <TestCase name="chrome-nav: the rail describes the BODY, not the screen underneath it" filename="test/test_firmware_ui_chrome.cpp" line="765" skipped="true"/>
    <TestCase name="chrome-nav: PRECEDENCE — compose OUTRANKS the inbox detail, because the RENDERER draws it that way" filename="test/test_firmware_ui_chrome.cpp" line="810" skipped="true"/>
    <TestCase name="chrome-nav: a REAL outcome landing on a live compose modal leaves the rail on SEND" filename="test/test_firmware_ui_chrome.cpp" line="837" skipped="true"/>
    <TestCase name="chrome-nav: EMERGENCY suppresses the rail and selects NO slot, from every screen and every modal" filename="test/test_firmware_ui_chrome.cpp" line="870" skipped="true"/>
    <TestCase name="chrome-nav: the rail's enumerator order IS §3.2's slot order, which the renderer indexes by" filename="test/test_firmware_ui_chrome.cpp" line="899" skipped="true"/>
    <TestCase name="chrome-nav: a NON-TEAM build exposes no TEAM and no SEND slot" filename="test/test_firmware_ui_chrome.cpp" line="915" skipped="true"/>
    <TestCase name="chrome-nav: the mapping tracks the LIVE model, not a renderer-local cursor" filename="test/test_firmware_ui_chrome.cpp" line="946" skipped="true"/>
    <TestCase name="chrome-equality: visible chrome equality changes ONLY when the rendered output changes" filename="test/test_firmware_ui_chrome.cpp" line="965" skipped="true"/>
    <TestCase name="chrome-equality: two chromes with the SAME fields and DIFFERENT padding compare EQUAL" filename="test/test_firmware_ui_chrome.cpp" line="1051" skipped="true"/>
    <TestCase name="chrome-equality: the age token is compared over its WHOLE capacity, with defined bytes" filename="test/test_firmware_ui_chrome.cpp" line="1090" skipped="true"/>
    <TestCase name="chrome-invalidate: LIT + CLEAN + a visible change ⇒ DIRTY (§8.3.1's positive half)" filename="test/test_firmware_ui_chrome.cpp" line="1136" skipped="true"/>
    <TestCase name="chrome-invalidate: an EQUAL chrome raises nothing — and ⛔ CLEARS nothing" filename="test/test_firmware_ui_chrome.cpp" line="1153" skipped="true"/>
    <TestCase name="chrome-invalidate: an INVISIBLE change raises nothing (§11.1's last rule)" filename="test/test_firmware_ui_chrome.cpp" line="1168" skipped="true"/>
    <TestCase name="chrome-invalidate: §CHROME-5 — the repaint follows the BUCKET, never the percentage" filename="test/test_firmware_ui_chrome.cpp" line="1186" skipped="true"/>
    <TestCase name="chrome-invalidate: while BLANKED it never unblanks and never clears (§8.3.1 rules 1-2)" filename="test/test_firmware_ui_chrome.cpp" line="1231" skipped="true"/>
    <TestCase name="chrome-invalidate: a change under an OPEN frame is RETAINED for one follow-up frame" filename="test/test_firmware_ui_chrome.cpp" line="1264" skipped="true"/>
    <TestCase name="chrome-projection: an untouched snapshot reports NOTHING ESTABLISHED, not plausible values" filename="test/test_firmware_ui_chrome.cpp" line="1289" skipped="true"/>
    <TestCase name="ui17-geo: the freshness bound is 600 s — 599 and 600 SHOW, 601 BLANKS" filename="test/test_firmware_ui_geo.cpp" line="53" skipped="true"/>
    <TestCase name="ui17-geo: `0xFFFFFFFF` is the cache's UNDATEABLE, and it blanks — ⛔ never a fresh-looking position" filename="test/test_firmware_ui_geo.cpp" line="67" skipped="true"/>
    <TestCase name="ui17-geo: EVERY term of the four-term rule blanks BOTH columns on its own" filename="test/test_firmware_ui_geo.cpp" line="76" skipped="true"/>
    <TestCase name="ui17-geo: a cache MISS is BLANK — ⛔ never `0m`, which is a real and different answer" filename="test/test_firmware_ui_geo.cpp" line="91" skipped="true"/>
    <TestCase name="ui17-geo: coincident points render `0m` and a BLANK direction — ⛔ NEVER `N`" filename="test/test_firmware_ui_geo.cpp" line="104" skipped="true"/>
    <TestCase name="ui17-geo: all EIGHT bearings are driven directly, and each draws its own lexeme" filename="test/test_firmware_ui_geo.cpp" line="131" skipped="true"/>
    <TestCase name="ui17-geo: the octant BOUNDARY is 22.5 degrees either side of a cardinal, and it is driven at the edge" filename="test/test_firmware_ui_geo.cpp" line="161" skipped="true"/>
    <TestCase name="ui17-geo: negative coordinates work in all four quadrants (the sign is never assumed)" filename="test/test_firmware_ui_geo.cpp" line="184" skipped="true"/>
    <TestCase name="ui17-geo: a pair straddling ±180° is NEIGHBOURS, not half a planet apart" filename="test/test_firmware_ui_geo.cpp" line="210" skipped="true"/>
    <TestCase name="ui17-geo: an ORDINARY longitude pair is untouched by the fold" filename="test/test_firmware_ui_geo.cpp" line="228" skipped="true"/>
    <TestCase name="ui17-geo: ★ INTEGER-FIRST is what makes ONE METRE visible at a HIGH coordinate" filename="test/test_firmware_ui_geo.cpp" line="237" skipped="true"/>
    <TestCase name="ui17-geo: ...and a 50 m walk keeps moving the token (the supporting sweep)" filename="test/test_firmware_ui_geo.cpp" line="273" skipped="true"/>
    <TestCase name="ui17-geo: the ruled distance table, boundary by boundary, and NEVER wider than four columns" filename="test/test_firmware_ui_geo.cpp" line="294" skipped="true"/>
    <TestCase name="ui17-geo: the SATURATION token is `far`, and a NaN cannot become a number" filename="test/test_firmware_ui_geo.cpp" line="321" skipped="true"/>
    <TestCase name="ui17-geo: the distance BUCKET agrees with the drawn token, MEASURED across every boundary" filename="test/test_firmware_ui_geo.cpp" line="336" skipped="true"/>
    <TestCase name="ui17-geo: the BUCKET is what the panel draws — ⛔ never the raw coordinates or the raw age" filename="test/test_firmware_ui_geo.cpp" line="376" skipped="true"/>
    <TestCase name="ui17-geo: the bucket and the COLUMNS answer the same question, swept together" filename="test/test_firmware_ui_geo.cpp" line="397" skipped="true"/>
    <TestCase name="ui-input: single tap yields short_press after the double window" filename="test/test_firmware_ui_input.cpp" line="42" skipped="true"/>
    <TestCase name="ui-input: two taps inside the window yield double_press" filename="test/test_firmware_ui_input.cpp" line="49" skipped="true"/>
    <TestCase name="ui-input: hold yields long_arm then long_fire" filename="test/test_firmware_ui_input.cpp" line="55" skipped="true"/>
    <TestCase name="ui-input: release between arm and fire cancels and never fires" filename="test/test_firmware_ui_input.cpp" line="61" skipped="true"/>
    <TestCase name="ui-input: bounce shorter than debounce_ms is ignored" filename="test/test_firmware_ui_input.cpp" line="68" skipped="true"/>
    <TestCase name="ui-input: hold_ms reports countdown progress" filename="test/test_firmware_ui_input.cpp" line="73" skipped="true"/>
    <TestCase name="ui-input: positive control — a press one debounce longer than the ignored bounce DOES register" filename="test/test_firmware_ui_input.cpp" line="82" skipped="true"/>
    <TestCase name="ui-input: arm and fire survive the millis() wrap" filename="test/test_firmware_ui_input.cpp" line="90" skipped="true"/>
    <TestCase name="ui-input: hold_ms is wrap-safe and zero while released" filename="test/test_firmware_ui_input.cpp" line="97" skipped="true"/>
    <TestCase name="ui-input: one call never emits both long_arm and long_fire, however sparse the polling" filename="test/test_firmware_ui_input.cpp" line="109" skipped="true"/>
    <TestCase name="ui-input: after long_fire, holding on emits nothing and the release is silent" filename="test/test_firmware_ui_input.cpp" line="117" skipped="true"/>
    <TestCase name="ui-input: a fresh tap classifies normally after a completed fire" filename="test/test_firmware_ui_input.cpp" line="126" skipped="true"/>
    <TestCase name="ui-input: a glitch inside the double window neither doubles nor swallows the tap" filename="test/test_firmware_ui_input.cpp" line="135" skipped="true"/>
    <TestCase name="ui-input: three taps read as double_press then short_press" filename="test/test_firmware_ui_input.cpp" line="143" skipped="true"/>
    <TestCase name="ui-input: tap then hold inside the double window arms instead of doubling" filename="test/test_firmware_ui_input.cpp" line="153" skipped="true"/>
    <TestCase name="ui-input: a button already down at construction still debounces before arming" filename="test/test_firmware_ui_input.cpp" line="163" skipped="true"/>
    <TestCase name="ui-input: active() is false at rest and true from the very first pressed sample" filename="test/test_firmware_ui_input.cpp" line="180" skipped="true"/>
    <TestCase name="ui-input: active() spans the whole single-tap decision and clears exactly when short_press lands" filename="test/test_firmware_ui_input.cpp" line="189" skipped="true"/>
    <TestCase name="ui-input: active() clears on a double_press, which never enters the pending-tap window" filename="test/test_firmware_ui_input.cpp" line="206" skipped="true"/>
    <TestCase name="ui-input: active() holds through arm and fire, and clears once the fired press is released" filename="test/test_firmware_ui_input.cpp" line="216" skipped="true"/>
    <TestCase name="ui-input: active() clears on long_cancel too (armed, released before the fire)" filename="test/test_firmware_ui_input.cpp" line="233" skipped="true"/>
    <TestCase name="ui-input: active() is true during a sub-debounce bounce that yields no gesture at all" filename="test/test_firmware_ui_input.cpp" line="245" skipped="true"/>
    <TestCase name="ui-input: InputCfg is honoured — a retuned fire_ms moves the fire, not the arm" filename="test/test_firmware_ui_input.cpp" line="255" skipped="true"/>
    <TestCase name="ui16-pubkey-preflight: the grant's authoritative floor is reused exactly, including pinned" filename="test/test_firmware_ui_invite.cpp" line="147" skipped="true"/>
    <TestCase name="ui16-reqpubkey-command: one existing typed command carries TEAM and the frozen full hash" filename="test/test_firmware_ui_invite.cpp" line="167" skipped="true"/>
    <TestCase name="ui16-reqpubkey-started: only a successfully started workflow enters the wait — and a LOCAL completion is one" filename="test/test_firmware_ui_invite.cpp" line="188" skipped="true"/>
    <TestCase name="ui16-pubkey-push: both the kind and the full candidate hash must match" filename="test/test_firmware_ui_invite.cpp" line="237" skipped="true"/>
    <TestCase name="ui16-window: the window is FIVE MINUTES, named once, and its derivation is pinned to the period" filename="test/test_firmware_ui_invite.cpp" line="248" skipped="true"/>
    <TestCase name="ui16-snap: the snapshot records EVERY id and only the AUTHORITATIVE hashes" filename="test/test_firmware_ui_invite.cpp" line="262" skipped="true"/>
    <TestCase name="ui16-diff: pin 2 — a member PRESENT AT SNAPSHOT is ⛔ never a candidate, however it is re-described" filename="test/test_firmware_ui_invite.cpp" line="315" skipped="true"/>
    <TestCase name="ui16-diff: pin 3 — a member APPEARING AFTER the snapshot is a candidate, and exactly once" filename="test/test_firmware_ui_invite.cpp" line="329" skipped="true"/>
    <TestCase name="ui16-diff: pin 4 — a RE-DAD'd member (same hash, NEW id) is ⛔ not a candidate [authority (a)]" filename="test/test_firmware_ui_invite.cpp" line="349" skipped="true"/>
    <TestCase name="ui16-diff: pin 5 — a ROUTE-ONLY member whose hash turns authoritative is ⛔ not a candidate [(b)]" filename="test/test_firmware_ui_invite.cpp" line="361" skipped="true"/>
    <TestCase name="ui16-diff: pin 6 — the DOUBLE-CHANGE case DOES prompt, and it is measured rather than asserted" filename="test/test_firmware_ui_invite.cpp" line="381" skipped="true"/>
    <TestCase name="ui16-diff: with NO snapshot nothing is a candidate — the window is not open (C2)" filename="test/test_firmware_ui_invite.cpp" line="402" skipped="true"/>
    <TestCase name="ui16-handled: a handled candidate leaves the list, and the set is HASH-keyed and bounded" filename="test/test_firmware_ui_invite.cpp" line="423" skipped="true"/>
    <TestCase name="ui16-row: pin 14 — rule 2's INITIAL state: a BLANK name column and a populated fingerprint" filename="test/test_firmware_ui_invite.cpp" line="465" skipped="true"/>
    <TestCase name="ui16-row: pin 15 — rule 3's UPGRADE: the name FILLS A COLUMN and the fingerprint is UNCHANGED" filename="test/test_firmware_ui_invite.cpp" line="486" skipped="true"/>
    <TestCase name="ui16-row: pin 16 — the row's IDENTITY is the key_hash32, so two same-named candidates are two rows" filename="test/test_firmware_ui_invite.cpp" line="514" skipped="true"/>
    <TestCase name="ui16-fp: the MEMBER fingerprint is its own definition, six columns of the key_hash32" filename="test/test_firmware_ui_invite.cpp" line="543" skipped="true"/>
    <TestCase name="ui16-hash: pin 17 — the confirmation's identity is the FULL 0x%08lX hash, always" filename="test/test_firmware_ui_invite.cpp" line="573" skipped="true"/>
    <TestCase name="ui16-noident: pin 9 — no NAME-SHAPED value can reach an identity column, whatever the name is" filename="test/test_firmware_ui_invite.cpp" line="599" skipped="true"/>
    <TestCase name="ui16-words: every lexeme is exact, fits 19 columns, and the FORBIDDEN ones appear nowhere" filename="test/test_firmware_ui_invite.cpp" line="618" skipped="true"/>
    <TestCase name="ui16-grant-plane: the grant flies on Plane::TEAM, named ONCE in the pure unit" filename="test/test_firmware_ui_invite.cpp" line="661" skipped="true"/>
    <TestCase name="ui16-grant-arms: ALL ELEVEN outcomes map to their OWN word — and NONE of them reads the handle" filename="test/test_firmware_ui_invite.cpp" line="679" skipped="true"/>
    <TestCase name="ui16-grant-perform: the target is the FROZEN hash, and nothing runs without a seam" filename="test/test_firmware_ui_invite.cpp" line="758" skipped="true"/>
    <TestCase name="ui16-grant-correlate: KEY SENT needs a CORRELATED push — both terms, and only over a queued state" filename="test/test_firmware_ui_invite.cpp" line="785" skipped="true"/>
    <TestCase name="ui16-grant-idrows: the FULL hash is on the confirmation EVEN WHEN a name is cached (P-7c)" filename="test/test_firmware_ui_invite.cpp" line="853" skipped="true"/>
    <TestCase name="ui16-grant-words: no arm prints a COMPLETION word, and every one fits the 19-column body" filename="test/test_firmware_ui_invite.cpp" line="883" skipped="true"/>
    <TestCase name="ui16-grant-size: the verdict carrier costs 8 bytes, offsetof-proved" filename="test/test_firmware_ui_invite.cpp" line="930" skipped="true"/>
    <TestCase name="ui16-grant-equiv: ONE fixture — the PREFLIGHT and the REAL grant answer identically at the floor" filename="test/test_firmware_ui_invite.cpp" line="1007" skipped="true"/>
    <TestCase name="ui16-grant-queuefull: a FULL TX QUEUE is an ADMISSION REFUSAL — ⛔ not GRANT QUEUED, no grant DATA queued" filename="test/test_firmware_ui_invite.cpp" line="1117" skipped="true"/>
    <TestCase name="ui16-grant-parkfull: a FULL PARKED RING is the same refusal — ⛔ not GRANT PARKED, and nothing is stored" filename="test/test_firmware_ui_invite.cpp" line="1160" skipped="true"/>
    <TestCase name="ui16-grant-parkfull-air: what a REFUSED park really puts on the air, MEASURED and PINNED" filename="test/test_firmware_ui_invite.cpp" line="1188" skipped="true"/>
    <TestCase name="ui16-grant-redad: a re-DAD between selection and send — the grant airs to the NEW id and PROMOTES" filename="test/test_firmware_ui_invite.cpp" line="1239" skipped="true"/>
    <TestCase name="ui16-grant-noroute: a send that reaches NO admission point says GRANT FAILED — ⛔ never GRANT PARKED" filename="test/test_firmware_ui_invite.cpp" line="1269" skipped="true"/>
    <TestCase name="ui15-join-corr control — the ordinary correlated adopt is ACCEPTED, so every rejection below is evidence" filename="test/test_firmware_ui_join.cpp" line="95" skipped="true"/>
    <TestCase name="ui15-join-corr TERM 1 — a BOOT DAD completes NOTHING: `join_adopted` fires at every boot" filename="test/test_firmware_ui_join.cpp" line="106" skipped="true"/>
    <TestCase name="ui15-join-corr TERM 2 — a HEAL RE-ADOPT on the record's CURRENT layer completes nothing (persisted&lt;->persisted)" filename="test/test_firmware_ui_join.cpp" line="119" skipped="true"/>
    <TestCase name="ui15-join-corr TERM 3 — a push on the WRONG LEAF NIBBLE completes nothing (nibble&lt;->nibble)" filename="test/test_firmware_ui_join.cpp" line="141" skipped="true"/>
    <TestCase name="ui15-join-corr TERM 4 — a FOREIGN or ZERO dst completes nothing (id&lt;->id, and non-zero)" filename="test/test_firmware_ui_join.cpp" line="149" skipped="true"/>
    <TestCase name="ui15-join-corr the KIND GATE — ⛔ NO `join_refused` REASON FAILS THE SCREEN, and no other kind completes it" filename="test/test_firmware_ui_join.cpp" line="163" skipped="true"/>
    <TestCase name="ui15-join-corr ★★ TRAP 2 — a join above LAYER 15 correlates through the NIBBLE and COMPLETES" filename="test/test_firmware_ui_join.cpp" line="188" skipped="true"/>
    <TestCase name="ui15-join-store the FOUR store states are FOUR different panel texts — `io_failed` never reads as absent" filename="test/test_firmware_ui_join.cpp" line="215" skipped="true"/>
    <TestCase name="ui15-join-store only PRESENT slots are rows, and a non-`ok` store offers BACK and nothing else" filename="test/test_firmware_ui_join.cpp" line="265" skipped="true"/>
    <TestCase name="ui15-join-text the slot LABEL is the operator's name, or plan §11's `PROFILE n` default" filename="test/test_firmware_ui_join.cpp" line="301" skipped="true"/>
    <TestCase name="ui15-join-text the CONFIRM screen shows all four values, and 869.4625 MHz renders EXACTLY" filename="test/test_firmware_ui_join.cpp" line="333" skipped="true"/>
    <TestCase name="B247 a corrupt stored PHY renders one bounded invalid-profile state, never truncated raw fields" filename="test/test_firmware_ui_join.cpp" line="360" skipped="true"/>
    <TestCase name="B247 the exact lower and upper stored-PHY boundaries remain valid and byte-exact" filename="test/test_firmware_ui_join.cpp" line="394" skipped="true"/>
    <TestCase name="ui15-join-text 60 s is a WORD CHANGE — `STILL JOINING`, ⛔ never a failure, and never `JOINED`" filename="test/test_firmware_ui_join.cpp" line="413" skipped="true"/>
    <TestCase name="ui-model: short press is SCREEN-AWARE: one press per screen, the LIST is behind the double" filename="test/test_firmware_ui_model.cpp" line="88" skipped="true"/>
    <TestCase name="ui-model: an empty TEAM list is passed through, not a dead end" filename="test/test_firmware_ui_model.cpp" line="104" skipped="true"/>
    <TestCase name="ui-model: double on TEAM opens the DM sub-view bound to the highlighted peer" filename="test/test_firmware_ui_model.cpp" line="110" skipped="true"/>
    <TestCase name="ui-model: sub-view: `back` leaves without sending" filename="test/test_firmware_ui_model.cpp" line="119" skipped="true"/>
    <TestCase name="ui-model: sub-view: double on a message emits a DM request for the bound peer" filename="test/test_firmware_ui_model.cpp" line="129" skipped="true"/>
    <TestCase name="ui-model: the sub-view SURVIVES inactivity, and inactivity still sends nothing" filename="test/test_firmware_ui_model.cpp" line="152" skipped="true"/>
    <TestCase name="ui-model: panel blanks and the waking SHORT press is consumed" filename="test/test_firmware_ui_model.cpp" line="165" skipped="true"/>
    <TestCase name="ui-model: a non-team build cycles STATUS -> INBOX -> SETTINGS and never reaches TEAM or SEND" filename="test/test_firmware_ui_model.cpp" line="181" skipped="true"/>
    <TestCase name="ui-model: a non-team build cannot open a compose modal" filename="test/test_firmware_ui_model.cpp" line="192" skipped="true"/>
    <TestCase name="ui-model: double on STATUS activates nothing; on INBOX it now OPENS THE DETAIL MODAL (§UI-7D)" filename="test/test_firmware_ui_model.cpp" line="210" skipped="true"/>
    <TestCase name="ui-model: double on an EMPTY INBOX still activates nothing and says nothing (§UI-7D)" filename="test/test_firmware_ui_model.cpp" line="235" skipped="true"/>
    <TestCase name="ui-model: INBOX is list-aware too — the cursor walks its rows before the screen moves" filename="test/test_firmware_ui_model.cpp" line="250" skipped="true"/>
    <TestCase name="ui-model: SEND double opens the channel compose list and index 1 sends the second canned text" filename="test/test_firmware_ui_model.cpp" line="263" skipped="true"/>
    <TestCase name="ui-model: the channel list's last row is `back` and sends nothing" filename="test/test_firmware_ui_model.cpp" line="290" skipped="true"/>
    <TestCase name="ui-model: the compose cursor wraps within the list, so `back` is always reachable" filename="test/test_firmware_ui_model.cpp" line="301" skipped="true"/>
    <TestCase name="ui-model: the bound peer survives a roster REORDER under the open modal" filename="test/test_firmware_ui_model.cpp" line="313" skipped="true"/>
    <TestCase name="ui-model: B64 — a teammate that VANISHED from the roster REFUSES the activation and sends NOTHING" filename="test/test_firmware_ui_model.cpp" line="338" skipped="true"/>
    <TestCase name="ui-model: B64 — a tick announces the lost pick, exactly once" filename="test/test_firmware_ui_model.cpp" line="358" skipped="true"/>
    <TestCase name="ui-model: B64 — a roster REORDER follows the TEAMMATE, so the send goes where the user pointed" filename="test/test_firmware_ui_model.cpp" line="378" skipped="true"/>
    <TestCase name="ui-model: B64 — the roster resync must NOT touch an open compose modal's cursor" filename="test/test_firmware_ui_model.cpp" line="405" skipped="true"/>
    <TestCase name="ui-model: B64 — after a refusal the user re-picks by walking, and the next send targets that teammate" filename="test/test_firmware_ui_model.cpp" line="426" skipped="true"/>
    <TestCase name="ui-model: B64 — the refusal is retired before TEAM can be left, and never comes back" filename="test/test_firmware_ui_model.cpp" line="453" skipped="true"/>
    <TestCase name="ui-model: an empty TEAM list opens no modal on double" filename="test/test_firmware_ui_model.cpp" line="476" skipped="true"/>
    <TestCase name="ui-model: a send request is drained exactly once" filename="test/test_firmware_ui_model.cpp" line="485" skipped="true"/>
    <TestCase name="ui-model: Gesture::none is inert — it neither navigates nor refreshes the blank timer" filename="test/test_firmware_ui_model.cpp" line="493" skipped="true"/>
    <TestCase name="ui-model: dirty starts true, is cleared on demand, and an idle tick does not set it" filename="test/test_firmware_ui_model.cpp" line="503" skipped="true"/>
    <TestCase name="ui-model: the blank transition sets dirty exactly once" filename="test/test_firmware_ui_model.cpp" line="513" skipped="true"/>
    <TestCase name="ui-model: the modal is open on BOTH sides of the blank edge, and the blank still lands on it" filename="test/test_firmware_ui_model.cpp" line="527" skipped="true"/>
    <TestCase name="ui-model: a gesture inside the modal refreshes the BLANK window (the only clock it still shares)" filename="test/test_firmware_ui_model.cpp" line="545" skipped="true"/>
    <TestCase name="ui-model: blanking KEEPS the modal, and the consumed waking press puts it back on the panel" filename="test/test_firmware_ui_model.cpp" line="564" skipped="true"/>
    <TestCase name="ui-model: a DOUBLE press also only wakes a blanked panel" filename="test/test_firmware_ui_model.cpp" line="581" skipped="true"/>
    <TestCase name="ui-model: blanking is wrap-safe across millis() rollover" filename="test/test_firmware_ui_model.cpp" line="592" skipped="true"/>
    <TestCase name="ui-model: the blank is wrap-safe with a modal open, and the modal rides across the wrap" filename="test/test_firmware_ui_model.cpp" line="605" skipped="true"/>
    <TestCase name="ui-model: a long gesture pre-empts blank-wake; ARM queues nothing, FIRE queues one alarm" filename="test/test_firmware_ui_model.cpp" line="620" skipped="true"/>
    <TestCase name="ui-model: a long gesture is not swallowed by an open modal (spec 4.2 ordering)" filename="test/test_firmware_ui_model.cpp" line="637" skipped="true"/>
    <TestCase name="ui-model: the model's declared bounds are the ones the spec fixed" filename="test/test_firmware_ui_model.cpp" line="648" skipped="true"/>
    <TestCase name="ui-model: a full team roster walks every one of the eight rows, then BACK, then home" filename="test/test_firmware_ui_model.cpp" line="686" skipped="true"/>
    <TestCase name="ui-model: arm then cancel never emits a send" filename="test/test_firmware_ui_model.cpp" line="713" skipped="true"/>
    <TestCase name="ui-model: cancelled auto-returns to idle after its window" filename="test/test_firmware_ui_model.cpp" line="720" skipped="true"/>
    <TestCase name="ui-model: arming countdown is visible and decreases" filename="test/test_firmware_ui_model.cpp" line="727" skipped="true"/>
    <TestCase name="ui-model: attempts are counted on ACCEPTANCE, not on request" filename="test/test_firmware_ui_model.cpp" line="735" skipped="true"/>
    <TestCase name="ui-model: exactly THREE accepted transmissions, then sticky NOT HEARD" filename="test/test_firmware_ui_model.cpp" line="746" skipped="true"/>
    <TestCase name="ui-model: blocked computes the deadline from the OUTCOME time, not the gesture" filename="test/test_firmware_ui_model.cpp" line="761" skipped="true"/>
    <TestCase name="ui-model: next_ms == 0 backs off instead of spinning, and consumes no attempt" filename="test/test_firmware_ui_model.cpp" line="772" skipped="true"/>
    <TestCase name="ui-model: retry deadline is wrap-safe" filename="test/test_firmware_ui_model.cpp" line="784" skipped="true"/>
    <TestCase name="ui-model: long gestures work from inside a compose sub-view" filename="test/test_firmware_ui_model.cpp" line="793" skipped="true"/>
    <TestCase name="ui-model: long gestures work from a blanked panel" filename="test/test_firmware_ui_model.cpp" line="801" skipped="true"/>
    <TestCase name="ui-model: a matching teammate reply becomes sticky human confirmation" filename="test/test_firmware_ui_model.cpp" line="810" skipped="true"/>
    <TestCase name="ui-model: DM outcomes are independent of the emergency machine" filename="test/test_firmware_ui_model.cpp" line="820" skipped="true"/>
    <TestCase name="ui-model: B65 — a FIRST tick long after boot must not blank the panel" filename="test/test_firmware_ui_model.cpp" line="837" skipped="true"/>
    <TestCase name="ui-model: B65 — a gesture before the first tick still owns the blank timer" filename="test/test_firmware_ui_model.cpp" line="848" skipped="true"/>
    <TestCase name="ui-model: the arming countdown marks dirty only when its DIGIT changes" filename="test/test_firmware_ui_model.cpp" line="856" skipped="true"/>
    <TestCase name="ui-model: a firing emergency holds the panel past kBlankMs and blanks at kEmgHoldMs" filename="test/test_firmware_ui_model.cpp" line="869" skipped="true"/>
    <TestCase name="ui-model: PICKED UP refreshes the kEmgHoldMs hold from the outcome time" filename="test/test_firmware_ui_model.cpp" line="881" skipped="true"/>
    <TestCase name="ui-model: NOT HEARD and BLOCKED refresh the hold too" filename="test/test_firmware_ui_model.cpp" line="893" skipped="true"/>
    <TestCase name="ui-model: the emergency hold is wrap-safe" filename="test/test_firmware_ui_model.cpp" line="915" skipped="true"/>
    <TestCase name="ui-model: a reply during ARMING, CANCELLED, FAILED or IDLE is refused" filename="test/test_firmware_ui_model.cpp" line="926" skipped="true"/>
    <TestCase name="ui-model: a reply while FIRING with zero accepted attempts is refused" filename="test/test_firmware_ui_model.cpp" line="945" skipped="true"/>
    <TestCase name="ui-model: a reply from NOT HEARD is accepted and is sticky" filename="test/test_firmware_ui_model.cpp" line="954" skipped="true"/>
    <TestCase name="ui-model: reply text and sender are clamped and NUL-terminated" filename="test/test_firmware_ui_model.cpp" line="971" skipped="true"/>
    <TestCase name="ui-model: a channel outcome cannot start, resurrect or alter a non-live emergency" filename="test/test_firmware_ui_model.cpp" line="987" skipped="true"/>
    <TestCase name="ui-model: PICKED UP is sticky against a later no-relay outcome" filename="test/test_firmware_ui_model.cpp" line="1002" skipped="true"/>
    <TestCase name="ui-model: the blocked backoff doubles and caps at kBlockedBackoffMaxMs, consuming no attempt" filename="test/test_firmware_ui_model.cpp" line="1013" skipped="true"/>
    <TestCase name="ui-model: a fresh long_fire re-arms the alarm from a sticky NOT HEARD" filename="test/test_firmware_ui_model.cpp" line="1030" skipped="true"/>
    <TestCase name="ui-model: cancelled returns to idle and a later arm works normally" filename="test/test_firmware_ui_model.cpp" line="1048" skipped="true"/>
    <TestCase name="ui-model: a queued alarm drains BEFORE a queued DM and neither is lost" filename="test/test_firmware_ui_model.cpp" line="1059" skipped="true"/>
    <TestCase name="ui-model: a compose send cannot overwrite a queued alarm" filename="test/test_firmware_ui_model.cpp" line="1074" skipped="true"/>
    <TestCase name="ui-model: the DM machine walks accepted -> waiting -> delivered" filename="test/test_firmware_ui_model.cpp" line="1089" skipped="true"/>
    <TestCase name="ui-model: NO CONFIRM is reachable and a LATE ack upgrades it to DELIVERED" filename="test/test_firmware_ui_model.cpp" line="1098" skipped="true"/>
    <TestCase name="ui-model: a DM refusal and a DM failure are terminal and distinct from no_key" filename="test/test_firmware_ui_model.cpp" line="1107" skipped="true"/>
    <TestCase name="ui-model: a DM outcome never touches a live emergency, in either direction" filename="test/test_firmware_ui_model.cpp" line="1122" skipped="true"/>
    <TestCase name="ui-model: channel_remote_mint is handled explicitly and never claims PICKED UP" filename="test/test_firmware_ui_model.cpp" line="1138" skipped="true"/>
    <TestCase name="ui-model: a retry deadline of 0xFFFFFFFF is a DEADLINE, not 'no deadline'" filename="test/test_firmware_ui_model.cpp" line="1156" skipped="true"/>
    <TestCase name="ui-model: a channel SEAL FAILURE is terminal and names its reason, never a stuck SENDING" filename="test/test_firmware_ui_model.cpp" line="1181" skipped="true"/>
    <TestCase name="ui-model: a channel seal failure outside a live alarm is dropped whole" filename="test/test_firmware_ui_model.cpp" line="1196" skipped="true"/>
    <TestCase name="ui-model: draining a DM request enters SUBMITTING, and only a DM does" filename="test/test_firmware_ui_model.cpp" line="1215" skipped="true"/>
    <TestCase name="ui-model: an async DM failure carries its reason instead of collapsing to 'other'" filename="test/test_firmware_ui_model.cpp" line="1243" skipped="true"/>
    <TestCase name="ui-model: the compact reason mapping is the three whose remedy differs, and nothing else" filename="test/test_firmware_ui_model.cpp" line="1258" skipped="true"/>
    <TestCase name="ui-model: a synchronous refusal clears the core reason it does not have" filename="test/test_firmware_ui_model.cpp" line="1279" skipped="true"/>
    <TestCase name="ui-model: a synchronous emergency REFUSAL holds the panel for a full kEmgHoldMs window" filename="test/test_firmware_ui_model.cpp" line="1297" skipped="true"/>
    <TestCase name="ui-model: a channel SEAL FAILURE holds the panel for a full kEmgHoldMs window too" filename="test/test_firmware_ui_model.cpp" line="1316" skipped="true"/>
    <TestCase name="ui-model: a DM refusal does NOT extend the emergency hold" filename="test/test_firmware_ui_model.cpp" line="1338" skipped="true"/>
    <TestCase name="ui-model: the UI-3 constants are the ones spec 4 fixed" filename="test/test_firmware_ui_model.cpp" line="1350" skipped="true"/>
    <TestCase name="ui-model: §B115 the attempt line renders the ordinal verbatim, against kEmgMaxTries" filename="test/test_firmware_ui_model.cpp" line="1364" skipped="true"/>
    <TestCase name="ui-model: §B115 the attempt line is DELIBERATELY not clamped to kEmgMaxTries" filename="test/test_firmware_ui_model.cpp" line="1377" skipped="true"/>
    <TestCase name="ui-model: B71 — a short press on PICKED UP acknowledges and restores the cycle" filename="test/test_firmware_ui_model.cpp" line="1410" skipped="true"/>
    <TestCase name="ui-model: B71 — NOT HEARD and FAILED are exitable too (the §B78 composition)" filename="test/test_firmware_ui_model.cpp" line="1426" skipped="true"/>
    <TestCase name="ui-model: B71 — a REPLY is exitable, and the exit does not resurrect it" filename="test/test_firmware_ui_model.cpp" line="1445" skipped="true"/>
    <TestCase name="ui-model: B71 — an IN-FLIGHT alarm does not exit (firing / arming / blocked-with-a-retry)" filename="test/test_firmware_ui_model.cpp" line="1459" skipped="true"/>
    <TestCase name="ui-model: B71 — from a BLANKED panel the first press only WAKES; the second acknowledges" filename="test/test_firmware_ui_model.cpp" line="1486" skipped="true"/>
    <TestCase name="ui-model: B71 — `double` gets NO emergency job, and `long` still re-fires" filename="test/test_firmware_ui_model.cpp" line="1503" skipped="true"/>
    <TestCase name="ui-model: B101 — committing an alarm CLOSES the compose modal and resets its cursor" filename="test/test_firmware_ui_model.cpp" line="1530" skipped="true"/>
    <TestCase name="ui-frame: F1 — an outcome arriving MID-FRAME is still painted after the frame completes" filename="test/test_firmware_ui_model.cpp" line="1579" skipped="true"/>
    <TestCase name="ui-frame: F1 — a mid-frame GESTURE is not swallowed by the completing frame" filename="test/test_firmware_ui_model.cpp" line="1604" skipped="true"/>
    <TestCase name="ui-frame: F1 — the ARMING countdown does not swallow digits across a frame" filename="test/test_firmware_ui_model.cpp" line="1616" skipped="true"/>
    <TestCase name="ui-frame: F1 — a BLANK does not discard an invalidation raised while the panel is dark" filename="test/test_firmware_ui_model.cpp" line="1628" skipped="true"/>
    <TestCase name="ui-frame: the MAC-idle gate never starts OR continues a paint mid-exchange" filename="test/test_firmware_ui_model.cpp" line="1643" skipped="true"/>
    <TestCase name="ui-frame: the 2 Hz throttle holds a clean repaint, and an emergency bypasses it" filename="test/test_firmware_ui_model.cpp" line="1654" skipped="true"/>
    <TestCase name="ui-frame: a frame spans exactly the pages the panel reports, and only then reopens" filename="test/test_firmware_ui_model.cpp" line="1672" skipped="true"/>
    <TestCase name="ui-model: R2 — two DOUBLES under the overlay cannot open and then SEND an invisible compose view" filename="test/test_firmware_ui_model.cpp" line="1719" skipped="true"/>
    <TestCase name="ui-model: R2 — a DOUBLE cannot SEND from a compose modal left open under ARMING" filename="test/test_firmware_ui_model.cpp" line="1744" skipped="true"/>
    <TestCase name="ui-model: R2 — the overlay absorbs a DOUBLE in every non-idle emergency state" filename="test/test_firmware_ui_model.cpp" line="1764" skipped="true"/>
    <TestCase name="ui-frame: R2 vs F3 — the presented-latch gates SHORT only; a DOUBLE is absorbed either way" filename="test/test_firmware_ui_model.cpp" line="1796" skipped="true"/>
    <TestCase name="ui7-B69: an alarm whose every attempt had NO LOCAL HANDLE reports `no_handle`, not a measurement" filename="test/test_firmware_ui_model.cpp" line="1842" skipped="true"/>
    <TestCase name="ui7-B69: ONE locally-heard transmission makes the measurement true, and it is STICKY" filename="test/test_firmware_ui_model.cpp" line="1850" skipped="true"/>
    <TestCase name="ui7-B69: a NEW alarm starts with NO evidence — it does not inherit the last one's" filename="test/test_firmware_ui_model.cpp" line="1861" skipped="true"/>
    <TestCase name="ui7-B69: an outcome that cannot move the alarm cannot relabel its evidence either" filename="test/test_firmware_ui_model.cpp" line="1878" skipped="true"/>
    <TestCase name="ui7-B69: three handle-less attempts end in NOT HEARD carrying `no_handle`" filename="test/test_firmware_ui_model.cpp" line="1904" skipped="true"/>
    <TestCase name="ui7-chan: a refused canned post is TERMINAL, not a permanent SENDING..." filename="test/test_firmware_ui_model.cpp" line="1921" skipped="true"/>
    <TestCase name="ui7-chan: a DM outcome offered to the canned entry point is REFUSED, not absorbed" filename="test/test_firmware_ui_model.cpp" line="1936" skipped="true"/>
    <TestCase name="ui7-result: a send switches the sub-view to its RESULT phase instead of closing it" filename="test/test_firmware_ui_model.cpp" line="1956" skipped="true"/>
    <TestCase name="ui7-result: NEITHER gesture can queue a second send from the result phase" filename="test/test_firmware_ui_model.cpp" line="1967" skipped="true"/>
    <TestCase name="ui7-result: either press acknowledges and returns to the PARENT screen" filename="test/test_firmware_ui_model.cpp" line="1976" skipped="true"/>
    <TestCase name="ui7-result: the result phase RIDES the blank, and the acknowledgement is what clears it" filename="test/test_firmware_ui_model.cpp" line="1996" skipped="true"/>
    <TestCase name="ui7-result: §B101's alarm close-out clears the result phase too" filename="test/test_firmware_ui_model.cpp" line="2018" skipped="true"/>
    <TestCase name="ui7-inbox: a chatty channel CANNOT evict the DM rows — the budget is PER KIND" filename="test/test_firmware_ui_model.cpp" line="2040" skipped="true"/>
    <TestCase name="ui7-inbox: within a kind the NEWEST rows win, because pull() hands them oldest-first" filename="test/test_firmware_ui_model.cpp" line="2056" skipped="true"/>
    <TestCase name="ui7-inbox B231: within each block the NEWEST row is at the TOP, and the BLOCK order is untouched" filename="test/test_firmware_ui_model.cpp" line="2074" skipped="true"/>
    <TestCase name="ui7-inbox B231: one row, and an empty block, publish exactly what they hold" filename="test/test_firmware_ui_model.cpp" line="2091" skipped="true"/>
    <TestCase name="ui7-inbox: truncation is VISIBLE — total is what was ADMITTED, not what fitted" filename="test/test_firmware_ui_model.cpp" line="2111" skipped="true"/>
    <TestCase name="ui7-inbox: reset() really empties it, so a frame cannot inherit the previous pull's rows" filename="test/test_firmware_ui_model.cpp" line="2119" skipped="true"/>
    <TestCase name="ui7-B66: `back, don't send` is the derived LAST row of every compose list, at every catalog size" filename="test/test_firmware_ui_model.cpp" line="2133" skipped="true"/>
    <TestCase name="ui7d-identity: a refresh that MOVES the rows keeps the highlight on the same (kind, seq)" filename="test/test_firmware_ui_model.cpp" line="2202" skipped="true"/>
    <TestCase name="ui7d-identity: a DM and a channel record SHARING a seq do not cross-select" filename="test/test_firmware_ui_model.cpp" line="2222" skipped="true"/>
    <TestCase name="ui7d-identity: a double press with no tick in between still leaves the highlight on what it opened" filename="test/test_firmware_ui_model.cpp" line="2246" skipped="true"/>
    <TestCase name="ui7d-identity: a VANISHED record refuses activation with MESSAGE GONE and touches no other row" filename="test/test_firmware_ui_model.cpp" line="2262" skipped="true"/>
    <TestCase name="ui7d-identity: the loss is announced ONCE — a second tick does not re-dirty the frame" filename="test/test_firmware_ui_model.cpp" line="2290" skipped="true"/>
    <TestCase name="ui7d-identity: a row with seq 0 is NOT selectable — an unidentifiable row is refused, never guessed at" filename="test/test_firmware_ui_model.cpp" line="2301" skipped="true"/>
    <TestCase name="ui7d-identity: a CROSSED open answer opens nothing" filename="test/test_firmware_ui_model.cpp" line="2313" skipped="true"/>
    <TestCase name="ui7d-identity: the ERASE target is the modal's own record, even after the rows move underneath it" filename="test/test_firmware_ui_model.cpp" line="2327" skipped="true"/>
    <TestCase name="ui7d-modal: the geometry is DERIVED — 38 chars a page, seven pages for the largest body, 2 s a page" filename="test/test_firmware_ui_model.cpp" line="2358" skipped="true"/>
    <TestCase name="ui7d-modal: pages = max(1, ceil(body_len / 38)) at every boundary, and NEVER zero" filename="test/test_firmware_ui_model.cpp" line="2375" skipped="true"/>
    <TestCase name="ui7d-modal: an EMPTY body (body == nullptr) is one page of nothing, not a refusal" filename="test/test_firmware_ui_model.cpp" line="2393" skipped="true"/>
    <TestCase name="ui7d-modal: a non-null body with body_len 0 still yields no bytes (the LENGTH is the truth)" filename="test/test_firmware_ui_model.cpp" line="2404" skipped="true"/>
    <TestCase name="ui7d-modal: the body is WRAPPED into two 19-column rows without dropping a byte" filename="test/test_firmware_ui_model.cpp" line="2414" skipped="true"/>
    <TestCase name="ui7d-modal: unsupported display bytes are replaced VISIBLY — NUL, control and high-bit alike" filename="test/test_firmware_ui_model.cpp" line="2435" skipped="true"/>
    <TestCase name="ui7d-modal: a long body advances every 2 s and CYCLES, marking dirty each time" filename="test/test_firmware_ui_model.cpp" line="2448" skipped="true"/>
    <TestCase name="ui7d-modal: a ONE-page body never advances, so a short body cannot flicker" filename="test/test_firmware_ui_model.cpp" line="2468" skipped="true"/>
    <TestCase name="ui7d-modal: paging does NOT postpone the deadline — the panel blanks on time, modal RETAINED" filename="test/test_firmware_ui_model.cpp" line="2487" skipped="true"/>
    <TestCase name="ui7d-modal: an armed `delete` survives the blank and STILL asks storage for nothing" filename="test/test_firmware_ui_model.cpp" line="2510" skipped="true"/>
    <TestCase name="ui7d-gesture: `back` is selected on entry, so deletion costs the deliberate short -> double" filename="test/test_firmware_ui_model.cpp" line="2526" skipped="true"/>
    <TestCase name="ui7d-gesture: a `double` on `back` closes the modal and requests NOTHING of storage" filename="test/test_firmware_ui_model.cpp" line="2537" skipped="true"/>
    <TestCase name="ui7d-gesture: an immediate `double` cannot delete — the FIRST double is what opened the modal" filename="test/test_firmware_ui_model.cpp" line="2549" skipped="true"/>
    <TestCase name="ui7d-delete: `erased` closes the modal and preserves the NEIGHBOURING selection" filename="test/test_firmware_ui_model.cpp" line="2560" skipped="true"/>
    <TestCase name="ui7d-delete: deleting the LAST row falls back to the row BEFORE it" filename="test/test_firmware_ui_model.cpp" line="2585" skipped="true"/>
    <TestCase name="ui7d-delete: deleting the ONLY row leaves the cursor at home rather than past the end" filename="test/test_firmware_ui_model.cpp" line="2602" skipped="true"/>
    <TestCase name="ui7d-delete: `not_found` is TERMINAL, has NO active Delete, and returns to the list on either press" filename="test/test_firmware_ui_model.cpp" line="2615" skipped="true"/>
    <TestCase name="ui7d-delete: `io_error` STAYS in the modal, says DELETE FAILED, and resets the selection to `back`" filename="test/test_firmware_ui_model.cpp" line="2642" skipped="true"/>
    <TestCase name="ui7d-delete: after DELETE FAILED a fresh short -> double DOES retry, with the same identity" filename="test/test_firmware_ui_model.cpp" line="2662" skipped="true"/>
    <TestCase name="ui7d-delete: a CROSSED erase answer changes nothing at all" filename="test/test_firmware_ui_model.cpp" line="2677" skipped="true"/>
    <TestCase name="ui7d-delete: an UNSOLICITED answer is ignored — no request, no effect" filename="test/test_firmware_ui_model.cpp" line="2693" skipped="true"/>
    <TestCase name="ui7d-delete: an answer that arrives BEFORE the request was drained is refused" filename="test/test_firmware_ui_model.cpp" line="2707" skipped="true"/>
    <TestCase name="ui7d-delete: an activation whose record has vanished refuses at the ANSWER too" filename="test/test_firmware_ui_model.cpp" line="2721" skipped="true"/>
    <TestCase name="ui7d-B233: a serviced DELETE of a MIDDLE row repaints — the panel may not keep a record the store lost" filename="test/test_firmware_ui_model.cpp" line="2832" skipped="true"/>
    <TestCase name="ui7d-B233: deleting the LAST row still repaints (the arm that worked before the fix)" filename="test/test_firmware_ui_model.cpp" line="2873" skipped="true"/>
    <TestCase name="ui7d-B233: a FAILED delete owes NO extra repaint — nothing was deleted, so nothing went stale" filename="test/test_firmware_ui_model.cpp" line="2900" skipped="true"/>
    <TestCase name="ui7d-B231: a message arriving ABOVE the cursor moves the highlight WITH the record, never onto the newcomer" filename="test/test_firmware_ui_model.cpp" line="2922" skipped="true"/>
    <TestCase name="ui7d-emergency: `long_arm` closes the modal BEFORE arming, and a long_cancel does not bring it back" filename="test/test_firmware_ui_model.cpp" line="2943" skipped="true"/>
    <TestCase name="ui7d-emergency: a re-opened modal after an alarm starts on `back`, never on the hidden Delete" filename="test/test_firmware_ui_model.cpp" line="2964" skipped="true"/>
    <TestCase name="ui7d-emergency: while the overlay is up a double cannot open the modal from INBOX" filename="test/test_firmware_ui_model.cpp" line="2980" skipped="true"/>
    <TestCase name="ui7d-head: the modal's header line, asserted as BYTES" filename="test/test_firmware_ui_model.cpp" line="2992" skipped="true"/>
    <TestCase name="ui7d-frame: a completed DETAIL frame does NOT clear the session unread counters" filename="test/test_firmware_ui_model.cpp" line="3011" skipped="true"/>
    <TestCase name="ui14-rows: the menu is §3.6.2's, and the BLE row is ABSENT when the transport is not compiled" filename="test/test_firmware_ui_model.cpp" line="3152" skipped="true"/>
    <TestCase name="ui14-rows: the BLE row is PRESENT when the transport's condition is met, and it comes first" filename="test/test_firmware_ui_model.cpp" line="3169" skipped="true"/>
    <TestCase name="ui14-rows: RELOAD appears ONLY while a conflict stands, exactly once, and before SAVE" filename="test/test_firmware_ui_model.cpp" line="3182" skipped="true"/>
    <TestCase name="ui14-rows: exactly the four covered fields are value rows, and each names its own CfgField" filename="test/test_firmware_ui_model.cpp" line="3199" skipped="true"/>
    <TestCase name="ui14-rows: the row labels are the panel's, and none exceeds the 10-column budget" filename="test/test_firmware_ui_model.cpp" line="3215" skipped="true"/>
    <TestCase name="ui14-rows: a value renders as the operator reads it, and `periodic` is RENDERED though the menu omits it" filename="test/test_firmware_ui_model.cpp" line="3228" skipped="true"/>
    <TestCase name="ui14-rows: the MENU's cycle is off/on, and an out-of-menu value steps to the first offered one" filename="test/test_firmware_ui_model.cpp" line="3239" skipped="true"/>
    <TestCase name="ui14-cycle: SETTINGS is the last slot, and it is LIST-AWARE like TEAM and INBOX" filename="test/test_firmware_ui_model.cpp" line="3253" skipped="true"/>
    <TestCase name="b232-entry: SETTINGS LANDS CLOSED on ONE entry row, and `short` passes it in ONE press" filename="test/test_firmware_ui_model.cpp" line="3287" skipped="true"/>
    <TestCase name="b232-entry: `double` ENTERS the menu at its FIRST row — the PROVISION-child idiom" filename="test/test_firmware_ui_model.cpp" line="3314" skipped="true"/>
    <TestCase name="b232-entry: the entry row's label is the panel's, and it fits the 19-column body" filename="test/test_firmware_ui_model.cpp" line="3333" skipped="true"/>
    <TestCase name="b232-open: the ConfigService is OPENED ON ARRIVAL, while the CLOSED view is up" filename="test/test_firmware_ui_model.cpp" line="3340" skipped="true"/>
    <TestCase name="b232-remedy: the remedy WORDS stand from the CLOSED view — every badge-table cell (§6)" filename="test/test_firmware_ui_model.cpp" line="3357" skipped="true"/>
    <TestCase name="b232-exit: BOTH menu exits return to the CLOSED view — ⛔ never straight off the screen" filename="test/test_firmware_ui_model.cpp" line="3387" skipped="true"/>
    <TestCase name="ui14-edit: `double` ENTERS a value row and `short` then CYCLES ITS VALUE — the draft only" filename="test/test_firmware_ui_model.cpp" line="3416" skipped="true"/>
    <TestCase name="ui14-edit: `dirty` and `config_unsaved` are DIFFERENT FACTS and this is the file where both are read" filename="test/test_firmware_ui_model.cpp" line="3445" skipped="true"/>
    <TestCase name="ui14-save: an edited draft SAVES once, applies live, and is no longer unsaved" filename="test/test_firmware_ui_model.cpp" line="3461" skipped="true"/>
    <TestCase name="ui14-save: a no-op SAVE says NO CHANGE and writes nothing" filename="test/test_firmware_ui_model.cpp" line="3484" skipped="true"/>
    <TestCase name="ui14-save: a FAILED write says SAVE FAILED and RETAINS the draft and its marker" filename="test/test_firmware_ui_model.cpp" line="3495" skipped="true"/>
    <TestCase name="ui14-save: a reboot-class save is SAVED and REBOOT-REQUIRED — two independent facts" filename="test/test_firmware_ui_model.cpp" line="3516" skipped="true"/>
    <TestCase name="ui14-conflict: SAVE is refused with CFG! RELOAD, and RELOAD then merges the three states" filename="test/test_firmware_ui_model.cpp" line="3542" skipped="true"/>
    <TestCase name="ui14-discard: DISCARD is the explicit full reset, and it clears the marker" filename="test/test_firmware_ui_model.cpp" line="3580" skipped="true"/>
    <TestCase name="ui14-discard: an unreadable store says NV READ FAILED and the draft SURVIVES" filename="test/test_firmware_ui_model.cpp" line="3597" skipped="true"/>
    <TestCase name="ui14-back: BACK is safe — it leaves the MENU and PRESERVES the unsaved draft" filename="test/test_firmware_ui_model.cpp" line="3616" skipped="true"/>
    <TestCase name="ui14-back: BLANKING preserves the draft too — a timeout may never discard (§3.6.1)" filename="test/test_firmware_ui_model.cpp" line="3645" skipped="true"/>
    <TestCase name="ui15-model: every Provision arm is explicit, and the sub-state is an ENUM not a flag" filename="test/test_firmware_ui_model.cpp" line="3726" skipped="true"/>
    <TestCase name="ui15-gate: a CLEAN draft OPENS PROVISION on its menu, and nothing was written to get there" filename="test/test_firmware_ui_model.cpp" line="3802" skipped="true"/>
    <TestCase name="ui15-gate: an UNSAVED draft refuses with SAVE OR DISCARD, opens nothing and SAVES NOTHING" filename="test/test_firmware_ui_model.cpp" line="3813" skipped="true"/>
    <TestCase name="ui15-gate: a CONFLICT refuses with RELOAD OR DISCARD — ⛔ never SAVE — opens nothing and writes nothing" filename="test/test_firmware_ui_model.cpp" line="3840" skipped="true"/>
    <TestCase name="ui15-gate: CONFLICT OUTRANKS UNSAVED — a draft that is BOTH is told to RELOAD, never to SAVE" filename="test/test_firmware_ui_model.cpp" line="3863" skipped="true"/>
    <TestCase name="ui15-gate: with NO usable config the MENU never opens, so the gate is never reached" filename="test/test_firmware_ui_model.cpp" line="3891" skipped="true"/>
    <TestCase name="ui15-menu: BACK closes the sub-view back to the SETTINGS MENU, with the highlight on PROVISION" filename="test/test_firmware_ui_model.cpp" line="3914" skipped="true"/>
    <TestCase name="ui15-menu: `short` CYCLES the children and never walks out of the screen" filename="test/test_firmware_ui_model.cpp" line="3930" skipped="true"/>
    <TestCase name="ui15-confirm: the confirmation cursor's DEFAULT is BACK — as MODEL STATE, on the one entry this slice has" filename="test/test_firmware_ui_model.cpp" line="3957" skipped="true"/>
    <TestCase name="ui15-close: ALL EIGHT arms are retired by the close-on-leave reset, cursor included ([[B223]])" filename="test/test_firmware_ui_model.cpp" line="3986" skipped="true"/>
    <TestCase name="ui15-close: the reachable arm survives a tick and is closed by the long gesture, on BOTH authorities" filename="test/test_firmware_ui_model.cpp" line="4056" skipped="true"/>
    <TestCase name="ui15-close: leaving SETTINGS by its BACK row retires the sub-state, and coming back opens the MENU" filename="test/test_firmware_ui_model.cpp" line="4073" skipped="true"/>
    <TestCase name="ui15-emergency: a long press CLOSES the provisioning sub-view before arming (§3.6.5 rule 1)" filename="test/test_firmware_ui_model.cpp" line="4098" skipped="true"/>
    <TestCase name="ui15-hide: each child follows its OWN predicate, and STATIC JOIN survives a team-less build" filename="test/test_firmware_ui_model.cpp" line="4116" skipped="true"/>
    <TestCase name="ui15-hide: a HIDDEN child has NO refusing stub — it cannot be reached, walked to or activated" filename="test/test_firmware_ui_model.cpp" line="4150" skipped="true"/>
    <TestCase name="ui15-parent: with NO child the PROVISION row is HIDDEN, and it returns when a child predicate holds" filename="test/test_firmware_ui_model.cpp" line="4174" skipped="true"/>
    <TestCase name="ui15-create: CREATE TEAM opens the confirmation on BACK, and opening it performs NOTHING" filename="test/test_firmware_ui_model.cpp" line="4353" skipped="true"/>
    <TestCase name="ui15-create: BACK from the confirmation returns to the MENU and drives ZERO transactions" filename="test/test_firmware_ui_model.cpp" line="4375" skipped="true"/>
    <TestCase name="ui15-create: CONFIRM drives EXACTLY ONE transaction, and the RESULT is rendered only after it RETURNED" filename="test/test_firmware_ui_model.cpp" line="4394" skipped="true"/>
    <TestCase name="ui15-create: a SHORT press leaves the result, and a null seam REFUSES OUT LOUD rather than doing nothing" filename="test/test_firmware_ui_model.cpp" line="4421" skipped="true"/>
    <TestCase name="ui15-create: the two screens' STRINGS, and each outcome says a DIFFERENT thing" filename="test/test_firmware_ui_model.cpp" line="4448" skipped="true"/>
    <TestCase name="ui15-create: the newly reachable arms are CLOSED by leaving and PRE-EMPTED by the alarm (§3.6.5 rule 1)" filename="test/test_firmware_ui_model.cpp" line="4494" skipped="true"/>
    <TestCase name="ui15-entry: activating JOIN NETWORK opens the SLOT LIST and reads `/mrjoin` EXACTLY ONCE" filename="test/test_firmware_ui_model.cpp" line="4618" skipped="true"/>
    <TestCase name="ui15-join: the STORE MATRIX reaches the panel — four states, four texts, and NO slot to join from" filename="test/test_firmware_ui_model.cpp" line="4657" skipped="true"/>
    <TestCase name="ui15-join: BACK at select/confirm/waiting/result drives ZERO — and CONFIRM drives EXACTLY ONE" filename="test/test_firmware_ui_model.cpp" line="4697" skipped="true"/>
    <TestCase name="ui15-join: transaction success shows JOINING — ⛔ and NO `JOINED`-shaped text is reachable before an adopt" filename="test/test_firmware_ui_model.cpp" line="4755" skipped="true"/>
    <TestCase name="ui15-join: a refusal or a failed save LANDS ON THE RESULT — and arms no session at all" filename="test/test_firmware_ui_model.cpp" line="4807" skipped="true"/>
    <TestCase name="ui15-join: ★★ ONLY A CORRELATED ADOPT COMPLETES — the four uncorrelated shapes, by name" filename="test/test_firmware_ui_model.cpp" line="4837" skipped="true"/>
    <TestCase name="ui15-join: ⛔ EVERY `JoinRefuseReason` IS IGNORED FOR COMPLETION — the screen stays JOINING" filename="test/test_firmware_ui_model.cpp" line="4883" skipped="true"/>
    <TestCase name="ui15-join: 60 s is a WORD CHANGE — ⛔ never a failure — and BACK from WAITING cancels nothing" filename="test/test_firmware_ui_model.cpp" line="4910" skipped="true"/>
    <TestCase name="ui15-join: the FOUR join arms are CLOSED by leaving and PRE-EMPTED by the alarm — and the session SURVIVES" filename="test/test_firmware_ui_model.cpp" line="4960" skipped="true"/>
    <TestCase name="ui15-join: ★★ TRAP 2 — a join at LAYER 17 correlates through the NIBBLE and COMPLETES" filename="test/test_firmware_ui_model.cpp" line="5000" skipped="true"/>
    <TestCase name="ui14-long: `long_arm` LEAVES THE EDITOR — and a `long_cancel` does not bring it back" filename="test/test_firmware_ui_model.cpp" line="5017" skipped="true"/>
    <TestCase name="ui14-long: `long_fire` from the editor arms the alarm and the editor is already gone" filename="test/test_firmware_ui_model.cpp" line="5042" skipped="true"/>
    <TestCase name="ui14-long: the emergency overlay ABSORBS a double over SETTINGS (ledger §1.4)" filename="test/test_firmware_ui_model.cpp" line="5058" skipped="true"/>
    <TestCase name="ui14-open: a store that cannot produce a record REFUSES to open, and the MENU never opens" filename="test/test_firmware_ui_model.cpp" line="5081" skipped="true"/>
    <TestCase name="ui14-open: an UNATTACHED model opens NO menu and refuses every activation (fails closed)" filename="test/test_firmware_ui_model.cpp" line="5107" skipped="true"/>
    <TestCase name="ui14-marker: §3.3's three literals are three separate facts, and CONFLICT wins the marker row" filename="test/test_firmware_ui_model.cpp" line="5121" skipped="true"/>
    <TestCase name="chrome4-audit: every PURE panel string fits the rail's 19-column body" filename="test/test_firmware_ui_model.cpp" line="5152" skipped="true"/>
    <TestCase name="ui14-marker: every SAVE outcome has its own words, and none of them says SAVED for a refusal" filename="test/test_firmware_ui_model.cpp" line="5292" skipped="true"/>
    <TestCase name="ui14-cursor: the highlight follows the ROW when a conflict inserts one above it" filename="test/test_firmware_ui_model.cpp" line="5323" skipped="true"/>
    <TestCase name="ui14-cursor: when the RELOAD row retires, the highlight lands on the SAFE action, never on DISCARD" filename="test/test_firmware_ui_model.cpp" line="5345" skipped="true"/>
    <TestCase name="ui14-notify: change -> REVERT -> SAVE is refused, which the byte comparison alone cannot do" filename="test/test_firmware_ui_model.cpp" line="5374" skipped="true"/>
    <TestCase name="ui14-notify: a NON-COVERED external write raises NOTHING, and a SAVE still goes through" filename="test/test_firmware_ui_model.cpp" line="5403" skipped="true"/>
    <TestCase name="ui14-notify: a LEAVE-shaped external write (all four covered fields reset) conflicts and refuses SAVE" filename="test/test_firmware_ui_model.cpp" line="5445" skipped="true"/>
    <TestCase name="ui14-notify: a JOIN-shaped external write moves no covered field and raises NOTHING" filename="test/test_firmware_ui_model.cpp" line="5478" skipped="true"/>
    <TestCase name="ui14-notify: a write while the service is CLOSED is harmless, and does not poison a later open" filename="test/test_firmware_ui_model.cpp" line="5503" skipped="true"/>
    <TestCase name="ui-sleep: blank + idle input + no open frame is the ONLY state that permits sleep" filename="test/test_firmware_ui_model.cpp" line="5537" skipped="true"/>
    <TestCase name="ui-sleep: a LIT panel forbids sleep — the operator is looking at it" filename="test/test_firmware_ui_model.cpp" line="5546" skipped="true"/>
    <TestCase name="ui-sleep: a gesture being CLASSIFIED forbids sleep, even on a blank panel" filename="test/test_firmware_ui_model.cpp" line="5559" skipped="true"/>
    <TestCase name="ui-sleep: an OPEN page-buffer frame forbids sleep until its last page is out (B198)" filename="test/test_firmware_ui_model.cpp" line="5582" skipped="true"/>
    <TestCase name="ui-sleep: exactly one of the eight term combinations permits sleep" filename="test/test_firmware_ui_model.cpp" line="5611" skipped="true"/>
    <TestCase name="ui17-lex: the list's BACK row is the SHIPPED spelling, and there is only one of it" filename="test/test_firmware_ui_model.cpp" line="5647" skipped="true"/>
    <TestCase name="ui17-rowkind: the BACK row is resolved by IDENTITY, and it fails CLOSED past the end" filename="test/test_firmware_ui_model.cpp" line="5658" skipped="true"/>
    <TestCase name="ui17-entered: ONE predicate answers `is this screen entered`, for every screen" filename="test/test_firmware_ui_model.cpp" line="5669" skipped="true"/>
    <TestCase name="ui17-reset: the leave reset is pure, reports the change, and is idempotent" filename="test/test_firmware_ui_model.cpp" line="5689" skipped="true"/>
    <TestCase name="ui17-passive: TEAM and INBOX LAND PASSIVE, and ONE press passes each of them" filename="test/test_firmware_ui_model.cpp" line="5699" skipped="true"/>
    <TestCase name="ui17-passive: a `double` on a passive list ENTERS it and queues NOTHING" filename="test/test_firmware_ui_model.cpp" line="5714" skipped="true"/>
    <TestCase name="ui17-walk: the interactive walk ends on BACK and comes home, on BOTH screens" filename="test/test_firmware_ui_model.cpp" line="5739" skipped="true"/>
    <TestCase name="ui17-back: BACK closes the list to the SAME screen, and one further press then passes it" filename="test/test_firmware_ui_model.cpp" line="5768" skipped="true"/>
    <TestCase name="ui17-empty: an empty roster and an empty inbox still offer BACK, and still leave" filename="test/test_firmware_ui_model.cpp" line="5788" skipped="true"/>
    <TestCase name="ui17-refuse: a vanished pick REFUSES from the interactive list, and does not close it" filename="test/test_firmware_ui_model.cpp" line="5815" skipped="true"/>
    <TestCase name="ui17-refuse: a vanished RECORD refuses from the interactive INBOX list too" filename="test/test_firmware_ui_model.cpp" line="5833" skipped="true"/>
    <TestCase name="ui17-retain: blanking KEEPS the list interactive and its selection, and the wake press is consumed" filename="test/test_firmware_ui_model.cpp" line="5851" skipped="true"/>
    <TestCase name="ui17-hold: the compose sub-view survives the blank with its list, cursor and phase intact" filename="test/test_firmware_ui_model.cpp" line="5880" skipped="true"/>
    <TestCase name="ui17-hold: the detail modal survives the blank with its record, page and selected action" filename="test/test_firmware_ui_model.cpp" line="5923" skipped="true"/>
    <TestCase name="ui17-hold: a multi-page detail keeps its page in the dark AND through the real wake pass" filename="test/test_firmware_ui_model.cpp" line="5971" skipped="true"/>
    <TestCase name="ui17-hold: the emergency still closes both modals — long_arm the detail, long_fire the compose" filename="test/test_firmware_ui_model.cpp" line="6010" skipped="true"/>
    <TestCase name="ui17-emergency: long_arm leaves the interactive list alone, and still closes the detail modal" filename="test/test_firmware_ui_model.cpp" line="6047" skipped="true"/>
    <TestCase name="ui17-detail: the modal's `back` returns to the INTERACTIVE list, not to the preview" filename="test/test_firmware_ui_model.cpp" line="6069" skipped="true"/>
    <TestCase name="ui17-passive: a passive preview records NO pick, so a roster change raises no refusal" filename="test/test_firmware_ui_model.cpp" line="6086" skipped="true"/>
    <TestCase name="ui17-len: the list's length is ONE decision, and a screen nobody entered is ONE row" filename="test/test_firmware_ui_model.cpp" line="6115" skipped="true"/>
    <TestCase name="ui17-act: what a `double` MEANS on a list screen — every arm, and the ORDER" filename="test/test_firmware_ui_model.cpp" line="6124" skipped="true"/>
    <TestCase name="ui17-note: what the WRITE side does with the cursor — every arm, [[B223]]'s included" filename="test/test_firmware_ui_model.cpp" line="6144" skipped="true"/>
    <TestCase name="ui17-wake: a message lights a BLANKED panel and asks for the repaint" filename="test/test_firmware_ui_model.cpp" line="6170" skipped="true"/>
    <TestCase name="ui17-wake: the panel stays lit a FULL window measured from the MESSAGE, then blanks by itself" filename="test/test_firmware_ui_model.cpp" line="6185" skipped="true"/>
    <TestCase name="ui17-wake: a wake from the dark re-blanks kBlankMs after the message" filename="test/test_firmware_ui_model.cpp" line="6198" skipped="true"/>
    <TestCase name="ui17-wake: a wake while ALREADY LIT moves only the deadline" filename="test/test_firmware_ui_model.cpp" line="6217" skipped="true"/>
    <TestCase name="ui17-wake: the wake NAVIGATES NOTHING — screen, list, cursor and both picks survive it" filename="test/test_firmware_ui_model.cpp" line="6240" skipped="true"/>
    <TestCase name="ui17-wake: a message disturbs NO emergency field, over a retained outcome" filename="test/test_firmware_ui_model.cpp" line="6265" skipped="true"/>
    <TestCase name="ui17-wake: a wake before the first tick does not consume the B65 seed" filename="test/test_firmware_ui_model.cpp" line="6295" skipped="true"/>
    <TestCase name="ui17-wake: a node that received NOTHING blanks and sleeps exactly as before, at any uptime" filename="test/test_firmware_ui_model.cpp" line="6311" skipped="true"/>
    <TestCase name="ui17-wake: a message received 37 days ago does not revive as a live wake" filename="test/test_firmware_ui_model.cpp" line="6334" skipped="true"/>
    <TestCase name="ui17-wake: a message wake keeps the retained modal's page, through the real wake pass" filename="test/test_firmware_ui_model.cpp" line="6354" skipped="true"/>
    <TestCase name="ui16-menu: JOIN TEAM is the THIRD child, and a double opens the LIST DIRECTLY — ⛔ no submenu" filename="test/test_firmware_ui_model.cpp" line="6417" skipped="true"/>
    <TestCase name="ui16-hide: the NEARBY child follows its OWN predicate, and it alone earns the parent row" filename="test/test_firmware_ui_model.cpp" line="6441" skipped="true"/>
    <TestCase name="ui16-freeze: the cache is read ONCE, ON THE TRANSITION — ⛔ the list does not refresh under the cursor" filename="test/test_firmware_ui_model.cpp" line="6475" skipped="true"/>
    <TestCase name="ui16-filter: OUR OWN team is not offered, and a scan of only our own team is EMPTY" filename="test/test_firmware_ui_model.cpp" line="6503" skipped="true"/>
    <TestCase name="ui16-walk: `short` CYCLES the teams then BACK and WRAPS; BACK returns to the PROVISION MENU" filename="test/test_firmware_ui_model.cpp" line="6519" skipped="true"/>
    <TestCase name="ui16-look: a double on a TEAM row OPENS THE CONFIRMATION and still performs NOTHING (§3 P-3/P-4)" filename="test/test_firmware_ui_model.cpp" line="6541" skipped="true"/>
    <TestCase name="ui16-blank: the NEARBY list SURVIVES blank/wake, and the wake press is consumed" filename="test/test_firmware_ui_model.cpp" line="6567" skipped="true"/>
    <TestCase name="ui16-alarm: `long_arm` PRE-EMPTS the scan, and re-entering finds the same teams" filename="test/test_firmware_ui_model.cpp" line="6585" skipped="true"/>
    <TestCase name="ui16-confirm: the confirmation opens on BACK, and reaching JOIN costs `short` THEN `double` (P-13)" filename="test/test_firmware_ui_model.cpp" line="6634" skipped="true"/>
    <TestCase name="ui16-id: ★★★ the act carries the FULL 32-bit team id of the ROW — ⛔ never the index, ⛔ never the token" filename="test/test_firmware_ui_model.cpp" line="6663" skipped="true"/>
    <TestCase name="ui16-back: BACK returns to the NEARBY LIST — ⛔ not the menu — and performs NOTHING" filename="test/test_firmware_ui_model.cpp" line="6702" skipped="true"/>
    <TestCase name="ui16-result: the RESULT is terminal — either press leaves it, and it carries no BACK row" filename="test/test_firmware_ui_model.cpp" line="6724" skipped="true"/>
    <TestCase name="ui16-words: `TEAM JOINED` is the join's own word — ⛔ never `TEAM CREATED`, and no banned lexeme appears" filename="test/test_firmware_ui_model.cpp" line="6746" skipped="true"/>
    <TestCase name="ui16-closed: an UNATTACHED seam FAILS CLOSED, and so does a pick that names no team" filename="test/test_firmware_ui_model.cpp" line="6774" skipped="true"/>
    <TestCase name="ui16-preempt: the confirmation does NOT survive the alarm or leaving — an unconfirmed act never stands" filename="test/test_firmware_ui_model.cpp" line="6816" skipped="true"/>
    <TestCase name="ui16-k5: the offer opens on the ACKNOWLEDGEMENT of a join whose team has a retained key — on BACK" filename="test/test_firmware_ui_model.cpp" line="6867" skipped="true"/>
    <TestCase name="ui16-k5: ⛔ NO offer without a retained record, and ⛔ none for a CREATE — the landed flows, unchanged" filename="test/test_firmware_ui_model.cpp" line="6897" skipped="true"/>
    <TestCase name="ui16-k5: ★★★ `BACK` performs NOTHING — no key state changes and the record is never touched" filename="test/test_firmware_ui_model.cpp" line="6932" skipped="true"/>
    <TestCase name="ui16-k5: ★★★ reaching `USE SAVED KEY` costs `short` THEN `double`, and the act runs BEFORE the screen moves" filename="test/test_firmware_ui_model.cpp" line="6955" skipped="true"/>
    <TestCase name="ui16-k5: a REFUSED join opens no offer — and the act's two floors are MARKED rather than claimed" filename="test/test_firmware_ui_model.cpp" line="6993" skipped="true"/>
    <TestCase name="ui16-k5: the UNFINISHED offer does not survive BLANKING, an alarm or leaving (OQ-3, P-14)" filename="test/test_firmware_ui_model.cpp" line="7018" skipped="true"/>
    <TestCase name="ui16-k5: the two ruled lexemes are VERBATIM, ⛔ `FORGET KEY` is absent, and the endings say only truths" filename="test/test_firmware_ui_model.cpp" line="7048" skipped="true"/>
    <TestCase name="ui16-inviterow: pin 12 — the row is the FOURTH child, and it is HIDDEN off-team and off-build" filename="test/test_firmware_ui_model.cpp" line="7181" skipped="true"/>
    <TestCase name="ui16-invopen: B249 — snapshot then window then exactly one announcement request per fresh open" filename="test/test_firmware_ui_model.cpp" line="7221" skipped="true"/>
    <TestCase name="ui16-invexpire: pin 1 — the window expires BY ITSELF at five minutes, and expiry changes NOTHING" filename="test/test_firmware_ui_model.cpp" line="7266" skipped="true"/>
    <TestCase name="ui16-invblank: pin 13 — the WINDOW survives blank/wake; an UNFINISHED CONFIRMATION does not" filename="test/test_firmware_ui_model.cpp" line="7329" skipped="true"/>
    <TestCase name="ui16-invreject: the ready confirmation freezes the hash, defaults REJECT and grants nothing in N5" filename="test/test_firmware_ui_model.cpp" line="7372" skipped="true"/>
    <TestCase name="ui16-invfreeze: a refresh between the two presses does ⛔ NOT move what the operator is acting on" filename="test/test_firmware_ui_model.cpp" line="7445" skipped="true"/>
    <TestCase name="ui16-invquiet: pin 11 — with the window CLOSED a new member changes no screen, cursor or note" filename="test/test_firmware_ui_model.cpp" line="7480" skipped="true"/>
    <TestCase name="ui16-reqpubkey: BACK is default and zero commands precede short + double on REQUEST PUBKEY" filename="test/test_firmware_ui_model.cpp" line="7506" skipped="true"/>
    <TestCase name="ui16-reqpubkey-floor: an overheard key and a name do not enable GRANT KEY; authoritative does" filename="test/test_firmware_ui_model.cpp" line="7547" skipped="true"/>
    <TestCase name="ui16-reqpubkey-push: wrong hash stays waiting; right hash refreshes the cached name and enables grant" filename="test/test_firmware_ui_model.cpp" line="7569" skipped="true"/>
    <TestCase name="ui16-reqpubkey-refused: no seam and a refusal both STAY at NEED PUBKEY — the wait is never claimed" filename="test/test_firmware_ui_model.cpp" line="7618" skipped="true"/>
    <TestCase name="ui16-reqpubkey-resources: N5 adds no frame/state carrier and preserves the packed invite layout" filename="test/test_firmware_ui_model.cpp" line="7686" skipped="true"/>
    <TestCase name="ui16-grantact: `short` then `double` performs ONE grant, on the FROZEN hash, and lands the verdict" filename="test/test_firmware_ui_model.cpp" line="7731" skipped="true"/>
    <TestCase name="ui16-grantpush: only a CORRELATED push promotes the verdict, and only on the verdict screen" filename="test/test_firmware_ui_model.cpp" line="7797" skipped="true"/>
    <TestCase name="ui16-grantwindow: pin 8 — a double that lands on an EXPIRED window grants NOTHING" filename="test/test_firmware_ui_model.cpp" line="7860" skipped="true"/>
    <TestCase name="ui16-grantseam: with NO seam attached the grant performs nothing and claims nothing" filename="test/test_firmware_ui_model.cpp" line="7890" skipped="true"/>
    <TestCase name="ui16-invalarm: `long_arm` PRE-EMPTS the window, and the handled set does not survive it (P-14)" filename="test/test_firmware_ui_model.cpp" line="7911" skipped="true"/>
    <TestCase name="ui16-k7-act: pin 1 — the act hangs on an entered-TEAM member row and opens the chain with the ROW'S hash" filename="test/test_firmware_ui_model.cpp" line="8006" skipped="true"/>
    <TestCase name="ui16-k7-b245: pin 2 — THE REPRO, END TO END: a member present BEFORE any window is grantable HERE" filename="test/test_firmware_ui_model.cpp" line="8063" skipped="true"/>
    <TestCase name="ui16-k7-window: pin 3 — roster context retires before a fresh invitation window" filename="test/test_firmware_ui_model.cpp" line="8126" skipped="true"/>
    <TestCase name="ui16-k7-silent: pin 4 — nothing transmits without the operator's EXPLICIT confirmations (counted)" filename="test/test_firmware_ui_model.cpp" line="8161" skipped="true"/>
    <TestCase name="ui16-k7-self: pin 5 — the SELF row offers nothing, and the core's own `self` arm is driven from here" filename="test/test_firmware_ui_model.cpp" line="8188" skipped="true"/>
    <TestCase name="ui16-k7-keyless: pin 6 — a KEYLESS node offers nothing, and neither does a build that cannot grant" filename="test/test_firmware_ui_model.cpp" line="8218" skipped="true"/>
    <TestCase name="ui16-k7-identity: pin 7 — P-7c/P-7d through THIS entry: the FULL hash, and a mutable field never moves it" filename="test/test_firmware_ui_model.cpp" line="8260" skipped="true"/>
    <TestCase name="ui16-k7-words: pin 8 — the outcome words are N6's EXACTLY, over the WHOLE enum, through this entry" filename="test/test_firmware_ui_model.cpp" line="8301" skipped="true"/>
    <TestCase name="b250-roster-resume: REJECT, NEED BACK, WAIT exit and both blank fallbacks return to the same roster row" filename="test/test_firmware_ui_model.cpp" line="8344" skipped="true"/>
    <TestCase name="b250-roster-push: only a matching authoritative cache arrival opens the REJECT-default confirmation" filename="test/test_firmware_ui_model.cpp" line="8420" skipped="true"/>
    <TestCase name="b250-roster-identity: expiry follows a reordered id; a gone id refuses rather than selecting a neighbour" filename="test/test_firmware_ui_model.cpp" line="8480" skipped="true"/>
    <TestCase name="b250-lifetime: a retired roster caller cannot contaminate a later unbound expiry" filename="test/test_firmware_ui_model.cpp" line="8529" skipped="true"/>
    <TestCase name="b250-emergency: pre-emption clears either caller and each fresh flow binds only its own origin" filename="test/test_firmware_ui_model.cpp" line="8558" skipped="true"/>
    <TestCase name="ui16-k7-resources: the act's TWO frozen fields cost ONE quantum, and the published identity costs ZERO" filename="test/test_firmware_ui_model.cpp" line="8630" skipped="true"/>
    <TestCase name="ui16-K4: the note occupies the panel's ONE transient team answer, and every entry retires it" filename="test/test_firmware_ui_model.cpp" line="8675" skipped="true"/>
    <TestCase name="ui17-keyrecv: EITHER press on TEAM KEY RECEIVED lands on the PASSIVE STATUS screen, from EITHER result" filename="test/test_firmware_ui_model.cpp" line="8768" skipped="true"/>
    <TestCase name="ui17-keyrecv: the note's ARRIVAL still navigates nothing — on the new landing's own screen too" filename="test/test_firmware_ui_model.cpp" line="8796" skipped="true"/>
    <TestCase name="ui17-keyrecv: the FAILURE pair's acknowledgement stays where the REMEDIES are — the LANDED landing" filename="test/test_firmware_ui_model.cpp" line="8817" skipped="true"/>
    <TestCase name="ui17-keyrecv: every NEIGHBOURING terminal's acknowledgement is untouched (driven, ⛔ not assumed)" filename="test/test_firmware_ui_model.cpp" line="8840" skipped="true"/>
    <TestCase name="ui17-keyrecv: the new landing keeps the LANDED blank/wake rules — nothing about STATUS is special-cased" filename="test/test_firmware_ui_model.cpp" line="8892" skipped="true"/>
    <TestCase name="ui16-K4: the three result rows are TOTAL over the whole UiProvOutcome enum, and every row fits" filename="test/test_firmware_ui_model.cpp" line="8912" skipped="true"/>
    <TestCase name="ui16-k5-resources: the offer's TWO fields cost ZERO bytes — both land in EXISTING padding" filename="test/test_firmware_ui_model.cpp" line="8944" skipped="true"/>
    <TestCase name="ui16-k6-menu: SAVED KEYS is the FIFTH child, hidden when the keyring plane is absent, and BACK stays last" filename="test/test_firmware_ui_model.cpp" line="9032" skipped="true"/>
    <TestCase name="ui16-k6-open: the keyring is read ONCE on the transition, and OPENING the screen performs NOTHING" filename="test/test_firmware_ui_model.cpp" line="9056" skipped="true"/>
    <TestCase name="ui16-k6-confirm: an INACTIVE row opens the irreversible confirmation on BACK, carrying the FULL 32-bit id" filename="test/test_firmware_ui_model.cpp" line="9089" skipped="true"/>
    <TestCase name="ui16-k6-active: an ACTIVE row lands on ACTIVE KEY / CANNOT FORGET, with NO destructive action anywhere" filename="test/test_firmware_ui_model.cpp" line="9132" skipped="true"/>
    <TestCase name="ui16-k6-result: KEY FORGOTTEN is written by the ACT, and its acknowledgement returns to the REFRESHED list" filename="test/test_firmware_ui_model.cpp" line="9167" skipped="true"/>
    <TestCase name="ui16-k6-failure: a failed removal says KEY NOT FORGOTTEN plus the SERVICE's token — ⛔ never a success" filename="test/test_firmware_ui_model.cpp" line="9193" skipped="true"/>
    <TestCase name="ui16-k6-pin8: KEYRING FULL's acknowledgement ENTERS the list — ⛔ it deletes nothing and ⛔ replays nothing" filename="test/test_firmware_ui_model.cpp" line="9227" skipped="true"/>
    <TestCase name="ui16-k6-rows: the list's rows are IDENTITIES, the ACTIVE marker is a status, and BACK is unconditional" filename="test/test_firmware_ui_model.cpp" line="9312" skipped="true"/>
    <TestCase name="ui16-k6-lexemes: the SEVEN K6 words are declared ONCE, fit the rail, and the failure word is not the success" filename="test/test_firmware_ui_model.cpp" line="9344" skipped="true"/>
    <TestCase name="ui16-k6-resources: the retention carriers cost exactly themselves, and NO landed field moved" filename="test/test_firmware_ui_model.cpp" line="9387" skipped="true"/>
    <TestCase name="ui16-k6-grantack: a FULL-keyring receipt keeps its three ruled rows and lands the ACK in SAVED KEYS" filename="test/test_firmware_ui_model.cpp" line="9433" skipped="true"/>
    <TestCase name="ui16-k6-grantack-menu: a NON-full unsaved receipt still acknowledges to the MENU, and a SAVED one to STATUS" filename="test/test_firmware_ui_model.cpp" line="9474" skipped="true"/>
    <TestCase name="ui16-k6-grantack-join: the FULL-keyring landing works from the STATIC-JOIN result screen too" filename="test/test_firmware_ui_model.cpp" line="9518" skipped="true"/>
    <TestCase name="ui10-p3-slot: a GAPPED catalog projects dm1/dm4/dm8 to rows 0/1/2 carrying slots 1/4/8" filename="test/test_firmware_ui_model.cpp" line="9584" skipped="true"/>
    <TestCase name="ui10-p3-slot: the PRESS seals the row's stable slot — a gapped list sends dm4, never dm2" filename="test/test_firmware_ui_model.cpp" line="9605" skipped="true"/>
    <TestCase name="ui10-p3-slot: the two lists are kind-pure, and the emergency slot appears on neither" filename="test/test_firmware_ui_model.cpp" line="9624" skipped="true"/>
    <TestCase name="ui10-p3-slot: a disabled slot is never rendered, and eight enabled slots all scroll into the list" filename="test/test_firmware_ui_model.cpp" line="9646" skipped="true"/>
    <TestCase name="ui10-p3-row: every PRESET row shows `L` or `-`, and the action rows show neither" filename="test/test_firmware_ui_model.cpp" line="9667" skipped="true"/>
    <TestCase name="ui10-p3-empty: a catalog with no enabled slots shows the note and offers only `back`" filename="test/test_firmware_ui_model.cpp" line="9703" skipped="true"/>
    <TestCase name="ui10-p3-modal: a successful CHANGED mutation closes a selection-phase compose WITHOUT sending" filename="test/test_firmware_ui_model.cpp" line="9731" skipped="true"/>
    <TestCase name="ui10-p3-modal: a NO-OP and a FAILURE leave the compose open — the trigger is the generation, not the verb" filename="test/test_firmware_ui_model.cpp" line="9751" skipped="true"/>
    <TestCase name="ui10-p3-modal: an ALREADY-DISPLAYED OUTCOME may finish — a mutation does not discard a verdict" filename="test/test_firmware_ui_model.cpp" line="9776" skipped="true"/>
    <TestCase name="ui10-p3-modal: a press arriving in the SAME tick as the mutation closes the modal and sends nothing" filename="test/test_firmware_ui_model.cpp" line="9798" skipped="true"/>
    <TestCase name="ui10-p3-changed: `PRESET CHANGED` is the exact word, on its own terminal state, for both kinds" filename="test/test_firmware_ui_model.cpp" line="9813" skipped="true"/>
    <TestCase name="ui10-p3-freeze: a frozen snapshot keeps its whole list and generation when the catalog moves under it" filename="test/test_firmware_ui_model.cpp" line="9840" skipped="true"/>
    <TestCase name="ui10-p3-r1: with the COMPILED catalog the DM list is index-for-index the one K7 landed against" filename="test/test_firmware_ui_model.cpp" line="9868" skipped="true"/>
    <TestCase name="ui10-p3-resources: the list projection costs 328 B of UiSnapshot and ZERO of UiState" filename="test/test_firmware_ui_model.cpp" line="9901" skipped="true"/>
    <TestCase name="ui16-nearby: OUR OWN team is filtered out AT DISPLAY, and every other observation survives" filename="test/test_firmware_ui_nearby.cpp" line="61" skipped="true"/>
    <TestCase name="ui16-nearby: a TEAMLESS joiner (own id 0) loses NOTHING — the normal case for this screen" filename="test/test_firmware_ui_nearby.cpp" line="80" skipped="true"/>
    <TestCase name="ui16-nearby: the capture FAILS CLOSED and is BOUNDED" filename="test/test_firmware_ui_nearby.cpp" line="90" skipped="true"/>
    <TestCase name="ui16-nearby: the order is the SOURCE's — ⛔ never sorted, least of all by signal" filename="test/test_firmware_ui_nearby.cpp" line="104" skipped="true"/>
    <TestCase name="ui16-nearby: BACK is the UNCONDITIONAL last row, and the list FAILS CLOSED past its end" filename="test/test_firmware_ui_nearby.cpp" line="124" skipped="true"/>
    <TestCase name="ui16-nearby: a row's MEANING is its team id, ⛔ never its index (§B66)" filename="test/test_firmware_ui_nearby.cpp" line="144" skipped="true"/>
    <TestCase name="ui16-nearby: the signal token is FOUR levels `0/3`..`3/3` at the SHARED tier boundaries" filename="test/test_firmware_ui_nearby.cpp" line="160" skipped="true"/>
    <TestCase name="ui16-nearby: the row is fingerprint · n/3 · age — and ⛔ NOTHING name-shaped (P-5 / R-13 rule 1)" filename="test/test_firmware_ui_nearby.cpp" line="181" skipped="true"/>
    <TestCase name="ui16-nearby: the AGE is `ui_fmt_home_age`'s token, REUSED — including its `--`" filename="test/test_firmware_ui_nearby.cpp" line="203" skipped="true"/>
    <TestCase name="ui16-nearby: every lexeme is exact, fits 19 columns, and the empty state has its own words" filename="test/test_firmware_ui_nearby.cpp" line="222" skipped="true"/>
    <TestCase name="ui16-jointitle: `JOIN &lt;fingerprint>?` is exact, is the SHARED helper's six characters, and fits 19" filename="test/test_firmware_ui_nearby.cpp" line="244" skipped="true"/>
    <TestCase name="P2 the three NDJSON records are byte-exact (design §3.2.3)" filename="test/test_firmware_ui_preset_verbs.cpp" line="128" skipped="true"/>
    <TestCase name="P2 list emits all 17 records in stable slot order incl. disabled, then ui_presets_end" filename="test/test_firmware_ui_preset_verbs.cpp" line="173" skipped="true"/>
    <TestCase name="P2 a mutating verb answers with the RESULTING record; reset all answers with the full list" filename="test/test_firmware_ui_preset_verbs.cpp" line="213" skipped="true"/>
    <TestCase name="P2 the busy table (spec §2): an ACTIVE emergency answers busy to EVERY mutating verb, no-ops included" filename="test/test_firmware_ui_preset_verbs.cpp" line="268" skipped="true"/>
    <TestCase name="P2 loc= takes EXACTLY on|off — every third value is bad_location, with zero writes" filename="test/test_firmware_ui_preset_verbs.cpp" line="310" skipped="true"/>
    <TestCase name="P2 the remaining reasons: bad_slot, bad_text and an unreadable store" filename="test/test_firmware_ui_preset_verbs.cpp" line="342" skipped="true"/>
    <TestCase name="P2 the grammar: an unknown sub-verb or a trailing token is REFUSED, never silently run" filename="test/test_firmware_ui_preset_verbs.cpp" line="394" skipped="true"/>
    <TestCase name="P2 USB and BLE byte-agree: ONE emitter, two sink shapes, identical streams and identical line counts" filename="test/test_firmware_ui_preset_verbs.cpp" line="428" skipped="true"/>
    <TestCase name="P2 the boot restore: the four storage states each drive the ruled line (or none), with zero writes" filename="test/test_firmware_ui_preset_verbs.cpp" line="459" skipped="true"/>
    <TestCase name="P2 the resident cost of the ONE live catalog is measured, not assumed" filename="test/test_firmware_ui_preset_verbs.cpp" line="504" skipped="true"/>
    <TestCase name="ui10-p1-abi: the /mrui record's ABI is what the size check guards, and the tail padding is NAMED" filename="test/test_firmware_ui_presets.cpp" line="96" skipped="true"/>
    <TestCase name="ui10-p1-abi: the storage-level four-state read keeps absent, invalid and io_failed apart" filename="test/test_firmware_ui_presets.cpp" line="136" skipped="true"/>
    <TestCase name="ui10-p1-defaults: the compiled catalog is §3.2.2's table verbatim" filename="test/test_firmware_ui_presets.cpp" line="165" skipped="true"/>
    <TestCase name="ui10-p1-defaults: THE DRIFT FENCE IS DISCHARGED — the compiled defaults ARE what the panel projects" filename="test/test_firmware_ui_presets.cpp" line="192" skipped="true"/>
    <TestCase name="ui10-p1-states: ABSENT is an ordinary first boot — defaults, ⛔ NO warning, ⛔ no line, zero writes" filename="test/test_firmware_ui_presets.cpp" line="235" skipped="true"/>
    <TestCase name="ui10-p1-states: INVALID runs the defaults and WARNS — counted, worded, and repairable" filename="test/test_firmware_ui_presets.cpp" line="250" skipped="true"/>
    <TestCase name="ui10-p1-states: IO_FAILED runs the defaults and warns DISTINCTLY" filename="test/test_firmware_ui_presets.cpp" line="266" skipped="true"/>
    <TestCase name="ui10-p1-states: VALID is LOADED — the wearer's configured phrases, not the compiled ones" filename="test/test_firmware_ui_presets.cpp" line="279" skipped="true"/>
    <TestCase name="ui10-p1-states: the two boot lines are the ONLY two, and `ok`/`absent` are silent" filename="test/test_firmware_ui_presets.cpp" line="297" skipped="true"/>
    <TestCase name="ui10-p1-semantic: a size/header-valid record with ANY canonical violation classifies INVALID" filename="test/test_firmware_ui_presets.cpp" line="307" skipped="true"/>
    <TestCase name="ui10-p1-canonical: the written record obeys every canonical-byte rule" filename="test/test_firmware_ui_presets.cpp" line="364" skipped="true"/>
    <TestCase name="ui10-p1-canonical: the composition path zeroes the slot WHOLE, so nothing survives an edit" filename="test/test_firmware_ui_presets.cpp" line="395" skipped="true"/>
    <TestCase name="ui10-p1-generation: it starts at 1, moves ONLY on a durable change, and SKIPS ZERO on wrap" filename="test/test_firmware_ui_presets.cpp" line="410" skipped="true"/>
    <TestCase name="ui10-p1-coalescing: an identical set writes NOTHING over a valid store" filename="test/test_firmware_ui_presets.cpp" line="439" skipped="true"/>
    <TestCase name="ui10-p1-coalescing: it holds over an ABSENT store too — the owner's other in-scope arm" filename="test/test_firmware_ui_presets.cpp" line="475" skipped="true"/>
    <TestCase name="ui10-p1-coalescing: ⛔ THE PIN DOES NOT HOLD OVER `invalid` — a repair write is legitimate there" filename="test/test_firmware_ui_presets.cpp" line="490" skipped="true"/>
    <TestCase name="ui10-p1-emergency: it can NEVER be cleared or disabled" filename="test/test_firmware_ui_presets.cpp" line="515" skipped="true"/>
    <TestCase name="ui10-p1-emergency: it IS text-editable, and every edit keeps it enabled" filename="test/test_firmware_ui_presets.cpp" line="534" skipped="true"/>
    <TestCase name="ui10-p1-busy: an ACTIVE emergency refuses EVERY mutating verb, including a no-op" filename="test/test_firmware_ui_presets.cpp" line="561" skipped="true"/>
    <TestCase name="ui10-p1-order: the SAVED candidate already carries the next generation, and a failed save publishes NOTHING" filename="test/test_firmware_ui_presets.cpp" line="592" skipped="true"/>
    <TestCase name="ui10-p1-io: an io_failed store refuses EVERY mutation with `store` and writes NOTHING" filename="test/test_firmware_ui_presets.cpp" line="621" skipped="true"/>
    <TestCase name="ui10-p1-validation: 1..17 printable ASCII, both sides of the bound, for BOTH location states" filename="test/test_firmware_ui_presets.cpp" line="648" skipped="true"/>
    <TestCase name="ui10-p1-validation: ★ A 273-BYTE PHRASE IS REFUSED — the length check is not bypassable by narrowing" filename="test/test_firmware_ui_presets.cpp" line="694" skipped="true"/>
    <TestCase name="ui10-p1-coalescing: ★ a LATE-ABSENT record makes the identical mutation WRITE — durability is restored" filename="test/test_firmware_ui_presets.cpp" line="731" skipped="true"/>
    <TestCase name="ui10-p1-slots: the index IS the stable slot identity, and the ends both refuse" filename="test/test_firmware_ui_presets.cpp" line="771" skipped="true"/>
    <TestCase name="ui10-p1-slots: zero enabled per kind is representable — P3's empty state has something to render" filename="test/test_firmware_ui_presets.cpp" line="825" skipped="true"/>
    <TestCase name="ui10-p1-words: every enum arm is worded, distinct, and swept BY CONSTRUCTION" filename="test/test_firmware_ui_presets.cpp" line="841" skipped="true"/>
    <TestCase name="ui10-p1-resources: the catalog's residency is MEASURED, and ⛔ no full record rides a stack" filename="test/test_firmware_ui_presets.cpp" line="885" skipped="true"/>
    <TestCase name="§UI15-PROV control — every instrument moves on the ordinary path, so a zero elsewhere is evidence" filename="test/test_firmware_ui_prov.cpp" line="299" skipped="true"/>
    <TestCase name="§UI15-PROV the request is a MINT with `phy.present = FALSE` — no retune, no PHY tail, no [[B209]] path" filename="test/test_firmware_ui_prov.cpp" line="314" skipped="true"/>
    <TestCase name="§UI15-PROV live != persisted PHY REFUSES with PHY DIFFERS / USE SERIAL — and applies NOTHING" filename="test/test_firmware_ui_prov.cpp" line="351" skipped="true"/>
    <TestCase name="§UI15-PROV the precondition's ProvPhy is the PERSISTED one with present=TRUE — never the request's" filename="test/test_firmware_ui_prov.cpp" line="390" skipped="true"/>
    <TestCase name="§UI15-PROV an UNREADABLE record refuses — an unestablished precondition is never treated as satisfied" filename="test/test_firmware_ui_prov.cpp" line="414" skipped="true"/>
    <TestCase name="§UI15-PROV a FAILED save reports SAVE FAILED, notifies NOTHING and leaves the live node alone" filename="test/test_firmware_ui_prov.cpp" line="429" skipped="true"/>
    <TestCase name="§UI15-PROV a STAGING refusal carries the SERVICE's own typed reason, and notifies nothing" filename="test/test_firmware_ui_prov.cpp" line="447" skipped="true"/>
    <TestCase name="§UI15-PROV an INCOMPLETE persisted PHY refuses at staging — the create is not a way to repair one" filename="test/test_firmware_ui_prov.cpp" line="473" skipped="true"/>
    <TestCase name="§UI15-JOIN control — a selected preset STARTS the join: ONE write, ONE live apply, ONE notification" filename="test/test_firmware_ui_prov.cpp" line="491" skipped="true"/>
    <TestCase name="§UI15-JOIN ★★ the ONE integral -> double conversion — 869.4625 MHz survives the store round trip" filename="test/test_firmware_ui_prov.cpp" line="505" skipped="true"/>
    <TestCase name="§UI15-JOIN ★★ a preset ABOVE LAYER 15 persists the FULL byte and the NIBBLE — trap 2's other end" filename="test/test_firmware_ui_prov.cpp" line="527" skipped="true"/>
    <TestCase name="§UI15-JOIN an EMPTY slot is not a join — zero transactions, zero writes, zero airtime" filename="test/test_firmware_ui_prov.cpp" line="538" skipped="true"/>
    <TestCase name="§UI15-JOIN a DOMAIN refusal carries the TRANSACTION's own typed reason, and spends nothing" filename="test/test_firmware_ui_prov.cpp" line="555" skipped="true"/>
    <TestCase name="§UI15-JOIN a FAILED save reports SAVE FAILED, notifies NOTHING and leaves the live node alone" filename="test/test_firmware_ui_prov.cpp" line="575" skipped="true"/>
    <TestCase name="§UI15-JOIN an unreadable `/mrcfg` refuses — and it is the TRANSACTION's arm, not an invented one" filename="test/test_firmware_ui_prov.cpp" line="589" skipped="true"/>
    <TestCase name="§UI15-JOIN the profile read carries the SERVICE's own answer for all FOUR store states" filename="test/test_firmware_ui_prov.cpp" line="602" skipped="true"/>
    <TestCase name="§UI15-PROV the adapter dispatches on the INTENT, and `none` performs nothing at all" filename="test/test_firmware_ui_prov.cpp" line="659" skipped="true"/>
    <TestCase name="§UI16-N3 control — a nearby join is ONE write, ONE membership move, ONE notification, ZERO retunes" filename="test/test_firmware_ui_prov.cpp" line="729" skipped="true"/>
    <TestCase name="§UI16-N3 ★★ the request is a JOIN — `mint = false`, the FULL id, and `phy.present = FALSE`" filename="test/test_firmware_ui_prov.cpp" line="754" skipped="true"/>
    <TestCase name="§UI16-N3 the PHY precondition is INHERITED — PHY DIFFERS / USE SERIAL, and it applies NOTHING" filename="test/test_firmware_ui_prov.cpp" line="778" skipped="true"/>
    <TestCase name="§UI16-N3 the precondition's ProvPhy is the PERSISTED one with present=TRUE — never the request's" filename="test/test_firmware_ui_prov.cpp" line="813" skipped="true"/>
    <TestCase name="§UI16-N3 ★★★ the joiner is KEYLESS — the live key is destroyed and the record claims none (P-2)" filename="test/test_firmware_ui_prov.cpp" line="835" skipped="true"/>
    <TestCase name="§UI16-N3/K5 ⛔⛔ a RETAINED keyring record is NOT installed by joining that team — it is OFFERED" filename="test/test_firmware_ui_prov.cpp" line="859" skipped="true"/>
    <TestCase name="§UI16-N3 a FAILED save keeps the PREVIOUS membership and key, and says so" filename="test/test_firmware_ui_prov.cpp" line="904" skipped="true"/>
    <TestCase name="§UI16-N3 the refusal arms carry the SERVICE's own reason and say JOIN REFUSED — never CREATE REFUSED" filename="test/test_firmware_ui_prov.cpp" line="924" skipped="true"/>
    <TestCase name="§UI16-N3 the intent dispatch routes join_team to the TEAM transaction — and never to the other two" filename="test/test_firmware_ui_prov.cpp" line="984" skipped="true"/>
    <TestCase name="§UI16-K5 a join of a team with NO retained record makes ⛔ NO offer — the landed N3 flow, unchanged" filename="test/test_firmware_ui_prov.cpp" line="1033" skipped="true"/>
    <TestCase name="§UI16-K5 ⛔ the QUESTION is asked ONLY on the applied arm, and ⛔ never for the CREATE act" filename="test/test_firmware_ui_prov.cpp" line="1052" skipped="true"/>
    <TestCase name="§UI16-K5 ★★★ `USE SAVED KEY` installs the retained key, and the node is BOOT-DURABLE afterwards" filename="test/test_firmware_ui_prov.cpp" line="1084" skipped="true"/>
    <TestCase name="§UI16-K5 ★★★ a FAILED activation refuses LOUDLY, installs nothing, and leaves the record intact" filename="test/test_firmware_ui_prov.cpp" line="1133" skipped="true"/>
    <TestCase name="§UI16-K5 the dispatch routes the FOURTH op to the TEAM device — and ⛔ leaves the other three where they were" filename="test/test_firmware_ui_prov.cpp" line="1227" skipped="true"/>
    <TestCase name="§UI16-K6 the LIST crosses the seam as METADATA and costs ZERO writes" filename="test/test_firmware_ui_prov.cpp" line="1260" skipped="true"/>
    <TestCase name="§UI16-K6 ★★★ `FORGET KEY` removes exactly the named record, and the mapping says only what is true" filename="test/test_firmware_ui_prov.cpp" line="1289" skipped="true"/>
    <TestCase name="§UI16-K6 ⛔ every non-`forgotten` arm renders KEY NOT FORGOTTEN plus the SERVICE's token — never a success" filename="test/test_firmware_ui_prov.cpp" line="1309" skipped="true"/>
    <TestCase name="§UI16-K6 `KEYRING FULL` is reported as a TYPED flag — and ⛔ only for that refusal" filename="test/test_firmware_ui_prov.cpp" line="1376" skipped="true"/>
    <TestCase name="§UI16-K6 the dispatch routes the FIFTH op to the TEAM device — and ⛔ leaves the other four where they were" filename="test/test_firmware_ui_prov.cpp" line="1431" skipped="true"/>
    <TestCase name="ui-send: an unrelated channel_sent cannot complete the emergency" filename="test/test_firmware_ui_send.cpp" line="28" skipped="true"/>
    <TestCase name="ui-send: a blocked DM cannot block the emergency" filename="test/test_firmware_ui_send.cpp" line="38" skipped="true"/>
    <TestCase name="ui-send: a blocked event outside the outcome window is ignored" filename="test/test_firmware_ui_send.cpp" line="45" skipped="true"/>
    <TestCase name="ui-send: a DM outcome must match ctr AND peer" filename="test/test_firmware_ui_send.cpp" line="51" skipped="true"/>
    <TestCase name="ui-send: no_pubkey maps to dm_no_key" filename="test/test_firmware_ui_send.cpp" line="64" skipped="true"/>
    <TestCase name="ui-send: a refused submit leaves nothing to match" filename="test/test_firmware_ui_send.cpp" line="74" skipped="true"/>
    <TestCase name="ui-send: B39 — a ctr==0 result awaits its outcome and never claims a channel_sent" filename="test/test_firmware_ui_send.cpp" line="81" skipped="true"/>
    <TestCase name="ui-send: a channel seal failure still escapes SENDING..., via the bounded expiry" filename="test/test_firmware_ui_send.cpp" line="92" skipped="true"/>
    <TestCase name="ui-send: B40 — full-width counters correlate across the 8-bit boundary" filename="test/test_firmware_ui_send.cpp" line="103" skipped="true"/>
    <TestCase name="ui-send: e2e_ack_timeout yields NO CONFIRM and a late ack upgrades it" filename="test/test_firmware_ui_send.cpp" line="114" skipped="true"/>
    <TestCase name="ui-send: UI-4 — an awaiting send with no push at all closes as channel_remote_mint, not a stuck SENDING" filename="test/test_firmware_ui_send.cpp" line="138" skipped="true"/>
    <TestCase name="ui-send: UI-4 — an ACCEPTED send never expires, because a team channel_sent arrives ~36s later" filename="test/test_firmware_ui_send.cpp" line="155" skipped="true"/>
    <TestCase name="ui-send: UI-4 — accept(ctr=0) normalises to awaiting, so a ctr-0 push can never be a handle" filename="test/test_firmware_ui_send.cpp" line="170" skipped="true"/>
    <TestCase name="ui-send: UI-4 — an awaiting emergency still receives its real blocked outcome" filename="test/test_firmware_ui_send.cpp" line="183" skipped="true"/>
    <TestCase name="ui-send: UI-4 — in late_ack only an ACK matches; a stray failure cannot downgrade NO CONFIRM" filename="test/test_firmware_ui_send.cpp" line="197" skipped="true"/>
    <TestCase name="ui-send: UI-4 — close() releases a late_ack slot, which is how the sub-view bounds the upgrade" filename="test/test_firmware_ui_send.cpp" line="215" skipped="true"/>
    <TestCase name="ui-send: UI-4 — a DM slot is deaf to channel pushes and a channel slot to DM pushes" filename="test/test_firmware_ui_send.cpp" line="230" skipped="true"/>
    <TestCase name="ui-send: UI-4 — an awaiting DM releases its slot without inventing a channel outcome" filename="test/test_firmware_ui_send.cpp" line="247" skipped="true"/>
    <TestCase name="ui-send: UI-4 — the outcome window is wrap-safe across millis()" filename="test/test_firmware_ui_send.cpp" line="256" skipped="true"/>
    <TestCase name="ui-send: UI-4 — match_blocked accepts an ACCEPTED slot, because -t -g really blocks its second copy" filename="test/test_firmware_ui_send.cpp" line="276" skipped="true"/>
    <TestCase name="ui-send: UI-4 — a DM failure threads its exact reason, and only the two special ones get their own kind" filename="test/test_firmware_ui_send.cpp" line="288" skipped="true"/>
    <TestCase name="ui-send: UI-4 — interleaved unrelated traffic cannot move the emergency through the tracker" filename="test/test_firmware_ui_send.cpp" line="313" skipped="true"/>
    <TestCase name="ui-send: UI-4 int — each ctr==0 expiry consumes ONE attempt, three end in sticky NOT HEARD, no fourth" filename="test/test_firmware_ui_send.cpp" line="394" skipped="true"/>
    <TestCase name="ui-send: UI-4 int — NEGATIVE CONTROL: without the consumption the retry never terminates" filename="test/test_firmware_ui_send.cpp" line="411" skipped="true"/>
    <TestCase name="ui-send: UI-4 int — a colliding send_layer {dst=0, unsealable} cannot make the emergency FAILED" filename="test/test_firmware_ui_send.cpp" line="425" skipped="true"/>
    <TestCase name="ui-glue: the NORMAL tracker's expiry drains its slot and CANNOT touch a live alarm" filename="test/test_firmware_ui_send.cpp" line="484" skipped="true"/>
    <TestCase name="ui-glue: a canned expiry cannot fabricate a terminal NOT HEARD on a budget-spent alarm" filename="test/test_firmware_ui_send.cpp" line="505" skipped="true"/>
    <TestCase name="ui-glue: the EMERGENCY tracker's expiry consumes one attempt BEFORE its outcome lands" filename="test/test_firmware_ui_send.cpp" line="521" skipped="true"/>
    <TestCase name="ui-glue: pumping idle trackers is inert" filename="test/test_firmware_ui_send.cpp" line="539" skipped="true"/>
    <TestCase name="ui-glue: an unattributable send_failed{dst=0, unsealable} cannot end the alarm" filename="test/test_firmware_ui_send.cpp" line="553" skipped="true"/>
    <TestCase name="ui-glue: channel_sent routes by ctr — ours becomes PICKED UP, a stranger's is ignored" filename="test/test_firmware_ui_send.cpp" line="565" skipped="true"/>
    <TestCase name="ui-glue: a canned post's outcome is claimed by the normal slot and never routed to the model" filename="test/test_firmware_ui_send.cpp" line="588" skipped="true"/>
    <TestCase name="ui-glue: with BOTH slots live, a send_blocked goes to the EMERGENCY slot" filename="test/test_firmware_ui_send.cpp" line="604" skipped="true"/>
    <TestCase name="ui-glue: a DM ack reaches the DM state and the emergency offer is inert" filename="test/test_firmware_ui_send.cpp" line="620" skipped="true"/>
    <TestCase name="ui-glue: the router claims nothing for the RX kinds" filename="test/test_firmware_ui_send.cpp" line="634" skipped="true"/>
    <TestCase name="ui-recv: F4 — a NON-team plaintext post on channel 0 CANNOT become a distress REPLY" filename="test/test_firmware_ui_send.cpp" line="664" skipped="true"/>
    <TestCase name="ui-recv: F4 — a FOREIGN team's post on our channel cannot become a REPLY either" filename="test/test_firmware_ui_send.cpp" line="684" skipped="true"/>
    <TestCase name="ui-recv: F4 — OUR team's post on OUR channel is still a REPLY, with who and text" filename="test/test_firmware_ui_send.cpp" line="695" skipped="true"/>
    <TestCase name="ui-recv: F4 — a teammate's post on ANOTHER channel is counted but is not a REPLY" filename="test/test_firmware_ui_send.cpp" line="708" skipped="true"/>
    <TestCase name="ui-recv: the counters, the stamps, and the cap that is DISPLAY-ONLY" filename="test/test_firmware_ui_send.cpp" line="722" skipped="true"/>
    <TestCase name="ui-recv: the arrival serial WRAPS without losing the unread count" filename="test/test_firmware_ui_send.cpp" line="745" skipped="true"/>
    <TestCase name="ui-recv: the reply text is bounded by body_len, not by a NUL" filename="test/test_firmware_ui_send.cpp" line="765" skipped="true"/>
    <TestCase name="ui-recv: F2 — an ARRIVING message asks for a repaint" filename="test/test_firmware_ui_send.cpp" line="796" skipped="true"/>
    <TestCase name="ui-frame: F2 — a COMPLETE Inbox frame reads only the counts it FROZE" filename="test/test_firmware_ui_send.cpp" line="809" skipped="true"/>
    <TestCase name="ui-frame: B108 round 2 — a mid-frame arrival survives AT the unread cap" filename="test/test_firmware_ui_send.cpp" line="840" skipped="true"/>
    <TestCase name="ui-frame: F2 — an Inbox frame COVERED by the emergency overlay reads nothing" filename="test/test_firmware_ui_send.cpp" line="862" skipped="true"/>
    <TestCase name="ui-frame: F2 — an Inbox frame under an open COMPOSE modal reads nothing" filename="test/test_firmware_ui_send.cpp" line="876" skipped="true"/>
    <TestCase name="ui-frame: F2 — a BLANKED panel on the Inbox screen reads nothing" filename="test/test_firmware_ui_send.cpp" line="892" skipped="true"/>
    <TestCase name="ui-frame: F2 — a MAC-busy pass on the Inbox screen reads nothing" filename="test/test_firmware_ui_send.cpp" line="904" skipped="true"/>
    <TestCase name="ui-frame: F2 — a NON-Inbox frame never reads the counters" filename="test/test_firmware_ui_send.cpp" line="914" skipped="true"/>
    <TestCase name="ui-frame: F3 — a press BEFORE the outcome's first page is consumed, and does NOT dismiss" filename="test/test_firmware_ui_send.cpp" line="951" skipped="true"/>
    <TestCase name="ui-frame: F3 — a press DURING the outcome's frame is consumed; the frame must COMPLETE" filename="test/test_firmware_ui_send.cpp" line="970" skipped="true"/>
    <TestCase name="ui-frame: F3 — a frame that BLANKED before completing presents nothing" filename="test/test_firmware_ui_send.cpp" line="984" skipped="true"/>
    <TestCase name="ui-frame: F3 — a second REPLY needs its own completed frame" filename="test/test_firmware_ui_send.cpp" line="1001" skipped="true"/>
    <TestCase name="ui-frame: F3 — a consumed press never operates the screen under the overlay" filename="test/test_firmware_ui_send.cpp" line="1018" skipped="true"/>
    <TestCase name="ui-recv: R1 — OUR team's REPLY wakes a dark panel, exactly once" filename="test/test_firmware_ui_send.cpp" line="1087" skipped="true"/>
    <TestCase name="ui-recv: R1 NEGATIVE CONTROL — a stranger's channel-0 post must NOT un-blank" filename="test/test_firmware_ui_send.cpp" line="1125" skipped="true"/>
    <TestCase name="ui-recv: R1 CONTROL — an OUR-TEAM post with no alarm behind it is chatter, and chatter stays dark" filename="test/test_firmware_ui_send.cpp" line="1151" skipped="true"/>
    <TestCase name="ui-recv: R1 NEGATIVE CONTROL — a stranger cannot LIGHT a panel a live alarm is holding dark" filename="test/test_firmware_ui_send.cpp" line="1177" skipped="true"/>
    <TestCase name="ui-recv: R1 — the wake inherits the retained-outcome hold; it invents no second window" filename="test/test_firmware_ui_send.cpp" line="1201" skipped="true"/>
    <TestCase name="ui7-line: a DM is `send &lt;id> &quot;&lt;text>&quot; -t -a` — the id, the plane and the ack, exactly" filename="test/test_firmware_ui_send.cpp" line="1282" skipped="true"/>
    <TestCase name="ui7-line: the second DM text is the second STABLE SLOT, not an off-by-one" filename="test/test_firmware_ui_send.cpp" line="1292" skipped="true"/>
    <TestCase name="ui7-line: a canned channel post is `send_channel &lt;ch> &quot;&lt;text>&quot; -t -e`" filename="test/test_firmware_ui_send.cpp" line="1299" skipped="true"/>
    <TestCase name="ui7-line: the EMERGENCY carries -l only WITH a fix; without one it still goes out" filename="test/test_firmware_ui_send.cpp" line="1311" skipped="true"/>
    <TestCase name="ui10-p3-emergency: `loc=off` on the emergency slot means NO `-l`, fix or no fix (R-2 row 1)" filename="test/test_firmware_ui_send.cpp" line="1327" skipped="true"/>
    <TestCase name="ui10-p3-emergency: the alarm's body is the CATALOG's emergency phrase, not a compiled string" filename="test/test_firmware_ui_send.cpp" line="1341" skipped="true"/>
    <TestCase name="ui10-p3-loc: a `loc=on` DM and channel preset compose `-l`, ALWAYS — no fix, no key, no downgrade" filename="test/test_firmware_ui_send.cpp" line="1354" skipped="true"/>
    <TestCase name="ui7-line: a DISABLED slot, an out-of-range slot and an empty row all REFUSE to compose" filename="test/test_firmware_ui_send.cpp" line="1378" skipped="true"/>
    <TestCase name="ui7-line: truncation is a REFUSAL, never a short send (C2)" filename="test/test_firmware_ui_send.cpp" line="1394" skipped="true"/>
    <TestCase name="ui7-line: kSendLineCap fits every line either verb can produce, at the widest id and channel" filename="test/test_firmware_ui_send.cpp" line="1402" skipped="true"/>
    <TestCase name="ui10-p3-freeze: the gate passes a sealed slot+generation that still describes the live catalog" filename="test/test_firmware_ui_send.cpp" line="1430" skipped="true"/>
    <TestCase name="ui10-p3-freeze: a MOVED generation refuses — driven for set / clear / reset / reset all" filename="test/test_firmware_ui_send.cpp" line="1435" skipped="true"/>
    <TestCase name="ui10-p3-freeze: a slot DISABLED at execution refuses even with the generation intact" filename="test/test_firmware_ui_send.cpp" line="1466" skipped="true"/>
    <TestCase name="ui10-p3-freeze: the EMERGENCY is exempt from the stale-generation refusal, on every catalog" filename="test/test_firmware_ui_send.cpp" line="1481" skipped="true"/>
    <TestCase name="ui7-send: an ACCEPTED emergency spends exactly one attempt and holds its handle" filename="test/test_firmware_ui_send.cpp" line="1494" skipped="true"/>
    <TestCase name="ui7-send: `queued` with ctr==0 spends NO attempt here — the bounded expiry does" filename="test/test_firmware_ui_send.cpp" line="1510" skipped="true"/>
    <TestCase name="ui7-send: an err_* result lands the alarm in FAILED and carries the CmdCode verbatim" filename="test/test_firmware_ui_send.cpp" line="1525" skipped="true"/>
    <TestCase name="ui7-send: a line that never PARSED is `parser`, and no code is claimed for it" filename="test/test_firmware_ui_send.cpp" line="1538" skipped="true"/>
    <TestCase name="ui7-send: a request the composer refuses NEVER reaches the executor" filename="test/test_firmware_ui_send.cpp" line="1555" skipped="true"/>
    <TestCase name="ui10-p3-freeze: a stale request costs ZERO exec calls, ZERO tracker slots, and says PRESET CHANGED" filename="test/test_firmware_ui_send.cpp" line="1572" skipped="true"/>
    <TestCase name="ui10-p3-freeze: an alarm SENDS through a catalog mutation, and reads the NEW emergency phrase" filename="test/test_firmware_ui_send.cpp" line="1594" skipped="true"/>
    <TestCase name="ui7-send: a DM goes to the NORMAL slot and reaches waiting_ack; the alarm slot stays untouched" filename="test/test_firmware_ui_send.cpp" line="1608" skipped="true"/>
    <TestCase name="ui7-B113: an ACCEPTED canned post enters `waiting`, KEEPS its handle, and moves neither DM nor alarm" filename="test/test_firmware_ui_send.cpp" line="1639" skipped="true"/>
    <TestCase name="ui7-B113 CONTROL: accepting a DM or an ALARM must never move the canned-channel state" filename="test/test_firmware_ui_send.cpp" line="1678" skipped="true"/>
    <TestCase name="ui7-B113: `waiting` means WE HOLD A HANDLE — a ctr-less canned post must not reach it" filename="test/test_firmware_ui_send.cpp" line="1697" skipped="true"/>
    <TestCase name="ui7-B69: no_relay and remote_mint land in DIFFERENT ChanStates — the carrier B69 asked for" filename="test/test_firmware_ui_send.cpp" line="1717" skipped="true"/>
    <TestCase name="ui7-B69: a canned post's outcome NEVER moves a live alarm (§2.1), by either route" filename="test/test_firmware_ui_send.cpp" line="1731" skipped="true"/>
    <TestCase name="ui7-B69: the NORMAL tracker's expiry reaches the sub-view and still cannot touch the alarm (§B84 blk 2)" filename="test/test_firmware_ui_send.cpp" line="1745" skipped="true"/>
    <TestCase name="ui7-B69: a canned send_blocked reaches the sub-view as BLOCKED, not the alarm" filename="test/test_firmware_ui_send.cpp" line="1758" skipped="true"/>
    <TestCase name="ui7-slot: a late_ack slot is released once the sub-view has closed" filename="test/test_firmware_ui_send.cpp" line="1780" skipped="true"/>
    <TestCase name="ui7-slot: an UNANSWERED late_ack slot is released once the sub-view has gone, or the device is bricked" filename="test/test_firmware_ui_send.cpp" line="1825" skipped="true"/>
    <TestCase name="ui7-slot: the EMERGENCY slot is never closed by a compose modal" filename="test/test_firmware_ui_send.cpp" line="1871" skipped="true"/>
    <TestCase name="ui7-b115: the accepted alarm's VISIBLE line steps `1 of 3` -> `2 of 3` -> `3 of 3`" filename="test/test_firmware_ui_send.cpp" line="1905" skipped="true"/>
    <TestCase name="ui7-b115: a ctr==0 attempt still reads `1 of 3`, never `0 of 3`" filename="test/test_firmware_ui_send.cpp" line="1963" skipped="true"/>
    <TestCase name="ui7-b115: the ordinal is a DIFFERENT number from `attempts()`, and by exactly one attempt" filename="test/test_firmware_ui_send.cpp" line="1989" skipped="true"/>
    <TestCase name="ui7-b115: a blocked-then-retried alarm still reads `1 of 3` — a block spends nothing" filename="test/test_firmware_ui_send.cpp" line="2011" skipped="true"/>
    <TestCase name="ui7-b115: re-firing a sticky NOT HEARD opens at `1 of 3` again" filename="test/test_firmware_ui_send.cpp" line="2037" skipped="true"/>
    <TestCase name="ui-T3: a correlated DM send_aired upgrades QUEUED -> SENT and does NOT close the slot" filename="test/test_firmware_ui_send.cpp" line="2064" skipped="true"/>
    <TestCase name="ui-T3: an UNCORRELATED send_aired moves nothing (neither handle nor peer may be approximated)" filename="test/test_firmware_ui_send.cpp" line="2083" skipped="true"/>
    <TestCase name="ui-T3: a canned CHANNEL post correlates on the 16-bit handle ALONE, above 255 (§b40)" filename="test/test_firmware_ui_send.cpp" line="2097" skipped="true"/>
    <TestCase name="ui-T3-c: an EMERGENCY send_aired changes NOTHING and RETAINS the slot; its channel_sent still lands" filename="test/test_firmware_ui_send.cpp" line="2118" skipped="true"/>
    <TestCase name="ui-T3-c: an EMERGENCY airing must not relabel a coincident canned post" filename="test/test_firmware_ui_send.cpp" line="2149" skipped="true"/>
    <TestCase name="ui-T3: on_send_aired(emergency) never promotes a canned post standing in QUEUED" filename="test/test_firmware_ui_send.cpp" line="2176" skipped="true"/>
    <TestCase name="ui-T3-d: a LATE send_aired never overwrites a terminal state — all five, plus the queued controls" filename="test/test_firmware_ui_send.cpp" line="2192" skipped="true"/>
    <TestCase name="ui-T3: after SENT the terminal verdict still applies, in every direction" filename="test/test_firmware_ui_send.cpp" line="2262" skipped="true"/>
    <TestCase name="ui17-wake: a SEALED team post lights a dark panel — and the SAME post CLEARTEXT does not" filename="test/test_firmware_ui_send.cpp" line="2303" skipped="true"/>
    <TestCase name="ui17-wake: a DM addressed to us lights a dark panel, SEALED or NOT" filename="test/test_firmware_ui_send.cpp" line="2323" skipped="true"/>
    <TestCase name="ui17-wake: the full PushKind enum — only a DM wakes a dark panel with enc false" filename="test/test_firmware_ui_send.cpp" line="2380" skipped="true"/>
    <TestCase name="ui17-wake: the counters and the repaint are UNCHANGED on every arm, sealed or not" filename="test/test_firmware_ui_send.cpp" line="2402" skipped="true"/>
    <TestCase name="ui17-wake: a sealed teammate reply still becomes a REPLY, and a cleartext stranger still does neither" filename="test/test_firmware_ui_send.cpp" line="2426" skipped="true"/>
    <TestCase name="ui16-route: the router routes team_key_grant_aired to the invite verdict — and only a CORRELATED one lands" filename="test/test_firmware_ui_send.cpp" line="2553" skipped="true"/>
    <TestCase name="ui16-route: team_key_grant_failed reaches the verdict, and a UI slot's generic push stays its own" filename="test/test_firmware_ui_send.cpp" line="2585" skipped="true"/>
    <TestCase name="ui16-K4: a forwarded grant receipt shows TEAM KEY RECEIVED — and the failure path never does" filename="test/test_firmware_ui_send.cpp" line="2641" skipped="true"/>
    <TestCase name="ui16-K4: ⛔ the note NEVER navigates, moves no cursor, writes no emergency field and does NOT wake" filename="test/test_firmware_ui_send.cpp" line="2685" skipped="true"/>
    <TestCase name="ui16-K4: the FULL PushKind enum — only team_key_received writes the note" filename="test/test_firmware_ui_send.cpp" line="2746" skipped="true"/>
    <TestCase name="ui10-p3-loc: a located CHANNEL preset with no fix ISSUES `-l` and reports the core's refusal" filename="test/test_firmware_ui_send.cpp" line="2791" skipped="true"/>
    <TestCase name="ui10-p3-loc: a located DM preset keeps `send &lt;id> … -t -a -l` and reports the unsealed refusal" filename="test/test_firmware_ui_send.cpp" line="2811" skipped="true"/>
    <TestCase name="ui17-status: row 0 names the team in EIGHT uppercase hex, and says NO TEAM for id 0" filename="test/test_firmware_ui_status.cpp" line="67" skipped="true"/>
    <TestCase name="ui17-status: row 1 is the team-local id, BLANK with no team, and ME NO ID before team-DAD" filename="test/test_firmware_ui_status.cpp" line="93" skipped="true"/>
    <TestCase name="ui17-status: row 2 says KNOWN — never HEARD, never MEMBERS — and saturates at 9+" filename="test/test_firmware_ui_status.cpp" line="122" skipped="true"/>
    <TestCase name="ui17-status: row 2's NO TEAM KEY outranks the count, and no team at all is SILENCE" filename="test/test_firmware_ui_status.cpp" line="148" skipped="true"/>
    <TestCase name="ui17-status: row 3 combines the two unread counts and saturates at the STRIP's 99+" filename="test/test_firmware_ui_status.cpp" line="179" skipped="true"/>
    <TestCase name="ui17-status: row 3's HOME half is `--` when never confirmed and ABSENT with no mobile plane" filename="test/test_firmware_ui_status.cpp" line="209" skipped="true"/>
    <TestCase name="ui17-status: row 4's priority is RESTART NEEDED > coordinates > NO LOCATION, and never both" filename="test/test_firmware_ui_status.cpp" line="240" skipped="true"/>
    <TestCase name="ui17-status: (0,0) is NO LOCATION — the CORE's own predicate, never a plausible 0.000,0.000" filename="test/test_firmware_ui_status.cpp" line="260" skipped="true"/>
    <TestCase name="ui17-status: row 4 reads the FROZEN snapshot, and `own_fix` is its authority in both directions" filename="test/test_firmware_ui_status.cpp" line="282" skipped="true"/>
    <TestCase name="ui17-status: the coordinate TRUNCATES toward zero, in all four quadrants, and -0.000 keeps its sign" filename="test/test_firmware_ui_status.cpp" line="306" skipped="true"/>
    <TestCase name="ui17-status: gateway_heltec's shape — no team plane, no mobile plane — claims NOTHING" filename="test/test_firmware_ui_status.cpp" line="347" skipped="true"/>
    <TestCase name="ui17-status: EVERY row of the fully-populated body fits its own column budget" filename="test/test_firmware_ui_status.cpp" line="362" skipped="true"/>
    <TestCase name="ui17-team: the ruled row is EXACTLY 19 columns, marker + label + age + the two blanks" filename="test/test_firmware_ui_team.cpp" line="104" skipped="true"/>
    <TestCase name="ui17-team: a long label is CLAMPED to six columns and cannot push the age off the row" filename="test/test_firmware_ui_team.cpp" line="118" skipped="true"/>
    <TestCase name="ui17-team: the label's own widths — a short name pads, a six-column one fills, none clips" filename="test/test_firmware_ui_team.cpp" line="140" skipped="true"/>
    <TestCase name="ui17-team: an UNKNOWN route age renders `--`, ⛔ never a plausible number" filename="test/test_firmware_ui_team.cpp" line="156" skipped="true"/>
    <TestCase name="ui17-team: with NO location evidence the two columns are PRESENT and BLANK" filename="test/test_firmware_ui_team.cpp" line="168" skipped="true"/>
    <TestCase name="ui17-team: a located teammate fills DIST and DIR, and the row is STILL exactly 19 columns" filename="test/test_firmware_ui_team.cpp" line="194" skipped="true"/>
    <TestCase name="ui17-team: a STALE cached position renders BLANK — ⛔ never a plausible number" filename="test/test_firmware_ui_team.cpp" line="217" skipped="true"/>
    <TestCase name="ui17-team: without OUR OWN fix every row's columns are blank, however fresh the peer is" filename="test/test_firmware_ui_team.cpp" line="234" skipped="true"/>
    <TestCase name="ui17-team: a COINCIDENT teammate draws `0m` and a BLANK direction — ⛔ never `N`" filename="test/test_firmware_ui_team.cpp" line="247" skipped="true"/>
    <TestCase name="ui17-team: the interactive list's `BACK` row fits beside these, in the ONE shipped spelling" filename="test/test_firmware_ui_team.cpp" line="260" skipped="true"/>
    <TestCase name="ui17-team: the route-age token is `ui_fmt_home_age`'s ruled table, `--` for unknown" filename="test/test_firmware_ui_team.cpp" line="269" skipped="true"/>
    <TestCase name="ui17-team: the age BUCKET agrees with the drawn token, boundary for boundary, MEASURED" filename="test/test_firmware_ui_team.cpp" line="291" skipped="true"/>
    <TestCase name="ui17-team: a lit TEAM screen repaints when an age TOKEN turns (the F-8 gap, closed)" filename="test/test_firmware_ui_team.cpp" line="335" skipped="true"/>
    <TestCase name="ui17-team: a RAW age that moves INSIDE its bucket raises nothing (⛔ never a repaint per second)" filename="test/test_firmware_ui_team.cpp" line="351" skipped="true"/>
    <TestCase name="ui17-team: an EQUAL projection raises nothing — and ⛔ CLEARS nothing" filename="test/test_firmware_ui_team.cpp" line="368" skipped="true"/>
    <TestCase name="ui17-team: the rows belong to ONE screen — ⛔ no repaint is asked for from any other" filename="test/test_firmware_ui_team.cpp" line="386" skipped="true"/>
    <TestCase name="ui17-team: ...and to ONE BODY — a view that replaces it asks for no team repaint" filename="test/test_firmware_ui_team.cpp" line="406" skipped="true"/>
    <TestCase name="ui17-team: while BLANKED it raises, never unblanks, never clears, never opens a frame" filename="test/test_firmware_ui_team.cpp" line="447" skipped="true"/>
    <TestCase name="ui17-team: a DISTANCE token that turns repaints a lit TEAM screen; a drift inside it does not" filename="test/test_firmware_ui_team.cpp" line="482" skipped="true"/>
    <TestCase name="ui17-team: the OCTANT, the freshness bound and OUR OWN fix each repaint on their own" filename="test/test_firmware_ui_team.cpp" line="509" skipped="true"/>
    <TestCase name="ui17-team: the LABEL's drawn prefix is compared — a rename past column 6 is invisible" filename="test/test_firmware_ui_team.cpp" line="546" skipped="true"/>
    <TestCase name="ui17-team: the comparison is POSITIONAL and bounded by the rows the panel actually draws" filename="test/test_firmware_ui_team.cpp" line="567" skipped="true"/>
    <TestCase name="FixedInboxStore: append + read_since oldest-first + since-filter + count" filename="test/test_fixed_inbox_store.cpp" line="22" skipped="true"/>
    <TestCase name="FixedInboxStore: drop-oldest at capacity keeps the newest" filename="test/test_fixed_inbox_store.cpp" line="43" skipped="true"/>
    <TestCase name="FixedInboxStore: cursor + epoch (0 -> 1) + volatile next-seq + body round-trip" filename="test/test_fixed_inbox_store.cpp" line="57" skipped="true"/>
    <TestCase name="FixedInboxStore: [[B134]] wipe() really empties the ring and the cursor, and reports it" filename="test/test_fixed_inbox_store.cpp" line="81" skipped="true"/>
    <TestCase name="wire — cmd-nibble byte helpers" filename="test/test_frame_codec.cpp" line="26" skipped="true"/>
    <TestCase name="wire — Writer/Reader LE/BE round-trip + bounds" filename="test/test_frame_codec.cpp" line="35" skipped="true"/>
    <TestCase name="CTS — round-trip across the field ranges (ORDINARY shape, already_received = 0)" filename="test/test_frame_codec.cpp" line="64" skipped="true"/>
    <TestCase name="CTS — golden hex (§10.3) — ORDINARY shape unchanged by §hybrid-rts S1" filename="test/test_frame_codec.cpp" line="87" skipped="true"/>
    <TestCase name="ACK — round-trip across the field ranges" filename="test/test_frame_codec.cpp" line="98" skipped="true"/>
    <TestCase name="ACK — golden hex (§10.3)" filename="test/test_frame_codec.cpp" line="117" skipped="true"/>
    <TestCase name="ACK — budget_hint SATURATES at 3 (matches Lua pack_ack, not a wrap)" filename="test/test_frame_codec.cpp" line="125" skipped="true"/>
    <TestCase name="CTS/ACK — robustness: reject wrong cmd / wrong length / bad input" filename="test/test_frame_codec.cpp" line="133" skipped="true"/>
    <TestCase name="§cts-len6-cr2 — THE INVARIANT: decoded NAV length >= the real DATA frame, over the full domain" filename="test/test_frame_codec.cpp" line="169" skipped="true"/>
    <TestCase name="§cts-len6-cr2 — airtime-neutral: a uniform-CR mesh's reservation moves &lt;= 4 bytes" filename="test/test_frame_codec.cpp" line="244" skipped="true"/>
    <TestCase name="CTS — §hybrid-rts S1: the terminal bit selects a SHAPE, and only tx_id/rx_id survive unchanged" filename="test/test_frame_codec.cpp" line="264" skipped="true"/>
    <TestCase name="§hybrid-rts S1 CTS — TERMINAL golden vectors: 6 B plaintext / 7 B crypted, exact bytes" filename="test/test_frame_codec.cpp" line="290" skipped="true"/>
    <TestCase name="§hybrid-rts S1 CTS — the cross-shape reject matrix, in BOTH directions" filename="test/test_frame_codec.cpp" line="324" skipped="true"/>
    <TestCase name="RTS — round-trip (unicast = 10/11 B §hybrid-rts S1, M_BROADCAST = 9 B unchanged)" filename="test/test_frame_codec.cpp" line="395" skipped="true"/>
    <TestCase name="RTS — golden hex (§10.3, byte-5 reading A) + the §hybrid-rts S1 identity tail" filename="test/test_frame_codec.cpp" line="429" skipped="true"/>
    <TestCase name="RTS — rejects addr_len > 1 and wrong cmd / short frame" filename="test/test_frame_codec.cpp" line="456" skipped="true"/>
    <TestCase name="§hybrid-rts S1 — PLAINTEXT identity: exact bytes, and the counter HIGH byte is carried" filename="test/test_frame_codec.cpp" line="474" skipped="true"/>
    <TestCase name="§hybrid-rts S1 — CRYPTED identity: BLAKE2b-512-then-truncate KNOWN ANSWER, pinned independently" filename="test/test_frame_codec.cpp" line="494" skipped="true"/>
    <TestCase name="§hybrid-rts S1 — the semantic wire-length helpers, and they are NOT the global RTS/CTS constants" filename="test/test_frame_codec.cpp" line="547" skipped="true"/>
    <TestCase name="§hybrid-rts S1 — the CANONICAL RTS length matrix: 10/11 accepted, 7/8/9/12 refused, cross-kind refused" filename="test/test_frame_codec.cpp" line="562" skipped="true"/>
    <TestCase name="§rts-cr — rts_cr_encode/rts_cr_decode are an exact bijection over cr 5..8" filename="test/test_frame_codec.cpp" line="615" skipped="true"/>
    <TestCase name="§rts-cr — cr_adv round-trips through pack/parse at every RTS length, with NO length change" filename="test/test_frame_codec.cpp" line="627" skipped="true"/>
    <TestCase name="§rts-cr — the code lands on EXACTLY byte-3 b0 (high) + byte-5 b0 (low), disturbing nothing else" filename="test/test_frame_codec.cpp" line="667" skipped="true"/>
    <TestCase name="NACK — round-trip + golden + reject" filename="test/test_frame_codec.cpp" line="712" skipped="true"/>
    <TestCase name="Q — REQ_SYNC + CHANNEL_PULL round-trip + golden + reject" filename="test/test_frame_codec.cpp" line="737" skipped="true"/>
    <TestCase name="§team-parity T4 — Q TEAM_SYNC: round-trip + golden + the 4-B LE team_id tail" filename="test/test_frame_codec.cpp" line="785" skipped="true"/>
    <TestCase name="§team-parity T4 — ★ the Q opcode field is 2 BITS: team_sync MUST be 0, and nothing may renumber it" filename="test/test_frame_codec.cpp" line="810" skipped="true"/>
    <TestCase name="§team-parity T4 — C2: a scope-less TEAM_SYNC is refused on pack AND rejected on parse" filename="test/test_frame_codec.cpp" line="833" skipped="true"/>
    <TestCase name="H — round-trip (key_hash32 LE) + golden + reject" filename="test/test_frame_codec.cpp" line="862" skipped="true"/>
    <TestCase name="§2 H — a WANT_PUBKEY query appends the requester's ed_pub[32] (mutual reqpubkey); non-pubkey H unchanged" filename="test/test_frame_codec.cpp" line="889" skipped="true"/>
    <TestCase name="§id-hash S4a — a BY_ID H is 8 B, canonical, and sets HARD (O6); the accessors refuse to read the wrong mode" filename="test/test_frame_codec.cpp" line="916" skipped="true"/>
    <TestCase name="§id-hash S4a — the canonical gate REFUSES on pack AND rejects on parse (ids 0/255, non-zero upper bytes)" filename="test/test_frame_codec.cpp" line="944" skipped="true"/>
    <TestCase name="§id-hash S4a §5 — BY_ID + WANT_PUBKEY is refused both ways: the one-round form is NOT DESIGNED" filename="test/test_frame_codec.cpp" line="971" skipped="true"/>
    <TestCase name="§name — a WANT_PUBKEY H appends the requester's [name_len][name] WITH the pubkey (after team_id); nameless stays 40 B (backward-compatible); round-trips" filename="test/test_frame_codec.cpp" line="989" skipped="true"/>
    <TestCase name="F — RREQ/RREP round-trip + golden + is_reply isolation + reject" filename="test/test_frame_codec.cpp" line="1025" skipped="true"/>
    <TestCase name="J DISCOVER — round-trip (key_hash32 LE) + golden" filename="test/test_frame_codec.cpp" line="1083" skipped="true"/>
    <TestCase name="J OFFER — round-trip + golden" filename="test/test_frame_codec.cpp" line="1105" skipped="true"/>
    <TestCase name="J CLAIM — round-trip (LE u16 lease) + golden" filename="test/test_frame_codec.cpp" line="1129" skipped="true"/>
    <TestCase name="J DENY — round-trip (two LE key_hash32 + LE lease) + golden" filename="test/test_frame_codec.cpp" line="1156" skipped="true"/>
    <TestCase name="J — header flag/opcode isolation + strict-length + wrong-cmd reject" filename="test/test_frame_codec.cpp" line="1176" skipped="true"/>
    <TestCase name="BCN — golden minimal (header + 2 entries)" filename="test/test_frame_codec.cpp" line="1200" skipped="true"/>
    <TestCase name="BCN — golden schedule + seen-bitmap" filename="test/test_frame_codec.cpp" line="1244" skipped="true"/>
    <TestCase name="BCN — opaque ext round-trip" filename="test/test_frame_codec.cpp" line="1295" skipped="true"/>
    <TestCase name="BCN — n_entries 6-bit split (byte3) round-trip" filename="test/test_frame_codec.cpp" line="1323" skipped="true"/>
    <TestCase name="BCN — schedule multi-record + both period units round-trip" filename="test/test_frame_codec.cpp" line="1357" skipped="true"/>
    <TestCase name="BCN — all sections combined round-trip" filename="test/test_frame_codec.cpp" line="1390" skipped="true"/>
    <TestCase name="BCN — byte2 flag bit isolation (each flag toggles exactly its bit)" filename="test/test_frame_codec.cpp" line="1428" skipped="true"/>
    <TestCase name="BCN — entry extremes (hops=255, bucket=0xF) + entry rsv bits ignored on parse" filename="test/test_frame_codec.cpp" line="1458" skipped="true"/>
    <TestCase name="R6.1 BCN — leaf header (lineage/epoch/config_hash, u16x3) round-trips at bytes 8..13 LE" filename="test/test_frame_codec.cpp" line="1489" skipped="true"/>
    <TestCase name="leaf_config_hash — deterministic, sensitive to every input, never 0 (the filter sentinel)" filename="test/test_frame_codec.cpp" line="1504" skipped="true"/>
    <TestCase name="BCN — reject: wrong cmd / truncation / trailing / over-cap" filename="test/test_frame_codec.cpp" line="1520" skipped="true"/>
    <TestCase name="DATA — golden NORMAL DM (full flags byte; no APP/TYPE byte; no payload-flags byte)" filename="test/test_frame_codec.cpp" line="1578" skipped="true"/>
    <TestCase name="DATA — golden APP frame (TYPE byte at offset 8; inner_off 9)" filename="test/test_frame_codec.cpp" line="1618" skipped="true"/>
    <TestCase name="M — golden lean channel-message frame (cmd 0xA, leaf in byte-0, channel_msg_id BE)" filename="test/test_frame_codec.cpp" line="1655" skipped="true"/>
    <TestCase name="M — round-trip across leaf/channel/flavor/body; reject len&lt;7 + wrong cmd; accept empty body" filename="test/test_frame_codec.cpp" line="1673" skipped="true"/>
    <TestCase name="DATA — round-trip across fields (full flags byte, TYPE/APP, ctr, inner, hops)" filename="test/test_frame_codec.cpp" line="1703" skipped="true"/>
    <TestCase name="DATA — hop_budget saturates (matches Lua math.min, not a wrap)" filename="test/test_frame_codec.cpp" line="1758" skipped="true"/>
    <TestCase name="DATA — byte1 flag bit isolation (full byte; each flag toggles exactly its bit)" filename="test/test_frame_codec.cpp" line="1772" skipped="true"/>
    <TestCase name="DATA — reject: wrong cmd / &lt;12 / addr_len!=0 / bad span sizes; 12-B min accepts" filename="test/test_frame_codec.cpp" line="1802" skipped="true"/>
    <TestCase name="DATA — endianness guard (ctr LE)" filename="test/test_frame_codec.cpp" line="1848" skipped="true"/>
    <TestCase name="DATA — inner helpers: reject malformed + accept minimum (empty body)" filename="test/test_frame_codec.cpp" line="1860" skipped="true"/>
    <TestCase name="DATA — default hops_remaining is 31 (no TTL enforcement, Lua 'or 31')" filename="test/test_frame_codec.cpp" line="1873" skipped="true"/>
    <TestCase name="DATA unicast inner — DST_HASH round-trip + plain + reject truncations (layout from flags)" filename="test/test_frame_codec.cpp" line="1884" skipped="true"/>
    <TestCase name="DATA unicast inner — CROSS_LAYER layer-path parse + fail-loud (Slice 4b / spec §5)" filename="test/test_frame_codec.cpp" line="1937" skipped="true"/>
    <TestCase name="DATA unicast inner — pack_unicast_inner round-trips with parse + overflow/invalid -> 0 (Slice 4b)" filename="test/test_frame_codec.cpp" line="1969" skipped="true"/>
    <TestCase name="RTS — FLOOD RTS-M round-trip (43 B: channel_msg_id BE + 32-B bitmap) + rejects" filename="test/test_frame_codec.cpp" line="1994" skipped="true"/>
    <TestCase name="gateway-layer TLV (type 4) — pack/parse round-trip, incl ODD N nibble packing" filename="test/test_frame_codec.cpp" line="2037" skipped="true"/>
    <TestCase name="gateway-layer TLV — a DUPLICATE gw_id discards the whole TLV; an unrelated TLV is skipped" filename="test/test_frame_codec.cpp" line="2055" skipped="true"/>
    <TestCase name="loc6 — round-trip within the ~11 m quantization bound across the globe" filename="test/test_frame_codec.cpp" line="2076" skipped="true"/>
    <TestCase name="loc6 — 6 bytes MSB-first; low 5 bits reserved = 0" filename="test/test_frame_codec.cpp" line="2095" skipped="true"/>
    <TestCase name="loc6 — short buffer refuses (pack 0, unpack false)" filename="test/test_frame_codec.cpp" line="2101" skipped="true"/>
    <TestCase name="loc6 — over-range latitude clamps to the field ceiling (no overflow)" filename="test/test_frame_codec.cpp" line="2108" skipped="true"/>
    <TestCase name="unicast inner — LOCATION round-trips after source_hash, before body" filename="test/test_frame_codec.cpp" line="2122" skipped="true"/>
    <TestCase name="unicast inner — KEYSTONE: coords inert when LOCATION absent (byte-identical)" filename="test/test_frame_codec.cpp" line="2145" skipped="true"/>
    <TestCase name="unicast inner — LOCATION grows the inner by 6; the body cap shrinks (overflow refuses)" filename="test/test_frame_codec.cpp" line="2161" skipped="true"/>
    <TestCase name="data_mac_len — 4 normally, 8 under CRYPTED" filename="test/test_frame_codec.cpp" line="2176" skipped="true"/>
    <TestCase name="pack_data — KEYSTONE: a non-CRYPTED DATA keeps the 4-B trailer (byte-identical layout)" filename="test/test_frame_codec.cpp" line="2183" skipped="true"/>
    <TestCase name="pack_data — CRYPTED carries an 8-B trailer (nonce-seed); parse exposes data_nonce_seed + data_mac(8)" filename="test/test_frame_codec.cpp" line="2195" skipped="true"/>
    <TestCase name="pack_data — refuses CRYPTED without DST_HASH, and a wrong-size CRYPTED trailer" filename="test/test_frame_codec.cpp" line="2218" skipped="true"/>
    <TestCase name="§1c parse_unicast_inner — CRYPTED stops at dst_hash; origin is SEALED, the whole rest is opaque body" filename="test/test_frame_codec.cpp" line="2228" skipped="true"/>
    <TestCase name="hash-bind PUBKEY inner (DATA_TYPE_AUTHORITATIVE_H_ANSWER_PUBKEY) — 34-B round-trip; &lt;34 rejected" filename="test/test_frame_codec.cpp" line="2245" skipped="true"/>
    <TestCase name="data_crypted_region — carves [aad | ciphertext | tag | seed] of a CRYPTED DATA frame" filename="test/test_frame_codec.cpp" line="2263" skipped="true"/>
    <TestCase name="§F2 beacon_max_entries — true byte-budget cap (header + schedule + bitmap + ext)" filename="test/test_frame_codec.cpp" line="2307" skipped="true"/>
    <TestCase name="R6.2 Q CONFIG_PULL — round-trips lineage + epoch (8 B); truncation rejected" filename="test/test_frame_codec.cpp" line="2325" skipped="true"/>
    <TestCase name="C config frame body — round-trips sf_list(u8)/duty_bp/frac/chI/dmI/epoch/name (§2)" filename="test/test_frame_codec.cpp" line="2338" skipped="true"/>
    <TestCase name="C config frame — name truncates at leaf_name_max(10), identically on both sides (§5)" filename="test/test_frame_codec.cpp" line="2361" skipped="true"/>
    <TestCase name="leaf_config_hash — equal across the sf-bitmap/duty_bp wire forms (§5 no-re-pull)" filename="test/test_frame_codec.cpp" line="2373" skipped="true"/>
    <TestCase name="BCN §7c — wire_version in byte-3 low nibble; round-trips + readable at a fixed offset cross-version" filename="test/test_frame_codec.cpp" line="2392" skipped="true"/>
    <TestCase name="BCN — route-entry degraded bit (byte-2 b3) round-trips, default 0, leaves score/gw untouched" filename="test/test_frame_codec.cpp" line="2408" skipped="true"/>
    <TestCase name="BCN — heard_set_complete flag (byte-3 b4) round-trips and wire_version SURVIVES" filename="test/test_frame_codec.cpp" line="2435" skipped="true"/>
    <TestCase name="BCN — both new bits coexist; old-format (all-zero new bits) parses clean" filename="test/test_frame_codec.cpp" line="2468" skipped="true"/>
    <TestCase name="mobile marks — RTS/DATA addr_len + RTS/ACK MOBILE round-trip (Slice 1)" filename="test/test_frame_codec.cpp" line="2505" skipped="true"/>
    <TestCase name="J mobile OFFER — 13-B round-trip (Slice 2a + §S6 target hash); normal OFFER stays 8-B" filename="test/test_frame_codec.cpp" line="2567" skipped="true"/>
    <TestCase name="§mobile 4a — hash_bind_inner: mobile variant packs the epoch (7 B); normal is byte-identical (6 B)" filename="test/test_frame_codec.cpp" line="2583" skipped="true"/>
    <TestCase name="§B161 — typed hash answers have exact canonical DATA bytes; the pubkey answer keeps its envelope" filename="test/test_frame_codec.cpp" line="2600" skipped="true"/>
    <TestCase name="§mobile 5a — LayerRecord codec round-trips (with a name, and name-less)" filename="test/test_frame_codec.cpp" line="2699" skipped="true"/>
    <TestCase name="P-probe rev2 — check (8 B) golden + round-trip; searching derived from selected==0" filename="test/test_frame_codec.cpp" line="2721" skipped="true"/>
    <TestCase name="P-probe rev2 — searching + last_home (10 B) flag order" filename="test/test_frame_codec.cpp" line="2740" skipped="true"/>
    <TestCase name="P-probe rev2 — registering: selected + last_home + pubkey (42 B) fields in flag-bit order" filename="test/test_frame_codec.cpp" line="2753" skipped="true"/>
    <TestCase name="P-probe/P-roster — reject wrong cmd / wrong dir / short-for-flag" filename="test/test_frame_codec.cpp" line="2767" skipped="true"/>
    <TestCase name="P-roster rev2 — ECHO block round-trip + size" filename="test/test_frame_codec.cpp" line="2789" skipped="true"/>
    <TestCase name="P-roster — 3 mobiles (27 B) golden size + bitmap round-trip" filename="test/test_frame_codec.cpp" line="2806" skipped="true"/>
    <TestCase name="P-roster — 16 mobiles = 108 B no-deleg / 110 B with-deleg (frame-size guide)" filename="test/test_frame_codec.cpp" line="2832" skipped="true"/>
    <TestCase name="j_discover — re-home +3 B last-home block +4 B old-home hash (§B4); fresh mobile 9 B; static 6 B" filename="test/test_frame_codec.cpp" line="2847" skipped="true"/>
    <TestCase name="identity — deterministic keygen, key_hash32 = LE(ed_pub[:4]), seed preserved" filename="test/test_identity.cpp" line="41" skipped="true"/>
    <TestCase name="identity — x_pub == eddsa_to_x25519(ed_pub): the X25519 secret IS the canonical scalar" filename="test/test_identity.cpp" line="65" skipped="true"/>
    <TestCase name="identity — ECDH agrees both ways via ed_pub conversion (A·B == B·A)" filename="test/test_identity.cpp" line="79" skipped="true"/>
    <TestCase name="identity — crypto_x25519 matches the RFC 7748 §6.1 known-answer vector" filename="test/test_identity.cpp" line="95" skipped="true"/>
    <TestCase name="identity — GOLDEN vector: seed={1..32} pins ed_pub/key_hash32/x_pub (NV/wire drift guard)" filename="test/test_identity.cpp" line="105" skipped="true"/>
    <TestCase name="team channel key — KAT: the stored scalar is CANONICAL and pub matches RFC 7748 §6.1" filename="test/test_identity.cpp" line="127" skipped="true"/>
    <TestCase name="team channel key — KAT: Bob's half + the RFC 7748 shared secret through the STORED scalars" filename="test/test_identity.cpp" line="154" skipped="true"/>
    <TestCase name="team channel key — clamping is IDEMPOTENT: adopting a canonical scalar reproduces the pair exactly" filename="test/test_identity.cpp" line="176" skipped="true"/>
    <TestCase name="team channel key — distinct from the node identity and from any team_id input" filename="test/test_identity.cpp" line="189" skipped="true"/>
    <TestCase name="team channel key — C2: all-zero entropy is REFUSED and writes NOTHING" filename="test/test_identity.cpp" line="204" skipped="true"/>
    <TestCase name="team channel key — a single set bit anywhere is enough entropy to derive (not a length check)" filename="test/test_identity.cpp" line="214" skipped="true"/>
    <TestCase name="identity — distinct seeds give distinct identities" filename="test/test_identity.cpp" line="224" skipped="true"/>
    <TestCase name="inbox: §8b enc flag survives the record round-trip (DM enc 0/1; channel always 0)" filename="test/test_inbox.cpp" line="48" skipped="true"/>
    <TestCase name="inbox: §GapA-durable origin_layer survives the record round-trip (XL sender's layer; 0 for same-layer)" filename="test/test_inbox.cpp" line="64" skipped="true"/>
    <TestCase name="inbox: flush() is a no-op when nothing un-persisted; writes only a dirty store" filename="test/test_inbox.cpp" line="79" skipped="true"/>
    <TestCase name="inbox: record_ack stores an E2E-ack RECEIPT (type=E2E_ACK, no body) on the DM seq-space; normal DM type=0" filename="test/test_inbox.cpp" line="101" skipped="true"/>
    <TestCase name="inbox: disabled until stores are installed (record_* / pull inert)" filename="test/test_inbox.cpp" line="125" skipped="true"/>
    <TestCase name="inbox: record_dm/record_channel RETURN the assigned seq (model-B live-push stamp); 0 when disabled" filename="test/test_inbox.cpp" line="133" skipped="true"/>
    <TestCase name="inbox: record DM + channel, pull(0,0) returns all oldest-first, fields intact" filename="test/test_inbox.cpp" line="150" skipped="true"/>
    <TestCase name="inbox: the receiving layer_id round-trips through serialize -> store -> pull (Slice 4a' / §2/Q13)" filename="test/test_inbox.cpp" line="171" skipped="true"/>
    <TestCase name="inbox: pull(since) returns only seq > since (the cursor)" filename="test/test_inbox.cpp" line="184" skipped="true"/>
    <TestCase name="inbox: drop-oldest at the byte cap — oldest evicted, count bounded, seq monotonic + newest kept" filename="test/test_inbox.cpp" line="193" skipped="true"/>
    <TestCase name="inbox: DM and channel stores are isolated (a channel flood does NOT evict DMs)" filename="test/test_inbox.cpp" line="205" skipped="true"/>
    <TestCase name="inbox: seq never regresses across a reboot (re-on_init restores next-seq); batched persist fires" filename="test/test_inbox.cpp" line="219" skipped="true"/>
    <TestCase name="inbox: empty / max-body records round-trip; an over-cap single record is rejected" filename="test/test_inbox.cpp" line="236" skipped="true"/>
    <TestCase name="inbox: DM sender_hash (the stable identity, SOURCE_HASH) round-trips; absent/channel = 0" filename="test/test_inbox.cpp" line="255" skipped="true"/>
    <TestCase name="inbox: storage_epoch is surfaced from the DM store (the companion's wipe-detector, §10.1)" filename="test/test_inbox.cpp" line="269" skipped="true"/>
    <TestCase name="inbox: flush() force-persists the next-seq counters (the on-a-timer half of §6)" filename="test/test_inbox.cpp" line="278" skipped="true"/>
    <TestCase name="inbox: a FAILED set_next_seq keeps the batch so the next append retries (does not swallow it)" filename="test/test_inbox.cpp" line="289" skipped="true"/>
    <TestCase name="inbox §3.5/1: erase(dm, seq) removes THAT record from pull; survivors keep order; no tombstone leaks" filename="test/test_inbox.cpp" line="339" skipped="true"/>
    <TestCase name="inbox §3.5/2: the tombstone is the LAST record in the log and the target is still filtered (ordering)" filename="test/test_inbox.cpp" line="362" skipped="true"/>
    <TestCase name="inbox §3.5/3: identity is (kind, seq) — the two seq spaces are independent" filename="test/test_inbox.cpp" line="380" skipped="true"/>
    <TestCase name="inbox §3.5/4: a delete survives a reboot; the record never reappears; no seq is reused" filename="test/test_inbox.cpp" line="398" skipped="true"/>
    <TestCase name="inbox §3.5/5: not_found — never existed / evicted / already deleted, and nothing else is touched" filename="test/test_inbox.cpp" line="418" skipped="true"/>
    <TestCase name="inbox §3.5/6: io_error on a failed append — a failed delete omits nothing" filename="test/test_inbox.cpp" line="438" skipped="true"/>
    <TestCase name="inbox §3.5/7: a disabled inbox reports io_error, never erased" filename="test/test_inbox.cpp" line="453" skipped="true"/>
    <TestCase name="inbox §3.5/8: the tombstone cap is enforced at the WRITER, and no capped delete ever resurrects" filename="test/test_inbox.cpp" line="462" skipped="true"/>
    <TestCase name="inbox §3.5/9: a delete is not a wipe — read cursor and storage epoch are untouched" filename="test/test_inbox.cpp" line="482" skipped="true"/>
    <TestCase name="mac wait windows: the 0e reference PHY reproduces every armed window" filename="test/test_mac_wait_windows.cpp" line="12" skipped="true"/>
    <TestCase name="mac wait windows: CTS retry backoff caps at two and pays two turnarounds" filename="test/test_mac_wait_windows.cpp" line="32" skipped="true"/>
    <TestCase name="mac wait windows: ACK keeps both airtimes both slops and its margin" filename="test/test_mac_wait_windows.cpp" line="42" skipped="true"/>
    <TestCase name="mac wait windows: synthetic overflow preserves the original unsigned arithmetic" filename="test/test_mac_wait_windows.cpp" line="51" skipped="true"/>
    <TestCase name="channel_msg_id mint is bit-exact: origin&lt;&lt;24 | (key_hash32 LOW 16)&lt;&lt;8 | ctr low 8" filename="test/test_node_channel.cpp" line="198" skipped="true"/>
    <TestCase name="send_channel buffers a dirty entry; the id matches the minted ctr; oversize + unprovisioned refused" filename="test/test_node_channel.cpp" line="206" skipped="true"/>
    <TestCase name="DATA-M ingest: a received channel msg is admitted + buffered; a gateway skips the merge" filename="test/test_node_channel.cpp" line="230" skipped="true"/>
    <TestCase name="§mobile 6.3 — team M-frame codec: team_id round-trips (BE, 11-B hdr); a non-team M is 7-B byte-identical" filename="test/test_node_channel.cpp" line="246" skipped="true"/>
    <TestCase name="§mobile 6.3 — ingest team gate: same-team ingests; static + other-team drop; a non-team leaf M is ingested by all (planes=both)" filename="test/test_node_channel.cpp" line="271" skipped="true"/>
    <TestCase name="§mobile 6.3 — a team member's channel post emits a mobile_src RTS-M + a team_id M-frame; a static post does neither" filename="test/test_node_channel.cpp" line="295" skipped="true"/>
    <TestCase name="§mobile 6.3 — a static / non-team node does NOT participate in a TEAM (mobile_src) channel flood; a team member does" filename="test/test_node_channel.cpp" line="317" skipped="true"/>
    <TestCase name="§mobile 6.3 — the overhear-retune window sizes for the +4-B team M-frame (mobile_src) so it isn't dropped at high SF" filename="test/test_node_channel.cpp" line="337" skipped="true"/>
    <TestCase name="DATA-M ingest pushes a channel_recv to the app (origin/channel_id/body); dup raises no 2nd push" filename="test/test_node_channel.cpp" line="360" skipped="true"/>
    <TestCase name="per-origin anti-spam: distinct-id count caps at the window max; over-cap drops; self bypasses" filename="test/test_node_channel.cpp" line="382" skipped="true"/>
    <TestCase name="anti-spam repeat-id refreshes (not re-counts): a re-broadcast can't free a slot for a new id" filename="test/test_node_channel.cpp" line="404" skipped="true"/>
    <TestCase name="Slice2 — ChannelOriginLedger carries a per-origin last_flood_ms (default 0) sized by cap_channel_origin_events" filename="test/test_node_channel.cpp" line="423" skipped="true"/>
    <TestCase name="Slice2 — channel_origin_admit drops at channel_cap_origin() (computed, not the flat 20) when duty is enabled" filename="test/test_node_channel.cpp" line="430" skipped="true"/>
    <TestCase name="Slice2 — channel_origin_admit: a too-soon (&lt;10s) 2nd flood from an origin is dropped; >=10s is admitted" filename="test/test_node_channel.cpp" line="450" skipped="true"/>
    <TestCase name="B1 — channel_origin_admit caps recording at the ledger bound even when the policy cap exceeds it (no ev[] heap-OOB)" filename="test/test_node_channel.cpp" line="474" skipped="true"/>
    <TestCase name="Slice2 — do_send_channel self-gates own posts at the cap + the 10s floor; no self_originate_observe cap" filename="test/test_node_channel.cpp" line="496" skipped="true"/>
    <TestCase name="Slice2 — do_send_channel self-gate: over the computed cap emits send_blocked{channel,cap}" filename="test/test_node_channel.cpp" line="520" skipped="true"/>
    <TestCase name="buffer eviction (fallback, no neighbours): the OLDEST goes; ALL others survive in order" filename="test/test_node_channel.cpp" line="545" skipped="true"/>
    <TestCase name="buffer eviction (safe): an entry seen by ALL 1-hop neighbours is evicted before the oldest" filename="test/test_node_channel.cpp" line="570" skipped="true"/>
    <TestCase name="BCN channel-digest ext-TLV: pack/parse round-trip, count cap, multi-TLV coexistence, bounds" filename="test/test_node_channel.cpp" line="597" skipped="true"/>
    <TestCase name="§P4 BCN suspect/liveness ext-TLV: pack/parse round-trip, type selection, clamp, coexistence" filename="test/test_node_channel.cpp" line="624" skipped="true"/>
    <TestCase name="digest emit: a dirty entry is advertised in the BCN digest TLV; with NO neighbour retires after 1 aired ad" filename="test/test_node_channel.cpp" line="672" skipped="true"/>
    <TestCase name="digest holder-aware: a covered 1-hop neighbour retires the entry early (reason seen), before the K=3 horizon" filename="test/test_node_channel.cpp" line="698" skipped="true"/>
    <TestCase name="digest holder-aware: the horizon backstop retires a never-covered neighbour after K_max aired ads" filename="test/test_node_channel.cpp" line="717" skipped="true"/>
    <TestCase name="digest air-honest: an LBT-suppressed beacon burns no ad_count / no retire; only a transmitter-admitted beacon commits" filename="test/test_node_channel.cpp" line="738" skipped="true"/>
    <TestCase name="§tx-admission TX2 (C) — a beacon dropped by a FULL LBT defer ring must not burn the digest" filename="test/test_node_channel.cpp" line="782" skipped="true"/>
    <TestCase name="§tx-admission TX2 (D) — an IMMEDIATE HAL rejection must not burn the digest (positive control paired)" filename="test/test_node_channel.cpp" line="833" skipped="true"/>
    <TestCase name="§tx-admission TX3 — a DEFERRED beacon commits its digest at DeviceHal admission, not at ring entry" filename="test/test_node_channel.cpp" line="860" skipped="true"/>
    <TestCase name="digest ingest -> jittered pull: a missing id schedules (the DRAW) then fires a CHANNEL_PULL Q" filename="test/test_node_channel.cpp" line="907" skipped="true"/>
    <TestCase name="digest ingest -> have it: a known id is NOT pulled (mark seen_by instead)" filename="test/test_node_channel.cpp" line="923" skipped="true"/>
    <TestCase name="digest ingest -> recent dedup: a 2nd digest for the same id within the window does not re-pull" filename="test/test_node_channel.cpp" line="934" skipped="true"/>
    <TestCase name="digest team-gate: a STATIC node (team_id=0) hearing a TEAM digest does NOT pull (the fix)" filename="test/test_node_channel.cpp" line="952" skipped="true"/>
    <TestCase name="digest team-gate: a TEAM member hearing an OTHER-team digest does NOT pull (same disease)" filename="test/test_node_channel.cpp" line="962" skipped="true"/>
    <TestCase name="digest team-gate: a TEAM member hearing a SAME-team digest DOES pull (team repair backstop preserved)" filename="test/test_node_channel.cpp" line="972" skipped="true"/>
    <TestCase name="digest team-gate: a TEAM member hearing a STATIC digest (peer_team=0) DOES pull (leaf msgs reach a registered mobile)" filename="test/test_node_channel.cpp" line="982" skipped="true"/>
    <TestCase name="pull overhear-cancel: receiving the msg before the jitter fires suppresses the pull" filename="test/test_node_channel.cpp" line="993" skipped="true"/>
    <TestCase name="CHANNEL_PULL responder: a held id is re-broadcast as an M-payload with the M_BROADCAST RTS" filename="test/test_node_channel.cpp" line="1008" skipped="true"/>
    <TestCase name="CHANNEL_PULL responder: a pull addressed to someone else is not served; in-flight dedup holds" filename="test/test_node_channel.cpp" line="1027" skipped="true"/>
    <TestCase name="overhear ARM: an M_BROADCAST RTS for a LACKED id retunes RX to the advertised data SF" filename="test/test_node_channel.cpp" line="1043" skipped="true"/>
    <TestCase name="overhear ARM: an M_BROADCAST RTS for a HELD id does NOT retune (id_lo16 skip)" filename="test/test_node_channel.cpp" line="1057" skipped="true"/>
    <TestCase name="M-broadcast fire-and-forget: pull -> RTS(M_BROADCAST) -> (gap) DATA-M -> clear, no CTS/ACK" filename="test/test_node_channel.cpp" line="1069" skipped="true"/>
    <TestCase name="M-frame ingest: a leaf-matching M frame (cmd 0xA) is buffered promiscuously (no addressing)" filename="test/test_node_channel.cpp" line="1087" skipped="true"/>
    <TestCase name="M-frame leaf gate: an M frame for a FOREIGN leaf is dropped at ingest, NOT buffered (the leak fix)" filename="test/test_node_channel.cpp" line="1096" skipped="true"/>
    <TestCase name="FLOOD originate: do_send_channel seeds {self + hops==1 neighbours} into the RTS-M bitmap, broadcasts" filename="test/test_node_channel.cpp" line="1114" skipped="true"/>
    <TestCase name="FLOOD receive: a fresh RTS-M retunes to catch the DATA-M; a 2nd (dup) does not re-retune" filename="test/test_node_channel.cpp" line="1134" skipped="true"/>
    <TestCase name="FLOOD forward: unmarked neighbour -> rebroadcast scheduled; all-marked -> silent" filename="test/test_node_channel.cpp" line="1145" skipped="true"/>
    <TestCase name="FLOOD rebroadcast: re-floods {coverage + me} with hop_left-1; hop_left&lt;=1 -> TTL drop" filename="test/test_node_channel.cpp" line="1169" skipped="true"/>
    <TestCase name="L7 — a forged FLOOD hop_left=255 is clamped to flood_hop_max on ingest" filename="test/test_node_channel.cpp" line="1203" skipped="true"/>
    <TestCase name="FLOOD fast-self-pull (§4.4): caught the RTS-M, missed the DATA-M -> pull from src on retune" filename="test/test_node_channel.cpp" line="1221" skipped="true"/>
    <TestCase name="FLOOD leaf-mismatch: a foreign-leaf RTS-M is dropped (no overhear, no state)" filename="test/test_node_channel.cpp" line="1232" skipped="true"/>
    <TestCase name="channel ctr persist — reboot CONTINUES the ctr (no id re-mint); restore_channel_ctr is the fix" filename="test/test_node_channel.cpp" line="1249" skipped="true"/>
    <TestCase name="channel ctr — channel_ctr() 0 before any send (v14->0 default); restore_channel_ctr round-trips" filename="test/test_node_channel.cpp" line="1271" skipped="true"/>
    <TestCase name="prep-restart: clear_learned_state empties routes/channel/pending, KEEPS config+identity, re-learns after" filename="test/test_node_channel.cpp" line="1282" skipped="true"/>
    <TestCase name="RE-OFFER: an unconfirmed origin re-floods on each timer fire up to the cap, then frees the slot" filename="test/test_node_channel.cpp" line="1311" skipped="true"/>
    <TestCase name="RE-OFFER: a confirmed origin (it overhears a RELAY of its message) never re-floods" filename="test/test_node_channel.cpp" line="1343" skipped="true"/>
    <TestCase name="RE-OFFER: a TEAM flood re-offers all its retries DESPITE overhearing a relay (mixed-chain coverage)" filename="test/test_node_channel.cpp" line="1369" skipped="true"/>
    <TestCase name="RE-OFFER §b38: a TEAM post that is NEVER relayed reports channel_sent{relayed:false} once, at exhaustion" filename="test/test_node_channel.cpp" line="1412" skipped="true"/>
    <TestCase name="RE-OFFER §b40: channel_sent carries the FULL 16-bit ctr — 255/256/257/wrap, and a low-byte collision stays distinguishable" filename="test/test_node_channel.cpp" line="1437" skipped="true"/>
    <TestCase name="RE-OFFER: the re-offer timer delay is channel_reoffer_delay_ms + the deterministic jitter (mt19937 path)" filename="test/test_node_channel.cpp" line="1472" skipped="true"/>
    <TestCase name="Node::limits_snapshot — live values for a known config" filename="test/test_node_channel.cpp" line="1484" skipped="true"/>
    <TestCase name="Slice 6: emit_send_blocked + emit_channel_sent{relayed:false} reachable through a real Node" filename="test/test_node_channel.cpp" line="1517" skipped="true"/>
    <TestCase name="§S7 T-A — a team member re-floods a TEAM flood to an UNMARKED team peer; SILENT when covered (coverage keyed on _rt_team)" filename="test/test_node_channel.cpp" line="1547" skipped="true"/>
    <TestCase name="★★★★ §MH-S5-FIX [[B172]]/[[B173]] — flood_set_my_coverage seeds ONLY live direct hosted mobiles (a redirect / an expired row claims no bit)" filename="test/test_node_channel.cpp" line="1586" skipped="true"/>
    <TestCase name="★★★★ §MH-S5-FIX [[B172]]/[[B173]] — flood_any_unmarked: only a live direct hosted mobile can DEMAND a re-flood" filename="test/test_node_channel.cpp" line="1617" skipped="true"/>
    <TestCase name="§F-CH-RELAY — a team-flood HOLDER with an UNMARKED downstream peer arms a coverage-driven re-offer, bounded" filename="test/test_node_channel.cpp" line="1664" skipped="true"/>
    <TestCase name="§F-CH-RELAY — overhearing a downstream peer re-broadcast (seen_by mark) STOPS the holder re-offer (coverage complete)" filename="test/test_node_channel.cpp" line="1678" skipped="true"/>
    <TestCase name="§F-CH-RELAY — a STATIC / leaf flood HOLDER never arms a holder re-offer (team-scoped; delivery-suite inert)" filename="test/test_node_channel.cpp" line="1699" skipped="true"/>
    <TestCase name="§S7 T-A — a STATIC flood keys coverage on _rt (NOT _rt_team); the two bitmaps never mix" filename="test/test_node_channel.cpp" line="1714" skipped="true"/>
    <TestCase name="§S7 T-B — an OFF-GRID mobile does NOT catch a leaf flood; a REGISTERED mobile catches + ingests but NEVER re-floods" filename="test/test_node_channel.cpp" line="1731" skipped="true"/>
    <TestCase name="§S7 T-B — send_channel plane select: static -t refused, plain=leaf; registered mobile plain=GLOBAL delegate, -t=TEAM, both; off-grid plain fails loud" filename="test/test_node_channel.cpp" line="1751" skipped="true"/>
    <TestCase name="§T6/B — channel_origin_admit keys the ledger by (PLANE, origin): a TEAM origin N and a STATIC origin N do not share a burst floor" filename="test/test_node_channel.cpp" line="1798" skipped="true"/>
    <TestCase name="§T6/B — the two planes' distinct-id COUNT caps are independent (a team origin cannot exhaust a static origin's window)" filename="test/test_node_channel.cpp" line="1822" skipped="true"/>
    <TestCase name="§team-ch-key — a fresh node holds NO team channel key (accessors are nullptr, not a zero buffer)" filename="test/test_node_channel.cpp" line="1871" skipped="true"/>
    <TestCase name="§team-ch-key — mint: 32 CSPRNG bytes -> a canonical pair; the flag flips; pub == X25519(priv, 9)" filename="test/test_node_channel.cpp" line="1879" skipped="true"/>
    <TestCase name="§team-ch-key — C2: a dead crypto RNG (all-zero draw) REFUSES the mint and leaves the node keyless" filename="test/test_node_channel.cpp" line="1895" skipped="true"/>
    <TestCase name="§team-ch-key — two nodes mint DIFFERENT keys; a re-mint on one node REPLACES its key" filename="test/test_node_channel.cpp" line="1903" skipped="true"/>
    <TestCase name="§team-ch-key — adopt: a matching pair is accepted VERBATIM (the QR / grant path)" filename="test/test_node_channel.cpp" line="1917" skipped="true"/>
    <TestCase name="§team-ch-key — C2 adopt refusals: mismatched pub, all-zero priv, all-zero pub; state untouched" filename="test/test_node_channel.cpp" line="1933" skipped="true"/>
    <TestCase name="§team-ch-key — adopt CANONICALISES an unclamped scalar and derives the pub the RFC names" filename="test/test_node_channel.cpp" line="1959" skipped="true"/>
    <TestCase name="§team-ch-key — NV round-trip: load(present) restores verbatim; load(!present) cannot fabricate a key" filename="test/test_node_channel.cpp" line="1975" skipped="true"/>
    <TestCase name="§o3-key-lifetime — set_team_id CLEARS the team channel key on a switch AND on `team 0`" filename="test/test_node_channel.cpp" line="2004" skipped="true"/>
    <TestCase name="§o3-key-lifetime — `create`/`join`/`leave` still PRESERVE the key (clear_routing_state does NOT clear it)" filename="test/test_node_channel.cpp" line="2045" skipped="true"/>
    <TestCase name="§T-K3 receive — a valid grant ADOPTS the key and pushes team_key_received{team,hash,origin,name}" filename="test/test_node_channel.cpp" line="2129" skipped="true"/>
    <TestCase name="§T-K3 receive — the grant is IDEMPOTENT and a re-grant OVERWRITES (the v1 re-key story, spec §0/Q5)" filename="test/test_node_channel.cpp" line="2151" skipped="true"/>
    <TestCase name="§T-K3 receive — name absent / at the 32-B cap / OVER the cap" filename="test/test_node_channel.cpp" line="2163" skipped="true"/>
    <TestCase name="§T-K3 receive — C2 refusals: short body, INEXACT length, wrong team, no team, degenerate key" filename="test/test_node_channel.cpp" line="2184" skipped="true"/>
    <TestCase name="§T-K3 receive — an UNCLAMPED private half on the wire is canonicalised, and its pub still matches" filename="test/test_node_channel.cpp" line="2222" skipped="true"/>
    <TestCase name="§T-K3 send — every pre-flight refusal is DISTINCT, and none of them airs a frame" filename="test/test_node_channel.cpp" line="2246" skipped="true"/>
    <TestCase name="§o3-key-lifetime — after a switch, `exportkey`/`grantkey` take the existing NO-KEY paths" filename="test/test_node_channel.cpp" line="2288" skipped="true"/>
    <TestCase name="§T-K3 send — the sealed grant is ACTUALLY sealed: CRYPTED + TEAM_KEY_GRANT, and tkpriv is nowhere in the frame" filename="test/test_node_channel.cpp" line="2302" skipped="true"/>
    <TestCase name="§B30 send — a sealed TEAM grant targets the freshest authoritative team-id alias" filename="test/test_node_channel.cpp" line="2324" skipped="true"/>
    <TestCase name="§T-K3 WIRE — the acceptance story: A seals a TEAM_KEY_GRANT, B receives it and can now read the team" filename="test/test_node_channel.cpp" line="2369" skipped="true"/>
    <TestCase name="§T-K3 WIRE — the TEAM-PLANE grant: addressed to the joiner's team_local_id, leaf-agnostic" filename="test/test_node_channel.cpp" line="2413" skipped="true"/>
    <TestCase name="§T-K3 WIRE — a PLAINTEXT TEAM_KEY_GRANT is DROPPED, never adopted and never delivered as a DM" filename="test/test_node_channel.cpp" line="2453" skipped="true"/>
    <TestCase name="§T-K3 guard — enqueue_data REFUSES a non-CRYPTED TEAM_KEY_GRANT (no cleartext fallback, ever)" filename="test/test_node_channel.cpp" line="2496" skipped="true"/>
    <TestCase name="§T-K3 guard — enqueue_cross_layer REFUSES a TEAM_KEY_GRANT outright (an XL grant could only be CLEARTEXT)" filename="test/test_node_channel.cpp" line="2523" skipped="true"/>
    <TestCase name="§chan-crypt — `-e` WITHOUT `-t` is REFUSED (a global channel has no content key); nothing airs" filename="test/test_node_channel.cpp" line="2554" skipped="true"/>
    <TestCase name="§chan-crypt — `-t -g -e` is REFUSED because the GLOBAL copy would air the same text in the CLEAR" filename="test/test_node_channel.cpp" line="2581" skipped="true"/>
    <TestCase name="§chan-crypt CL2a — `-t -e` on a member holding NO team content key refuses `no_key`/unsealable; `-t` alone unaffected" filename="test/test_node_channel.cpp" line="2603" skipped="true"/>
    <TestCase name="§chan-crypt — ORDER: the team-MEMBERSHIP refusal still wins over the crypt matrix on a non-team node" filename="test/test_node_channel.cpp" line="2627" skipped="true"/>
    <TestCase name="§chan-crypt — CryptIntent::off behaves exactly like `def` (there is nothing to opt out of yet)" filename="test/test_node_channel.cpp" line="2645" skipped="true"/>
    <TestCase name="§chan-crypt CL2a — KAT: the sealed body is [seal_ctr 2][seed8 8][ct‖tag] and opens under an INDEPENDENTLY recomputed key/nonce/AAD" filename="test/test_node_channel.cpp" line="2714" skipped="true"/>
    <TestCase name="★★ §chan-crypt CL2a — NONCE UNIQUENESS: never reused across posts, and NOT EVEN between two members sharing the key + seed + ctr" filename="test/test_node_channel.cpp" line="2765" skipped="true"/>
    <TestCase name="§chan-crypt CL2a — R7: a DEAD crypto RNG (all-zero seed) REFUSES to seal; nothing is buffered, flooded or downgraded" filename="test/test_node_channel.cpp" line="2816" skipped="true"/>
    <TestCase name="§chan-crypt CL2a/CL2b/CL2c — the SEALED size cap bounds the INNER: text 173, 163 with `-l`; refused, never truncated" filename="test/test_node_channel.cpp" line="2832" skipped="true"/>
    <TestCase name="★ §chan-crypt CL2a — RECEIVE: a keyholder opens the post (enc=1); a WRONG key and NO key both fail CLOSED and still RELAY" filename="test/test_node_channel.cpp" line="2916" skipped="true"/>
    <TestCase name="§chan-crypt CL2a — the team_channel_no_key push is RATE-LIMITED; the telemetry is not" filename="test/test_node_channel.cpp" line="2988" skipped="true"/>
    <TestCase name="★ §chan-crypt CL2a — team_channel_crypt DEFAULT-ON: `-t` seals when a key is held, and the CONFIG toggle is the only opt-out" filename="test/test_node_channel.cpp" line="3011" skipped="true"/>
    <TestCase name="★★ §chan-crypt CL2a — the implicit seal is scoped to a TEAM-ONLY post: a keyholder's GLOBAL and `-t -g` posts are UNCHANGED" filename="test/test_node_channel.cpp" line="3042" skipped="true"/>
    <TestCase name="★★★ §chan-crypt CL2b — RULING O6, EVERY ROW: `-l` is refused exactly when the post would NOT be sealed" filename="test/test_node_channel.cpp" line="3145" skipped="true"/>
    <TestCase name="★ §chan-crypt CL2b — `flags == 0` (no text AND no position) is REFUSED; a position-only post is NOT" filename="test/test_node_channel.cpp" line="3246" skipped="true"/>
    <TestCase name="★★★ §chan-crypt CL2b/CL2c — KAT: the sealed inner is [flags 0x07][key_hash32 4 LE][pack_loc6 6][text], and NOTHING is in clear" filename="test/test_node_channel.cpp" line="3275" skipped="true"/>
    <TestCase name="★★★ §chan-crypt CL2c — a `-l` post from a node with NO IDENTITY (key_hash32 == 0) is REFUSED, not aired unattributed" filename="test/test_node_channel.cpp" line="3327" skipped="true"/>
    <TestCase name="★★★ §chan-crypt CL2b/CL2c — RECEIVE: the text is stripped of its header, the position + CARRIED sender ride the push, and AB4 RETAINS under the carried hash" filename="test/test_node_channel.cpp" line="3368" skipped="true"/>
    <TestCase name="★★ §chan-crypt CL2b — a MALFORMED inner is a CONTENT drop, NOT a key problem: no channel_recv, no key prompt, still relayed" filename="test/test_node_channel.cpp" line="3565" skipped="true"/>
    <TestCase name="§T3 send_aired (channel) — N14a/N14b: a LOCAL post's M-frame airs once, carrying the FULL 16-bit handle" filename="test/test_node_channel.cpp" line="3629" skipped="true"/>
    <TestCase name="§T3 send_aired (channel) — N14c: a HOLDER re-offer airs and pushes NOTHING (it owns no origination)" filename="test/test_node_channel.cpp" line="3661" skipped="true"/>
    <TestCase name="§T3 send_aired (channel) — N14d: a PULL RESPONSE with the ORIGIN's OWN id pushes NOTHING" filename="test/test_node_channel.cpp" line="3681" skipped="true"/>
    <TestCase name="§T3-a loop order — the completion must be collected BEFORE the M-clear timer, or the push is lost" filename="test/test_node_channel.cpp" line="3715" skipped="true"/>
    <TestCase name="e2e-ack deadline — derivation math (round trip = 2x the one-way delivery budget; no magic numbers)" filename="test/test_node_e2e_ack.cpp" line="72" skipped="true"/>
    <TestCase name="e2e-ack deadline — arm on a -a send, CLEAR on the ack, NO timeout fires" filename="test/test_node_e2e_ack.cpp" line="80" skipped="true"/>
    <TestCase name="e2e-ack deadline — no ack -> send_failed{e2e_ack_timeout}; a LATE ack is a harmless no-op" filename="test/test_node_e2e_ack.cpp" line="95" skipped="true"/>
    <TestCase name="e2e-ack deadline — a full ring REFUSES a new -a send LOUD (err_ack_ring_full), never evict-oldest" filename="test/test_node_e2e_ack.cpp" line="116" skipped="true"/>
    <TestCase name="e2e-ack deadline — the per-origination-path ctr-pairing match rule" filename="test/test_node_e2e_ack.cpp" line="132" skipped="true"/>
    <TestCase name="e2e-ack deadline — the one-shot timer re-arms to the EARLIEST pending deadline (park_reflood idiom)" filename="test/test_node_e2e_ack.cpp" line="164" skipped="true"/>
    <TestCase name="A0 id_bind — a heard beacon binds the sender's key_hash32 -> node_id" filename="test/test_node_hashlocate.cpp" line="142" skipped="true"/>
    <TestCase name="A0 id_bind — self binding is seeded at init when provisioned" filename="test/test_node_hashlocate.cpp" line="161" skipped="true"/>
    <TestCase name="A0 id_bind — a binding past its TTL is no longer resolved" filename="test/test_node_hashlocate.cpp" line="169" skipped="true"/>
    <TestCase name="A0 id_bind — table cap refuses a new node_id when full (table_cap_hit)" filename="test/test_node_hashlocate.cpp" line="186" skipped="true"/>
    <TestCase name="A0 id_bind — a rehome (same hash, new node_id) evicts the stale id [rejoin self-heal]" filename="test/test_node_hashlocate.cpp" line="208" skipped="true"/>
    <TestCase name="A0 id_bind — an authoritative beacon re-key overwrites the same id's binding" filename="test/test_node_hashlocate.cpp" line="224" skipped="true"/>
    <TestCase name="A0 id_bind — an AUTHORITATIVE source overwrites a conflicting claimed binding" filename="test/test_node_hashlocate.cpp" line="243" skipped="true"/>
    <TestCase name="A handle_h — own hash resolves (HARD/authoritative) and SUPPRESSES the forward" filename="test/test_node_hashlocate.cpp" line="260" skipped="true"/>
    <TestCase name="A handle_h — WARM CASE: a node that cached the owner's beacon answers; the flood stops" filename="test/test_node_hashlocate.cpp" line="278" skipped="true"/>
    <TestCase name="A handle_h — unknown hash FORWARDS with TTL-1 (deduped on a re-flood)" filename="test/test_node_hashlocate.cpp" line="301" skipped="true"/>
    <TestCase name="L7 — a forged H ttl=255 is clamped to flood_hop_max on forward" filename="test/test_node_hashlocate.cpp" line="330" skipped="true"/>
    <TestCase name="R4 handle_h — a forwarded WANT_PUBKEY query PRESERVES the flag (multi-hop E2E bootstrap)" filename="test/test_node_hashlocate.cpp" line="357" skipped="true"/>
    <TestCase name="A handle_h — TTL exhausted (ttl=0) does NOT forward; own-query echo is ignored" filename="test/test_node_hashlocate.cpp" line="382" skipped="true"/>
    <TestCase name="A handle_h HARD — skips the cache and forwards to the owner (verify-on-use escalation)" filename="test/test_node_hashlocate.cpp" line="403" skipped="true"/>
    <TestCase name="A handle_h — variant-aware dedup: a HARD query is not suppressed by a prior SOFT" filename="test/test_node_hashlocate.cpp" line="437" skipped="true"/>
    <TestCase name="F-XL-1 handle_h — the forward is jittered (stashed + timer-armed in [min,max]); no immediate TX" filename="test/test_node_hashlocate.cpp" line="465" skipped="true"/>
    <TestCase name="F-XL-1 handle_h — two sibling relays draw DIFFERENT jitter -> they re-tx at different ms" filename="test/test_node_hashlocate.cpp" line="493" skipped="true"/>
    <TestCase name="F-XL-1 handle_h — the fired (jittered) frame is byte-identical to an immediate forward" filename="test/test_node_hashlocate.cpp" line="515" skipped="true"/>
    <TestCase name="B codec — hash-bind inner round-trips (6 B, no payload-flags byte; AUTHORITATIVE via frame TYPE)" filename="test/test_node_hashlocate.cpp" line="539" skipped="true"/>
    <TestCase name="B send — the resolver enqueues a hash-bind response addressed to the H-query origin" filename="test/test_node_hashlocate.cpp" line="567" skipped="true"/>
    <TestCase name="B receive — the origin consumes an H_ANSWER DATA and parses the binding" filename="test/test_node_hashlocate.cpp" line="589" skipped="true"/>
    <TestCase name="C.1 consume — the origin caches the resolved binding (h_query, confidence from the answer)" filename="test/test_node_hashlocate.cpp" line="613" skipped="true"/>
    <TestCase name="C.2 cache-on-pass — a forwarder snoops a relayed answer (h_relay) and becomes a future resolver" filename="test/test_node_hashlocate.cpp" line="631" skipped="true"/>
    <TestCase name="★★ §hashbind-plane — a TEAM-plane H_ANSWER is NOT cached in the STATIC _id_bind (the consume path)" filename="test/test_node_hashlocate.cpp" line="657" skipped="true"/>
    <TestCase name="★★ §hashbind-plane — a TEAM-plane H_ANSWER is NOT snooped into the STATIC _id_bind (the cache-on-pass path)" filename="test/test_node_hashlocate.cpp" line="677" skipped="true"/>
    <TestCase name="C — a CLAIMED (soft) snoop does NOT override an authoritative binding (the deferred A0 refuse)" filename="test/test_node_hashlocate.cpp" line="696" skipped="true"/>
    <TestCase name="D send-by-hash — an AUTHORITATIVE binding sends immediately (no park, no H flood)" filename="test/test_node_hashlocate.cpp" line="721" skipped="true"/>
    <TestCase name="D send-by-hash — an UNKNOWN hash parks the DM and floods a SOFT H query" filename="test/test_node_hashlocate.cpp" line="740" skipped="true"/>
    <TestCase name="D send-by-hash — a SOFT (claimed) binding parks + floods a HARD query (verify-on-use)" filename="test/test_node_hashlocate.cpp" line="761" skipped="true"/>
    <TestCase name="D drain — a hash-bind answer resolves the parked DM and flies it (send_hash_resolved)" filename="test/test_node_hashlocate.cpp" line="786" skipped="true"/>
    <TestCase name="D give-up — a parked DM whose hash never resolves is dropped on the aging sweep" filename="test/test_node_hashlocate.cpp" line="811" skipped="true"/>
    <TestCase name="D send-by-hash — an oversized body is refused (err_too_large), never parked (no inner[] overrun)" filename="test/test_node_hashlocate.cpp" line="833" skipped="true"/>
    <TestCase name="§0f DM admission: the cap is accepted, cap+1 AND 241 refuse `err_too_large` at the Node — never at the transport" filename="test/test_node_hashlocate.cpp" line="875" skipped="true"/>
    <TestCase name="§0f sealed DM: a full-cap body reaches the SEAL and refuses through its own named `too_large`" filename="test/test_node_hashlocate.cpp" line="909" skipped="true"/>
    <TestCase name="§0h static sender, authoritative binding: 232 queues with BOTH hashes and a FULL 241-byte inner" filename="test/test_node_hashlocate.cpp" line="983" skipped="true"/>
    <TestCase name="§0h unknown-by-ID destination: SOURCE_HASH is still mandatory, DST_HASH may be absent, capacity is the SAME" filename="test/test_node_hashlocate.cpp" line="1022" skipped="true"/>
    <TestCase name="resolve — own hash and a cached AUTHORITATIVE binding answer immediately (no flood)" filename="test/test_node_hashlocate.cpp" line="1059" skipped="true"/>
    <TestCase name="resolve — unknown hash floods H, then the hash-bind answer pushes hash_resolved" filename="test/test_node_hashlocate.cpp" line="1093" skipped="true"/>
    <TestCase name="resolve — a hash that never resolves pushes a timeout (node 0) after the TTL" filename="test/test_node_hashlocate.cpp" line="1117" skipped="true"/>
    <TestCase name="D re-drain — a beacon that installs the authoritative binding flies a stranded parked DM" filename="test/test_node_hashlocate.cpp" line="1136" skipped="true"/>
    <TestCase name="peer_key — set/find round-trip; a forged ed_pub (hash mismatch) is refused" filename="test/test_node_hashlocate.cpp" line="1164" skipped="true"/>
    <TestCase name="peer_key — authoritative is never downgraded by an overheard insert" filename="test/test_node_hashlocate.cpp" line="1181" skipped="true"/>
    <TestCase name="peer_key — evict the least-recently-seen when the cache is full (cap_peer_keys)" filename="test/test_node_hashlocate.cpp" line="1193" skipped="true"/>
    <TestCase name="peer_key — aged past peer_key_ttl_ms; age_out compacts it away" filename="test/test_node_hashlocate.cpp" line="1209" skipped="true"/>
    <TestCase name="PINNED peer key — an on-air answer NEVER overwrites a pinned key (grind-collision resistance, §1)" filename="test/test_node_hashlocate.cpp" line="1224" skipped="true"/>
    <TestCase name="PINNED peer key — never LRU-evicted; the oldest NON-pinned is evicted instead (§1)" filename="test/test_node_hashlocate.cpp" line="1240" skipped="true"/>
    <TestCase name="PINNED peer key — never ages out; an all-pinned full cache refuses a new insert (peer_key_full) (§1)" filename="test/test_node_hashlocate.cpp" line="1257" skipped="true"/>
    <TestCase name="e2e seal/open — A seals a DM to B, B opens it; the inner is actually encrypted; tamper/ctr/spoof all drop" filename="test/test_node_hashlocate.cpp" line="1286" skipped="true"/>
    <TestCase name="§S4 SEALED_RELAY — A seals a relay body to B, B opens it directed; the body is actually encrypted" filename="test/test_node_hashlocate.cpp" line="1331" skipped="true"/>
    <TestCase name="§S4 SEALED_RELAY — the directed open under the WRONG source_hash fails loud (anti-spoof / no key)" filename="test/test_node_hashlocate.cpp" line="1355" skipped="true"/>
    <TestCase name="§S4 SEALED_RELAY — a GARBAGE sealed origin byte does NOT break identity (origin is ignored; source_hash rules)" filename="test/test_node_hashlocate.cpp" line="1376" skipped="true"/>
    <TestCase name="§S4 -K — suppresses the INTRO attach for one plaintext send; -K on a sealed send is a harmless no-op" filename="test/test_node_hashlocate.cpp" line="1403" skipped="true"/>
    <TestCase name="§1a trial decrypt — picks the sender's key out of the cache, recovers origin; an un-held sender finds no candidate" filename="test/test_node_hashlocate.cpp" line="1440" skipped="true"/>
    <TestCase name="§1a — a PINNED peer key seals AND opens (conf>=authoritative gate; the pinned-exclusion bug)" filename="test/test_node_hashlocate.cpp" line="1478" skipped="true"/>
    <TestCase name="§1c sealed origin — origin is RECOVERED from the seal, NOT readable in the cleartext inner" filename="test/test_node_hashlocate.cpp" line="1509" skipped="true"/>
    <TestCase name="e2e seal — refuses (returns 0) when the recipient pubkey is unknown (fail-loud, never cleartext)" filename="test/test_node_hashlocate.cpp" line="1540" skipped="true"/>
    <TestCase name="L10 — an all-zero ECDH shared secret is REJECTED at seal AND open (low-order X25519 defense)" filename="test/test_node_hashlocate.cpp" line="1559" skipped="true"/>
    <TestCase name="e2e pubkey wire — on_hash_bind_pubkey caches the owner's ed_pub (authoritative)" filename="test/test_node_hashlocate.cpp" line="1610" skipped="true"/>
    <TestCase name="§6 reqpubkey — fires ONE hard WANT_PUBKEY H query carrying OUR pubkey (mutual)" filename="test/test_node_hashlocate.cpp" line="1632" skipped="true"/>
    <TestCase name="§2 reqpubkey without a crypto identity -> fail loud (h_want_pubkey_no_identity), no H flood" filename="test/test_node_hashlocate.cpp" line="1659" skipped="true"/>
    <TestCase name="§2 handle_h — a WANT_PUBKEY owner CACHES the requester's key + answers AUTHORITATIVE_H_ANSWER_PUBKEY" filename="test/test_node_hashlocate.cpp" line="1673" skipped="true"/>
    <TestCase name="§2 review#1 — a non-owner cache-holder does NOT answer a SOFT WANT_PUBKEY with its own key" filename="test/test_node_hashlocate.cpp" line="1704" skipped="true"/>
    <TestCase name="§2 review#14 — a prior plain HARD H does NOT suppress a later WANT_PUBKEY H forward" filename="test/test_node_hashlocate.cpp" line="1729" skipped="true"/>
    <TestCase name="§3 peerkey — on_command installs a PINNED (verified) peer key" filename="test/test_node_hashlocate.cpp" line="1751" skipped="true"/>
    <TestCase name="§AB2 peer_name_set — renames a cached peer, refuses an unknown hash, clamps at the cap" filename="test/test_node_hashlocate.cpp" line="1770" skipped="true"/>
    <TestCase name="§AB2 peer_key_set — both name paths (fresh insert + same-hash refresh) still behave exactly as before" filename="test/test_node_hashlocate.cpp" line="1814" skipped="true"/>
    <TestCase name="§AB2 peer_name_set — a rename of a PINNED peer SUCCEEDS (while an on-air set is still a no-op)" filename="test/test_node_hashlocate.cpp" line="1848" skipped="true"/>
    <TestCase name="§AB2 on_command peername — queued / err_unknown_dst / err_too_large, and the echoed hash" filename="test/test_node_hashlocate.cpp" line="1872" skipped="true"/>
    <TestCase name="§AB2 on_command peerkey — the optional one-shot name lands; over-cap is refused, not clamped" filename="test/test_node_hashlocate.cpp" line="1913" skipped="true"/>
    <TestCase name="§AB2 peer_key_cached push — carries the STORED confidence (and a pinned peer no longer reports pinned:false)" filename="test/test_node_hashlocate.cpp" line="1940" skipped="true"/>
    <TestCase name="§S3 part2 — the HOME proxy-answer caches the requester key AND forwards it to the hosted mobile (wire golden)" filename="test/test_node_hashlocate.cpp" line="1989" skipped="true"/>
    <TestCase name="§S3 part2 — the mobile KEY_FORWARD handler caches + pushes; malformed/degenerate rejected" filename="test/test_node_hashlocate.cpp" line="2025" skipped="true"/>
    <TestCase name="§S3 part3 — a mobile overhearing a WANT_PUBKEY for its OWN hash caches the requester key WITHOUT any TX" filename="test/test_node_hashlocate.cpp" line="2053" skipped="true"/>
    <TestCase name="§S3 acceptance — static->registered-mobile reqpubkey: M gets S's key -> S's sealed DM OPENS at M" filename="test/test_node_hashlocate.cpp" line="2075" skipped="true"/>
    <TestCase name="§S3 part2 dedup — a same-requester second reqpubkey does NOT re-forward" filename="test/test_node_hashlocate.cpp" line="2115" skipped="true"/>
    <TestCase name="§S2 INTRO wire golden — a first-contact plaintext hash send rides as INTRO: [ed_pub 32][name_len][name] before the body" filename="test/test_node_hashlocate.cpp" line="2137" skipped="true"/>
    <TestCase name="§S2 D1 attach rule — unknown/unconfirmed peer attaches INTRO; a CONFIRMED (sealed-opened) peer is PLAIN; a plaintext cache never confirms" filename="test/test_node_hashlocate.cpp" line="2175" skipped="true"/>
    <TestCase name="§S2 too-large fallback — an INTRO that would overflow the DM body cap sends PLAIN (delivery beats key bootstrap) + telemetry" filename="test/test_node_hashlocate.cpp" line="2213" skipped="true"/>
    <TestCase name="§S2 intro_attach cfg OFF + no-identity — never attach (the escape hatch + the s18-inert gate)" filename="test/test_node_hashlocate.cpp" line="2231" skipped="true"/>
    <TestCase name="§F-SL-1 — a parked unresolved send re-floods (bounded + jittered) then still gives up" filename="test/test_node_hashlocate.cpp" line="2252" skipped="true"/>
    <TestCase name="§F-SL-1 — a binding arriving after a re-flood drains the parked send; re-flood then stops" filename="test/test_node_hashlocate.cpp" line="2304" skipped="true"/>
    <TestCase name="§F-SL-1 — a resolved send never parks -> no re-flood timer armed (s18-class inert)" filename="test/test_node_hashlocate.cpp" line="2335" skipped="true"/>
    <TestCase name="§AB3 view — MERGE/DEDUP: one hash held by all three tables emits ONE row carrying all three fields" filename="test/test_node_hashlocate.cpp" line="2385" skipped="true"/>
    <TestCase name="§AB3 view — the AMBIGUOUS reverse lookup: two team ids on one hash -> FRESHEST wins + the loser is REPORTED" filename="test/test_node_hashlocate.cpp" line="2423" skipped="true"/>
    <TestCase name="§AB3 view — ALL FOUR id-only / hash-only shapes are representable and distinguishable" filename="test/test_node_hashlocate.cpp" line="2472" skipped="true"/>
    <TestCase name="§AB3 view — §2.6(a): the bounded book NEVER exceeds cap_peer_keys however full _id_bind gets" filename="test/test_node_hashlocate.cpp" line="2526" skipped="true"/>
    <TestCase name="§AB3 view — an AGED key keeps its name but reports has_key=false + conf=overheard (never over-claim)" filename="test/test_node_hashlocate.cpp" line="2546" skipped="true"/>
    <TestCase name="§AB3 view — §18: one number answering in BOTH planes reports BOTH rows, never one silently chosen" filename="test/test_node_hashlocate.cpp" line="2571" skipped="true"/>
    <TestCase name="§AB3 §2.5 regression — after reqpubkey &lt;team-id>, the id RESOLVES via the view and _id_bind is NOT written" filename="test/test_node_hashlocate.cpp" line="2603" skipped="true"/>
    <TestCase name="§AB3 view — it is a PURE READ: walking the book mutates no table and emits no telemetry" filename="test/test_node_hashlocate.cpp" line="2665" skipped="true"/>
    <TestCase name="§idbind-loop — key_hash_for_id terminates on a MISS (was UB: `uint8_t i &lt; 256`) and resolves a HIT" filename="test/test_node_hashlocate.cpp" line="2702" skipped="true"/>
    <TestCase name="§idbind-loop — key_hash_for_id is bounded by _id_bind_n, so an EVICTED tail row cannot answer" filename="test/test_node_hashlocate.cpp" line="2728" skipped="true"/>
    <TestCase name="§AB4 peer_loc_set/find — a position round-trips with its source, and an unknown hash reports absence" filename="test/test_node_hashlocate.cpp" line="2771" skipped="true"/>
    <TestCase name="§AB4 peer_loc_set — a FRESHER position REPLACES the older one for the same hash (no second slot)" filename="test/test_node_hashlocate.cpp" line="2798" skipped="true"/>
    <TestCase name="§AB4 peer_loc_set — the ring FILLS to cap_peer_loc then evicts the STALEST, never the wrong one" filename="test/test_node_hashlocate.cpp" line="2817" skipped="true"/>
    <TestCase name="§AB4 peer_loc_find — a BACKWARDS clock reports MAXIMALLY STALE, never age 0" filename="test/test_node_hashlocate.cpp" line="2844" skipped="true"/>
    <TestCase name="§AB4 view — the address-book row CARRIES the position, and a peer without one renders cleanly" filename="test/test_node_hashlocate.cpp" line="2858" skipped="true"/>
    <TestCase name="§AB4 view — an UNKEYED hash still shows its position (the shape CL2's channel source will land on)" filename="test/test_node_hashlocate.cpp" line="2896" skipped="true"/>
    <TestCase name="§AB4 — the ring is RAM-ONLY and its cap is the team-scale 16 (so the RAM cost stays the ledger's 320 B)" filename="test/test_node_hashlocate.cpp" line="2926" skipped="true"/>
    <TestCase name="§id-hash S1 — reqpubkey &lt;id> RESOLVES ON THE STATIC PLANE (the bench defect: it could not, for any id)" filename="test/test_node_hashlocate.cpp" line="2979" skipped="true"/>
    <TestCase name="§id-hash S1 — a forced plane must MATCH: `-t` on a static-only node refuses, echoing the plane searched" filename="test/test_node_hashlocate.cpp" line="3016" skipped="true"/>
    <TestCase name="§id-hash S4a §5 — an UNRESOLVED id no longer refuses: it flies a canonical BY-ID query on the chosen plane" filename="test/test_node_hashlocate.cpp" line="3047" skipped="true"/>
    <TestCase name="§id-hash S4a §3-D9 — an UNRESOLVED id on a genuinely DUAL-plane node refuses rather than guessing a plane" filename="test/test_node_hashlocate.cpp" line="3102" skipped="true"/>
    <TestCase name="§id-hash S4a §3-D9 — an OFF-GRID mobile cannot ask a GLOBAL by-id question: no return path, reported not flown" filename="test/test_node_hashlocate.cpp" line="3140" skipped="true"/>
    <TestCase name="§id-hash S1 §3-D9 — one number in BOTH planes refuses err_ambiguous_plane; `-s`/`-t` then pick, and differ" filename="test/test_node_hashlocate.cpp" line="3164" skipped="true"/>
    <TestCase name="§id-hash S1 — the TEAM arm is UNREGRESSED: a bare id on a team-only node still resolves via _team_keys" filename="test/test_node_hashlocate.cpp" line="3212" skipped="true"/>
    <TestCase name="§id-hash S4a/B53 — a CLAIMED static binding NOW satisfies reqpubkey (the §3-D6 floor), and still not the send path" filename="test/test_node_hashlocate.cpp" line="3237" skipped="true"/>
    <TestCase name="§id-hash S1 — the by-HASH form is untouched: same plane, and dst_hash echoes what was asked" filename="test/test_node_hashlocate.cpp" line="3271" skipped="true"/>
    <TestCase name="§id-hash S2 §1-D — the book no longer lists US: the self-binding is present in _id_bind and SKIPPED" filename="test/test_node_hashlocate.cpp" line="3295" skipped="true"/>
    <TestCase name="§id-hash S2 §1-C — a routed-but-unkeyed STATIC dest is now a row, exactly as its team twin already was" filename="test/test_node_hashlocate.cpp" line="3324" skipped="true"/>
    <TestCase name="§id-hash S2 §2.6(a) — the JSON book (include_id_rows=false) is UNTOUCHED by the new pass" filename="test/test_node_hashlocate.cpp" line="3372" skipped="true"/>
    <TestCase name="§id-hash S2b §1-E — a CLAIMED sighting cannot demote an AUTHORITATIVE binding (the seal path survives)" filename="test/test_node_hashlocate.cpp" line="3403" skipped="true"/>
    <TestCase name="§id-hash S2b — UPGRADE still applies, and a claimed row still refreshes on a claimed sighting" filename="test/test_node_hashlocate.cpp" line="3429" skipped="true"/>
    <TestCase name="§id-hash S2b — a CLAIMED sighting does not extend an AUTHORITATIVE row's lease (owner-specified)" filename="test/test_node_hashlocate.cpp" line="3456" skipped="true"/>
    <TestCase name="§id-hash S2b — the CONFLICT arm is untouched: an authoritative rebind still wins, a claimed one still refuses" filename="test/test_node_hashlocate.cpp" line="3482" skipped="true"/>
    <TestCase name="§id-hash S2b-fix (QA P1a) — a CLAIMED rehome cannot EVICT an authoritative holder of the same hash" filename="test/test_node_hashlocate.cpp" line="3515" skipped="true"/>
    <TestCase name="§id-hash S2b-fix (QA P1a) — claimed->claimed rehome stays NEWEST-WINS (owner ruling), self is protected" filename="test/test_node_hashlocate.cpp" line="3554" skipped="true"/>
    <TestCase name="§id-hash S1b (QA P1c) — NO CRYPTO IDENTITY: err_no_identity, nothing aired, and BLE claims nothing" filename="test/test_node_hashlocate.cpp" line="3589" skipped="true"/>
    <TestCase name="§id-hash S1b (QA P1c) — a DEGENERATE target (our own hash / 0) refuses instead of claiming a flood" filename="test/test_node_hashlocate.cpp" line="3624" skipped="true"/>
    <TestCase name="§id-hash S1b §3-D9 (QA P2) — the SAME hash in BOTH planes is still TWO planes: ambiguous, and `-t` works" filename="test/test_node_hashlocate.cpp" line="3648" skipped="true"/>
    <TestCase name="§id-hash S1b (QA P1c) — the HOSTED-MOBILE cache hit is a SUCCESS that must not claim a flood" filename="test/test_node_hashlocate.cpp" line="3691" skipped="true"/>
    <TestCase name="§id-hash S1c (QA round 2) — a DROPPED frame (LBT defer ring full) must not report `sent`" filename="test/test_node_hashlocate.cpp" line="3720" skipped="true"/>
    <TestCase name="§tx-admission TX1 — CONTROL 1: an idle-channel HAL rejection is not a send" filename="test/test_node_hashlocate.cpp" line="3792" skipped="true"/>
    <TestCase name="§id-hash S1d — CONTROL 2: a frame ACCEPTED into the defer ring that later meets a full HAL queue" filename="test/test_node_hashlocate.cpp" line="3827" skipped="true"/>
    <TestCase name="§id-hash S3 §3-D1 — the FLOOR reaches all three accessors, and `actual` reports the tier" filename="test/test_node_hashlocate.cpp" line="3904" skipped="true"/>
    <TestCase name="§id-hash S3 §3-D5c — a CLAIM cannot demote, relabel, rebind OR re-date a first-hand team row" filename="test/test_node_hashlocate.cpp" line="3956" skipped="true"/>
    <TestCase name="§id-hash S3 §3-D5c — UPGRADE still works: claimed -> authoritative, and claimed -> claimed is newest-wins" filename="test/test_node_hashlocate.cpp" line="4006" skipped="true"/>
    <TestCase name="§id-hash S3 §3-D5c — EVICTION drains the CLAIMED cohort first, so a query storm cannot evict beacon rows" filename="test/test_node_hashlocate.cpp" line="4034" skipped="true"/>
    <TestCase name="§id-hash S3 — the VIEW labels a team claim as a claim, on every fill path, and never doubles a row" filename="test/test_node_hashlocate.cpp" line="4084" skipped="true"/>
    <TestCase name="§id-hash S3 — the ALIAS resolver reports the WINNER's tier and does not re-rank by trust" filename="test/test_node_hashlocate.cpp" line="4141" skipped="true"/>
    <TestCase name="§id-hash S4a §3-D3 — ONLY THE OWNER answers a by-id query; a node holding a CACHED binding must not" filename="test/test_node_hashlocate.cpp" line="4199" skipped="true"/>
    <TestCase name="§id-hash S4a §7-O6 — the RECEIVE side does not require HARD under BY_ID (pack sets it; parse must not demand it)" filename="test/test_node_hashlocate.cpp" line="4256" skipped="true"/>
    <TestCase name="§id-hash S4a §4 — BY_ID joins the dedup key: H(id 114) and H(hash 0x72) cannot suppress each other" filename="test/test_node_hashlocate.cpp" line="4279" skipped="true"/>
    <TestCase name="§id-hash S4a §4 — a FORWARD preserves the BY_ID bit and the canonical value" filename="test/test_node_hashlocate.cpp" line="4302" skipped="true"/>
    <TestCase name="§id-hash S4a §3-D5a — a by-id owner answer lands `claimed` in the STATIC _id_bind (existing codepoint reused)" filename="test/test_node_hashlocate.cpp" line="4328" skipped="true"/>
    <TestCase name="§id-hash S4a §3-D5b — a TEAM answer now lands in _team_keys as `claimed`, and NEVER in _id_bind or _team_peer" filename="test/test_node_hashlocate.cpp" line="4353" skipped="true"/>
    <TestCase name="§id-hash S4a §3-D5b — the RELAY observation is retained too, as h_relay/claimed, and still not _team_peer" filename="test/test_node_hashlocate.cpp" line="4389" skipped="true"/>
    <TestCase name="§id-hash S4a — S3's D5c protections HOLD under the NEW producer (the point of building them first)" filename="test/test_node_hashlocate.cpp" line="4405" skipped="true"/>
    <TestCase name="§id-hash S4a / register B54 — the FIRST claim into a FULL first-hand table still costs ONE beacon row" filename="test/test_node_hashlocate.cpp" line="4435" skipped="true"/>
    <TestCase name="§id-hash S4b §5 — ONE command: the id->hash answer is CONSUMED and the pubkey query flies BY HASH" filename="test/test_node_hashlocate.cpp" line="4498" skipped="true"/>
    <TestCase name="§id-hash S4b §5 — the intent is PLANE-KEYED: a static answer cannot complete a `-t` request" filename="test/test_node_hashlocate.cpp" line="4537" skipped="true"/>
    <TestCase name="§id-hash S4b §5 step 5 — the BOUNDED timeout: a loud giveup, and the intent is really gone" filename="test/test_node_hashlocate.cpp" line="4566" skipped="true"/>
    <TestCase name="§id-hash S4b — the intent ring REFUSES when full (never evicts), and a re-issue refreshes one slot" filename="test/test_node_hashlocate.cpp" line="4614" skipped="true"/>
    <TestCase name="§id-hash S4b — NO CRYPTO IDENTITY is now refused AT STAGE 1, because stage 2 provably cannot happen" filename="test/test_node_hashlocate.cpp" line="4654" skipped="true"/>
    <TestCase name="§id-hash S4b — a stage-1 frame the TX PATH REJECTED leaves NO intent behind" filename="test/test_node_hashlocate.cpp" line="4697" skipped="true"/>
    <TestCase name="§id-hash S4b §5.2 — a STAGE-2 failure is REPORTED, not swallowed (the ack is long gone)" filename="test/test_node_hashlocate.cpp" line="4748" skipped="true"/>
    <TestCase name="§id-hash S4b — the by-HASH form gains NO intent: there is no second stage to remember" filename="test/test_node_hashlocate.cpp" line="4772" skipped="true"/>
    <TestCase name="join §6 tiebreak — KEY-ONLY: lower key_hash32 wins; claim_epoch ignored (vestigial)" filename="test/test_node_join.cpp" line="219" skipped="true"/>
    <TestCase name="join — an unprovisioned node claims the lowest free id and ADOPTS when unopposed" filename="test/test_node_join.cpp" line="232" skipped="true"/>
    <TestCase name="join — an objection during the guard window denies the id (no adopt) + retries" filename="test/test_node_join.cpp" line="260" skipped="true"/>
    <TestCase name="join handle_j CLAIM — a claim for OUR adopted id is denied (OWN_ID_DEFENSE on air)" filename="test/test_node_join.cpp" line="279" skipped="true"/>
    <TestCase name="join handle_j DENY — losing the tiebreak forces a rejoin (we yield + re-claim)" filename="test/test_node_join.cpp" line="297" skipped="true"/>
    <TestCase name="join handle_j DENY — winning the tiebreak keeps our id (no rejoin)" filename="test/test_node_join.cpp" line="325" skipped="true"/>
    <TestCase name="join — a beacon carrying our id with a DIFFERENT hash triggers the OWN_ID_DEFENSE (heal detector)" filename="test/test_node_join.cpp" line="346" skipped="true"/>
    <TestCase name="join L2a — a shared neighbour mediates a collision: J_DENY(MEDIATED) to the key-loser" filename="test/test_node_join.cpp" line="369" skipped="true"/>
    <TestCase name="join — R6.3/G1: the DAD picker never returns a gateway id (1..16); always 17..254 (seed-varied)" filename="test/test_node_join.cpp" line="404" skipped="true"/>
    <TestCase name="join — R6.3 live re-provision: a provisioned node drops its id + re-DADs (17..254), no reboot" filename="test/test_node_join.cpp" line="425" skipped="true"/>
    <TestCase name="★ set_identity(0) writes NO id_bind row — the reserved unprovisioned id is not an identity" filename="test/test_node_join.cpp" line="448" skipped="true"/>
    <TestCase name="★ set_identity(0) — reset_join_for_reprovision leaves the binding table EMPTY (no id-0 residue)" filename="test/test_node_join.cpp" line="465" skipped="true"/>
    <TestCase name="★ set_identity(0) — forced_rejoin (the HEAL) leaves no id-0 row, and it KEEPS its routes as designed" filename="test/test_node_join.cpp" line="481" skipped="true"/>
    <TestCase name="join — reprovision: a joined node re-DADs after reset_join_for_reprovision (new id != prior)" filename="test/test_node_join.cpp" line="512" skipped="true"/>
    <TestCase name="join_adopted push — one per adopt, carrying the (re)adopted id (verb DAD + heal re-adopt)" filename="test/test_node_join.cpp" line="551" skipped="true"/>
    <TestCase name="join — reprovision: reset alone (leave) leaves the node unprovisioned, no claim" filename="test/test_node_join.cpp" line="583" skipped="true"/>
    <TestCase name="join — reprovision wipes routes + restarts discovery at id-adopt; the heal does not" filename="test/test_node_join.cpp" line="600" skipped="true"/>
    <TestCase name="clean-join — clear_routing_state wipes the hosted-mobile registry + team liveness (Change 1 + R3)" filename="test/test_node_join.cpp" line="636" skipped="true"/>
    <TestCase name="clean-join R2 — a registered node's clear pushes one mobile_reg deregister; unregistered pushes none" filename="test/test_node_join.cpp" line="671" skipped="true"/>
    <TestCase name="clean-join Change 3 — no OFFER while _node_id==0; a pinned id keeps hosting (R1)" filename="test/test_node_join.cpp" line="742" skipped="true"/>
    <TestCase name="clean-join R4 — clear_routing_state wipes the buffered channel messages" filename="test/test_node_join.cpp" line="783" skipped="true"/>
    <TestCase name="§S0 find_free_mobile_id — TOP-DOWN allocation (254), excludes known-static ids" filename="test/test_node_join.cpp" line="811" skipped="true"/>
    <TestCase name="§S0 id_bind_set — an authoritative static binding evicts an aliasing hosted mobile" filename="test/test_node_join.cpp" line="836" skipped="true"/>
    <TestCase name="§S0 route_uses_mobile_as_transit — static carve keeps a confirmed static transit legal" filename="test/test_node_join.cpp" line="867" skipped="true"/>
    <TestCase name="§S0 defer_send — bounded re-drains give up with send_failed{no_route}" filename="test/test_node_join.cpp" line="890" skipped="true"/>
    <TestCase name="§3-A.1 team-DAD pool-full — join_refused{leaf_full} push twin, windowed (mirrors the static twin)" filename="test/test_node_join.cpp" line="942" skipped="true"/>
    <TestCase name="§3-A.1 sf_list mismatch on mobile adopt — join_refused{sf_list_mismatch} push twin (advisory)" filename="test/test_node_join.cpp" line="973" skipped="true"/>
    <TestCase name="§autoregister — OFF: a lone mobile emits NO autonomous DISCOVER; a manual request is DURABLE (§MH-S4 §4.2)" filename="test/test_node_join.cpp" line="1023" skipped="true"/>
    <TestCase name="§autoregister — OFF team member: team-DAD runs (ungated), but ZERO DISCOVERs to any host" filename="test/test_node_join.cpp" line="1054" skipped="true"/>
    <TestCase name="§B209 — auto-OFF team member: a team PHY apply RETUNES and authorises NOTHING; team-DAD still succeeds" filename="test/test_node_join.cpp" line="1099" skipped="true"/>
    <TestCase name="§B209 — the explicit `mobile register freq=…` verb is UNCHANGED: it authorises AND DISCOVERs" filename="test/test_node_join.cpp" line="1136" skipped="true"/>
    <TestCase name="§B209 — an already-authorised session is PRESERVED across a team PHY apply (no second authorisation)" filename="test/test_node_join.cpp" line="1161" skipped="true"/>
    <TestCase name="§autoregister — OFF team member: a failed manual request DOES retry (§MH-S4 §4.2); team plane stays alive" filename="test/test_node_join.cpp" line="1192" skipped="true"/>
    <TestCase name="★★★★★ §B177-FIX — a hosted mobile's BEACON does NOT feed the SNR EWMA; the P PROBE is the sole feed (CLAIM seeds, probe steps)" filename="test/test_node_join.cpp" line="1235" skipped="true"/>
    <TestCase name="§3-A.6 _notify_pending evicts the STALEST stash when full (not slot 0)" filename="test/test_node_join.cpp" line="1266" skipped="true"/>
    <TestCase name="★ §B132/1 — a GATEWAY emits NO mobile OFFER even with host_mobiles forced ON" filename="test/test_node_join.cpp" line="1445" skipped="true"/>
    <TestCase name="★ §B132/2 — a stale/forged mobile CLAIM addressed at a GATEWAY is IGNORED (no registry entry)" filename="test/test_node_join.cpp" line="1474" skipped="true"/>
    <TestCase name="★ §B132/3 — a node that BECOMES a gateway with a live hosted mobile answers NO probe and emits NO roster" filename="test/test_node_join.cpp" line="1498" skipped="true"/>
    <TestCase name="★★ §B132/4 POSITIVE CONTROL — an ordinary STATIC node still OFFERs, RECORDS and ROSTERS; mobile + opt-out still refuse" filename="test/test_node_join.cpp" line="1545" skipped="true"/>
    <TestCase name="★ §B132/5 — gateway + static host both audible: ONLY the static host offers" filename="test/test_node_join.cpp" line="1607" skipped="true"/>
    <TestCase name="★★ §B132/6 — !is_gateway and n_layers==1 are each LOAD-BEARING (measured in the states that separate them)" filename="test/test_node_join.cpp" line="1637" skipped="true"/>
    <TestCase name="★★★ §B132b/1 — `mobile_offer_scheduled` means COMMITTED, not TRANSMITTED; a gateway transition kills the staged OFFER" filename="test/test_node_join.cpp" line="1716" skipped="true"/>
    <TestCase name="★★ §B132b/2 POSITIVE CONTROL — without the transition, firing timer 80 DOES transmit the staged OFFER" filename="test/test_node_join.cpp" line="1745" skipped="true"/>
    <TestCase name="★★ §B132b/3 — the REFUSED-on_init state (cleanup never ran) still transmits NO staged OFFER" filename="test/test_node_join.cpp" line="1776" skipped="true"/>
    <TestCase name="★★ §B132b/4 — a gateway init DROPS the staged OFFER, so it cannot fire even once the node is eligible again" filename="test/test_node_join.cpp" line="1800" skipped="true"/>
    <TestCase name="★★ §B132b/5 — a SUCCESSFUL gateway on_init CLEARS the hosted-mobile registry (real on_init, not a poke)" filename="test/test_node_join.cpp" line="1818" skipped="true"/>
    <TestCase name="★★★ §S0-1 -> §MH-S2 (spec §5.3.2) — FOUR concurrent DISCOVERs get FOUR OFFERs with FOUR DISTINCT ids, and NO DENY" filename="test/test_node_join.cpp" line="1976" skipped="true"/>
    <TestCase name="★★★ [[B145]] §MH-S2b — a REAL TimerWheel drain at ONE fixed timestamp emits exactly ONE OFFER" filename="test/test_node_join.cpp" line="2136" skipped="true"/>
    <TestCase name="★★★ [[B147]] §MH-S2b — a delayed CLAIM cannot take an id RESERVED for another mobile" filename="test/test_node_join.cpp" line="2224" skipped="true"/>
    <TestCase name="★★★ [[B143]] DISPROVEN §MH-S2b — two DISCOVER handoffs leave ONE live guard, at the NEWER deadline" filename="test/test_node_join.cpp" line="2483" skipped="true"/>
    <TestCase name="★★★ §MH-S2 (spec §5.3.3) — a duplicate DISCOVER coalesces: one slot, one deadline, one id, no draw" filename="test/test_node_join.cpp" line="2532" skipped="true"/>
    <TestCase name="★★★ §MH-S2 (spec §5.3.2) — a FULL pending-OFFER ring refuses, and every armed entry survives intact" filename="test/test_node_join.cpp" line="2617" skipped="true"/>
    <TestCase name="★★★ §MH-S2 [[B137]] (spec §5.3.2) — a reservation blocks its id, then EXPIRES and releases it" filename="test/test_node_join.cpp" line="2671" skipped="true"/>
    <TestCase name="★★★ §MH-S2 [[B137]] (spec §5.3.2) — the CLAIM releases the reservation and the ROW inherits the id" filename="test/test_node_join.cpp" line="2726" skipped="true"/>
    <TestCase name="★★★ §MH-S2 §B132 — `host_mobiles` off between staging and fire drops the WHOLE ring, not one entry" filename="test/test_node_join.cpp" line="2769" skipped="true"/>
    <TestCase name="★★★ §S0-2 → §MH-S3 FIXED (spec §5.2/§5.4) — boot, CLAIM deadline and no-host retry all DRAW, so a fleet DE-synchronizes" filename="test/test_node_join.cpp" line="2838" skipped="true"/>
    <TestCase name="★★★ §S0-3 → §MH-S1 FIXED (spec §6.1) — a 5 s LBT defer DELAYS the OFFER window; it no longer destroys it" filename="test/test_node_join.cpp" line="3093" skipped="true"/>
    <TestCase name="★★★ §MH-S1 (spec §6.1) — a DISCOVER refused by our OWN transmitter reports defer_full + a bounded retry, never mobile_no_host" filename="test/test_node_join.cpp" line="3181" skipped="true"/>
    <TestCase name="★★★ §MH-S1 (spec §6.3) — a CLAIM refused by our OWN transmitter does NOT register the mobile" filename="test/test_node_join.cpp" line="3240" skipped="true"/>
    <TestCase name="★★★ §MH-S1 (spec §6.2) — a staged OFFER refused by the host's transmitter is reported as an explicit drop" filename="test/test_node_join.cpp" line="3320" skipped="true"/>
    <TestCase name="★★★ §MH-S1b (spec §6.1) — a DISCOVER the HAL REFUSES reports tx_rejected + a bounded retry, on BOTH paths" filename="test/test_node_join.cpp" line="3417" skipped="true"/>
    <TestCase name="★★★ §MH-S1b (spec §6.3) — a DEFERRED CLAIM does not register the mobile until the HANDOFF, and never if the HAL refuses" filename="test/test_node_join.cpp" line="3499" skipped="true"/>
    <TestCase name="★★★ §MH-S1b (spec §6.2) — an OFFER the HAL REFUSES is reported as a drop on BOTH paths, and never as `mobile_offer_tx`" filename="test/test_node_join.cpp" line="3617" skipped="true"/>
    <TestCase name="★★★ [[B142]]/1 ACCEPTED — a STALE deferred DISCOVER neither transmits nor opens a window for the NEWER transaction" filename="test/test_node_join.cpp" line="3739" skipped="true"/>
    <TestCase name="★★★ [[B142]]/2 REJECTED — a STALE deferred DISCOVER that the HAL would refuse reports NOTHING and retries NOTHING" filename="test/test_node_join.cpp" line="3788" skipped="true"/>
    <TestCase name="★★★ [[B142]]/3 ACCEPTED — a STALE deferred CLAIM neither airs ITS frame nor adopts the NEWER transaction's candidate" filename="test/test_node_join.cpp" line="3849" skipped="true"/>
    <TestCase name="★★★ [[B142]]/4 REJECTED — a STALE deferred CLAIM the HAL would refuse does not destroy the NEWER transaction's stage" filename="test/test_node_join.cpp" line="3911" skipped="true"/>
    <TestCase name="★★★ §S0-4 REWRITTEN (§MH-S4 §7.1, EXTENDED §MH-S4b) — a DROPPED CLAIM yields `claiming`, a SHORT SEARCHING solicitation, three same-epoch re-CLAIMs, then `seeking` — never a false registration" filename="test/test_node_join.cpp" line="3999" skipped="true"/>
    <TestCase name="★★★ §MH-S4 gate 7 (§7.1) — a LOST first CLAIM is healed by the same-epoch re-CLAIM: the home records it and the roster confirms" filename="test/test_node_join.cpp" line="4229" skipped="true"/>
    <TestCase name="★★★ §MH-S4 §7.1 — only the FULL (hash, local_id, epoch) triple confirms: every two-of-three match is refused" filename="test/test_node_join.cpp" line="4329" skipped="true"/>
    <TestCase name="★★★ §MH-S4 §7.1 — a roster that omits an ALREADY-CONFIRMED mobile re-DISCOVERs (never a re-CLAIM)" filename="test/test_node_join.cpp" line="4420" skipped="true"/>
    <TestCase name="★★★★ §MH-S4 gate 20 / [[B139]] — probes OUR OWN transmitter refuses NEVER walk the home link to checking or lost" filename="test/test_node_join.cpp" line="4459" skipped="true"/>
    <TestCase name="★★★ §MH-S4 gate 22 (§7.2) — the home's BEACONS cannot confirm the link; unanswered probes still reach `lost`" filename="test/test_node_join.cpp" line="4519" skipped="true"/>
    <TestCase name="★★★ §MH-S4 gate 23 (§4.1) — an unroutable DESTINATION leaves the HOME LINK confirmed" filename="test/test_node_join.cpp" line="4553" skipped="true"/>
    <TestCase name="★★★ §MH-S4 gates 9+10 (§4.2) — auto OFF: silent at boot, then a MANUAL session retries, confirms, and gets a full presence plane" filename="test/test_node_join.cpp" line="4589" skipped="true"/>
    <TestCase name="★★★ §MH-S4 §7.1 — a re-CLAIM does NOT re-adopt, so the bounded retry budget cannot reset itself" filename="test/test_node_join.cpp" line="4652" skipped="true"/>
    <TestCase name="★★★★ §MH-S4b — a re-CLAIM OUR OWN TRANSMITTER REFUSES spends NO budget: the mobile stays `claiming`, never `claim_unconfirmed` with nothing sent" filename="test/test_node_join.cpp" line="4699" skipped="true"/>
    <TestCase name="★★★ §MH-S4b §4.1 — the home-confirmation AGE survives past UINT32_MAX (a u32 would wrap at ~49.7 days)" filename="test/test_node_join.cpp" line="4782" skipped="true"/>
    <TestCase name="★★★★ §MH-S4b — a DEFERRED re-CLAIM the HAL later refuses REFUNDS its retry and does NOT enter the pre-attachment backoff" filename="test/test_node_join.cpp" line="4818" skipped="true"/>
    <TestCase name="★★★★ §B186a — the FOUR mobile operations carry FOUR DISTINCT tags, stamped AT THE HAND-OFF (and an ordinary beacon carries none)" filename="test/test_node_join.cpp" line="4908" skipped="true"/>
    <TestCase name="★★★★ §B186a — an ASYNCHRONOUS refusal REPORTS the operation, reason, SF and busy_until — and reports nothing for a non-mobile frame" filename="test/test_node_join.cpp" line="4984" skipped="true"/>
    <TestCase name="★★★★ §B186a — the identity survives an LBT DEFER, and is READ not RECONSTRUCTED (it still names the re-CLAIM after the FSM has left `claiming`)" filename="test/test_node_join.cpp" line="5053" skipped="true"/>
    <TestCase name="★★★ §MH-S4 §4.3 (REWRITTEN §MH-S4b) — `mobile unregister` ends the session silently and BOTH `autoregister` arms stay dormant until a manual re-register" filename="test/test_node_join.cpp" line="5127" skipped="true"/>
    <TestCase name="★★★ §S0-5 REWRITTEN (§MH-S5 §9.1/§9.3) — at mobile_liveness_ms the host row is PHYSICALLY compacted out of the registry, the roster and the id pool" filename="test/test_node_join.cpp" line="5251" skipped="true"/>
    <TestCase name="★★★ §MH-S5 §9.2 (gate 14) — the redirect lifetime is stamped at BREADCRUMB RECEIPT and expires at its own 25-minute boundary" filename="test/test_node_join.cpp" line="5409" skipped="true"/>
    <TestCase name="★★★★ §MH-S5 §9.4 (gate 29) — an expired mobile RETURNS: its old local id belongs to another mobile, and stale traffic for it is never delivered as A" filename="test/test_node_join.cpp" line="5503" skipped="true"/>
    <TestCase name="★★★★ §MH-S5 §8.3 (gate 24) — a HEALTHY home + a measurably stronger VERIFIED candidate: ZERO additional transmissions, no switch" filename="test/test_node_join.cpp" line="5733" skipped="true"/>
    <TestCase name="★★★★ §MH-S5 §8.2/§8.4 (gates 11/12/25) — stale and unverified candidates cannot re-home; a fresh verified cross-layer one can, after full hysteresis" filename="test/test_node_join.cpp" line="5819" skipped="true"/>
    <TestCase name="★★★★ §MH-S5 §8.4 (gate 26) — a TEAM mobile's voluntary switch DISCOVERs on its own team PHY, and a foreign-PHY scan candidate is REFUSED" filename="test/test_node_join.cpp" line="5963" skipped="true"/>
    <TestCase name="★★★★★ §MH-S5b-ii §8.3 (item 1) — the steady check probe is SEARCHING on a MISSED CHECK; a weak/critical home is probed SELECTED because trigger 1 is DEFERRED ([[B178]])" filename="test/test_node_join.cpp" line="6073" skipped="true"/>
    <TestCase name="★★★★★ §MH-S5b gate 27 (§7.2) — per-tier steady-state cadence AND per-tier probe bytes are unchanged, and a candidate costs ZERO transmissions" filename="test/test_node_join.cpp" line="6224" skipped="true"/>
    <TestCase name="★★★★★ §MH-S5b gate 28 (§7.2) — a STRONG home going silent is detected in 495 000 ms, the ACCEPTED ≈8-minute trade-off" filename="test/test_node_join.cpp" line="6294" skipped="true"/>
    <TestCase name="★★★★★ §MH-S5b (item 2) — a SEARCHING probe refreshes a LIVE DIRECT row at the CURRENT epoch, and nothing else" filename="test/test_node_join.cpp" line="6358" skipped="true"/>
    <TestCase name="★★★★★★ §B177-FIX — a mobile BEACON refreshes NO hosted row: not a LIVE one, not a REDIRECT, not an EXPIRED one, not a stale generation" filename="test/test_node_join.cpp" line="6553" skipped="true"/>
    <TestCase name="★★★★★★ §B177-FIX (the adjacent site) — a correct-epoch probe refreshes a LIVE DIRECT row on BOTH arms; a WRONG-EPOCH, REDIRECT or EXPIRED row is refreshed by NEITHER" filename="test/test_node_join.cpp" line="6682" skipped="true"/>
    <TestCase name="★★★★★★ §B177-FIX (over-removal control) — a beacon still does EVERY unrelated job: mobility bit, static route learn, team peer + team route, mobile candidate collection, home-heard stamp" filename="test/test_node_join.cpp" line="6750" skipped="true"/>
    <TestCase name="★★★★★ §MH-S5b §8.4 (item 3, gate 11's unverified half) — an UNVERIFIED same-layer candidate cannot re-home; the ECHOED one can" filename="test/test_node_join.cpp" line="6832" skipped="true"/>
    <TestCase name="★★★★ §MH-S5 §9.3 — the expiry sweep runs inside `find_free_mobile_id` and `presence_emit_roster`, each proven WITHOUT the aging timer" filename="test/test_node_join.cpp" line="6908" skipped="true"/>
    <TestCase name="★★★★★ §MH-S5-FIX [[B172]] — a REDIRECT row leaves the roster and the last-mile, while a co-resident DIRECT row keeps both, and the hash-locate redirect still works" filename="test/test_node_join.cpp" line="6973" skipped="true"/>
    <TestCase name="★★★★★ §MH-S5-FIX2 over-filter control — an EXPIRED redirect row STILL answers the hash-location redirect (service is refused; the redirect is not)" filename="test/test_node_join.cpp" line="7083" skipped="true"/>
    <TestCase name="Q REQ_SYNC originator — boot arms the loop; fire sends a Q + re-arms while starved" filename="test/test_node_query.cpp" line="85" skipped="true"/>
    <TestCase name="Q REQ_SYNC originator — route-rich node does NOT send (rt_count >= req_sync_min_routes)" filename="test/test_node_query.cpp" line="104" skipped="true"/>
    <TestCase name="Q REQ_SYNC handler — REQ_SYNC schedules a jittered response; the fire emits a sync beacon" filename="test/test_node_query.cpp" line="116" skipped="true"/>
    <TestCase name="Q REQ_SYNC handler — dedup: a second Q from the same requester within TTL does not re-schedule" filename="test/test_node_query.cpp" line="139" skipped="true"/>
    <TestCase name="Q REQ_SYNC handler — self-guard + cross-leaf filter both drop silently" filename="test/test_node_query.cpp" line="153" skipped="true"/>
    <TestCase name="Q REQ_SYNC suppression — a useful overheard beacon cancels the pending response" filename="test/test_node_query.cpp" line="166" skipped="true"/>
    <TestCase name="Q REQ_SYNC handler — two distinct requesters get two independent pending slots" filename="test/test_node_query.cpp" line="187" skipped="true"/>
    <TestCase name="Q REQ_SYNC originator — rate-limit window strict-&lt; boundary (re-fire suppressed within, allowed at edge)" filename="test/test_node_query.cpp" line="205" skipped="true"/>
    <TestCase name="Q REQ_SYNC ring-full — the (cap+1)th requester DRAWS then drops (determinism: draw consumed before the drop)" filename="test/test_node_query.cpp" line="219" skipped="true"/>
    <TestCase name="Q REQ_SYNC responder — route-starved skip when rt_count &lt; sync_response_min_routes (no schedule)" filename="test/test_node_query.cpp" line="237" skipped="true"/>
    <TestCase name="Q REQ_SYNC backoff — both mobile penalties add to the drawn delay" filename="test/test_node_query.cpp" line="250" skipped="true"/>
    <TestCase name="Q REQ_SYNC suppression — window boundary: at now==fire_at suppresses; past fire_at does not" filename="test/test_node_query.cpp" line="263" skipped="true"/>
    <TestCase name="Q REQ_SYNC sync beacon is FULL-TABLE out of discovery (kind=='sync' carries stable routes a periodic omits)" filename="test/test_node_query.cpp" line="299" skipped="true"/>
    <TestCase name="census seam — test_emit_beacon('periodic') drives one BCN frame out" filename="test/test_node_query.cpp" line="334" skipped="true"/>
    <TestCase name="advertise — a one_way primary next-hop emits the entry degraded bit; confirmed/unknown does not" filename="test/test_node_query.cpp" line="346" skipped="true"/>
    <TestCase name="census — a periodic (dirty_only) beacon force-injects ALL hops==1 entries even when none are dirty" filename="test/test_node_query.cpp" line="375" skipped="true"/>
    <TestCase name="census complete-flag — set when the full direct-neighbour set fit with headroom; clear when it overflowed" filename="test/test_node_query.cpp" line="407" skipped="true"/>
    <TestCase name="census — a GATEWAY (n_layers==2) skips the census: a steady-state beacon injects no hops==1 entries" filename="test/test_node_query.cpp" line="460" skipped="true"/>
    <TestCase name="§team-parity T3 census — a TEAM member's steady-state beacon force-injects its _rt_team hops==1 set + asserts complete; a LONE mobile still skips" filename="test/test_node_query.cpp" line="497" skipped="true"/>
    <TestCase name="§team-parity T3 / I2 — a FOREIGN-team member's complete-census beacon never writes the static _link_bidi; a static advertiser's does" filename="test/test_node_query.cpp" line="572" skipped="true"/>
    <TestCase name="leaf_config_write — config_epoch saturates at 65534 (no u16 wrap -> permanent de-sync)" filename="test/test_node_query.cpp" line="612" skipped="true"/>
    <TestCase name="census — never overflows: a saturated direct-neighbour set still emits a valid &lt;= beacon_max_bytes frame" filename="test/test_node_query.cpp" line="635" skipped="true"/>
    <TestCase name="R2 prune — a 3-cycle me->X->N->me candidate is dropped on a next==self entry" filename="test/test_node_r2.cpp" line="66" skipped="true"/>
    <TestCase name="R2 prune — a DIRECT candidate (hops==1, n2_hop==0) is NOT pruned by sender 0" filename="test/test_node_r2.cpp" line="93" skipped="true"/>
    <TestCase name="R2 dv_hop_cap is config-driven (configurable, default 16)" filename="test/test_node_r2.cpp" line="122" skipped="true"/>
    <TestCase name="R3 dedup — seen-origins ROLLS (evict oldest) at the 256 cap instead of refusing the new key" filename="test/test_node_r3.cpp" line="480" skipped="true"/>
    <TestCase name="R3 receiver — RTS -> CTS -> DATA -> delivered (we are the destination)" filename="test/test_node_r3.cpp" line="501" skipped="true"/>
    <TestCase name="inbox integration — a delivered DM is recorded durably + pushed, fields consistent" filename="test/test_node_r3.cpp" line="536" skipped="true"/>
    <TestCase name="[[B153]]/1 the s27 collision — two DIFFERENT ORIGINS relayed by one node with an identical (src,dst,ctr_lo,payload_len) both DELIVER, and no CTS claims already_received" filename="test/test_node_r3.cpp" line="619" skipped="true"/>
    <TestCase name="[[B153]]/2 plaintext lost-ACK recovery — the DATA arrives TWICE, the application is delivered EXACTLY ONCE, and the retry is ACKed on the wire so the sender completes" filename="test/test_node_r3.cpp" line="666" skipped="true"/>
    <TestCase name="[[B153]]/3 CRYPTED lost-ACK recovery — the duplicate is recognised by the FULL 8-B NONCE-SEED, so the post-ACK open runs EXACTLY ONCE; a different seed is a different message" filename="test/test_node_r3.cpp" line="711" skipped="true"/>
    <TestCase name="[[B153]]/4 one origin whose 4-bit ctr_lo has WRAPPED — two different messages with an IDENTICAL old RTS tuple both deliver (the half 'just add the origin to the key' would still have lost)" filename="test/test_node_r3.cpp" line="779" skipped="true"/>
    <TestCase name="[[B153]]/5 the SAME message arriving via a DIFFERENT prev-hop still produces a LOOP_DUP NACK on the wire — not an ACK, and not a delivery" filename="test/test_node_r3.cpp" line="813" skipped="true"/>
    <TestCase name="R3.x concurrency — 2nd send waits behind the in-flight one until become_free re-drains" filename="test/test_node_r3.cpp" line="850" skipped="true"/>
    <TestCase name="R3.x golden — retry_jitter_ms == 3*airtime_routing(RTS_LEN=8)" filename="test/test_node_r3.cpp" line="909" skipped="true"/>
    <TestCase name="§CTS-wait metal slop: start_rts_timeout adds 2*rx_window_slop_ms (metal turnaround); inert at slop=0" filename="test/test_node_r3.cpp" line="921" skipped="true"/>
    <TestCase name="§hybrid-rts S1 / [[B158]] — start_rts_timeout prices the ACTUAL 10-B RTS + 6-B terminal CTS, not a(8)+a(4)" filename="test/test_node_r3.cpp" line="948" skipped="true"/>
    <TestCase name="§hybrid-rts S1 item 8 — a CRYPTED flight prices the 11-B RTS + 7-B terminal CTS (+20 ms on s18's PHY)" filename="test/test_node_r3.cpp" line="988" skipped="true"/>
    <TestCase name="§per-layer-id: single-layer canonical_node_id() == node_id() (persist unchanged)" filename="test/test_node_r3.cpp" line="1026" skipped="true"/>
    <TestCase name="cascade — primary RTS exhausts -> walk to the alternate candidate" filename="test/test_node_r3.cpp" line="1052" skipped="true"/>
    <TestCase name="cascade — full K=3 walk: primary -> alt1 -> alt2, then exhaustion requeues" filename="test/test_node_r3.cpp" line="1073" skipped="true"/>
    <TestCase name="cascade — single candidate: requeue caps then a true giveup" filename="test/test_node_r3.cpp" line="1089" skipped="true"/>
    <TestCase name="cascade — single candidate: the total-AGE cap gives up before the count cap" filename="test/test_node_r3.cpp" line="1110" skipped="true"/>
    <TestCase name="bidi reprobe — a one-way sole route fires its FIRST probe immediately (clock starts at 0)" filename="test/test_node_r3.cpp" line="1132" skipped="true"/>
    <TestCase name="bidi reprobe — one probe per link_reprobe_ttl_ms; non-one-way keeps the legacy requeue burst" filename="test/test_node_r3.cpp" line="1149" skipped="true"/>
    <TestCase name="bidi reprobe — the single probe flies, a CTS recovers (confirmed + degraded cleared + link_recover)" filename="test/test_node_r3.cpp" line="1181" skipped="true"/>
    <TestCase name="bidi reprobe — §P3 liveness-silent path is orthogonal (RREQ + requeue, no link_reprobe)" filename="test/test_node_r3.cpp" line="1221" skipped="true"/>
    <TestCase name="cascade — ACK-timeout resets the flight (re-RTS) before walking" filename="test/test_node_r3.cpp" line="1238" skipped="true"/>
    <TestCase name="cascade — ACK-timeout exhaustion walks to the alternate (Risk #5 full path)" filename="test/test_node_r3.cpp" line="1256" skipped="true"/>
    <TestCase name="defer — originator send with no route is held, then drained when a route appears" filename="test/test_node_r3.cpp" line="1278" skipped="true"/>
    <TestCase name="defer — TTL-first giveup: a held send with no route ages out on the periodic drain" filename="test/test_node_r3.cpp" line="1295" skipped="true"/>
    <TestCase name="defer — a FULL defer queue REFUSES the new send and reports reason queue_full (not a bare send_failed)" filename="test/test_node_r3.cpp" line="1312" skipped="true"/>
    <TestCase name="defer — TTL-FIRST beats route-exists: past-TTL held send gives up even when a route arrives" filename="test/test_node_r3.cpp" line="1334" skipped="true"/>
    <TestCase name="nack — BUSY_RX emit: a 2nd-flight RTS into a busy receiver gets a NACK" filename="test/test_node_r3.cpp" line="1354" skipped="true"/>
    <TestCase name="nack — a busy SENDER (pending_tx) stays SILENT (no NACK)" filename="test/test_node_r3.cpp" line="1369" skipped="true"/>
    <TestCase name="nack — BUSY_RX recovery (short busy): mark blind + nack_wait re-RTS SAME hop, ONE new draw" filename="test/test_node_r3.cpp" line="1380" skipped="true"/>
    <TestCase name="nack — BUSY_RX recovery (long busy): blind + requeue, the re-issue SKIPS the blind hop" filename="test/test_node_r3.cpp" line="1398" skipped="true"/>
    <TestCase name="nack — LOOP_DUP recovery: cascade to the alternate (NO new draw)" filename="test/test_node_r3.cpp" line="1411" skipped="true"/>
    <TestCase name="nack — LOOP_DUP miss: DIRECT giveup, NOT requeue (Lua dv:10588)" filename="test/test_node_r3.cpp" line="1425" skipped="true"/>
    <TestCase name="nack — LOOP_DUP emit: same flight via a different prev-hop NACKs the sender" filename="test/test_node_r3.cpp" line="1437" skipped="true"/>
    <TestCase name="§1b CRYPTED dedup keys on the seed — same (origin,dst,ctr) but a DIFFERENT seed is a DISTINCT flight" filename="test/test_node_r3.cpp" line="1468" skipped="true"/>
    <TestCase name="§1b CRYPTED loop detection: the SAME seed via a DIFFERENT prev-hop -> LOOP_DUP NACK" filename="test/test_node_r3.cpp" line="1494" skipped="true"/>
    <TestCase name="§1b CRYPTED retransmit: the SAME seed is a live dup (ONE flight entry), NOT a new flight or a LOOP_DUP" filename="test/test_node_r3.cpp" line="1516" skipped="true"/>
    <TestCase name="§1b cross-type non-collision: a CRYPTED seed aliasing a plaintext (origin,dst,ctr) is a DISTINCT flight" filename="test/test_node_r3.cpp" line="1542" skipped="true"/>
    <TestCase name="S1 helper — txitem_from_pending preserves a CRYPTED nonce_seed (not zeroed) across a requeue" filename="test/test_node_r3.cpp" line="1573" skipped="true"/>
    <TestCase name="S1 helper — txitem_from_pending preserves a typed frame's DataType across a requeue" filename="test/test_node_r3.cpp" line="1593" skipped="true"/>
    <TestCase name="S1 helper — txitem_from_pending copies the full identity + hop-budget core" filename="test/test_node_r3.cpp" line="1606" skipped="true"/>
    <TestCase name="§B160 — ★★ a GLOBAL flight requeued (cascade-exhaustion) to a team-colliding dst STAYS GLOBAL on the wire" filename="test/test_node_r3.cpp" line="1690" skipped="true"/>
    <TestCase name="§B160 — the converse: a genuine TEAM flight requeued STAYS TEAM (the fix is not a blanket GLOBAL-ification)" filename="test/test_node_r3.cpp" line="1711" skipped="true"/>
    <TestCase name="§B160 — an AUTO flight requeued still dispatches by is_team_peer (unchanged: AUTO in, AUTO out)" filename="test/test_node_r3.cpp" line="1727" skipped="true"/>
    <TestCase name="§B160 — the SECOND requeue site: the long-busy BUSY_RX NACK arm also preserves GLOBAL" filename="test/test_node_r3.cpp" line="1743" skipped="true"/>
    <TestCase name="§P0 — an id==0 (unprovisioned) node emits NO beacon (the broad emit_beacon guard)" filename="test/test_node_r3.cpp" line="1792" skipped="true"/>
    <TestCase name="§P0 — a received BCN with src==0 is DROPPED (no route learned from the sentinel)" filename="test/test_node_r3.cpp" line="1805" skipped="true"/>
    <TestCase name="§P0 — a beacon ROUTE-ENTRY with dest==0 is rejected (never a route to the sentinel)" filename="test/test_node_r3.cpp" line="1813" skipped="true"/>
    <TestCase name="§P1 peer-liveness STATE — timeout tiers (suspect/silent/dead) + clear + freshness" filename="test/test_node_r3.cpp" line="1830" skipped="true"/>
    <TestCase name="§seen-bitmap re-port — dest_seen freshness survives for >cap_peer_liveness distinct dests (dedicated map, no LRU loss)" filename="test/test_node_r3.cpp" line="1854" skipped="true"/>
    <TestCase name="§P1 liveness LRU — eviction keeps a DEAD peer over a healthy one (asymmetric-link safety)" filename="test/test_node_r3.cpp" line="1871" skipped="true"/>
    <TestCase name="§P2 — a DEMOTED (silent) next-hop loses primacy to a fresh alt, and RECOVERS on a heard frame" filename="test/test_node_r3.cpp" line="1896" skipped="true"/>
    <TestCase name="§P2 — a STALE next-hop (unseen > next_hop_live_ttl) is non-viable, loses to a fresh alt" filename="test/test_node_r3.cpp" line="1911" skipped="true"/>
    <TestCase name="§P3 — a flight on an ALREADY-silent primary cascades to the alt on the FIRST timeout (no dead-path retries)" filename="test/test_node_r3.cpp" line="1935" skipped="true"/>
    <TestCase name="§P3 — a silent SINGLE-candidate primary fires an RREQ on exhaustion (active no-alt rediscovery)" filename="test/test_node_r3.cpp" line="1953" skipped="true"/>
    <TestCase name="§P3 — a HEALTHY single-candidate primary does NOT fire an RREQ on a normal (congested) giveup" filename="test/test_node_r3.cpp" line="1967" skipped="true"/>
    <TestCase name="§P4 gossip ENCODE — a locally-SILENT peer -> type-1 id TLV; a locally-DEAD peer -> type-2 [id,state] TLV" filename="test/test_node_r3.cpp" line="1986" skipped="true"/>
    <TestCase name="§P4 gossip APPLY — a remote DEAD demotes the local route to a fresh alt, WITHOUT first-hand evidence" filename="test/test_node_r3.cpp" line="2016" skipped="true"/>
    <TestCase name="§P4 anti-storm — a gossip-LEARNED tier is NOT re-advertised; only LOCAL evidence is; self/gossiper skipped" filename="test/test_node_r3.cpp" line="2029" skipped="true"/>
    <TestCase name="cascade — equal-score candidates keep INSERTION order (Lua-faithful, NO id tie-break)" filename="test/test_node_r3.cpp" line="2053" skipped="true"/>
    <TestCase name="hop_budget — originator initial budget = min(31, rt_hops + slack)" filename="test/test_node_r3.cpp" line="2079" skipped="true"/>
    <TestCase name="hop_budget — forwarder with hops_remaining==0 NACKs HOP_BUDGET (no ACK, no forward)" filename="test/test_node_r3.cpp" line="2098" skipped="true"/>
    <TestCase name="hop_budget — destination is EXEMPT: hops_remaining==0 AT the dst delivers, no NACK" filename="test/test_node_r3.cpp" line="2118" skipped="true"/>
    <TestCase name="hop_budget — forwarder decrements: arriving remaining=2 forwards with remaining=1" filename="test/test_node_r3.cpp" line="2132" skipped="true"/>
    <TestCase name="hop_budget — sender NACK recovery: terminal giveup + rt.hops bump feeds the NEXT budget" filename="test/test_node_r3.cpp" line="2153" skipped="true"/>
    <TestCase name="hop_budget — an exhausted frame records seen_origins so a later diff-prev-hop arrival is LOOP_DUP" filename="test/test_node_r3.cpp" line="2178" skipped="true"/>
    <TestCase name="hop_budget — a forwarded flight keeps its budget across a BUSY_RX long-busy requeue" filename="test/test_node_r3.cpp" line="2215" skipped="true"/>
    <TestCase name="duty_status — pct/avail/enabled surface the rolling-window budget" filename="test/test_node_r3.cpp" line="2254" skipped="true"/>
    <TestCase name="① mobile-as-transit — learn is_mobile, exclude as transit; §Fix 3 NO dest route from a beacon (dv:1325-1334)" filename="test/test_node_r3.cpp" line="2277" skipped="true"/>
    <TestCase name="§mobile Fix 3 — a mobile's beacon mints NO static route to its local id; a non-mobile beacon still does" filename="test/test_node_r3.cpp" line="2302" skipped="true"/>
    <TestCase name="§mobile 6.2 — team-id TLV round-trips (type 5, 5 B); a non-team ext -> 0" filename="test/test_node_r3.cpp" line="2322" skipped="true"/>
    <TestCase name="§mobile 6.2 — a same-team peer routes via _rt_team (not _rt); §18 collision avoided; a different team is ignored" filename="test/test_node_r3.cpp" line="2332" skipped="true"/>
    <TestCase name="§mobile 6.2 — a same-team peer is a LEGAL transit (multi-hop A->B->C); a multi-hop teammate gets a dispatch bit" filename="test/test_node_r3.cpp" line="2362" skipped="true"/>
    <TestCase name="§2.3 team liveness rerank — a demoted team relay loses primacy AND the moved _rt_team entry dirties + arms a triggered beacon" filename="test/test_node_r3.cpp" line="2390" skipped="true"/>
    <TestCase name="§P2-1 — a cross-NIBBLE same-team beacon is ACCEPTED by a team member (leaf-exempt); DROPPED by a static + an other-team member" filename="test/test_node_r3.cpp" line="2426" skipped="true"/>
    <TestCase name="§P2-1 — a cross-NIBBLE team-scoped H is HANDLED leaf-agnostically by a same-team member; a static/foreign-leaf static-H is dropped at the leaf gate" filename="test/test_node_r3.cpp" line="2457" skipped="true"/>
    <TestCase name="§mobile 6.4 — a team mobile emits its team-id TLV ONLY after adopting a team_local_id (pre-DAD -> identity-only, keeps its static node_id OUT of peers' _rt_team)" filename="test/test_node_r3.cpp" line="2487" skipped="true"/>
    <TestCase name="§mobile 6.4 — a team member never learns a _rt_team route to its OWN team-local id (a teammate re-advertising us -> team-plane split-horizon)" filename="test/test_node_r3.cpp" line="2510" skipped="true"/>
    <TestCase name="§mobile 6.4 — team UNICAST DM: the sender routes via _rt_team + marks the RTS addr_len=1 (team-plane next); a member's own team id is a delivery dst" filename="test/test_node_r3.cpp" line="2531" skipped="true"/>
    <TestCase name="§mobile 6.4 — PLAINTEXT delivery-BY-HASH within a team: send 0x&lt;teammate-hash> resolves to its team_local_id + routes via _rt_team (no H-flood)" filename="test/test_node_r3.cpp" line="2561" skipped="true"/>
    <TestCase name="§mobile 6.4 / §18 — a DUAL team member (node_id != team_local_id) stamps the team-plane RTS src with team_local_id, NOT node_id" filename="test/test_node_r3.cpp" line="2588" skipped="true"/>
    <TestCase name="§mobile 6.4 / §18 — a DUAL team member answers a team RTS with a CTS whose tx_id is its team_local_id (not node_id)" filename="test/test_node_r3.cpp" line="2609" skipped="true"/>
    <TestCase name="§mobile 6.4 / §18 — end-to-end: two team mobiles sharing node_id=17 complete a team DM (CTS accepted -> DATA; team ACK to team_local_id accepted -> no storm)" filename="test/test_node_r3.cpp" line="2627" skipped="true"/>
    <TestCase name="§mobile 6.4 / Wave 2 — the plane hard split: GLOBAL routes via _rt even for an id colliding a team peer; TEAM via _rt_team; TEAM on a node with no team plane fails loud" filename="test/test_node_r3.cpp" line="2656" skipped="true"/>
    <TestCase name="§team-parity T1 — THE BENCH CASE: `send -t` to a NEVER-HEARD teammate discovers it through the middle relay (was `err ctr=0 depth=0`)" filename="test/test_node_r3.cpp" line="2753" skipped="true"/>
    <TestCase name="§team-parity T1 — the deferred-drain requery escalates to team_hop_cap on a team item, dv_hop_cap on a static one" filename="test/test_node_r3.cpp" line="2824" skipped="true"/>
    <TestCase name="§team-parity T1 — team cascade exhaustion re-floods at team_hop_cap, not dv_hop_cap" filename="test/test_node_r3.cpp" line="2862" skipped="true"/>
    <TestCase name="§team-parity T1 — the team RREQ hop-cap and the team RREP backstop ride team_hop_cap (2x for the reply)" filename="test/test_node_r3.cpp" line="2886" skipped="true"/>
    <TestCase name="§team-parity T1 — an off-grid member may `send -t &lt;unknown id> -a`: the E2E-ACK gate is plane-aware, not is_team_peer-only" filename="test/test_node_r3.cpp" line="2937" skipped="true"/>
    <TestCase name="§ack-gate-plane — a GLOBAL `-a` DM to an id that COLLIDES a teammate's team id is refused loud, not admitted as team" filename="test/test_node_r3.cpp" line="2962" skipped="true"/>
    <TestCase name="§team-parity T2 row 4b — DATA-ORIGIN learning installs a REAL multi-hop team route: hops = committed_hops + 1" filename="test/test_node_r3.cpp" line="3080" skipped="true"/>
    <TestCase name="§team-parity T7 — THE BENCH CASE: a NEVER-HEARD teammate's id is learned from a relayed team DM (spec §0's smoking gun)" filename="test/test_node_r3.cpp" line="3111" skipped="true"/>
    <TestCase name="§team-parity T7 — and the reverse send then routes on the TEAM plane: rt_find(never-heard origin) resolves to _rt_team" filename="test/test_node_r3.cpp" line="3138" skipped="true"/>
    <TestCase name="§team-parity T7 — the T6 FALLBACK ARM cannot install a static origin: a not-yet-DAD'd sender airs src=0, and learn_route_via refuses via==0" filename="test/test_node_r3.cpp" line="3162" skipped="true"/>
    <TestCase name="§team-parity T8 — THE RESIDUAL, stated honestly: the RECEIVE-side learn has NO namespace check on `origin`" filename="test/test_node_r3.cpp" line="3202" skipped="true"/>
    <TestCase name="§team-parity T8 — THE FIX: a STATIC-plane flight through a team-peer next hop is aired STATIC, not as a team frame" filename="test/test_node_r3.cpp" line="3226" skipped="true"/>
    <TestCase name="§team-parity T8 — CONTROL: a genuine TEAM-plane flight to the same next hop is UNCHANGED (the narrowing is one cell)" filename="test/test_node_r3.cpp" line="3275" skipped="true"/>
    <TestCase name="§team-parity T7 — a TYPED (APP) DATA still teaches nothing, and this now matters MORE: its ui->origin is a payload byte" filename="test/test_node_r3.cpp" line="3313" skipped="true"/>
    <TestCase name="§team-parity T7 — a node with NO team plane (team_id == 0) is still inert at the unfenced site" filename="test/test_node_r3.cpp" line="3327" skipped="true"/>
    <TestCase name="§team-parity T2 row 4b — a TYPED DATA (APP) teaches nothing: its inner is NOT the unicast layout, so ui->origin is a payload byte" filename="test/test_node_r3.cpp" line="3338" skipped="true"/>
    <TestCase name="§team-parity T2 row 4 — a team DATA's PREV-HOP re-scores the TEAM route from the DATA-time SNR (the RTS arm already learned it: row 4 adds the SECOND sample)" filename="test/test_node_r3.cpp" line="3360" skipped="true"/>
    <TestCase name="§team-parity T2 row 1 — an OVERHEARD team RTS from a KNOWN teammate refreshes the team plane; an UNKNOWN mobile src is admitted to NEITHER plane" filename="test/test_node_r3.cpp" line="3384" skipped="true"/>
    <TestCase name="§team-parity T2 rows 3/5/6 — CTS, ACK and NACK from our team next-hop each RE-SCORE the team route (and only it); ★ the NACK row is corpus-DARK, so this is its only detector" filename="test/test_node_r3.cpp" line="3411" skipped="true"/>
    <TestCase name="§team-parity T2 row 7 — a mobile-marked Q from a KNOWN teammate refreshes the TEAM plane; from an UNKNOWN local id, neither plane" filename="test/test_node_r3.cpp" line="3461" skipped="true"/>
    <TestCase name="§team-parity T2 — a node with NO team plane (team_id == 0) is INERT at every activated site: static behaviour byte-for-byte" filename="test/test_node_r3.cpp" line="3491" skipped="true"/>
    <TestCase name="§team-parity T2 — THE RATCHET FIX: live team traffic refreshes _rt_team last_seen, so a busy teammate no longer ages out and loses its dispatch bit" filename="test/test_node_r3.cpp" line="3510" skipped="true"/>
    <TestCase name="§team-parity T4 — ★ INVARIANT I7: a TEAM_SYNC is answered ONLY by a same-team member; everyone else spends NO state on it" filename="test/test_node_r3.cpp" line="3570" skipped="true"/>
    <TestCase name="§team-parity T4 — the MIXED-LEAF exemption: a same-team TEAM_SYNC crosses nibbles; every other Q kind still drops" filename="test/test_node_r3.cpp" line="3625" skipped="true"/>
    <TestCase name="§team-parity T4 — the loop guard is plane-correct: a HOMED member whose node_id collides the requester's TEAM id still answers" filename="test/test_node_r3.cpp" line="3659" skipped="true"/>
    <TestCase name="§team-parity T4 — the originator antidote is PLANE-AWARE: a team send with no route fires a TEAM_SYNC alongside the RREQ; a static send fires a static REQ_SYNC" filename="test/test_node_r3.cpp" line="3680" skipped="true"/>
    <TestCase name="§B4 — the route-starved skip is PLANE-SCOPED: an OFF-GRID member holding team routes is no longer MUTED on a team pull" filename="test/test_node_r3.cpp" line="3735" skipped="true"/>
    <TestCase name="§mobile — a MOBILE-marked Q's src (a home-assigned LOCAL id) is NEVER learned into the static _rt; a static Q IS (the dest=17 bench leak)" filename="test/test_node_r3.cpp" line="3799" skipped="true"/>
    <TestCase name="§mobile — a receiver ACKs a mobile_src originator with mobile_to=1 (so a mobile/team-originated DM completes)" filename="test/test_node_r3.cpp" line="3820" skipped="true"/>
    <TestCase name="§mobile — H mobile_req + NACK mobile_to wire bits round-trip (backward-compat rsv bits; plain frame -> 0)" filename="test/test_node_r3.cpp" line="3839" skipped="true"/>
    <TestCase name="§18 — a TEAM flight's LOCAL-id next-hop timing out does NOT suspect the static _peer_liveness plane; a static flight DOES (control)" filename="test/test_node_r3.cpp" line="3863" skipped="true"/>
    <TestCase name="§hybrid-rts S4 — `alternate_path`: an exact downstream forward while we still AWAIT CTS clears the redundant local copy, sends NO DATA, and invents NO app outcome" filename="test/test_node_r3.cpp" line="3951" skipped="true"/>
    <TestCase name="§hybrid-rts S4 — `local_admitted`: an exact forward after the DATA was ADMITTED to the radio clears the copy, emits only the named diagnostic, and does not re-send the DATA" filename="test/test_node_r3.cpp" line="3996" skipped="true"/>
    <TestCase name="§hybrid-rts S4 — an INDEPENDENTLY ARMED end-to-end ACK wait SURVIVES the credit (the credit is progress evidence, never a delivery receipt)" filename="test/test_node_r3.cpp" line="4037" skipped="true"/>
    <TestCase name="§hybrid-rts S4 — the `s27` collision frame (TWO ORIGINS, SAME `ctr_lo`, SAME length) does NOT clear the other flight, and the flight survives to be retried" filename="test/test_node_r3.cpp" line="4073" skipped="true"/>
    <TestCase name="§hybrid-rts S4 — a ONE-BIT mismatch in identity, dst, next-hop, wire PLANE or identity DOMAIN leaves the flight pending (each arm on its own node, each with the exact frame as its control)" filename="test/test_node_r3.cpp" line="4113" skipped="true"/>
    <TestCase name="§hybrid-rts S4 — a TEAM-plane flight and a STATIC forward with otherwise IDENTICAL numeric fields do not cross-match, in BOTH directions" filename="test/test_node_r3.cpp" line="4171" skipped="true"/>
    <TestCase name="§hybrid-rts S4 — a DUTY-DEFERRED DATA was never even ADMITTED, so the basis stays `alternate_path` EVEN THOUGH the `data_tx` telemetry fired (the boundary is the admission, not the emit)" filename="test/test_node_r3.cpp" line="4214" skipped="true"/>
    <TestCase name="★★★ §hybrid-rts S4b — a HAL-REJECTED DATA is NOT an admission: the basis stays `alternate_path` while the ACK wait it legitimately arms stays armed (the two dispositions are ASYMMETRIC for the flag)" filename="test/test_node_r3.cpp" line="4262" skipped="true"/>
    <TestCase name="★★★ §hybrid-rts S4b — a LOOPED RTS (our own next hop forwards the EXACT flight BACK to us) earns NO credit, KEEPS our copy, and is still handled normally" filename="test/test_node_r3.cpp" line="4317" skipped="true"/>
    <TestCase name="★★★ §hybrid-rts S4b — the loop guard uses the CANONICAL address admission: a TEAM-plane loop is refused on `team_addr_for_us`, and the mark must MATCH OUR KIND (a bare `next == id` would be wrong)" filename="test/test_node_r3.cpp" line="4368" skipped="true"/>
    <TestCase name="★★★★ §hybrid-rts S4d — a DUTY-DEFERRED DATA THAT THE TIMER LATER ADMITS reports `basis=local_admitted`: the fact is established at the ONE crossing point every admission passes, not at the initial send" filename="test/test_node_r3.cpp" line="4444" skipped="true"/>
    <TestCase name="§hybrid-rts S4 — an M/FLOOD RTS carries NO identity tail and can therefore never earn the credit" filename="test/test_node_r3.cpp" line="4508" skipped="true"/>
    <TestCase name="§hybrid-rts S4 — telemetry `dup` is NOT the wire bit: the re-CTS branch emits dup:true on a frame whose `already_received` bit is CLEAR, and only the frame may be believed" filename="test/test_node_r3.cpp" line="4540" skipped="true"/>
    <TestCase name="④ cascade_effective_max — full budget at/below threshold, shrinks 1:1 above, int-clamp no wrap (dv:6275)" filename="test/test_node_r3.cpp" line="4585" skipped="true"/>
    <TestCase name="R4.0 budget tier — thresholds 50/80/95 + disabled = HEALTHY (Lua dv:3560-3571)" filename="test/test_node_r3.cpp" line="4595" skipped="true"/>
    <TestCase name="R4.1 budget NACK emit — receiver >=CRITICAL refuses an RTS with reason=1 (tier in high nibble)" filename="test/test_node_r3.cpp" line="4623" skipped="true"/>
    <TestCase name="R4.1 budget NACK react — sender blinds the next hop (tier-scaled) + requeues, no draws" filename="test/test_node_r3.cpp" line="4660" skipped="true"/>
    <TestCase name="R4.1 budget NACK react — tier-scaled blind window (STRAINED &lt; CRITICAL &lt; EXHAUSTED)" filename="test/test_node_r3.cpp" line="4686" skipped="true"/>
    <TestCase name="R4.2 tier mark — max-merge (no downgrade) + tier-0 no-op + TTL lazy-prune" filename="test/test_node_r3.cpp" line="4714" skipped="true"/>
    <TestCase name="R4.2 route demotion — marking a CRITICAL primary reranks it below the viable alt" filename="test/test_node_r3.cpp" line="4731" skipped="true"/>
    <TestCase name="R4.2 BUDGET NACK reaction reranks the route; demotion OUTLIVES the blind window" filename="test/test_node_r3.cpp" line="4747" skipped="true"/>
    <TestCase name="R4.2 ACK budget_hint — STRAINED forwarder's ACK carries the tier; sender marks it (local_only, no draw)" filename="test/test_node_r3.cpp" line="4767" skipped="true"/>
    <TestCase name="R4.2 ACK budget_hint — EXHAUSTED at DATA-time caps the forward hint at CRITICAL" filename="test/test_node_r3.cpp" line="4809" skipped="true"/>
    <TestCase name="R4.4 compute_originator_metric — distinct ctr_lo, 10s dedup, window prune, apparent=max(0,rts-cts)" filename="test/test_node_r3.cpp" line="4830" skipped="true"/>
    <TestCase name="R4.4 originator ledger — fixed ring caps at cap_originator_events, evicts oldest, metric stays correct" filename="test/test_node_r3.cpp" line="4857" skipped="true"/>
    <TestCase name="R4.4 airtime backstop — a sender UNDER the airtime cap is NOT throttled (no false-positive)" filename="test/test_node_r3.cpp" line="4877" skipped="true"/>
    <TestCase name="R4.4 airtime backstop — over the 25%-budget airtime cap drops even when apparent &lt;= max" filename="test/test_node_r3.cpp" line="4900" skipped="true"/>
    <TestCase name="R4.4 airtime backstop OFF when duty disabled (budget 0) -> no throttle (no count fallback)" filename="test/test_node_r3.cpp" line="4918" skipped="true"/>
    <TestCase name="R4.4 Inc 2 — DATA airtime feeds the ledger (kind=data) + warn band fires below the drop cap" filename="test/test_node_r3.cpp" line="4931" skipped="true"/>
    <TestCase name="e2e-ack exemption — RTS_FLAG_E2E_ACK survives the RTS codec round-trip" filename="test/test_node_r3.cpp" line="4957" skipped="true"/>
    <TestCase name="e2e-ack exemption — an over-airtime sender's RTS is dropped, but its E2E_ACK RTS is exempt" filename="test/test_node_r3.cpp" line="4985" skipped="true"/>
    <TestCase name="e2e-ack anti-spoof — a lied E2E_ACK bit flags the sender and revokes its exemption" filename="test/test_node_r3.cpp" line="5009" skipped="true"/>
    <TestCase name="e2e-ack anti-spoof — a genuine E2E_ACK does NOT flag the sender" filename="test/test_node_r3.cpp" line="5037" skipped="true"/>
    <TestCase name="DM Inc 3 — ACK warn bit round-trips through pack/parse (byte1 rsv nibble, ACK stays 3 B)" filename="test/test_node_r3.cpp" line="5062" skipped="true"/>
    <TestCase name="Slice3 — the flat self-cap is removed (no originator_self_defer; own DMs not count-capped)" filename="test/test_node_r3.cpp" line="5084" skipped="true"/>
    <TestCase name="Slice3 — dm_min_interval: a &lt;3s 2nd own DM defers, a >=3s one passes" filename="test/test_node_r3.cpp" line="5118" skipped="true"/>
    <TestCase name="Slice3 — own e2e-ack origination is NOT throttled by dm_min_interval" filename="test/test_node_r3.cpp" line="5145" skipped="true"/>
    <TestCase name="R4.3 rand-order golden — silence-jitter draws ONLY when throttled+gate-passed (gates stay byte-identical)" filename="test/test_node_r3.cpp" line="5195" skipped="true"/>
    <TestCase name="R4.3 witness — on_preamble_detected AND a decode both make the channel look busy (gate suppresses)" filename="test/test_node_r3.cpp" line="5233" skipped="true"/>
    <TestCase name="R4.3 deferred jitter re-check — busy during the jitter window stands down; quiet emits" filename="test/test_node_r3.cpp" line="5245" skipped="true"/>
    <TestCase name="Cleanup #D — two periodic beacon defers in one jitter window BOTH fire (ring, not single-timer replace)" filename="test/test_node_r3.cpp" line="5269" skipped="true"/>
    <TestCase name="R4.3 triggered-beacon min-interval — 2nd draw ONLY in steady_state (>120000ms)" filename="test/test_node_r3.cpp" line="5289" skipped="true"/>
    <TestCase name="R4.3 max-idle witness ignores a foreign-leaf beacon (set after the leaf guard)" filename="test/test_node_r3.cpp" line="5317" skipped="true"/>
    <TestCase name="R4.5 rand-order golden — LBT draws ONLY when enabled + channel busy; the deferred re-fire draws nothing" filename="test/test_node_r3.cpp" line="5353" skipped="true"/>
    <TestCase name="R4.5 tx_flood — a beacon is DROPPED when the channel is busy longer than flood_lbt_max_defer_ms" filename="test/test_node_r3.cpp" line="5393" skipped="true"/>
    <TestCase name="R4.5 LBT ring — two concurrent deferred NACKs BOTH reach the radio (no single-stash clobber)" filename="test/test_node_r3.cpp" line="5408" skipped="true"/>
    <TestCase name="R4.5b on_radio_busy — a blocked DATA clears awaiting_ack + retries from the stash (3x, one draw each) then gives up" filename="test/test_node_r3.cpp" line="5432" skipped="true"/>
    <TestCase name="R4.5b on_radio_busy — a DATA retry re-arms the ACK wait (port divergence: Lua on_handed re-arms, ours must too)" filename="test/test_node_r3.cpp" line="5458" skipped="true"/>
    <TestCase name="§T2 retry_stashed — reports the synchronous HAL refusal with the stashed frame identity" filename="test/test_node_r3.cpp" line="5477" skipped="true"/>
    <TestCase name="§T1/T2 on_tx_complete — refused adapter is identical; aired/failed/unknown report telemetry only" filename="test/test_node_r3.cpp" line="5511" skipped="true"/>
    <TestCase name="§T1 tx_params_of — every hand-off carries the identity ITS OWN SITE supplied, and 0 where the frame has none" filename="test/test_node_r3.cpp" line="5614" skipped="true"/>
    <TestCase name="§T1 retry_stashed — public A-to-B replacement carries the stale STASH identity, never live B's" filename="test/test_node_r3.cpp" line="5677" skipped="true"/>
    <TestCase name="§T3 send_aired (DM) — one push for the live LOCAL flight; zero for a stale seq or a non-DATA tag" filename="test/test_node_r3.cpp" line="5784" skipped="true"/>
    <TestCase name="§T3 send_aired — N14e: a FORWARDED DM airs and pushes NOTHING (we made no send to report)" filename="test/test_node_r3.cpp" line="5832" skipped="true"/>
    <TestCase name="§T3 send_aired — N11/N12: a FAILED attempt pushes nothing; the retry that airs pushes exactly one" filename="test/test_node_r3.cpp" line="5858" skipped="true"/>
    <TestCase name="Shared-bug #1 — a DATA giveup releases the stranded flight so the TX queue drains" filename="test/test_node_r3.cpp" line="5891" skipped="true"/>
    <TestCase name="Shared-bug #2 — tx_with_retry duty pre-check defers an over-budget DATA, then re-issues when budget frees" filename="test/test_node_r3.cpp" line="5914" skipped="true"/>
    <TestCase name="Cleanup #A (redo) — over-budget RTS duty-deferred in the dedicated slot (flight_gen-safe), re-checks, then hands when budget frees" filename="test/test_node_r3.cpp" line="5956" skipped="true"/>
    <TestCase name="§T2 rts_duty_defer_fire — reports synchronous HAL refusal and retains the existing CTS-wait arm" filename="test/test_node_r3.cpp" line="5984" skipped="true"/>
    <TestCase name="R4.5b on_radio_busy — a blocked RTS re-RTSes via the already-armed rts_timeout (port divergence fix)" filename="test/test_node_r3.cpp" line="6025" skipped="true"/>
    <TestCase name="F RREQ addressed to us -> reverse path + RREP toward the forwarder" filename="test/test_node_r3.cpp" line="6050" skipped="true"/>
    <TestCase name="F RREQ relayed (no route) -> reverse path + ttl-decremented rebroadcast + flood dedup" filename="test/test_node_r3.cpp" line="6079" skipped="true"/>
    <TestCase name="M4 — RREQ with hops==255 does NOT create a 0-hop poison route (dv_hop_cap gate); below-cap still learns" filename="test/test_node_r3.cpp" line="6113" skipped="true"/>
    <TestCase name="M6 — nav_duration_rts clamps payload_len (255 == max_payload_bytes_hard_cap, no max-SF blowup)" filename="test/test_node_r3.cpp" line="6150" skipped="true"/>
    <TestCase name="R6.1 F-gate — a divergent-config F is dropped + NOT relayed; matching is processed" filename="test/test_node_r3.cpp" line="6181" skipped="true"/>
    <TestCase name="§F-XL-2 — a propagating RREQ forward is jittered (in-window) + byte-identical; a terminal forward is immediate" filename="test/test_node_r3.cpp" line="6218" skipped="true"/>
    <TestCase name="F RREP addressed to the origin -> forward path + rrep_arrived" filename="test/test_node_r3.cpp" line="6265" skipped="true"/>
    <TestCase name="F RREP relayed (not the origin) -> forward path + RREP onward along reverse path" filename="test/test_node_r3.cpp" line="6282" skipped="true"/>
    <TestCase name="E2E ACK — destination of an E2E_ACK_REQ DATA replies with an ack to the origin" filename="test/test_node_r3.cpp" line="6318" skipped="true"/>
    <TestCase name="E2E ACK — origin of an E2E_IS_ACK DATA confirms (no app delivery)" filename="test/test_node_r3.cpp" line="6339" skipped="true"/>
    <TestCase name="E2E ACK — origin records a durable receipt + a send_e2e_acked push (not telemetry-only)" filename="test/test_node_r3.cpp" line="6363" skipped="true"/>
    <TestCase name="rcmd: a REMOTE_CMD DM no longer stages (SLICE 5 owns it); a REMOTE_RESP still does, and the drain clears it" filename="test/test_node_r3.cpp" line="6411" skipped="true"/>
    <TestCase name="rcmd: a REMOTE_RESP DM stages as is_response=true; send_remote_cmd/response return the sent ctr" filename="test/test_node_r3.cpp" line="6463" skipped="true"/>
    <TestCase name="§radmin-1b/1 the PURE ownership decision: 4 capability combinations x both remote types (R-RA-27 item 2)" filename="test/test_node_r3.cpp" line="6553" skipped="true"/>
    <TestCase name="§radmin-1b/2 PRODUCTION ROUTING: a real REMOTE_CMD flight reaches the ACCEPT-owned entry point (SLICE 5: which now REFUSES it)" filename="test/test_node_r3.cpp" line="6596" skipped="true"/>
    <TestCase name="§radmin-1b/3 PRODUCTION ROUTING: a real REMOTE_RESP flight reaches the CLIENT-owned entry point" filename="test/test_node_r3.cpp" line="6613" skipped="true"/>
    <TestCase name="§radmin-1b/4 staging BOUNDARIES: an empty body and a 200-byte body both stage byte-for-byte" filename="test/test_node_r3.cpp" line="6636" skipped="true"/>
    <TestCase name="§radmin-1b/5 the slot has ONE owner now: two RESPs collide (first survives) and an interleaved CMD never touches it" filename="test/test_node_r3.cpp" line="6669" skipped="true"/>
    <TestCase name="L2c — DST_HASH matching our key delivers normally" filename="test/test_node_r3.cpp" line="6699" skipped="true"/>
    <TestCase name="L2c — DST_HASH mismatch, owner UNKNOWN: HARD H query, drop, no deliver, no renumber" filename="test/test_node_r3.cpp" line="6717" skipped="true"/>
    <TestCase name="L2c — DST_HASH mismatch, owner KNOWN: FORWARD preserves origin + ctr (identity not corrupted)" filename="test/test_node_r3.cpp" line="6738" skipped="true"/>
    <TestCase name="§1c L2c — a misdelivered CRYPTED DM redirect carries the nonce-seed (else the owner can't open the seal)" filename="test/test_node_r3.cpp" line="6788" skipped="true"/>
    <TestCase name="M3 — a PARKED crypt=on send flies CRYPTED when the binding arrives (no silent cleartext downgrade)" filename="test/test_node_r3.cpp" line="6831" skipped="true"/>
    <TestCase name="L2c — repeated misdeliveries for one hash collapse to ONE redirect action (anti-flood)" filename="test/test_node_r3.cpp" line="6878" skipped="true"/>
    <TestCase name="L2c — parked redirect resolves to a DIFFERENT id: forward, NEVER renumber (stale binding)" filename="test/test_node_r3.cpp" line="6902" skipped="true"/>
    <TestCase name="L2c — parked redirect resolves to OUR id: CONFIRMED collision, we WIN -> DENY (no renumber)" filename="test/test_node_r3.cpp" line="6931" skipped="true"/>
    <TestCase name="L2c — parked redirect resolves to OUR id, we LOSE (joined): forced_rejoin (yield the id)" filename="test/test_node_r3.cpp" line="6955" skipped="true"/>
    <TestCase name="L2c — redirect re-budgets the hop count from rt (no destination-exhaustion underflow)" filename="test/test_node_r3.cpp" line="7002" skipped="true"/>
    <TestCase name="L2c — park_send into a recycled redirect slot is NOT mis-drained as a redirect (slot reset)" filename="test/test_node_r3.cpp" line="7034" skipped="true"/>
    <TestCase name="L2c send-side — originator stamps DST_HASH from an authoritative id_bind" filename="test/test_node_r3.cpp" line="7064" skipped="true"/>
    <TestCase name="L2c — cfg/NV-provisioned LOSER (not joined): collision confirmed but NO renumber (healed=false)" filename="test/test_node_r3.cpp" line="7091" skipped="true"/>
    <TestCase name="L2c — parked redirect ages out (send_hash_giveup) when its HARD-H never resolves" filename="test/test_node_r3.cpp" line="7113" skipped="true"/>
    <TestCase name="L2c — parked redirect forwards on the owner's BEACON re-drain (drain_resolved_parked_sends)" filename="test/test_node_r3.cpp" line="7130" skipped="true"/>
    <TestCase name="L2c — a no-route redirect DROPS (forwarder semantics), it does NOT defer/send_failed" filename="test/test_node_r3.cpp" line="7151" skipped="true"/>
    <TestCase name="L2c/H — a plain send-by-hash that resolves to OUR OWN id gives up (no self-addressed do_send)" filename="test/test_node_r3.cpp" line="7175" skipped="true"/>
    <TestCase name="NAV — an overheard unicast RTS reserves the medium (only when nav_enabled)" filename="test/test_node_r3.cpp" line="7198" skipped="true"/>
    <TestCase name="NAV — an RTS addressed to us, and a channel/broadcast RTS, do NOT set NAV" filename="test/test_node_r3.cpp" line="7217" skipped="true"/>
    <TestCase name="NAV — an overheard CTS reserves DATA+ACK; the reservation scales with the data SF" filename="test/test_node_r3.cpp" line="7236" skipped="true"/>
    <TestCase name="NAV — own RTS for a queued DM defers while the medium is reserved, then flies once it clears" filename="test/test_node_r3.cpp" line="7256" skipped="true"/>
    <TestCase name="NAV — addressed RTS during a reservation: dropped iff nav_ignore_rts, answered by default" filename="test/test_node_r3.cpp" line="7276" skipped="true"/>
    <TestCase name="NAV — a fresh own DM origination is jittered (nav_enabled), de-syncing simultaneous originators" filename="test/test_node_r3.cpp" line="7297" skipped="true"/>
    <TestCase name="§loc-per-send — a `-l` DM that would go PLAINTEXT is REFUSED: NO frame aired at all" filename="test/test_node_r3.cpp" line="7476" skipped="true"/>
    <TestCase name="§loc-per-send — `-l` with NO FIX (0,0) is REFUSED (no_location), even when the DM WOULD be sealed" filename="test/test_node_r3.cpp" line="7491" skipped="true"/>
    <TestCase name="§loc-per-send — a `-l` whose +6 B does NOT fit is REFUSED LOUD, never silently dropped" filename="test/test_node_r3.cpp" line="7507" skipped="true"/>
    <TestCase name="§loc-per-send — a SEALED `-l` DM carries the position INSIDE the ciphertext, and the peer opens it" filename="test/test_node_r3.cpp" line="7522" skipped="true"/>
    <TestCase name="§loc-per-send — an ORDINARY DM (no `-l`) never sets LOCATION, sealed or plain" filename="test/test_node_r3.cpp" line="7563" skipped="true"/>
    <TestCase name="§B20 — data_frame_len/data_inner_cap ARE pack_data's arithmetic (not a parallel cap table)" filename="test/test_node_r3.cpp" line="7611" skipped="true"/>
    <TestCase name="§B20/B21 + §0h — every body length lands exactly ONE of THREE honest outcomes, for every carrier shape" filename="test/test_node_r3.cpp" line="7643" skipped="true"/>
    <TestCase name="§B20 — a sealed DM in the 215-216 band refuses `too_large`; NOTHING airs and nothing is queued" filename="test/test_node_r3.cpp" line="7710" skipped="true"/>
    <TestCase name="§B21/§0h — the 237-239 band is refused SYNCHRONOUSLY by the cap, and never as `no_pubkey`" filename="test/test_node_r3.cpp" line="7748" skipped="true"/>
    <TestCase name="§B21 — a sealed DM to an id we hold no binding for still reports `no_pubkey`, and now pushes it" filename="test/test_node_r3.cpp" line="7774" skipped="true"/>
    <TestCase name="§B20 — a sealed DM AT the cap (214 B) delivers: the peer opens the full body" filename="test/test_node_r3.cpp" line="7789" skipped="true"/>
    <TestCase name="§B20 — a TX-time pack refusal on a RELAYED frame tears the flight down: the node's NEXT DM still airs" filename="test/test_node_r3.cpp" line="7835" skipped="true"/>
    <TestCase name="§loc-per-send — `send_layer -l` is REFUSED loud (cross-layer carries no position)" filename="test/test_node_r3.cpp" line="7910" skipped="true"/>
    <TestCase name="receive — a delivered DM with LOCATION surfaces coords on the Push + emits peer_location" filename="test/test_node_r3.cpp" line="7943" skipped="true"/>
    <TestCase name="receive — a delivered DM WITHOUT location leaves the Push unset (no peer_location)" filename="test/test_node_r3.cpp" line="7979" skipped="true"/>
    <TestCase name="e2e wiring — an e2e_dm origination emits a CRYPTED DATA (8-B trailer, body NOT cleartext)" filename="test/test_node_r3.cpp" line="8000" skipped="true"/>
    <TestCase name="R3 fail-loud: e2e_dm without a crypto identity refuses to seal (no zero-key blackhole)" filename="test/test_node_r3.cpp" line="8059" skipped="true"/>
    <TestCase name="R7 fail-loud: an all-zero crypto seed refuses to seal (no nonce-reuse)" filename="test/test_node_r3.cpp" line="8081" skipped="true"/>
    <TestCase name="R2 fail-loud: an oversize CRYPTED DM fails loud + does NOT flood (anti-flood / lost-message)" filename="test/test_node_r3.cpp" line="8103" skipped="true"/>
    <TestCase name="§5 no-auto-query — a no-pubkey CRYPTED send warns (send_failed{no_pubkey}) + drops, NO WANT_PUBKEY flood" filename="test/test_node_r3.cpp" line="8126" skipped="true"/>
    <TestCase name="§8b per-message crypt — intent overrides e2e_dm; default follows it" filename="test/test_node_r3.cpp" line="8154" skipped="true"/>
    <TestCase name="e2e wiring — B opens a received CRYPTED DM and delivers the plaintext to the push" filename="test/test_node_r3.cpp" line="8187" skipped="true"/>
    <TestCase name="§3 e2e-ack — fires only after a successful open, TARGETING the recovered origin" filename="test/test_node_r3.cpp" line="8252" skipped="true"/>
    <TestCase name="§3 e2e-ack — a CRYPTED DM the receiver can't open is dropped with NO ack" filename="test/test_node_r3.cpp" line="8276" skipped="true"/>
    <TestCase name="R6.1 peering filter — divergent leaf config is not peered; matching config peers (misconfig gate)" filename="test/test_node_r3.cpp" line="8299" skipped="true"/>
    <TestCase name="R6.2 config-sync — unmanaged node pulls on hearing a managed beacon; a member answers" filename="test/test_node_r3.cpp" line="8335" skipped="true"/>
    <TestCase name="§mobile Option A — a mobile hearing a MANAGED beacon does NOT adopt the lineage / does NOT CONFIG_PULL (stays unmanaged, still routes)" filename="test/test_node_r3.cpp" line="8361" skipped="true"/>
    <TestCase name="C config frame — empty-sf_list joiner adopts on a C frame; hash matches the source (§5)" filename="test/test_node_r3.cpp" line="8381" skipped="true"/>
    <TestCase name="R6.2 participation gate — un-synced managed node blocks app-DM origination; synced originates" filename="test/test_node_r3.cpp" line="8426" skipped="true"/>
    <TestCase name="R6.3 leaf_config_write — managed bumps epoch=max_seen+1 + re-advertises; unmanaged is a no-op" filename="test/test_node_r3.cpp" line="8447" skipped="true"/>
    <TestCase name="R6.3 LWW tiebreak — same-epoch diff-hash: lose to a higher key (pull), win vs a lower key (keep)" filename="test/test_node_r3.cpp" line="8465" skipped="true"/>
    <TestCase name="R6.3 reset_leaf_epoch_state — resets epoch + max_seen (no leak into a fresh lineage)" filename="test/test_node_r3.cpp" line="8487" skipped="true"/>
    <TestCase name="R6.3 §7c — a foreign wire_version beacon is refused + rate-limited; same-version is processed" filename="test/test_node_r3.cpp" line="8501" skipped="true"/>
    <TestCase name="bidi constants — LinkBidi zero-default + constant seeds" filename="test/test_node_r3.cpp" line="8523" skipped="true"/>
    <TestCase name="bidi state — _link_bidi defaults to unknown; degraded_from_wire defaults false" filename="test/test_node_r3.cpp" line="8540" skipped="true"/>
    <TestCase name="bidi note_link_confirmed — sets confirmed + stamps confirmed_ms" filename="test/test_node_r3.cpp" line="8555" skipped="true"/>
    <TestCase name="bidi decay_link_bidi — confirmed decays to UNKNOWN past TTL, never to one_way" filename="test/test_node_r3.cpp" line="8575" skipped="true"/>
    <TestCase name="bidi candidate_degraded — live OR of wire-inherited bit and local one_way" filename="test/test_node_r3.cpp" line="8601" skipped="true"/>
    <TestCase name="bidi hook — a real CTS from our flight's next-hop confirms the link" filename="test/test_node_r3.cpp" line="8625" skipped="true"/>
    <TestCase name="update_link_bidi_from_beacon: present->confirmed, absent+complete->one_way, absent+incomplete->no change" filename="test/test_node_r3.cpp" line="8655" skipped="true"/>
    <TestCase name="endpoint override: a [dest==self] entry confirms (never degrades) the receiver's own link" filename="test/test_node_r3.cpp" line="8678" skipped="true"/>
    <TestCase name="rt_merge: degraded_from_wire is inherited from the incoming entry and CLEARS on a clean re-advert" filename="test/test_node_r3.cpp" line="8691" skipped="true"/>
    <TestCase name="ingest_beacon drives update_link_bidi_from_beacon: complete page omitting self -> one_way" filename="test/test_node_r3.cpp" line="8735" skipped="true"/>
    <TestCase name="§bidi — bidi_penalty_q4 is silent_penalty for one_way, 0 for unknown/confirmed" filename="test/test_node_r3.cpp" line="8758" skipped="true"/>
    <TestCase name="§bidi — a one_way next-hop drops effective_score by the bidi penalty (vs an unknown peer)" filename="test/test_node_r3.cpp" line="8769" skipped="true"/>
    <TestCase name="§bidi — a confirm/one_way transition re-ranks routes via that next-hop (fan-out)" filename="test/test_node_r3.cpp" line="8780" skipped="true"/>
    <TestCase name="§bidi — route_strictly_better ranks confirmed > unknown > one_way at equal score/hops" filename="test/test_node_r3.cpp" line="8793" skipped="true"/>
    <TestCase name="§bidi — a SOLE one_way route stays selectable: the DM still fires an RTS (no delivery loss)" filename="test/test_node_r3.cpp" line="8808" skipped="true"/>
    <TestCase name="D7 — per-peer ctr floor: a fresh peer resumes above the persisted high-water; peer_ctr_high = max" filename="test/test_node_r3.cpp" line="8822" skipped="true"/>
    <TestCase name="§b39 — next_ctr NEVER mints 0: the 65535 wrap yields 1, and the reboot floor cannot produce a 0 either" filename="test/test_node_r3.cpp" line="8842" skipped="true"/>
    <TestCase name="Slice0 — channel_active_fraction Cfg field default + settable (inert)" filename="test/test_node_r3.cpp" line="8859" skipped="true"/>
    <TestCase name="Slice0 — channel_duty_budget_ms() is the 5-min D (MF1), 0 when duty disabled (MF2)" filename="test/test_node_r3.cpp" line="8866" skipped="true"/>
    <TestCase name="channel_cap_origin — MF2: duty disabled -> legacy flat cap" filename="test/test_node_r3.cpp" line="8888" skipped="true"/>
    <TestCase name="channel_cap_origin — MF1/MF3 formula: SF, N, and C>=1 floor" filename="test/test_node_r3.cpp" line="8896" skipped="true"/>
    <TestCase name="§mobile 2a — host accepts a mobile (DISCOVER->OFFER, CLAIM registers); static mesh unaffected" filename="test/test_node_r3.cpp" line="8942" skipped="true"/>
    <TestCase name="§mobile 6.4 / Wave 2 S6 — a CLAIM whose local id collides a DIFFERENT hosted mobile is NOT last-write-wins: the host keeps the owner + re-OFFERs a fresh id" filename="test/test_node_r3.cpp" line="8998" skipped="true"/>
    <TestCase name="§mobile 6.4 / Wave 2 fix — the deferred drain honors the item's plane: a GLOBAL send to a team-peer id is NOT falsely drained via _rt_team (the RREQ-storm regression)" filename="test/test_node_r3.cpp" line="9016" skipped="true"/>
    <TestCase name="§mobile Wave 2 fix — a HOME sending to its OWN hosted mobile by hash last-miles directly (addr_len=1), NOT an H flood (the home&lt;->mobile deadlock)" filename="test/test_node_r3.cpp" line="9037" skipped="true"/>
    <TestCase name="§mobile 6.4 / Wave 2 + step 2 — reqpubkey -t emits a TEAM-scoped WANT_PUBKEY with origin=team_local_id (answer routes back via _rt_team); plain reqpubkey (GLOBAL) from an UNREGISTERED mobile is SUPPRESSED (no return path -> fail loud, no flood)" filename="test/test_node_r3.cpp" line="9058" skipped="true"/>
    <TestCase name="§1.3 — effective_name defaults to 'MeshRoute node: 0x&lt;hash>' (the STABLE hash) when empty; returns the set/ctor name otherwise" filename="test/test_node_r3.cpp" line="9089" skipped="true"/>
    <TestCase name="§1.3 — peer_key_set caches a peer's name and REFRESHES it on every call (immutable key, MUTABLE name); peer_name_find reads it" filename="test/test_node_r3.cpp" line="9103" skipped="true"/>
    <TestCase name="§mobile 2b — mobile FSM: DISCOVER, collect OFFERs, CLAIM the strongest, adopt; static never arms" filename="test/test_node_r3.cpp" line="9116" skipped="true"/>
    <TestCase name="§S6 — a registered mobile re-registers on a TARGETED DENY (concurrent-offer collision recovery); a foreign DENY is ignored" filename="test/test_node_r3.cpp" line="9158" skipped="true"/>
    <TestCase name="§mobile 3a — host H-query proxy: answers for a hosted mobile; a non-host does not" filename="test/test_node_r3.cpp" line="9192" skipped="true"/>
    <TestCase name="§mobile 3b A1 — a mobile_src RTS's local-id stays OUT of the global rt (the collision fix); a normal RTS learns" filename="test/test_node_r3.cpp" line="9216" skipped="true"/>
    <TestCase name="§team-parity T6/A — a HOMED member's TEAM-plane send stamps its team_local_id, NOT its home's static id" filename="test/test_node_r3.cpp" line="9261" skipped="true"/>
    <TestCase name="§team-parity T6/A — the STATIC REDUCTION: the same member's GLOBAL send still bills its home (unchanged)" filename="test/test_node_r3.cpp" line="9276" skipped="true"/>
    <TestCase name="§team-parity T6/A — ★ THE §18 CARVE-OUT: a GLOBAL send to an id that COLLIDES a teammate's team id bills the home" filename="test/test_node_r3.cpp" line="9290" skipped="true"/>
    <TestCase name="§team-parity T6/A — an AUTO send to a KNOWN teammate takes the team stamp (the brief's literal form would have missed it)" filename="test/test_node_r3.cpp" line="9311" skipped="true"/>
    <TestCase name="§team-parity T6/A — a member whose team-DAD has NOT completed falls back to the pre-T6 stamp (never origin 0)" filename="test/test_node_r3.cpp" line="9334" skipped="true"/>
    <TestCase name="§team-parity T6/A — an OFF-GRID member is unchanged by the slice (node_id == team_local_id already)" filename="test/test_node_r3.cpp" line="9352" skipped="true"/>
    <TestCase name="§team-parity T6/B — the H-flood dedup ring is PLANE-KEYED: a team H and a static H sharing (origin, key_hash32) no longer suppress each other" filename="test/test_node_r3.cpp" line="9365" skipped="true"/>
    <TestCase name="§team-parity T5 — a TEAM confirm writes TEAM state and NEVER the static _link_bidi (I2/I8), with the static arm as the same-site control" filename="test/test_node_r3.cpp" line="9402" skipped="true"/>
    <TestCase name="§team-parity T5 — bidi_penalty_q4 resolves PER PLANE: one id, two verdicts (the §18 collision)" filename="test/test_node_r3.cpp" line="9429" skipped="true"/>
    <TestCase name="§team-parity T5 — candidate_degraded ORs the LOCAL team verdict in, per plane" filename="test/test_node_r3.cpp" line="9453" skipped="true"/>
    <TestCase name="§team-parity T5 — the heard-set scan keys on the TEAM self-id, and our STATIC node_id does NOT confirm a team link" filename="test/test_node_r3.cpp" line="9469" skipped="true"/>
    <TestCase name="§team-parity T5 — a member with NO team-DAD'd id records NOTHING from a team heard-set (C2: refuse, don't guess)" filename="test/test_node_r3.cpp" line="9499" skipped="true"/>
    <TestCase name="§team-parity T5 — a liveness recovery does NOT clear the team bidi verdict (alive != hears-us)" filename="test/test_node_r3.cpp" line="9517" skipped="true"/>
    <TestCase name="§team-parity T5 — decay_link_bidi's TEAM arm: confirmed -> unknown past TTL, NEVER -> one_way (MF6)" filename="test/test_node_r3.cpp" line="9534" skipped="true"/>
    <TestCase name="§team-parity T5 — a CTS on a TEAM flight confirms the team link; the static _link_bidi stays clean" filename="test/test_node_r3.cpp" line="9560" skipped="true"/>
    <TestCase name="§AB4 — a SEALED `-l` DM is RETAINED against the sender's hash, anchored `peer`" filename="test/test_node_r3.cpp" line="9628" skipped="true"/>
    <TestCase name="§AB4 — a PLAINTEXT location is pushed but NOT retained, and emits peer_location_unauth" filename="test/test_node_r3.cpp" line="9676" skipped="true"/>
    <TestCase name="§hybrid-rts S2 — the cache key is the COMPLETE tuple: perturbing ANY ONE field misses" filename="test/test_node_r3.cpp" line="9737" skipped="true"/>
    <TestCase name="§hybrid-rts S2 — PLAINTEXT and CRYPTED identities never cross-match, even at the same numeric value" filename="test/test_node_r3.cpp" line="9765" skipped="true"/>
    <TestCase name="§hybrid-rts S2 — TEAM and STATIC flights with the SAME numeric identity never cross-match" filename="test/test_node_r3.cpp" line="9788" skipped="true"/>
    <TestCase name="§hybrid-rts S2 — the TTL is DERIVED from gateway_send_giveup_ms, and its boundary is exact" filename="test/test_node_r3.cpp" line="9800" skipped="true"/>
    <TestCase name="§hybrid-rts S2 — the cache holds cap_completed_flights live flights from ONE immediate sender, and evicts the OLDEST when full (a capacity of 1 would lose 105 of 429 measured corpus hits)" filename="test/test_node_r3.cpp" line="9820" skipped="true"/>
    <TestCase name="§hybrid-rts S2 — a DATA whose identity contradicts the RTS is REFUSED: no delivery, no ACK, no cache seed, and the reservation is CLEARED" filename="test/test_node_r3.cpp" line="9846" skipped="true"/>
    <TestCase name="§hybrid-rts S2 — the CRYPTED arm end to end: admission, validation, and a 7-B terminal CTS on the retry" filename="test/test_node_r3.cpp" line="9877" skipped="true"/>
    <TestCase name="§hybrid-rts S2 — the store is keyed on the ON-AIR sender, NEVER on the simulator's src_hint" filename="test/test_node_r3.cpp" line="9915" skipped="true"/>
    <TestCase name="§hybrid-rts S2 — a stale reservation is RE-POINTED by a retried RTS, so a new flight from the same sender is not destroyed by the old flight's identity" filename="test/test_node_r3.cpp" line="9931" skipped="true"/>
    <TestCase name="§B161 — a canonical typed answer exposes its stamped origin to DATA, RTS and terminal CTS" filename="test/test_node_r3.cpp" line="9954" skipped="true"/>
    <TestCase name="§B161 hybrid — equal-shape typed answers with different stamped origins cannot terminal- or implicit-credit each other" filename="test/test_node_r3.cpp" line="9991" skipped="true"/>
    <TestCase name="§hybrid-rts S2 — the WIRE declaration decides the plane, not whichever receiver predicate matched" filename="test/test_node_r3.cpp" line="10031" skipped="true"/>
    <TestCase name="§hybrid-rts S2 — a DATA whose PLANE contradicts the reservation takes the same fail-loud path" filename="test/test_node_r3.cpp" line="10090" skipped="true"/>
    <TestCase name="§hybrid-rts S2 — the SENDER refuses a terminal CTS whose echo names a different flight (a delayed answer to flight A must not clear flight B)" filename="test/test_node_r3.cpp" line="10118" skipped="true"/>
    <TestCase name="§hybrid-rts S2b — an OVERHEARD TERMINAL CTS must NOT arm NAV (no DATA follows it), while an overheard ORDINARY CTS still must (the positive control)" filename="test/test_node_r3.cpp" line="10158" skipped="true"/>
    <TestCase name="§hybrid-rts S2c — an UNBOUND terminal CTS refreshes/learns/clears NOTHING but IS still billed ONCE at its true 6-B airtime (the two classes of side effect, in one case)" filename="test/test_node_r3.cpp" line="10195" skipped="true"/>
    <TestCase name="§hybrid-rts S2d ① — an UNBOUND terminal CTS (no pending flight) is billed per the plane the FRAME DECLARES: a TEAM one is not charged to a global peer, a STATIC one is" filename="test/test_node_r3.cpp" line="10336" skipped="true"/>
    <TestCase name="§hybrid-rts S2d ② — a mismatched STATIC terminal CTS is STILL BILLED while an unrelated TEAM flight is pending (S2c's guard skipped it: our own state silenced somebody else's frame)" filename="test/test_node_r3.cpp" line="10374" skipped="true"/>
    <TestCase name="§hybrid-rts S2d ③ — a VALID terminal CTS still does its legitimate work on BOTH planes, and is accounted per the plane it declares (STATIC billed; TEAM correctly not, its tx_id is a local id)" filename="test/test_node_r3.cpp" line="10404" skipped="true"/>
    <TestCase name="§hybrid-rts S2 — a `(1,0)` frame naming a STATIC team member's team id is OVERHEARD, not admitted (the wire plane is what decides, and the pre-S2 OR-admission got this wrong)" filename="test/test_node_r3.cpp" line="10441" skipped="true"/>
    <TestCase name="§B251 exact — the canonical home MOBILE_H_ANSWER ctr 1 cannot swallow a later hosted-mobile ctrM 1; the returned E2E ACK is translated back to ctrM" filename="test/test_node_r3.cpp" line="10481" skipped="true"/>
    <TestCase name="§B251 first-hop identity — two hosted mobiles with the same ctrM and destination are both accepted and produce two distinct outward DATA flights" filename="test/test_node_r3.cpp" line="10577" skipped="true"/>
    <TestCase name="§B251 retry identity — lost CTS and lost hop ACK retries allocate one ctrH and emit one outward DATA" filename="test/test_node_r3.cpp" line="10626" skipped="true"/>
    <TestCase name="§B251 admission — a full live reverse-correlation ring BUSY-NACKs before ACK/cache/forward and remains retryable" filename="test/test_node_r3.cpp" line="10667" skipped="true"/>
    <TestCase name="§B251 queue admission — a full forward queue BUSY-NACKs before the hosted mobile's hop ACK" filename="test/test_node_r3.cpp" line="10741" skipped="true"/>
    <TestCase name="§B251 MOBILE_SEND admission — a full home queue releases the reserved correlation and emits no phantom origin" filename="test/test_node_r3.cpp" line="10769" skipped="true"/>
    <TestCase name="§B278 S0 — nine plain non-E2E delegated transits inside the ruled 750 s window take NO correlation row" filename="test/test_node_r3.cpp" line="10914" skipped="true"/>
    <TestCase name="§B278 S0 — a full correlation ring refuses a fresh -a send BEFORE the hop ACK, and the refusal has no backoff" filename="test/test_node_r3.cpp" line="10987" skipped="true"/>
    <TestCase name="§B278 S0 — a full ring refuses TWO independent senders concurrently; neither is ACKed or evicted" filename="test/test_node_r3.cpp" line="11093" skipped="true"/>
    <TestCase name="§B278 S1b — a direct hosted-mobile E2E transit's row is CUSTODY-ELIGIBLE, and §5(7)'s two excluded types are refused a candidate at the SAME site" filename="test/test_node_r3.cpp" line="11153" skipped="true"/>
    <TestCase name="§B278 S1b — the WRAPPER reservation is PROVISIONAL: a same-layer wrapper is a candidate before the hop ACK and a CROSS-LAYER one never is" filename="test/test_node_r3.cpp" line="11229" skipped="true"/>
    <TestCase name="§B278 S1b F6 — a PARKED delegated send releases its reservation at the give-up edge, and the event names `park_giveup`" filename="test/test_node_r3.cpp" line="11306" skipped="true"/>
    <TestCase name="§B278 S1b — natural per-destination counters are COLLISION-FREE: two hosted mobiles to one destination both activate, and no BUSY_RX reason 2 appears" filename="test/test_node_r3.cpp" line="11354" skipped="true"/>
    <TestCase name="§B251 exclusions — ordinary static and team-plane transit preserve their original counters" filename="test/test_node_r3.cpp" line="11400" skipped="true"/>
    <TestCase name="§B251 encryption boundary — an ordinary CRYPTED hosted-mobile transit keeps ctr and nonce-derived RTS identity" filename="test/test_node_r3.cpp" line="11472" skipped="true"/>
    <TestCase name="§B251 encryption boundary — consistently rewriting an ordinary CRYPTED DATA counter invalidates its seal" filename="test/test_node_r3.cpp" line="11497" skipped="true"/>
    <TestCase name="§B159 repro (time) — a cascaded retry inside the retry horizon must NOT deliver twice" filename="test/test_node_r3.cpp" line="11569" skipped="true"/>
    <TestCase name="§B159 repro (cache-evicted, same prev-hop) — a doorstep retry must NOT deliver twice" filename="test/test_node_r3.cpp" line="11592" skipped="true"/>
    <TestCase name="§B159 boundary — retention-1 SUPPRESSES, retention exactly DELIVERS (a genuinely new flight)" filename="test/test_node_r3.cpp" line="11639" skipped="true"/>
    <TestCase name="§B159 horizons — a retry at the cascade AND the gateway-doorstep worst case is suppressed" filename="test/test_node_r3.cpp" line="11657" skipped="true"/>
    <TestCase name="§B159 derivation — retention = the enforced sender deadline + one measured MAC exchange" filename="test/test_node_r3.cpp" line="11672" skipped="true"/>
    <TestCase name="§B159 retention hygiene — expired keys are PRUNED, so a late key evicts nothing live" filename="test/test_node_r3.cpp" line="11690" skipped="true"/>
    <TestCase name="§radmin-7/rx real flight executes fake once, sends multi-frame output and byte-identical replay" filename="test/test_node_remote_exec.cpp" line="9" skipped="true"/>
    <TestCase name="§radmin-7/rx silent fake result airs only terminal zero and ACK retains its tombstone" filename="test/test_node_remote_exec.cpp" line="12" skipped="true"/>
    <TestCase name="§radmin-7/rx oversized fake output airs retained prefix and output_truncated" filename="test/test_node_remote_exec.cpp" line="15" skipped="true"/>
    <TestCase name="§radmin-7/rx ACK frees pool under owner CONTROL pressure; next pass executes; full TX queue paces" filename="test/test_node_remote_exec.cpp" line="18" skipped="true"/>
    <TestCase name="§radmin-7/rx ACK frees pool under operator GENERAL pressure without touching its body" filename="test/test_node_remote_exec.cpp" line="21" skipped="true"/>
    <TestCase name="§radmin-7/rx every OUTPUT and TERMINAL airs on reversed depth-two path after no-gateway refusal" filename="test/test_node_remote_exec.cpp" line="24" skipped="true"/>
    <TestCase name="§radmin-7/rx every OUTPUT and TERMINAL airs on reversed depth-three path at its own chunk cap" filename="test/test_node_remote_exec.cpp" line="27" skipped="true"/>
    <TestCase name="§radmin-7/rx every OUTPUT and TERMINAL airs on reversed depth-four path at its own chunk cap" filename="test/test_node_remote_exec.cpp" line="30" skipped="true"/>
    <TestCase name="§radmin-7/rx SYNTHETIC seal refusal through real Node: immutable cursor, accounting and both retries" filename="test/test_node_remote_exec.cpp" line="33" skipped="true"/>
    <TestCase name="§radmin-5/N1 a REAL bootstrap flight is authenticated and ANSWERED on air, and the answer decodes" filename="test/test_node_remote_session.cpp" line="702">
      <OverallResultsAsserts successes="24" failures="0" test_case_success="true"/>
    </TestCase>
    <TestCase name="§radmin-5/N2 a LOST response is recovered by an exact READ-ONLY retry — same epoch, same answer" filename="test/test_node_remote_session.cpp" line="756">
      <OverallResultsAsserts successes="13" failures="0" test_case_success="true"/>
    </TestCase>
    <TestCase name="§radmin-5/N3 SILENCE on air: an unknown key, a bad tag and a missing SOURCE_HASH all emit NOTHING" filename="test/test_node_remote_session.cpp" line="781">
      <OverallResultsAsserts successes="20" failures="0" test_case_success="true"/>
    </TestCase>
    <TestCase name="§radmin-5/N4 the send ADMISSION is the SendDispatch, not the counter: parked and refused are distinguished" filename="test/test_node_remote_session.cpp" line="830">
      <OverallResultsAsserts successes="17" failures="0" test_case_success="true"/>
    </TestCase>
    <TestCase name="§radmin-5/N5 CROSS-LAYER: the captured path is REVERSED once, at every full depth 2..4" filename="test/test_node_remote_session.cpp" line="860">
      <OverallResultsAsserts successes="38" failures="0" test_case_success="true"/>
    </TestCase>
    <TestCase name="§radmin-5/N6 an UNREVERSIBLE cross-layer path is refused loudly, never answered same-layer" filename="test/test_node_remote_session.cpp" line="896">
      <OverallResultsAsserts successes="10" failures="0" test_case_success="true"/>
    </TestCase>
    <TestCase name="§radmin-5/N7 a DEAD RNG refuses the epoch draw, and the node stays disabled with nothing installed" filename="test/test_node_remote_session.cpp" line="917">
      <OverallResultsAsserts successes="11" failures="0" test_case_success="true"/>
    </TestCase>
    <TestCase name="§radmin-5/N8 the wheel grew by exactly ONE id, and it is the ONE this slice allocated" filename="test/test_node_remote_session.cpp" line="954">
      <OverallResultsAsserts successes="4" failures="0" test_case_success="true"/>
    </TestCase>
    <TestCase name="§radmin-5/N9 an admitted request ARMS the shared scan; firing it releases the row and CANCELS" filename="test/test_node_remote_session.cpp" line="963">
      <OverallResultsAsserts successes="21" failures="0" test_case_success="true"/>
    </TestCase>
    <TestCase name="§radmin-5/N11 a ZERO reply destination is an explicit SEND FAILURE, never a fallback to the origin" filename="test/test_node_remote_session.cpp" line="1016">
      <OverallResultsAsserts successes="15" failures="0" test_case_success="true"/>
    </TestCase>
    <TestCase name="§radmin-5/N12 the reservation's deadline is stamped from the CURRENT time, not from zero" filename="test/test_node_remote_session.cpp" line="1039">
      <OverallResultsAsserts successes="10" failures="0" test_case_success="true"/>
    </TestCase>
    <TestCase name="§radmin-5/N10 an unprovisioned node draws nothing, arms nothing and stages nothing on init" filename="test/test_node_remote_session.cpp" line="1071">
      <OverallResultsAsserts successes="9" failures="0" test_case_success="true"/>
    </TestCase>
    <TestCase name="§radmin-7b2/Node safe rollover prepares a base-key result then rejects old-session traffic" filename="test/test_node_remote_session.cpp" line="1089">
      <OverallResultsAsserts successes="38" failures="0" test_case_success="true"/>
    </TestCase>
    <TestCase name="§radmin-7b2/Node zero and current-epoch draws refuse exactly once without replacing the epoch" filename="test/test_node_remote_session.cpp" line="1123">
      <OverallResultsAsserts successes="40" failures="0" test_case_success="true"/>
    </TestCase>
    <TestCase name="§radmin-7b2/Node present-zero source preserves a committed rollover and bootstrap recovers its epoch" filename="test/test_node_remote_session.cpp" line="1148">
      <OverallResultsAsserts successes="23" failures="0" test_case_success="true"/>
    </TestCase>
    <TestCase name="§radmin-7b2/Node open output owns input streams clear frames and cannot be dispatched twice" filename="test/test_node_remote_session.cpp" line="1173">
      <OverallResultsAsserts successes="47" failures="0" test_case_success="true"/>
    </TestCase>
    <TestCase name="§radmin-7b2/Node present-zero open sender refuses retains frozen capture and expires without a terminal" filename="test/test_node_remote_session.cpp" line="1212">
      <OverallResultsAsserts successes="27" failures="0" test_case_success="true"/>
    </TestCase>
    <TestCase name="§radmin-7b2/Node full notice then other-slot rotation allows same-key execute without terminal nonce reuse" filename="test/test_node_remote_session.cpp" line="1231">
      <OverallResultsAsserts successes="199" failures="0" test_case_success="true"/>
    </TestCase>
    <TestCase name="§radmin-7b2/Node paused-executor synthetic guard refuses both controls target-wide" filename="test/test_node_remote_session.cpp" line="1280">
      <OverallResultsAsserts successes="54" failures="0" test_case_success="true"/>
    </TestCase>
    <TestCase name="§radmin-7b2/Node full TX defers control without draw and expires the original reservation" filename="test/test_node_remote_session.cpp" line="1309">
      <OverallResultsAsserts successes="20" failures="0" test_case_success="true"/>
    </TestCase>
    <TestCase name="§radmin-7b2/Node busy two to one uses distinct nonces and force preserves later other-slot wire state" filename="test/test_node_remote_session.cpp" line="1331">
      <OverallResultsAsserts successes="83" failures="0" test_case_success="true"/>
    </TestCase>
    <TestCase name="§radmin-7b2/Node open nonzero cursor survives synthetic encode and send faults then resumes" filename="test/test_node_remote_session.cpp" line="1394">
      <OverallResultsAsserts successes="27" failures="0" test_case_success="true"/>
    </TestCase>
    <TestCase name="§radmin-7b2/Node parked clear terminal transfers ownership even with raw counter zero" filename="test/test_node_remote_session.cpp" line="1431">
      <OverallResultsAsserts successes="12" failures="0" test_case_success="true"/>
    </TestCase>
    <TestCase name="§radmin-7b2/Node clear returns reverse every real depth and price payload from the open overhead" filename="test/test_node_remote_session.cpp" line="1445">
      <OverallResultsAsserts successes="264" failures="0" test_case_success="true"/>
    </TestCase>
    <TestCase name="§UI-16 N1 pure — the WINDOW and the CAPACITY are pinned AT THEIR DERIVATION, not as bare literals" filename="test/test_node_team_seen.cpp" line="101" skipped="true"/>
    <TestCase name="§UI-16 N1 pure — a first observation SEEDS the record: id, EWMA-seeded SNR, arrival stamp" filename="test/test_node_team_seen.cpp" line="113" skipped="true"/>
    <TestCase name="§UI-16 N1 pure — DE-DUPLICATION is by TEAM ID: many senders of one team leave ONE entry" filename="test/test_node_team_seen.cpp" line="129" skipped="true"/>
    <TestCase name="§UI-16 N1 pure — the SNR is EWMA-SMOOTHED, never max-seen and never last-sample" filename="test/test_node_team_seen.cpp" line="146" skipped="true"/>
    <TestCase name="§UI-16 N1 pure — RETENTION IS APPLIED AT THE READ, and the boundary is INCLUSIVE" filename="test/test_node_team_seen.cpp" line="166" skipped="true"/>
    <TestCase name="§UI-16 N1 pure — ORDER IS FIRST-OBSERVED AND STRUCTURAL: a refresh does NOT move an entry" filename="test/test_node_team_seen.cpp" line="187" skipped="true"/>
    <TestCase name="§UI-16 N1 pure — OVERFLOW SHIFTS THE STALEST OUT AND APPENDS: survivors keep their order, the newcomer is LAST" filename="test/test_node_team_seen.cpp" line="201" skipped="true"/>
    <TestCase name="§UI-16 N1 site — a FOREIGN team's mobile beacon lands ONE entry: parsed id, seeded SNR, arrival stamp" filename="test/test_node_team_seen.cpp" line="227" skipped="true"/>
    <TestCase name="§UI-16 N1 site — the ELIGIBILITY RULE: a non-zero team id on a MOBILE beacon, and nothing else" filename="test/test_node_team_seen.cpp" line="249" skipped="true"/>
    <TestCase name="§UI-16 N1 site — de-duplicated across SENDERS, and retention applies to the node's read too" filename="test/test_node_team_seen.cpp" line="277" skipped="true"/>
    <TestCase name="§UI-16 N1 site — a frame that fails the WIRE-VERSION gate or PARSE records nothing" filename="test/test_node_team_seen.cpp" line="289" skipped="true"/>
    <TestCase name="§UI-16 N1 site — ★★ ZERO TELEMETRY ON THE NEW PATH: the observation emits NOTHING" filename="test/test_node_team_seen.cpp" line="320" skipped="true"/>
    <TestCase name="§UI-16 N1 site — ★★★ THE OBSERVATION IS READ-ONLY: a stream of foreign-team beacons moves NO other plane" filename="test/test_node_team_seen.cpp" line="336" skipped="true"/>
    <TestCase name="Q4 conversion roundtrip" filename="test/test_protocol_constants.cpp" line="15" skipped="true"/>
    <TestCase name="Q4 saturation" filename="test/test_protocol_constants.cpp" line="32" skipped="true"/>
    <TestCase name="SF demod thresholds match Lua's SF_DEMOD_THRESHOLD table" filename="test/test_protocol_constants.cpp" line="37" skipped="true"/>
    <TestCase name="select_data_sf_for_snr mirrors Lua select_data_sf (dv:3043)" filename="test/test_protocol_constants.cpp" line="49" skipped="true"/>
    <TestCase name="Peer-liveness penalties match the Lua PROTOCOL values" filename="test/test_protocol_constants.cpp" line="82" skipped="true"/>
    <TestCase name="Bounded-state caps match the Lua PROTOCOL values" filename="test/test_protocol_constants.cpp" line="88" skipped="true"/>
    <TestCase name="Frame overhead math — C++ DATA header drops the Lua visited[6] (deliberate divergence)" filename="test/test_protocol_constants.cpp" line="97" skipped="true"/>
    <TestCase name="Hop-budget constants match the Lua PROTOCOL values" filename="test/test_protocol_constants.cpp" line="106" skipped="true"/>
    <TestCase name="Compile-time RF plan flags match the project_band_choice memory" filename="test/test_protocol_constants.cpp" line="113" skipped="true"/>
    <TestCase name="retry_backoff_window: capped per-attempt doubling (spec 2026-06-26-rts-retry-backoff)" filename="test/test_protocol_constants.cpp" line="126" skipped="true"/>
    <TestCase name="overheard-reserve-yield: shipped OFF after the twin A/B refuted it (spec 2026-06-28)" filename="test/test_protocol_constants.cpp" line="144" skipped="true"/>
    <TestCase name="Anti-spam v2 duty-channel-cap constants (Slice 0 — inert)" filename="test/test_protocol_constants.cpp" line="153" skipped="true"/>
    <TestCase name="antispam v2 — channel_cap_origin support constants (Slice 1)" filename="test/test_protocol_constants.cpp" line="161" skipped="true"/>
    <TestCase name="presence_quality_tier — recalibrated onto the canonical {-12,-4,+4} family (Slice B)" filename="test/test_protocol_constants.cpp" line="166" skipped="true"/>
    <TestCase name="snr_ewma helpers == the historical inline arithmetic, bit-for-bit (Slice B refactor)" filename="test/test_protocol_constants.cpp" line="190" skipped="true"/>
    <TestCase name="P-BUDGET — hash-locate patience budget derivation + invariants (2026-07-21)" filename="test/test_protocol_constants.cpp" line="214" skipped="true"/>
    <TestCase name="§B159 — mac_exchange_margin_ms covers one MAC exchange at the WORST supported PHY" filename="test/test_protocol_constants.cpp" line="238" skipped="true"/>
    <TestCase name="radio_canary: diff returns the FIRST differing byte offset, or -1 if identical" filename="test/test_radio_canary.cpp" line="13" skipped="true"/>
    <TestCase name="radio_canary: dword_at reads the little-endian dword, clamped near the end" filename="test/test_radio_canary.cpp" line="23" skipped="true"/>
    <TestCase name="radmin 0e-B: the candidate value types compile and their host layout is measured" filename="test/test_radmin_characterization_0e.cpp" line="298" skipped="true"/>
    <TestCase name="radmin 0e-B: the timer-wheel mirror is FAITHFUL, and one extra id is priced" filename="test/test_radmin_characterization_0e.cpp" line="328" skipped="true"/>
    <TestCase name="radmin 0e-C: every carrier's cap is derived through the real DATA packers" filename="test/test_radmin_characterization_0e.cpp" line="360" skipped="true"/>
    <TestCase name="radmin 0e-C: outer CRYPTED is structurally unavailable to a by-node-id carrier" filename="test/test_radmin_characterization_0e.cpp" line="443" skipped="true"/>
    <TestCase name="radmin 0e-C: the registered-mobile example reproduces its own field accounting" filename="test/test_radmin_characterization_0e.cpp" line="474" skipped="true"/>
    <TestCase name="radmin 0e-C: hash and node-id forms differ ONLY by the 4-byte DST_HASH" filename="test/test_radmin_characterization_0e.cpp" line="492" skipped="true"/>
    <TestCase name="radmin 0e-C: every legal cross-layer depth is exercised and the minimum carrier is identified" filename="test/test_radmin_characterization_0e.cpp" line="505" skipped="true"/>
    <TestCase name="radmin 0e-C: dropping SOURCE_HASH, DST_HASH or a path byte to recover room is REFUSED" filename="test/test_radmin_characterization_0e.cpp" line="534" skipped="true"/>
    <TestCase name="radmin 0e-D: the first-hop budget, term by term from the named production authorities" filename="test/test_radmin_characterization_0e.cpp" line="561" skipped="true"/>
    <TestCase name="radmin 0e-D: every budget input moves the result in the correct direction" filename="test/test_radmin_characterization_0e.cpp" line="643" skipped="true"/>
    <TestCase name="remote activation: the ruled reference is 7006/14012, never the withdrawn single attempt" filename="test/test_remote_activation.cpp" line="14" skipped="true"/>
    <TestCase name="remote activation: largest terminal derives from the codec carrier matrix" filename="test/test_remote_activation.cpp" line="25" skipped="true"/>
    <TestCase name="remote activation: every routing turnaround and the separate DATA turnaround is priced" filename="test/test_remote_activation.cpp" line="45" skipped="true"/>
    <TestCase name="remote activation: source PHY and length inputs move the budget" filename="test/test_remote_activation.cpp" line="55" skipped="true"/>
    <TestCase name="remote activation: search real SX1262 bandwidths for an impossible default" filename="test/test_remote_activation.cpp" line="72" skipped="true"/>
    <TestCase name="remote activation: arithmetic saturates as impossible before either MAC helper can wrap" filename="test/test_remote_activation.cpp" line="92" skipped="true"/>
    <TestCase name="remote activation: invalid PHY or unrepresentable carrier is refused, never defaulted" filename="test/test_remote_activation.cpp" line="105" skipped="true"/>
    <TestCase name="§radmin-2/kdf — base and session keys against the independent BLAKE2b-512 reference" filename="test/test_remote_codec.cpp" line="4994" skipped="true"/>
    <TestCase name="§radmin-2/kdf — a degenerate X25519 shared point never becomes a key" filename="test/test_remote_codec.cpp" line="5032" skipped="true"/>
    <TestCase name="§radmin-2/layout — exhaustive (direction x 256 ctl) domain table" filename="test/test_remote_codec.cpp" line="5085" skipped="true"/>
    <TestCase name="§radmin-2/layout — the frozen §8.11 overheads and the header field sets" filename="test/test_remote_codec.cpp" line="5162" skipped="true"/>
    <TestCase name="§radmin-2/wire — every domain: header, nonce, AAD and the complete body vs independent literals" filename="test/test_remote_codec.cpp" line="5301" skipped="true"/>
    <TestCase name="§radmin-2/wire — the bootstrap REQUEST has no epoch input, the two base-key RESPONSES do" filename="test/test_remote_codec.cpp" line="5387" skipped="true"/>
    <TestCase name="§radmin-2/nonce — pairwise inequality across every authenticated domain at ONE request id" filename="test/test_remote_codec.cpp" line="5439" skipped="true"/>
    <TestCase name="§radmin-2/nonce — different slots, response sequences and controller source hashes separate" filename="test/test_remote_codec.cpp" line="5478" skipped="true"/>
    <TestCase name="§radmin-2/keys — the domain selects the key, and the wrong one is a refusal not a fallback" filename="test/test_remote_codec.cpp" line="5531" skipped="true"/>
    <TestCase name="§radmin-2/length — a fixed layout accepts neither a short prefix nor a trailing byte" filename="test/test_remote_codec.cpp" line="5582" skipped="true"/>
    <TestCase name="§radmin-2/length — a variable body's N is the complete remaining span" filename="test/test_remote_codec.cpp" line="5623" skipped="true"/>
    <TestCase name="§radmin-2/corruption — no single-byte change ever yields an authenticated result" filename="test/test_remote_codec.cpp" line="5716" skipped="true"/>
    <TestCase name="§radmin-2/corruption — every control byte over one sealed body, and no open fallback" filename="test/test_remote_codec.cpp" line="5766" skipped="true"/>
    <TestCase name="§radmin-2/corruption — a changed source hash, key or header byte fails the tag" filename="test/test_remote_codec.cpp" line="5796" skipped="true"/>
    <TestCase name="§radmin-2/result — all eight terminal meanings, through the real decoder" filename="test/test_remote_codec.cpp" line="5848" skipped="true"/>
    <TestCase name="§radmin-2/result — 0x00 means two different things, and the domains never merge" filename="test/test_remote_codec.cpp" line="5913" skipped="true"/>
    <TestCase name="§radmin-2/slots — every legal session slot decodes, on independent literals" filename="test/test_remote_codec.cpp" line="5992" skipped="true"/>
    <TestCase name="§radmin-2/legacy — an admin_cmd_seal frame opens legacy and is never accepted as v2" filename="test/test_remote_codec.cpp" line="6049" skipped="true"/>
    <TestCase name="§radmin-2/carrier — the live leg-by-leg map, both directions, incl. legally hash-less legs" filename="test/test_remote_codec.cpp" line="6096" skipped="true"/>
    <TestCase name="§radmin-2/carrier — every invalid descriptor refuses, and none is normalised" filename="test/test_remote_codec.cpp" line="6165" skipped="true"/>
    <TestCase name="§radmin-2/carrier — ADMISSION accepts at the cap and refuses cap+1 (verdict: admission)" filename="test/test_remote_codec.cpp" line="6216" skipped="true"/>
    <TestCase name="§radmin-2/carrier — PHYSICAL packing, and the admission-vs-packing counterexample (verdict: packing)" filename="test/test_remote_codec.cpp" line="6284" skipped="true"/>
    <TestCase name="§radmin-2/carrier — every fixed body must also fit through admission" filename="test/test_remote_codec.cpp" line="6392" skipped="true"/>
    <TestCase name="§radmin-2/entropy — success keeps all 64 bits; every failure publishes no ID" filename="test/test_remote_codec.cpp" line="6442" skipped="true"/>
    <TestCase name="§radmin-2/entropy — the request-id birthday bound at the design's 2^16 analysis envelope" filename="test/test_remote_codec.cpp" line="6504" skipped="true"/>
    <TestCase name="§radmin-2/admission — independent complete wire, nonce, AAD, tags and typed metadata" filename="test/test_remote_codec.cpp" line="6591" skipped="true"/>
    <TestCase name="§radmin-2/admission — authenticated invalid tuples refuse without publishing any logical field" filename="test/test_remote_codec.cpp" line="6640" skipped="true"/>
    <TestCase name="§radmin-2/admission — malformed, authentication and buffer boundaries keep caller output intact" filename="test/test_remote_codec.cpp" line="6655" skipped="true"/>
    <TestCase name="§radmin-2/admission — changed notices separate nonces and old domains ignore new metadata" filename="test/test_remote_codec.cpp" line="6696" skipped="true"/>
    <TestCase name="§radmin-2/admission — fixed zero application capacity shares the real carrier and packing authorities" filename="test/test_remote_codec.cpp" line="6740" skipped="true"/>
    <TestCase name="§radmin-5/L1 the original 2064-byte prefix and appended 7b-1 pool have pinned offsets" filename="test/test_remote_session.cpp" line="213">
      <OverallResultsAsserts successes="19" failures="0" test_case_success="true"/>
    </TestCase>
    <TestCase name="§radmin-5/L2 N is 16 TOTAL seen entries SHARED across the ten slots — not 16 per slot" filename="test/test_remote_session.cpp" line="238">
      <OverallResultsAsserts successes="9" failures="0" test_case_success="true"/>
    </TestCase>
    <TestCase name="§radmin-5/I1 an unprovisioned block accepts nothing and holds nothing" filename="test/test_remote_session.cpp" line="259">
      <OverallResultsAsserts successes="8" failures="0" test_case_success="true"/>
    </TestCase>
    <TestCase name="§radmin-5/I2 readiness is a CONJUNCTION: root + an occupied row + a NON-ZERO epoch on every occupied row" filename="test/test_remote_session.cpp" line="272">
      <OverallResultsAsserts successes="6" failures="0" test_case_success="true"/>
    </TestCase>
    <TestCase name="§radmin-5/I3 a cold-boot entropy refusal is its OWN state, and it wipes rather than half-installs" filename="test/test_remote_session.cpp" line="300">
      <OverallResultsAsserts successes="6" failures="0" test_case_success="true"/>
    </TestCase>
    <TestCase name="§radmin-5/I4 a root change invalidates every session; an ACL change invalidates ONLY the slots that moved" filename="test/test_remote_session.cpp" line="313">
      <OverallResultsAsserts successes="58" failures="0" test_case_success="true"/>
    </TestCase>
    <TestCase name="§radmin-5/C1 case 1 ADMIT: the seen row and the ingress reservation are taken TOGETHER" filename="test/test_remote_session.cpp" line="384">
      <OverallResultsAsserts successes="17" failures="0" test_case_success="true"/>
    </TestCase>
    <TestCase name="§radmin-5/C2 case 2 REPLAY: an identical retry re-classifies and dispatches/reseals/overwrites NOTHING" filename="test/test_remote_session.cpp" line="410">
      <OverallResultsAsserts successes="9" failures="0" test_case_success="true"/>
    </TestCase>
    <TestCase name="§radmin-5/C3 case 3 ID REUSE: the same id under the same slot with a DIFFERENT tag is refused" filename="test/test_remote_session.cpp" line="428">
      <OverallResultsAsserts successes="17" failures="0" test_case_success="true"/>
    </TestCase>
    <TestCase name="§radmin-5/C4 case 4 ALREADY ACKNOWLEDGED — ⚠ SYNTHETIC value fixture; no ACK producer exists yet" filename="test/test_remote_session.cpp" line="460">
      <OverallResultsAsserts successes="7" failures="0" test_case_success="true"/>
    </TestCase>
    <TestCase name="§radmin-5/C5 case 5 SESSION FULL: sixteen ids fill the SHARED pool and the seventeenth is refused" filename="test/test_remote_session.cpp" line="479">
      <OverallResultsAsserts successes="151" failures="0" test_case_success="true"/>
    </TestCase>
    <TestCase name="§radmin-5/P1 partition STARVATION, both directions: neither class can consume the other's row" filename="test/test_remote_session.cpp" line="505">
      <OverallResultsAsserts successes="23" failures="0" test_case_success="true"/>
    </TestCase>
    <TestCase name="§radmin-5/P2 an OWNER execute is eligible for the reserved class; an OPERATOR execute is not" filename="test/test_remote_session.cpp" line="540">
      <OverallResultsAsserts successes="11" failures="0" test_case_success="true"/>
    </TestCase>
    <TestCase name="§radmin-5/P3 seen exhaustion cannot consume the CONTROL reservation" filename="test/test_remote_session.cpp" line="560">
      <OverallResultsAsserts successes="149" failures="0" test_case_success="true"/>
    </TestCase>
    <TestCase name="§radmin-5/P4 an ATOMIC reservation: a refused ingress leaves NO stranded seen row" filename="test/test_remote_session.cpp" line="577">
      <OverallResultsAsserts successes="10" failures="0" test_case_success="true"/>
    </TestCase>
    <TestCase name="§radmin-5/B1 a valid bootstrap answers on EVERY one of the ten slots, and never touches seen or epoch" filename="test/test_remote_session.cpp" line="594">
      <OverallResultsAsserts successes="160" failures="0" test_case_success="true"/>
    </TestCase>
    <TestCase name="§radmin-5/B2 bootstrap SILENCE: an absent key, a wrong target and a bad tag are indistinguishable" filename="test/test_remote_session.cpp" line="631">
      <OverallResultsAsserts successes="13" failures="0" test_case_success="true"/>
    </TestCase>
    <TestCase name="§radmin-5/B3 a LOW-ORDER controller key is refused before any key exists" filename="test/test_remote_session.cpp" line="665">
      <OverallResultsAsserts successes="3" failures="0" test_case_success="true"/>
    </TestCase>
    <TestCase name="§radmin-5/B4 the ONE reserved bootstrap row is never lent to an open request, and vice versa" filename="test/test_remote_session.cpp" line="686">
      <OverallResultsAsserts successes="9" failures="0" test_case_success="true"/>
    </TestCase>
    <TestCase name="§radmin-5/B5 at most ONE open row per source, and a fresh request id does not evade it" filename="test/test_remote_session.cpp" line="711">
      <OverallResultsAsserts successes="3" failures="0" test_case_success="true"/>
    </TestCase>
    <TestCase name="§radmin-5/G1 SOURCE_HASH is MANDATORY, and 'absent' is never spelled as the value 0" filename="test/test_remote_session.cpp" line="727">
      <OverallResultsAsserts successes="3" failures="0" test_case_success="true"/>
    </TestCase>
    <TestCase name="§radmin-5/G2 an OVER-CAP body is REFUSED before any copy — ⛔ never clamped" filename="test/test_remote_session.cpp" line="748">
      <OverallResultsAsserts successes="11" failures="0" test_case_success="true"/>
    </TestCase>
    <TestCase name="§radmin-5/G3 an invalid packet reserves NOTHING, whatever kind of invalid it is" filename="test/test_remote_session.cpp" line="769">
      <OverallResultsAsserts successes="27" failures="0" test_case_success="true"/>
    </TestCase>
    <TestCase name="§radmin-5/G4 an EPOCH mismatch fails by CONSTRUCTION, and there is no epoch comparison to fool" filename="test/test_remote_session.cpp" line="795">
      <OverallResultsAsserts successes="5" failures="0" test_case_success="true"/>
    </TestCase>
    <TestCase name="§radmin-5/G5 nothing at all is admitted while the node is not ready" filename="test/test_remote_session.cpp" line="810">
      <OverallResultsAsserts successes="3" failures="0" test_case_success="true"/>
    </TestCase>
    <TestCase name="§radmin-5/E1 the deadline is the named transport horizon, and the addition SATURATES" filename="test/test_remote_session.cpp" line="829">
      <OverallResultsAsserts successes="5" failures="0" test_case_success="true"/>
    </TestCase>
    <TestCase name="§radmin-5/E2 expiry is at now >= expires_at: just below holds, exactly at releases" filename="test/test_remote_session.cpp" line="838">
      <OverallResultsAsserts successes="13" failures="0" test_case_success="true"/>
    </TestCase>
    <TestCase name="§radmin-5/E3 many rows, one scan: equal deadlines all go, and the next arm is the true remaining minimum" filename="test/test_remote_session.cpp" line="859">
      <OverallResultsAsserts successes="17" failures="0" test_case_success="true"/>
    </TestCase>
    <TestCase name="§radmin-5/E4 an INVALIDATION releases rows, and the scan re-arms against what remains" filename="test/test_remote_session.cpp" line="885">
      <OverallResultsAsserts successes="13" failures="0" test_case_success="true"/>
    </TestCase>
    <TestCase name="§radmin-5/E5 an expired never-executed body AND route are wiped; retry re-admits fresh" filename="test/test_remote_session.cpp" line="916">
      <OverallResultsAsserts successes="21" failures="0" test_case_success="true"/>
    </TestCase>
    <TestCase name="§radmin-5/E6 the same-layer route zeroes its path bytes; only cross-layer retains them" filename="test/test_remote_session.cpp" line="960">
      <OverallResultsAsserts successes="11" failures="0" test_case_success="true"/>
    </TestCase>
    <TestCase name="§radmin-5/V1 every verdict has a distinct name, and the silent set is exactly the design's" filename="test/test_remote_session.cpp" line="973">
      <OverallResultsAsserts successes="239" failures="0" test_case_success="true"/>
    </TestCase>
    <TestCase name="§radmin-7b2/open owns raw bytes and shares three rolling admissions across every source" filename="test/test_remote_session.cpp" line="1004">
      <OverallResultsAsserts successes="40" failures="0" test_case_success="true"/>
    </TestCase>
    <TestCase name="§radmin-7b2/open clear framing exact bounds truncation freeze and expiry on every return depth" filename="test/test_remote_session.cpp" line="1047">
      <OverallResultsAsserts successes="1094" failures="0" test_case_success="true"/>
    </TestCase>
    <TestCase name="§radmin-7b2/control prepare is immutable and busy notices bind mutable details before force install" filename="test/test_remote_session.cpp" line="1097">
      <OverallResultsAsserts successes="91" failures="0" test_case_success="true"/>
    </TestCase>
    <TestCase name="§radmin-7b2/counters saturation preserves all state except the named scalar and invalidation preserves totals" filename="test/test_remote_session.cpp" line="1172">
      <OverallResultsAsserts successes="10" failures="0" test_case_success="true"/>
    </TestCase>
    <TestCase name="§radmin-7b2/control prepare rejects short output stale views and equal epochs without touching admitted work" filename="test/test_remote_session.cpp" line="1195">
      <OverallResultsAsserts successes="56" failures="0" test_case_success="true"/>
    </TestCase>
    <TestCase name="§radmin-7b2/control target-wide executing guard includes a labelled paused open capture" filename="test/test_remote_session.cpp" line="1234">
      <OverallResultsAsserts successes="29" failures="0" test_case_success="true"/>
    </TestCase>
    <TestCase name="§radmin-7b2/refusal accounting changes exactly the named scalar and fixed notices own no rows" filename="test/test_remote_session.cpp" line="1251">
      <OverallResultsAsserts successes="25" failures="0" test_case_success="true"/>
    </TestCase>
    <TestCase name="§radmin-7/transcript live cap binds storage and each retained cross-layer chunk size" filename="test/test_remote_transcript.cpp" line="116" skipped="true"/>
    <TestCase name="§radmin-7/transcript silent command retains one chunk but sends only terminal zero" filename="test/test_remote_transcript.cpp" line="130" skipped="true"/>
    <TestCase name="§radmin-7/transcript eight chunks retain exact prefix and truthful truncation" filename="test/test_remote_transcript.cpp" line="137" skipped="true"/>
    <TestCase name="§radmin-7/transcript completed retry starts at zero byte-identically without re-reserving" filename="test/test_remote_transcript.cpp" line="148" skipped="true"/>
    <TestCase name="§radmin-7/transcript retry while capturing never rewinds or dispatches twice" filename="test/test_remote_transcript.cpp" line="157" skipped="true"/>
    <TestCase name="§radmin-7/transcript ACK outcomes authenticate and consume no ingress" filename="test/test_remote_transcript.cpp" line="166" skipped="true"/>
    <TestCase name="§radmin-7/transcript pool pressure ACK frees header for owner AND operator without touching waiter" filename="test/test_remote_transcript.cpp" line="184" skipped="true"/>
    <TestCase name="§radmin-7/transcript free header without free chunk still refuses atomically" filename="test/test_remote_transcript.cpp" line="204" skipped="true"/>
    <TestCase name="§radmin-7/transcript expiry drops only never-executed work, no transcript TTL" filename="test/test_remote_transcript.cpp" line="213" skipped="true"/>
    <TestCase name="§radmin-7/transcript epoch invalidation abandons pending work and wipes only affected transcripts" filename="test/test_remote_transcript.cpp" line="221" skipped="true"/>
    <TestCase name="§radmin-7/transcript encode refusal cannot move cursor or mutate retained plaintext" filename="test/test_remote_transcript.cpp" line="238" skipped="true"/>
    <TestCase name="§radmin-7/transcript failed reseal preserves terminal; synthetic replacement would reuse its nonce" filename="test/test_remote_transcript.cpp" line="245" skipped="true"/>
    <TestCase name="sched_send: add assigns sequential seq + rejects when the ring is full" filename="test/test_sched_send.cpp" line="16" skipped="true"/>
    <TestCase name="sched_send: next_due returns the EARLIEST due entry, in order, on a fake clock" filename="test/test_sched_send.cpp" line="29" skipped="true"/>
    <TestCase name="sched_send: mark_fired counts deferred (late) vs on-time; mark_dropped counts dropped" filename="test/test_sched_send.cpp" line="47" skipped="true"/>
    <TestCase name="sched_send: build_body is byte-identical to make_tag(run,self,seq) + @&lt;sendms>" filename="test/test_sched_send.cpp" line="65" skipped="true"/>
    <TestCase name="sched_send: parse_offsets reads a comma list + tolerates spaces + caps at max" filename="test/test_sched_send.cpp" line="74" skipped="true"/>
    <TestCase name="sched_send: parse_hash8 (exactly-8-hex) + parse_dec (STRICT — rejects typos, no atol truncation)" filename="test/test_sched_send.cpp" line="84" skipped="true"/>
    <TestCase name="sched_send: clear resets the ring + counters + run + the seq" filename="test/test_sched_send.cpp" line="104" skipped="true"/>
    <TestCase name="SegmentedInboxStore: append + read_since oldest-first + since-filter; bodies intact" filename="test/test_segmented_inbox_store.cpp" line="46" skipped="true"/>
    <TestCase name="SegmentedInboxStore: survives a reboot — records + next_seq + read_cursor restored, epoch unchanged" filename="test/test_segmented_inbox_store.cpp" line="62" skipped="true"/>
    <TestCase name="SegmentedInboxStore: drop-oldest eviction keeps the newest; survivors are a contiguous suffix, in order" filename="test/test_segmented_inbox_store.cpp" line="81" skipped="true"/>
    <TestCase name="SegmentedInboxStore: §10.1 records-wipe bumps the epoch + PRESERVES next_seq (seq never reuses)" filename="test/test_segmented_inbox_store.cpp" line="96" skipped="true"/>
    <TestCase name="SegmentedInboxStore: FULL wipe (records + meta) -> fresh epoch + seq restart at 1" filename="test/test_segmented_inbox_store.cpp" line="113" skipped="true"/>
    <TestCase name="SegmentedInboxStore: §GapA-durable record-format VERSION mismatch (v2->v3) -> records wiped + epoch bumped + next_seq preserved" filename="test/test_segmented_inbox_store.cpp" line="127" skipped="true"/>
    <TestCase name="SegmentedInboxStore: records span multiple segments (roll), all readable oldest-first" filename="test/test_segmented_inbox_store.cpp" line="155" skipped="true"/>
    <TestCase name="SegmentedInboxStore: a torn record at a segment tail is skipped (crash-safety §14)" filename="test/test_segmented_inbox_store.cpp" line="166" skipped="true"/>
    <TestCase name="SegmentedInboxStore: M2 — a torn meta (seg_count==0 / head_seg>=seg_count) is REFUSED over live records, no DBZ/hang" filename="test/test_segmented_inbox_store.cpp" line="178" skipped="true"/>
    <TestCase name="SegmentedInboxStore: §B135/1 — header written, body FAILED -> the tear is sealed, the retry stays reachable" filename="test/test_segmented_inbox_store.cpp" line="271" skipped="true"/>
    <TestCase name="SegmentedInboxStore: §B135/2 — a PARTIAL body is sealed too (a short frame is still a torn frame)" filename="test/test_segmented_inbox_store.cpp" line="287" skipped="true"/>
    <TestCase name="SegmentedInboxStore: §B135/3 — a failure IMMEDIATELY AFTER a rotation leaves the older segments readable" filename="test/test_segmented_inbox_store.cpp" line="301" skipped="true"/>
    <TestCase name="SegmentedInboxStore: §B135/4 — a REBOOT between the two writes re-arms the seal (the RAM flag is not the truth)" filename="test/test_segmented_inbox_store.cpp" line="318" skipped="true"/>
    <TestCase name="SegmentedInboxStore: §B135/5 — a CLEAN store is never sealed (the recovery must not cost a segment per boot)" filename="test/test_segmented_inbox_store.cpp" line="339" skipped="true"/>
    <TestCase name="SegmentedInboxStore: §B135/6 ★ a tombstone reports `erased` ONLY when a real pull() hides the target" filename="test/test_segmented_inbox_store.cpp" line="358" skipped="true"/>
    <TestCase name="SegmentedInboxStore: [[B134]] wipe() drops every record AND resets the ring bookkeeping it just emptied" filename="test/test_segmented_inbox_store.cpp" line="396" skipped="true"/>
    <TestCase name="SegmentedInboxStore: [[B134]] set_read_cursor to the SAME value writes NOTHING (wear), a real advance persists" filename="test/test_segmented_inbox_store.cpp" line="444" skipped="true"/>
    <TestCase name="SegmentedInboxStore: §B134b/1 ★★★ a ROTATION whose meta save fails REFUSES the append (it is not acknowledged)" filename="test/test_segmented_inbox_store.cpp" line="470" skipped="true"/>
    <TestCase name="SegmentedInboxStore: §B134b/2 ★★ a refused rotation RECOVERS — a later successful save resumes normal service" filename="test/test_segmented_inbox_store.cpp" line="493" skipped="true"/>
    <TestCase name="SegmentedInboxStore: §B134b/3 ★★★ a TOMBSTONE under a failed meta save reports io_error — the message must NOT come back" filename="test/test_segmented_inbox_store.cpp" line="511" skipped="true"/>
    <TestCase name="SegmentedInboxStore: §B134b/2b ★★ a retry that ALSO fails refuses again — 'we tried, carry on' is not recovery" filename="test/test_segmented_inbox_store.cpp" line="536" skipped="true"/>
    <TestCase name="SegmentedInboxStore: §B134b/4b ★★ a §10.1 epoch bump that will not persist FAILS THE MOUNT" filename="test/test_segmented_inbox_store.cpp" line="558" skipped="true"/>
    <TestCase name="SegmentedInboxStore: §B134b/4c ★ a cap-eviction whose erase FAILS does not walk the tail past live records" filename="test/test_segmented_inbox_store.cpp" line="581" skipped="true"/>
    <TestCase name="SegmentedInboxStore: §B134c/1 ★★★ meta LOST over a MULTI-SEGMENT log refuses the mount — no hiding, no seq reuse" filename="test/test_segmented_inbox_store.cpp" line="608" skipped="true"/>
    <TestCase name="SegmentedInboxStore: §B134c/2 ★★ a GENUINELY fresh store still mounts (the 19.7 reflash-wipes-once side)" filename="test/test_segmented_inbox_store.cpp" line="641" skipped="true"/>
    <TestCase name="SegmentedInboxStore: §B134c/3 ★★★ a records store that cannot ANSWER fails the mount (not 'empty')" filename="test/test_segmented_inbox_store.cpp" line="663" skipped="true"/>
    <TestCase name="SegmentedInboxStore: §B134d/1 ★★★ THE prep-restart SCENARIO — corrupt meta over the empty store it leaves" filename="test/test_segmented_inbox_store.cpp" line="686" skipped="true"/>
    <TestCase name="SegmentedInboxStore: §B134e/1 ★★★ record -> wipe -> THREE boots with no new traffic = ONE increment" filename="test/test_segmented_inbox_store.cpp" line="740" skipped="true"/>
    <TestCase name="SegmentedInboxStore: §B134e/2 ★★ the first append after empty marks the store NON-EMPTY, and it persists" filename="test/test_segmented_inbox_store.cpp" line="767" skipped="true"/>
    <TestCase name="SegmentedInboxStore: §B134e/3 ★★★ an EXTERNAL record loss after that append bumps EXACTLY once" filename="test/test_segmented_inbox_store.cpp" line="784" skipped="true"/>
    <TestCase name="SegmentedInboxStore: §B134e/4 ★★★ a failed save on EITHER transition acknowledges nothing" filename="test/test_segmented_inbox_store.cpp" line="808" skipped="true"/>
    <TestCase name="SegmentedInboxStore: §B134g/1 ★★★ a failed mark_read never reports success, and the RETRY repairs it" filename="test/test_segmented_inbox_store.cpp" line="852" skipped="true"/>
    <TestCase name="SegmentedInboxStore: §B134g/2 ★★ a failed set_next_seq does not over-report the persisted high-water" filename="test/test_segmented_inbox_store.cpp" line="898" skipped="true"/>
    <TestCase name="Inbox: §B134g/3 ★★★ mark_read RELAYS the store's verdict — an unwired inbox never reports success" filename="test/test_segmented_inbox_store.cpp" line="916" skipped="true"/>
    <TestCase name="SegmentedInboxStore: §B134f/1 ★★★ a first append that writes ZERO bytes causes NO epoch bump, ever" filename="test/test_segmented_inbox_store.cpp" line="930" skipped="true"/>
    <TestCase name="SegmentedInboxStore: §B134f/2 ★★★ bytes landed but the FINALIZE save died — resolves to non_empty, no bump" filename="test/test_segmented_inbox_store.cpp" line="959" skipped="true"/>
    <TestCase name="SegmentedInboxStore: §B134f/3 ★★ wipe() while append_pending follows the SAME resolve rule" filename="test/test_segmented_inbox_store.cpp" line="986" skipped="true"/>
    <TestCase name="SegmentedInboxStore: §B134f/4 ★★★ an OUT-OF-RANGE records_state is corrupt metadata, both directions" filename="test/test_segmented_inbox_store.cpp" line="1011" skipped="true"/>
    <TestCase name="SegmentedInboxStore: §B134e/5 ★★ an OLD-FORMAT meta blob is REFUSED, explicitly (the v3->v4 upgrade)" filename="test/test_segmented_inbox_store.cpp" line="1040" skipped="true"/>
    <TestCase name="SegmentedInboxStore: §B134d/2 ★★ a meta store that cannot be READ is an error, never a fresh start" filename="test/test_segmented_inbox_store.cpp" line="1063" skipped="true"/>
    <TestCase name="SegmentedInboxStore: §B134d/3 ★★★ BOTH stores mount before the verdict — mount_fault is never under-stated" filename="test/test_segmented_inbox_store.cpp" line="1093" skipped="true"/>
    <TestCase name="SegmentedInboxStore: §B134b/4 ★★ begin() FAILS LOUD when the baseline meta will not persist" filename="test/test_segmented_inbox_store.cpp" line="1133" skipped="true"/>
    <TestCase name="SegmentedInboxStore: §B134b/5 ★★ a ROLL onto a segment that will not erase is REFUSED (no writing behind stale bytes)" filename="test/test_segmented_inbox_store.cpp" line="1157" skipped="true"/>
    <TestCase name="SegmentedInboxStore: §B134b/6 ★★★ wipe() REPORTS failure — a destructive verb may not claim an erase it did not do" filename="test/test_segmented_inbox_store.cpp" line="1172" skipped="true"/>
    <TestCase name="SegmentedInboxStore: begin() FAILS LOUD if seg_bytes exceeds the read scratch (no silent truncation)" filename="test/test_segmented_inbox_store.cpp" line="1202" skipped="true"/>
    <TestCase name="SegmentedInboxStore: §CUSTODY-A v4->v5 CONTROL — without the bump, a stored type-3 receipt REAPPEARS as a sealed-relay record" filename="test/test_segmented_inbox_store.cpp" line="1260" skipped="true"/>
    <TestCase name="SegmentedInboxStore: §CUSTODY-A v4->v5 upgrade wipes records, keeps next_seq, resets the cursor, bumps the epoch ONCE" filename="test/test_segmented_inbox_store.cpp" line="1288" skipped="true"/>
    <TestCase name="accumulate_millis_wrap — a monotonic 64-bit epoch across the ~49-day millis() wrap" filename="test/test_timer_wheel.cpp" line="14" skipped="true"/>
    <TestCase name="TimerWheel — earliest-due fires first, deactivated after firing" filename="test/test_timer_wheel.cpp" line="26" skipped="true"/>
    <TestCase name="TimerWheel — same-deadline ties fire in ascending id order (deterministic)" filename="test/test_timer_wheel.cpp" line="37" skipped="true"/>
    <TestCase name="TimerWheel — cancel is idempotent and prevents the fire" filename="test/test_timer_wheel.cpp" line="48" skipped="true"/>
    <TestCase name="TimerWheel — re-arm-by-id replaces the pending deadline (the Hal contract)" filename="test/test_timer_wheel.cpp" line="60" skipped="true"/>
    <TestCase name="TimerWheel — a fired timer that re-arms with a positive delay does not re-fire this tick" filename="test/test_timer_wheel.cpp" line="69" skipped="true"/>
    <TestCase name="TimerWheel — out-of-range caller id is rejected (bounded cap 92)" filename="test/test_timer_wheel.cpp" line="79" skipped="true"/>
    <TestCase name="TimerWheel — a Slice-3 gateway-band id (64..79) arms + fires (kCap raised 64->80)" filename="test/test_timer_wheel.cpp" line="95" skipped="true"/>
    <TestCase name="TimerWheel — earliest_due returns the min active deadline (UINT64_MAX when idle)" filename="test/test_timer_wheel.cpp" line="106" skipped="true"/>
  </TestSuite>
  <OverallResultsAsserts successes="3580" failures="0"/>
  <OverallResultsTestCases successes="72" failures="0" skipped="2837"/>
</doctest>
